<?xml version="1.0" encoding="utf-8"?>
<COLLADA xmlns="http://www.collada.org/2005/11/COLLADASchema" version="1.4.1" xmlns:xsi="http://www.w3.org/2001/XMLSchema-instance">
  <asset>
    <contributor>
      <author>Blender User</author>
      <authoring_tool>Blender 3.0.1</authoring_tool>
    </contributor>
    <created>2022-12-30T16:33:01</created>
    <modified>2022-12-30T16:33:01</modified>
    <unit name="meter" meter="1"/>
    <up_axis>Z_UP</up_axis>
  </asset>
  <library_effects>
    <effect id="CH_toro_body_high-effect">
      <profile_COMMON>
        <newparam sid="CH_toro_body01_png-surface">
          <surface type="2D">
            <init_from>CH_toro_body01_png</init_from>
          </surface>
        </newparam>
        <newparam sid="CH_toro_body01_png-sampler">
          <sampler2D>
            <source>CH_toro_body01_png-surface</source>
          </sampler2D>
        </newparam>
        <technique sid="common">
          <lambert>
            <emission>
              <color sid="emission">0 0 0 1</color>
            </emission>
            <diffuse>
              <texture texture="CH_toro_body01_png-sampler" texcoord="UV0"/>
            </diffuse>
            <index_of_refraction>
              <float sid="ior">1.45</float>
            </index_of_refraction>
          </lambert>
        </technique>
      </profile_COMMON>
    </effect>
    <effect id="CH_toro_face_high_001-effect">
      <profile_COMMON>
        <newparam sid="CH_toro_face01_png_001-surface">
          <surface type="2D">
            <init_from>CH_toro_face01_png_001</init_from>
          </surface>
        </newparam>
        <newparam sid="CH_toro_face01_png_001-sampler">
          <sampler2D>
            <source>CH_toro_face01_png_001-surface</source>
          </sampler2D>
        </newparam>
        <technique sid="common">
          <lambert>
            <emission>
              <color sid="emission">0 0 0 1</color>
            </emission>
            <diffuse>
              <texture texture="CH_toro_face01_png_001-sampler" texcoord="UV0"/>
            </diffuse>
            <index_of_refraction>
              <float sid="ior">1.45</float>
            </index_of_refraction>
          </lambert>
        </technique>
      </profile_COMMON>
    </effect>
  </library_effects>
  <library_images>
    <image id="CH_toro_body01_png" name="CH_toro_body01_png">
      <init_from>CH_toro_body01.png</init_from>
    </image>
    <image id="CH_toro_face01_png_001" name="CH_toro_face01_png_001">
      <init_from>CH_toro_face01.png</init_from>
    </image>
  </library_images>
  <library_materials>
    <material id="CH_toro_body_high-material" name="CH_toro_body_high">
      <instance_effect url="#CH_toro_body_high-effect"/>
    </material>
    <material id="CH_toro_face_high_001-material" name="CH_toro_face_high">
      <instance_effect url="#CH_toro_face_high_001-effect"/>
    </material>
  </library_materials>
  <library_geometries>
    <geometry id="toro_rarm-mesh" name="toro_rarm">
      <mesh>
        <source id="toro_rarm-mesh-positions">
          <float_array id="toro_rarm-mesh-positions-array" count="762">-0.2603114 -0.04063451 -4.94234e-5 -0.2566334 -0.04889279 -2.9806e-5 -0.2570846 -0.0474314 -0.004448235 -0.2570601 -0.04746574 0.003731489 -0.2583498 -0.0439496 0.006261944 -0.2594286 -0.0403403 0.006708204 -0.2583645 -0.04402804 -0.00657165 -0.2594336 -0.0403403 -0.006792306 -0.2606154 -0.03677022 -0.004698336 -0.2613118 -0.03466153 -4.45172e-5 -0.2606105 -0.03677022 0.004614233 -0.2520237 -0.0547285 -0.004011809 -0.2560449 -0.04290997 -0.01334404 -0.259463 -0.03220462 -0.009303152 -0.2606056 -0.02865904 -0.003550827 -0.2583302 -0.02252423 -0.005100488 -0.2569963 -0.02652096 -0.01182872 -0.2566824 -0.02094024 -0.005468249 -0.2552995 -0.0252214 -0.01274085 -0.2274303 -0.01501137 -0.01211804 -0.2287642 -0.01082831 -0.00519365 -0.1919208 -0.003997087 -0.01209843 -0.1928868 2.54624e-4 -0.00527209 -0.1531893 0.008115649 -0.01194149 -0.1516642 0.01313728 -0.005267202 -0.2594581 -0.03214579 0.009194493 -0.2578643 -0.0369811 0.01223987 -0.2290585 -0.009842574 2.00678e-4 -0.1926171 0.001367807 6.33672e-5 -0.1928967 2.54624e-4 0.00535959 -0.1516838 0.01313239 0.005183041 -0.1511297 0.01426517 4.51878e-6 -0.228774 -0.01082831 0.005560696 -0.2570355 -0.01988101 -3.83705e-7 -0.2566971 -0.02094024 0.005580306 -0.2274303 -0.01502114 0.01255863 -0.2553044 -0.02521651 0.01275968 -0.2586587 -0.0217396 1.85966e-4 -0.2582615 -0.02279883 0.005423367 -0.2607772 -0.02819812 -4.45172e-5 -0.2606105 -0.02865904 0.003603994 -0.2568688 -0.02697211 0.01207315 -0.1919257 -0.004001975 0.01222515 -0.1532188 0.008091092 0.01195055 -0.2541078 -0.02890425 0.0160306 -0.226273 -0.01869422 0.01563829 -0.2521953 -0.03480863 0.01942908 -0.2240123 -0.02586382 0.01924759 -0.191499 -0.00791043 0.01533424 -0.1905232 -0.01528108 0.01884061 -0.1540966 0.003731489 0.01499587 -0.1552392 -0.004458069 0.01850223 -0.2538136 -0.03531867 0.01822757 -0.2555055 -0.03070402 0.01545685 -0.2220997 -0.03217518 0.01988512 -0.1896747 -0.02195048 0.01959091 -0.2197164 -0.04027163 0.01791864 -0.2477229 -0.04939788 0.01792353 -0.2460899 -0.05551803 0.0134266 -0.217539 -0.04659771 0.01336288 -0.1884782 -0.02998805 0.01791375 -0.1876347 -0.03709387 0.01321083 -0.2480612 -0.05523359 0.01305389 -0.2495226 -0.04947638 0.01706045 -0.1569948 -0.01992022 0.01786959 -0.1581227 -0.02754098 0.01305389 -0.1036937 -0.01841962 0.01316672 -0.1062634 -0.01093125 0.01790881 -0.06919437 -0.01049971 0.01790392 -0.06825774 -0.01706123 0.01333832 -0.2502387 -0.04108077 0.02014994 -0.1561121 -0.01160311 0.01936531 -0.1089851 -0.004497289 0.01944869 -0.07005751 -0.003442943 0.0193212 -0.03468525 -0.00344783 0.01931625 -0.03468525 -0.01049971 0.01790392 -0.03468525 -0.01705628 0.01334327 2.55387e-4 -0.01047521 0.01790392 2.55387e-4 -0.01699256 0.01335304 0.007827043 -0.009082496 0.01503509 0.007822155 -0.01644819 0.009076833 2.55387e-4 -0.003457665 0.01928687 0.007827043 -1.08272e-4 0.01583939 0.01288795 -0.007179737 0.01138657 0.01288795 -5.28619e-6 0.01176416 -0.1118588 0.002005279 0.01875233 2.55387e-4 0.003216564 0.01839435 0.007709383 0.01083731 0.01139146 2.55387e-4 0.01028317 0.01499587 -0.03468525 0.003241121 0.01856106 -0.0346902 0.01165139 0.01490271 -0.07090586 0.003211677 0.01853162 -0.07195043 0.01111197 0.01495665 -0.1157428 0.010396 0.0149272 -0.1216275 0.009405374 0.01491743 -0.1182634 0.01409846 0.01191127 -0.1236577 0.01327949 0.01193094 -0.1212401 0.01814424 0.005349814 -0.07280373 0.01932609 0.00530076 -0.07252907 0.01494687 0.01190149 -0.126909 0.01725172 0.005286037 -0.1219806 0.01872289 -5.28619e-6 -0.1273161 0.01803141 -3.83705e-7 -0.03469508 0.01989495 0.005256652 -0.0346902 0.02085614 -1.01924e-5 -0.07322543 0.02027744 -3.83705e-7 -0.1212155 0.01814424 -0.005203425 -0.0727939 0.01932609 -0.00525248 2.55387e-4 0.01943886 -3.83705e-7 2.45582e-4 0.01848751 0.00522232 0.007817268 0.01672208 2.90386e-5 2.60293e-4 0.01848751 -0.005301535 0.00791043 0.01592272 -0.004585564 0.007905542 0.01592272 0.004535734 0.01292717 0.01196527 0.00217694 -0.03468036 0.01989495 -0.005296647 -0.03468525 0.01551568 -0.01192188 2.55387e-4 0.01412791 -0.01186305 0.007704496 0.01084715 -0.01133829 2.50485e-4 0.01411318 0.01184266 -0.1182192 0.01407885 -0.01190227 -0.07252418 0.01494193 -0.01190716 -0.0346902 0.01551079 0.01188188 2.55387e-4 0.01028317 -0.01499664 0.00781238 -1.22983e-4 -0.01591861 2.50485e-4 0.003216564 -0.0184049 -0.0346902 0.01165139 -0.01492798 -0.0346902 0.003236174 -0.01860105 -0.07195043 0.01111197 -0.01495742 -0.07090586 0.003216564 -0.01854711 -0.1157084 0.01036655 -0.01484954 -0.1118735 0.002039611 -0.0184049 -0.07006728 -0.003462553 -0.01945436 -0.1089949 -0.004541397 -0.01928758 -0.06919437 -0.01069098 -0.01824307 -0.1062634 -0.01112252 -0.01824307 -0.1561121 -0.01162272 -0.01948869 -0.1569948 -0.0201115 -0.0182774 -0.1896797 -0.02198481 -0.01965051 -0.1884782 -0.03017932 -0.01824796 -0.2221046 -0.03222423 -0.01975351 -0.2197164 -0.04046291 -0.01824796 -0.2502484 -0.04110532 -0.02029293 -0.2477229 -0.04958915 -0.01825779 -0.2496011 -0.04967743 -0.01745355 -0.2518618 -0.04181641 -0.01892471 -0.03468525 -0.01069098 -0.01824307 -0.0346902 -0.00346744 -0.01946413 2.55387e-4 -0.01066648 -0.01824307 2.50485e-4 -0.003472328 -0.01941514 0.00781238 -0.009298264 -0.01555567 -0.2176665 -0.04624468 -0.01478576 -0.2461487 -0.05540031 -0.01520752 -0.1877622 -0.03664761 -0.01446211 -0.1580541 -0.02748703 -0.01447194 -0.1037428 -0.01832151 -0.01436895 -0.06827735 -0.01695334 -0.01448667 -0.03468525 -0.0169484 -0.01448667 2.55387e-4 -0.01687484 -0.01450628 0.007817268 -0.01628637 -0.01044577 0.01287811 -0.007611274 -0.01144129 0.01287811 -0.01323121 -0.007474005 -0.1026296 -0.02203381 -0.01008778 -0.1585886 -0.03122383 -0.01030355 -0.1021049 -0.02338242 -0.002859354 -0.1590839 -0.03286665 -0.00308001 -0.06790465 -0.02208775 -0.002829909 -0.06790465 -0.02067053 -0.01005834 -0.1873552 -0.03964883 -0.01005345 -0.1875857 -0.04097288 -0.002839744 -0.03468525 -0.02208286 -0.002829909 -0.03468525 -0.02067053 -0.01005834 2.55387e-4 -0.02203381 -0.002839744 2.55387e-4 -0.02062636 -0.01003873 0.007822155 -0.01968973 -3.83705e-7 -0.2171271 -0.04906934 -0.01005345 -0.217132 -0.05057972 -0.002834856 -0.2453641 -0.0582152 -0.01004368 -0.2449718 -0.0600689 -0.002834856 -0.247463 -0.05796021 -0.009381592 -0.2468107 -0.0596717 -0.002854466 -0.217132 -0.05048656 0.002932131 -0.2449718 -0.05997574 0.002922356 -0.2171271 -0.0491625 0.008767843 -0.1874091 -0.03955566 0.008762955 -0.1875857 -0.04087972 0.002927243 -0.2453641 -0.05831819 0.008728623 -0.1586033 -0.03132194 0.008527576 -0.1590692 -0.0327686 0.00266242 -0.1026051 -0.02212208 0.00873351 -0.1021293 -0.02328926 0.002892911 -0.06790465 -0.02076369 0.008767843 -0.06790465 -0.02199459 0.002912521 -0.03468525 -0.02076369 0.008767843 -0.03468525 -0.02199459 0.002912521 2.55387e-4 -0.02071958 0.00875312 2.55387e-4 -0.02194064 0.002927243 -0.2474287 -0.05787682 0.007703721 -0.2534409 -0.05110448 0.0093171 -0.2548533 -0.04676938 0.01207315 -0.2517294 -0.04175752 0.01906615 -0.2560106 -0.04288542 0.01304411 -0.252004 -0.054753 0.003353893 -0.2468745 -0.0594412 0.002892911 -0.2535733 -0.05087399 -0.0105046 -0.2548778 -0.04692631 -0.01261335 -0.2481348 -0.05527776 -0.01458472 -0.2578741 -0.03700071 -0.01234358 -0.2539068 -0.03534317 -0.01797825 -0.2557213 -0.03015476 -0.01520752 -0.2541373 -0.02881598 -0.01598232 -0.2522002 -0.03480374 -0.01945924 -0.2240123 -0.02586382 -0.01887565 -0.226273 -0.01869422 -0.01523697 -0.190528 -0.01528596 -0.01874816 -0.191499 -0.00791043 -0.01521241 -0.1552343 -0.004458069 -0.01848828 -0.1540818 0.003736376 -0.01496231 -0.1214852 0.009395539 -0.01482993 -0.1484766 0.004766225 -0.01494759 -0.1478146 0.009140551 -0.01195621 -0.1459658 0.01404452 -0.00527209 -0.1458972 0.01502531 -3.83705e-7 -0.1459805 0.01403963 0.005178153 -0.1478391 0.009120941 0.01195544 -0.1485109 0.004761338 0.01497137 -0.1425085 0.01462316 -0.005267202 -0.1440876 0.009832024 -0.0119611 -0.1303418 0.01667302 -0.005242705 -0.1273602 0.01268124 -0.01194638 -0.13069 0.0174871 -3.83705e-7 -0.1425232 0.01556473 -3.83705e-7 -0.1303614 0.01667302 0.005251705 -0.1425331 0.01462316 0.005187988 -0.1273798 0.01268124 0.01194071 -0.1441121 0.009807527 0.01196032 -0.1268943 0.01725172 -0.005227982 -0.1236136 0.01327461 -0.01193165 0.01597744 -0.009048163 0.004300355 0.01288306 -0.01334893 0.006722927 0.01597744 -0.004433512 0.007017135 0.01597744 -3.83705e-7 0.006801366 0.01597744 -0.0110833 -3.83705e-7 0.01597744 -3.83705e-7 -0.006802141 0.01597744 -0.004997491 -0.006625592 0.01287811 -1.01924e-5 -0.01181888 0.01597744 -0.008979499 -0.004438459 0.01597744 0.006909251 -3.83705e-7 0.01597744 0.004673063 0.004692673 0.01597744 0.004673063 -0.004693448 0.01282417 0.008149981 -0.008042812 0.01282912 0.008145034 0.008051872 0.01288306 -0.01629132 -1.01924e-5 0.01292717 0.01196527 -0.002216935</float_array>
          <technique_common>
            <accessor source="#toro_rarm-mesh-positions-array" count="254" stride="3">
              <param name="X" type="float"/>
              <param name="Y" type="float"/>
              <param name="Z" type="float"/>
            </accessor>
          </technique_common>
        </source>
        <source id="toro_rarm-mesh-normals">
          <float_array id="toro_rarm-mesh-normals-array" count="762">-0.8668355 -0.4794926 -0.1366869 -0.8560838 -0.5168372 1.71131e-5 -0.9590312 -0.2833007 -6.83707e-5 -0.8668515 -0.4794701 0.1366641 -0.8981595 -0.3777215 0.2250248 -0.9372941 -0.2368172 0.2557291 -0.9059932 -0.3620557 -0.2192991 -0.9373015 -0.2211698 -0.269351 -0.9764369 -0.09592616 -0.1933115 -0.9994494 -0.0331825 -9.90578e-6 -0.9764388 -0.09593814 0.1932956 -0.7416138 -0.659505 -0.1227285 -0.8276898 -0.2524884 -0.5011777 -0.9294801 0.07629638 -0.3608954 -0.9686149 0.1780297 -0.1734667 -0.8277143 0.4911345 -0.2714334 -0.7885865 0.3580901 -0.499903 -0.5149515 0.7804452 -0.3545846 -0.4676217 0.616377 -0.6335688 -0.2328435 0.7103188 -0.6642523 -0.295482 0.8825036 -0.3658933 -0.21719 0.7103146 -0.6695385 -0.2719463 0.8903432 -0.3651494 -0.1780351 0.7024752 -0.6890807 -0.2093466 0.9059877 -0.3679135 -0.9216405 0.07627964 0.3804737 -0.8746795 -0.09591889 0.4751162 -0.3189315 0.9451265 0.07084196 -0.2954504 0.952954 0.06773358 -0.2720072 0.8903157 0.3651713 -0.2093522 0.9059789 0.3679319 -0.2171281 0.9761432 5.5911e-5 -0.295433 0.8825109 0.365915 -0.5537511 0.8277197 -0.09077429 -0.5380582 0.7651292 0.3536534 -0.2329927 0.7102605 0.6642624 -0.4989526 0.5929188 0.6320551 -0.8590218 0.5067927 0.07240802 -0.8433667 0.4598195 0.2780263 -0.9761518 0.2170891 9.36305e-6 -0.968607 0.1858643 0.1650914 -0.8042322 0.3032724 0.511113 -0.2171727 0.7102949 0.6695649 -0.1780391 0.710307 0.6810038 -0.436355 0.4363146 0.7869079 -0.1623706 0.5068076 0.8466297 -0.3502643 0.1780528 0.9195717 -0.0762816 0.2563074 0.9635807 -0.1545305 0.5068106 0.8480941 -0.07630026 0.2641349 0.961463 -0.1232305 0.4989677 0.8578144 -0.06065434 0.2719627 0.9603945 -0.7103021 0.01365965 0.7037646 -0.7650997 0.1780297 0.6188119 0.02550548 -0.06457906 0.9975867 0.0176742 -0.04115056 0.9989966 0.1272276 -0.3855277 0.9138827 -0.1076021 -0.4560146 0.8834436 -0.005833506 -0.7534542 0.6574746 0.2289813 -0.6986508 0.6778308 0.1194257 -0.3698558 0.9213818 0.2289901 -0.7064424 0.6697035 -0.467653 -0.7221146 0.509756 -0.5459266 -0.4794426 0.6870946 0.08804452 -0.3620566 0.9279888 0.1585409 -0.6594734 0.7348194 0.06463432 -0.6438371 0.7624279 0.03333586 -0.3698837 0.9284799 0.002002298 -0.3933619 0.9193816 0.009831428 -0.6751725 0.7375945 -0.240674 -0.1350879 0.9611594 0.001986205 -0.02549177 0.9996731 0.009822785 -0.04898887 0.9987511 0.00198704 -0.0411238 0.9991521 0.001943588 -0.04120266 0.9991489 0.001955747 -0.3933342 0.9193935 0.001972377 -0.6829531 0.7304596 0.2055075 -0.3698973 0.9060589 0.205475 -0.6673163 0.7158694 0.5030046 -0.3150637 0.8048114 0.5185613 -0.6908286 0.5038353 0.2211279 -0.04892039 0.9740172 0.5107742 0.1232533 0.850834 0.72996 -0.2290009 0.6439853 0.7299683 0.1310536 0.6707989 -0.02147012 0.2640947 0.9642578 0.1977024 0.2798287 0.9394732 0.4951574 0.5459606 0.67583 0.1820306 0.5146256 0.8378695 0.002007961 0.2563307 0.9665871 0.009784817 0.5146115 0.8573677 -0.005795896 0.2719212 0.9623022 -0.005820035 0.5224522 0.8526488 -0.04495447 0.5145903 0.8562569 -0.07627326 0.4911381 0.8677361 -0.06065243 0.7337703 0.676685 -0.1076245 0.7103116 0.695611 -0.09192037 0.937287 0.3362196 -0.01366162 0.9294702 0.3686444 -0.0136519 0.7337965 0.6792322 -0.1467307 0.921641 0.3592327 -0.0919274 0.9920916 -0.08546143 -0.1462861 0.9892423 -2.17201e-5 0.009818613 0.9294755 0.3687532 0.009817123 0.9999193 0.00807631 -0.02143341 0.9997704 -3.4082e-5 -0.0841031 0.9373001 -0.3382237 -0.01367086 0.929468 -0.3686493 0.1893708 0.9819056 3.48144e-5 0.1898552 0.9059916 0.378331 0.4951233 0.866855 0.05844092 0.1898558 0.9059853 -0.3783459 0.4951411 0.796399 -0.347252 0.4950658 0.7964428 0.3472589 0.769088 0.6085461 0.1953855 0.009812772 0.9294788 -0.3687451 0.009804368 0.7338104 -0.6792836 0.1898391 0.7337967 -0.6523064 0.4951107 0.5459055 -0.6759088 0.1898265 0.7338145 0.6522899 -0.06062805 0.7337773 -0.6766796 -0.01365822 0.7337874 -0.6792419 0.009826481 0.733807 0.679287 0.1976769 0.5067645 -0.8391147 0.5186027 0.1545442 -0.8409325 0.2133398 0.2954448 -0.931235 0.001961112 0.5146304 -0.8574099 0.001993834 0.2641434 -0.9644814 -0.005844473 0.5224348 -0.8526592 -0.005836963 0.2798118 -0.9600371 -0.04500365 0.4988125 -0.8655409 -0.02149963 0.264115 -0.9642516 0.001978933 -0.01763695 -0.9998426 0.00199747 -0.009813606 -0.9999499 0.001999557 -0.346426 -0.9380752 0.0332905 -0.3072361 -0.9510508 0.001980721 0.005784928 -0.9999814 0.07244837 -0.3072594 -0.948864 0.00977528 -0.01759308 -0.9997974 0.1037639 -0.3307279 -0.9380044 0.01759237 -0.01762574 -0.9996899 0.1115399 -0.3228959 -0.9398388 -0.2798133 -0.1193675 -0.9526048 -0.1076026 -0.377727 -0.9196434 -0.5459381 -0.4168665 -0.7267557 -0.6711709 -0.2211675 -0.7075412 0.001986324 -0.3464069 -0.9380823 0.001952767 -0.01768773 -0.9998418 0.1976647 -0.3464232 -0.9170167 0.19767 -0.00980246 -0.9802196 0.5186147 -0.2916168 -0.8037405 0.2133149 -0.6594992 -0.7208035 -0.005816102 -0.7064699 -0.7077193 0.2054694 -0.6516821 -0.730132 0.1506969 -0.6125398 -0.7759416 0.06460815 -0.6047288 -0.7938066 0.00982058 -0.6438564 -0.7650833 0.001990675 -0.6516653 -0.7585041 0.2133422 -0.6282013 -0.7482301 0.5342692 -0.6673423 -0.5188551 0.7534534 -0.213252 -0.621958 0.7377793 -0.542087 -0.4022728 0.088099 -0.8864997 -0.4542654 0.2055116 -0.8786758 -0.4309222 0.09592598 -0.9882597 -0.1189159 0.2211651 -0.9726042 -0.07160496 0.01771074 -0.996078 -0.08668947 0.01763993 -0.9021399 -0.431083 0.268125 -0.886493 -0.377146 0.2915011 -0.9565705 -6.30046e-6 0.001908302 -0.9960834 -0.08839929 0.001981973 -0.9021559 -0.4314057 0.1663741 -0.9804286 -0.1052597 0.2055118 -0.8865053 -0.4145758 0.478999 -0.8778155 -1.31298e-5 0.2837848 -0.8864999 -0.3654916 0.3150758 -0.9490666 1.30835e-5 0.04896771 -0.9256297 -0.375249 0.06461942 -0.9882564 -0.1384692 -0.467653 -0.8395416 -0.2765334 -0.4520003 -0.8864964 -0.0990951 0.3150922 -0.9412957 0.1211593 0.02550989 -0.9882578 0.150651 0.2916086 -0.8865075 0.3592616 0.2837725 -0.8943272 0.3459075 0.2916128 -0.94912 0.1188839 -0.03714394 -0.9178117 0.3952748 0.1976962 -0.8786762 0.4345622 0.2211657 -0.9647738 0.1424689 0.08809918 -0.8943278 0.4386529 0.09592366 -0.9882568 0.1189417 0.01760756 -0.902159 0.4310443 0.01765251 -0.996084 0.08663296 0.001998186 -0.9021543 0.4314091 0.001996815 -0.9960862 0.08836507 0.2055168 -0.8865051 0.4145741 0.1663683 -0.9804276 0.1052772 -0.5146186 -0.8160554 0.2630997 -0.7729219 -0.5577477 0.3025053 -0.7885963 -0.4324876 0.437116 -0.6320269 -0.252489 0.7326605 -0.8198997 -0.283794 0.4972178 -0.7337852 -0.6673335 0.1273792 -0.4754487 -0.8708629 0.1246864 -0.7807547 -0.534272 -0.3239993 -0.8042377 -0.4012009 -0.4384517 -0.4911397 -0.6829932 -0.5406497 -0.8746777 -0.09592616 -0.4751182 -0.7259746 -0.001989245 -0.6877187 -0.7337735 0.2015345 -0.6488146 -0.4050348 0.4441646 -0.799165 -0.3815442 0.1780425 -0.9070418 -0.07631224 0.2797757 -0.9570277 -0.1623818 0.5146391 -0.84189 -0.08411097 0.2797992 -0.956367 -0.1544945 0.5068321 -0.8480877 -0.06064468 0.2797988 -0.9581414 -0.1231178 0.4990124 -0.8578045 -0.07623851 0.4754695 -0.8764226 -0.08412122 0.4911094 -0.8670266 -0.1310709 0.7024746 -0.6995355 -0.1467369 0.9137772 -0.378787 -0.1548746 0.9842156 -0.08563709 -0.1468129 0.9138132 0.3786707 -0.1310715 0.7103108 0.6915772 -0.08414238 0.4911387 0.867008 -0.1545436 0.9138264 -0.3755501 -0.1232463 0.7024895 -0.7009415 -0.1545541 0.9216459 -0.355924 -0.1154158 0.702472 -0.7022908 -0.1623815 0.9842631 -0.0697034 -0.1623852 0.9842631 -0.06969439 -0.1545526 0.9138174 0.3755681 -0.1545575 0.9138323 0.3755295 -0.1153993 0.7103046 0.6943705 -0.1232444 0.7103013 0.6930245 -0.1466596 0.9216547 -0.3592266 -0.1075934 0.7103122 -0.695615 0.729952 -0.5420914 0.4163016 0.9491195 -0.2368201 0.2075781 0.9491185 -0.07242733 0.3064777 0.9491018 0.08413958 0.3035235 0.946703 -0.322108 1.05058e-5 0.9491161 0.07626217 -0.3055534 0.9569497 -0.07244682 -0.2810673 0.7299531 0.1310708 -0.6708122 0.9491174 -0.2211637 -0.2241935 0.9554944 0.2950096 1.25438e-6 0.941294 0.2171715 0.2584615 0.9412869 0.2171764 -0.2584831 0.7377843 0.4285271 -0.5215735 0.7377914 0.4285299 0.5215611 0.7064709 -0.7064656 -0.04249101 0.7690892 0.6085476 -0.195376</float_array>
          <technique_common>
            <accessor source="#toro_rarm-mesh-normals-array" count="254" stride="3">
              <param name="X" type="float"/>
              <param name="Y" type="float"/>
              <param name="Z" type="float"/>
            </accessor>
          </technique_common>
        </source>
        <source id="toro_rarm-mesh-map-0">
          <float_array id="toro_rarm-mesh-map-0-array" count="3024">0 0 0 0 0 0 0 0 0 0 0 0 0 0 0 0 0 0 0 0 0 0 0 0 0 0 0 0 0 0 0 0 0 0 0 0 0 0 0 0 0 0 0 0 0 0 0 0 0 0 0 0 0 0 0 0 0 0 0 0 0 0 0 0 0 0 0 0 0 0 0 0 0 0 0 0 0 0 0 0 0 0 0 0 0 0 0 0 0 0 0 0 0 0 0 0 0 0 0 0 0 0 0 0 0 0 0 0 0 0 0 0 0 0 0 0 0 0 0 0 0 0 0 0 0 0 0 0 0 0 0 0 0 0 0 0 0 0 0 0 0 0 0 0 0 0 0 0 0 0 0 0 0 0 0 0 0 0 0 0 0 0 0 0 0 0 0 0 0 0 0 0 0 0 0 0 0 0 0 0 0 0 0 0 0 0 0 0 0 0 0 0 0 0 0 0 0 0 0 0 0 0 0 0 0 0 0 0 0 0 0 0 0 0 0 0 0 0 0 0 0 0 0 0 0 0 0 0 0 0 0 0 0 0 0 0 0 0 0 0 0 0 0 0 0 0 0 0 0 0 0 0 0 0 0 0 0 0 0 0 0 0 0 0 0 0 0 0 0 0 0 0 0 0 0 0 0 0 0 0 0 0 0 0 0 0 0 0 0 0 0 0 0 0 0 0 0 0 0 0 0 0 0 0 0 0 0 0 0 0 0 0 0 0 0 0 0 0 0 0 0 0 0 0 0 0 0 0 0 0 0 0 0 0 0 0 0 0 0 0 0 0 0 0 0 0 0 0 0 0 0 0 0 0 0 0 0 0 0 0 0 0 0 0 0 0 0 0 0 0 0 0 0 0 0 0 0 0 0 0 0 0 0 0 0 0 0 0 0 0 0 0 0 0 0 0 0 0 0 0 0 0 0 0 0 0 0 0 0 0 0 0 0 0 0 0 0 0 0 0 0 0 0 0 0 0 0 0 0 0 0 0 0 0 0 0 0 0 0 0 0 0 0 0 0 0 0 0 0 0 0 0 0 0 0 0 0 0 0 0 0 0 0 0 0 0 0 0 0 0 0 0 0 0 0 0 0 0 0 0 0 0 0 0 0 0 0 0 0 0 0 0 0 0 0 0 0 0 0 0 0 0 0 0 0 0 0 0 0 0 0 0 0 0 0 0 0 0 0 0 0 0 0 0 0 0 0 0 0 0 0 0 0 0 0 0 0 0 0 0 0 0 0 0 0 0 0 0 0 0 0 0 0 0 0 0 0 0 0 0 0 0 0 0 0 0 0 0 0 0 0 0 0 0 0 0 0 0 0 0 0 0 0 0 0 0 0 0 0 0 0 0 0 0 0 0 0 0 0 0 0 0 0 0 0 0 0 0 0 0 0 0 0 0 0 0 0 0 0 0 0 0 0 0 0 0 0 0 0 0 0 0 0 0 0 0 0 0 0 0 0 0 0 0 0 0 0 0 0 0 0 0 0 0 0 0 0 0 0 0 0 0 0 0 0 0 0 0 0 0 0 0 0 0 0 0 0 0 0 0 0 0 0 0 0 0 0 0 0 0 0 0 0 0 0 0 0 0 0 0 0 0 0 0 0 0 0 0 0 0 0 0 0 0 0 0 0 0 0 0 0 0 0 0 0 0 0 0 0 0 0 0 0 0 0 0 0 0 0 0 0 0 0 0 0 0 0 0 0 0 0 0 0 0 0 0 0 0 0 0 0 0 0 0 0 0 0 0 0 0 0 0 0 0 0 0 0 0 0 0 0 0 0 0 0 0 0 0 0 0 0 0 0 0 0 0 0 0 0 0 0 0 0 0 0 0 0 0 0 0 0 0 0 0 0 0 0 0 0 0 0 0 0 0 0 0 0 0 0 0 0 0 0 0 0 0 0 0 0 0 0 0 0 0 0 0 0 0 0 0 0 0 0 0 0 0 0 0 0 0 0 0 0 0 0 0 0 0 0 0 0 0 0 0 0 0 0 0 0 0 0 0 0 0 0 0 0 0 0 0 0 0 0 0 0 0 0 0 0 0 0 0 0 0 0 0 0 0 0 0 0 0 0 0 0 0 0 0 0 0 0 0 0 0 0 0 0 0 0 0 0 0 0 0 0 0 0 0 0 0 0 0 0 0 0 0 0 0 0 0 0 0 0 0 0 0 0 0 0 0 0 0 0 0 0 0 0 0 0 0 0 0 0 0 0 0 0 0 0 0 0 0 0 0 0 0 0 0 0 0 0 0 0 0 0 0 0 0 0 0 0 0 0 0 0 0 0 0 0 0 0 0 0 0 0 0 0 0 0 0 0 0 0 0 0 0 0 0 0 0 0 0 0 0 0 0 0 0 0 0 0 0 0 0 0 0 0 0 0 0 0 0 0 0 0 0 0 0 0 0 0 0 0 0 0 0 0 0 0 0 0 0 0 0 0 0 0 0 0 0 0 0 0 0 0 0 0 0 0 0 0 0 0 0 0 0 0 0 0 0 0 0 0 0 0 0 0 0 0 0 0 0 0 0 0 0 0 0 0 0 0 0 0 0 0 0 0 0 0 0 0 0 0 0 0 0 0 0 0 0 0 0 0 0 0 0 0 0 0 0 0 0 0 0 0 0 0 0 0 0 0 0 0 0 0 0 0 0 0 0 0 0 0 0 0 0 0 0 0 0 0 0 0 0 0 0 0 0 0 0 0 0 0 0 0 0 0 0 0 0 0 0 0 0 0 0 0 0 0 0 0 0 0 0 0 0 0 0 0 0 0 0 0 0 0 0 0 0 0 0 0 0 0 0 0 0 0 0 0 0 0 0 0 0 0 0 0 0 0 0 0 0 0 0 0 0 0 0 0 0 0 0 0 0 0 0 0 0 0 0 0 0 0 0 0 0 0 0 0 0 0 0 0 0 0 0 0 0 0 0 0 0 0 0 0 0 0 0 0 0 0 0 0 0 0 0 0 0 0 0 0 0 0 0 0 0 0 0 0 0 0 0 0 0 0 0 0 0 0 0 0 0 0 0 0 0 0 0 0 0 0 0 0 0 0 0 0 0 0 0 0 0 0 0 0 0 0 0 0 0 0 0 0 0 0 0 0 0 0 0 0 0 0 0 0 0 0 0 0 0 0 0 0 0 0 0 0 0 0 0 0 0 0 0 0 0 0 0 0 0 0 0 0 0 0 0 0 0 0 0 0 0 0 0 0 0 0 0 0 0 0 0 0 0 0 0 0 0 0 0 0 0 0 0 0 0 0 0 0 0 0 0 0 0 0 0 0 0 0 0 0 0 0 0 0 0 0 0 0 0 0 0 0 0 0 0 0 0 0 0 0 0 0 0 0 0 0 0 0 0 0 0 0 0 0 0 0 0 0 0 0 0 0 0 0 0 0 0 0 0 0 0 0 0 0 0 0 0 0 0 0 0 0 0 0 0 0 0 0 0 0 0 0 0 0 0 0 0 0 0 0 0 0 0 0 0 0 0 0 0 0 0 0 0 0 0 0 0 0 0 0 0 0 0 0 0 0 0 0 0 0 0 0 0 0 0 0 0 0 0 0 0 0 0 0 0 0 0 0 0 0 0 0 0 0 0 0 0 0 0 0 0 0 0 0 0 0 0 0 0 0 0 0 0 0 0 0 0 0 0 0 0 0 0 0 0 0 0 0 0 0 0 0 0 0 0 0 0 0 0 0 0 0 0 0 0 0 0 0 0 0 0 0 0 0 0 0 0 0 0 0 0 0 0 0 0 0 0 0 0 0 0 0 0 0 0 0 0 0 0 0 0 0 0 0 0 0 0 0 0 0 0 0 0 0 0 0 0 0 0 0 0 0 0 0 0 0 0 0 0 0 0 0 0 0 0 0 0 0 0 0 0 0 0 0 0 0 0 0 0 0 0 0 0 0 0 0 0 0 0 0 0 0 0 0 0 0 0 0 0 0 0 0 0 0 0 0 0 0 0 0 0 0 0 0 0 0 0 0 0 0 0 0 0 0 0 0 0 0 0 0 0 0 0 0 0 0 0 0 0 0 0 0 0 0 0 0 0 0 0 0 0 0 0 0 0 0 0 0 0 0 0 0 0 0 0 0 0 0 0 0 0 0 0 0 0 0 0 0 0 0 0 0 0 0 0 0 0 0 0 0 0 0 0 0 0 0 0 0 0 0 0 0 0 0 0 0 0 0 0 0 0 0 0 0 0 0 0 0 0 0 0 0 0 0 0 0 0 0 0 0 0 0 0 0 0 0 0 0 0 0 0 0 0 0 0 0 0 0 0 0 0 0 0 0 0 0 0 0 0 0 0 0 0 0 0 0 0 0 0 0 0 0 0 0 0 0 0 0 0 0 0 0 0 0 0 0 0 0 0 0 0 0 0 0 0 0 0 0 0 0 0 0 0 0 0 0 0 0 0 0 0 0 0 0 0 0 0 0 0 0 0 0 0 0 0 0 0 0 0 0 0 0 0 0 0 0 0 0 0 0 0 0 0 0 0 0 0 0 0 0 0 0 0 0 0 0 0 0 0 0 0 0 0 0 0 0 0 0 0 0 0 0 0 0 0 0 0 0 0 0 0 0 0 0 0 0 0 0 0 0 0 0 0 0 0 0 0 0 0 0 0 0 0 0 0 0 0 0 0 0 0 0 0 0 0 0 0 0 0 0 0 0 0 0 0 0 0 0 0 0 0 0 0 0 0 0 0 0 0 0 0 0 0 0 0 0 0 0 0 0 0 0 0 0 0 0 0 0 0 0 0 0 0 0 0 0 0 0 0 0 0 0 0 0 0 0 0 0 0 0 0 0 0 0 0 0 0 0 0 0 0 0 0 0 0 0 0 0 0 0 0 0 0 0 0 0 0 0 0 0 0 0 0 0 0 0 0 0 0 0 0 0 0 0 0 0 0 0 0 0 0 0 0 0 0 0 0 0 0 0 0 0 0 0 0 0 0 0 0 0 0 0 0 0 0 0 0 0 0 0 0 0 0 0 0 0 0 0 0 0 0 0 0 0 0 0 0 0 0 0 0 0 0 0 0 0 0 0 0 0 0 0 0 0 0 0 0 0 0 0 0 0 0 0 0 0 0 0 0 0 0 0 0 0 0 0 0 0 0 0 0 0 0 0 0 0 0 0 0 0 0 0 0 0 0 0 0 0 0 0 0 0 0 0 0 0 0 0 0 0 0 0 0 0 0 0 0 0 0 0 0 0 0 0 0 0 0 0 0 0 0 0 0 0 0 0 0 0 0 0 0 0 0 0 0 0 0 0 0 0 0 0 0 0 0 0 0 0 0 0 0 0 0 0 0 0 0 0 0 0 0 0 0 0 0 0 0 0 0 0 0 0 0 0 0 0 0 0 0 0 0 0 0 0 0 0 0 0 0 0 0 0 0 0 0 0 0 0 0 0 0 0 0 0 0 0 0 0 0 0 0 0 0 0 0 0 0 0 0 0 0 0 0 0 0 0 0 0 0 0 0 0 0 0 0 0 0 0 0 0 0 0 0 0 0 0 0 0 0 0 0 0 0 0 0 0 0 0 0 0 0 0 0 0 0 0 0 0 0 0 0 0 0 0 0 0 0 0 0 0 0 0 0 0 0 0 0 0 0 0 0 0 0 0 0 0 0 0 0 0 0 0 0 0 0 0 0 0 0 0 0 0 0 0 0 0 0 0 0 0 0 0 0 0 0 0 0 0 0 0 0 0 0 0 0 0 0 0 0 0 0 0 0 0 0 0 0 0 0 0 0 0 0 0 0 0 0 0 0 0 0 0 0 0 0 0 0 0 0 0 0 0 0 0 0 0 0 0 0 0 0 0 0 0 0 0 0 0 0 0 0 0 0 0 0 0 0 0 0 0 0 0 0 0 0 0 0 0 0 0 0 0 0 0 0 0 0 0 0 0 0 0 0 0 0 0 0 0 0 0 0 0 0 0 0 0 0 0 0 0 0 0 0 0 0 0 0 0 0 0 0 0 0 0 0 0 0 0 0 0 0 0 0 0 0 0 0 0 0 0 0 0 0 0 0 0 0 0 0 0 0 0 0 0 0 0 0 0 0 0 0 0 0 0 0 0 0 0 0 0 0 0 0 0 0 0 0 0 0 0 0 0 0 0 0 0 0 0 0 0 0 0 0 0 0 0 0 0 0 0 0 0 0 0 0 0 0 0 0 0 0 0 0 0 0 0 0 0 0 0 0 0 0 0 0 0 0 0 0 0 0 0 0 0 0 0 0 0 0 0 0 0 0 0 0 0 0 0 0 0 0 0 0 0 0 0 0 0 0 0 0 0 0 0 0 0 0 0 0 0 0 0 0 0 0 0 0 0 0 0 0 0 0 0 0 0 0 0 0 0 0 0 0 0 0 0 0 0 0 0 0 0 0 0 0 0 0 0 0 0 0 0 0 0 0 0 0 0 0 0 0 0 0 0 0 0 0 0 0 0 0 0 0 0 0 0 0 0 0 0 0 0 0 0 0 0 0 0 0 0 0 0 0 0 0 0 0 0 0 0 0 0 0 0 0 0 0 0 0 0 0 0 0 0 0 0 0 0 0 0 0 0 0 0 0 0 0 0 0 0 0 0 0 0 0 0 0 0 0 0 0 0 0 0 0 0 0 0 0 0 0 0 0 0 0 0 0 0 0 0 0 0 0 0 0 0 0 0 0 0 0 0 0 0 0 0 0 0 0 0 0 0 0 0 0 0 0 0 0 0 0 0 0 0 0 0 0 0 0 0 0 0 0 0 0 0 0 0 0 0 0 0 0 0 0 0 0 0 0 0 0 0 0 0 0 0 0 0 0 0 0 0 0 0 0 0 0 0 0 0 0 0 0</float_array>
          <technique_common>
            <accessor source="#toro_rarm-mesh-map-0-array" count="1512" stride="2">
              <param name="S" type="float"/>
              <param name="T" type="float"/>
            </accessor>
          </technique_common>
        </source>
        <source id="toro_rarm-mesh-colors-Col" name="Col">
          <float_array id="toro_rarm-mesh-colors-Col-array" count="6048">0 0 0 0 0 0 0 0 0 0 0 0 0 0 0 0 0 0 0 0 0 0 0 0 0 0 0 0 0 0 0 0 0 0 0 0 0 0 0 0 0 0 0 0 0 0 0 0 0 0 0 0 0 0 0 0 0 0 0 0 0 0 0 0 0 0 0 0 0 0 0 0 0 0 0 0 0 0 0 0 0 0 0 0 0 0 0 0 0 0 0 0 0 0 0 0 0 0 0 0 0 0 0 0 0 0 0 0 0 0 0 0 0 0 0 0 0 0 0 0 0 0 0 0 0 0 0 0 0 0 0 0 0 0 0 0 0 0 0 0 0 0 0 0 0 0 0 0 0 0 0 0 0 0 0 0 0 0 0 0 0 0 0 0 0 0 0 0 0 0 0 0 0 0 0 0 0 0 0 0 0 0 0 0 0 0 0 0 0 0 0 0 0 0 0 0 0 0 0 0 0 0 0 0 0 0 0 0 0 0 0 0 0 0 0 0 0 0 0 0 0 0 0 0 0 0 0 0 0 0 0 0 0 0 0 0 0 0 0 0 0 0 0 0 0 0 0 0 0 0 0 0 0 0 0 0 0 0 0 0 0 0 0 0 0 0 0 0 0 0 0 0 0 0 0 0 0 0 0 0 0 0 0 0 0 0 0 0 0 0 0 0 0 0 0 0 0 0 0 0 0 0 0 0 0 0 0 0 0 0 0 0 0 0 0 0 0 0 0 0 0 0 0 0 0 0 0 0 0 0 0 0 0 0 0 0 0 0 0 0 0 0 0 0 0 0 0 0 0 0 0 0 0 0 0 0 0 0 0 0 0 0 0 0 0 0 0 0 0 0 0 0 0 0 0 0 0 0 0 0 0 0 0 0 0 0 0 0 0 0 0 0 0 0 0 0 0 0 0 0 0 0 0 0 0 0 0 0 0 0 0 0 0 0 0 0 0 0 0 0 0 0 0 0 0 0 0 0 0 0 0 0 0 0 0 0 0 0 0 0 0 0 0 0 0 0 0 0 0 0 0 0 0 0 0 0 0 0 0 0 0 0 0 0 0 0 0 0 0 0 0 0 0 0 0 0 0 0 0 0 0 0 0 0 0 0 0 0 0 0 0 0 0 0 0 0 0 0 0 0 0 0 0 0 0 0 0 0 0 0 0 0 0 0 0 0 0 0 0 0 0 0 0 0 0 0 0 0 0 0 0 0 0 0 0 0 0 0 0 0 0 0 0 0 0 0 0 0 0 0 0 0 0 0 0 0 0 0 0 0 0 0 0 0 0 0 0 0 0 0 0 0 0 0 0 0 0 0 0 0 0 0 0 0 0 0 0 0 0 0 0 0 0 0 0 0 0 0 0 0 0 0 0 0 0 0 0 0 0 0 0 0 0 0 0 0 0 0 0 0 0 0 0 0 0 0 0 0 0 0 0 0 0 0 0 0 0 0 0 0 0 0 0 0 0 0 0 0 0 0 0 0 0 0 0 0 0 0 0 0 0 0 0 0 0 0 0 0 0 0 0 0 0 0 0 0 0 0 0 0 0 0 0 0 0 0 0 0 0 0 0 0 0 0 0 0 0 0 0 0 0 0 0 0 0 0 0 0 0 0 0 0 0 0 0 0 0 0 0 0 0 0 0 0 0 0 0 0 0 0 0 0 0 0 0 0 0 0 0 0 0 0 0 0 0 0 0 0 0 0 0 0 0 0 0 0 0 0 0 0 0 0 0 0 0 0 0 0 0 0 0 0 0 0 0 0 0 0 0 0 0 0 0 0 0 0 0 0 0 0 0 0 0 0 0 0 0 0 0 0 0 0 0 0 0 0 0 0 0 0 0 0 0 0 0 0 0 0 0 0 0 0 0 0 0 0 0 0 0 0 0 0 0 0 0 0 0 0 0 0 0 0 0 0 0 0 0 0 0 0 0 0 0 0 0 0 0 0 0 0 0 0 0 0 0 0 0 0 0 0 0 0 0 0 0 0 0 0 0 0 0 0 0 0 0 0 0 0 0 0 0 0 0 0 0 0 0 0 0 0 0 0 0 0 0 0 0 0 0 0 0 0 0 0 0 0 0 0 0 0 0 0 0 0 0 0 0 0 0 0 0 0 0 0 0 0 0 0 0 0 0 0 0 0 0 0 0 0 0 0 0 0 0 0 0 0 0 0 0 0 0 0 0 0 0 0 0 0 0 0 0 0 0 0 0 0 0 0 0 0 0 0 0 0 0 0 0 0 0 0 0 0 0 0 0 0 0 0 0 0 0 0 0 0 0 0 0 0 0 0 0 0 0 0 0 0 0 0 0 0 0 0 0 0 0 0 0 0 0 0 0 0 0 0 0 0 0 0 0 0 0 0 0 0 0 0 0 0 0 0 0 0 0 0 0 0 0 0 0 0 0 0 0 0 0 0 0 0 0 0 0 0 0 0 0 0 0 0 0 0 0 0 0 0 0 0 0 0 0 0 0 0 0 0 0 0 0 0 0 0 0 0 0 0 0 0 0 0 0 0 0 0 0 0 0 0 0 0 0 0 0 0 0 0 0 0 0 0 0 0 0 0 0 0 0 0 0 0 0 0 0 0 0 0 0 0 0 0 0 0 0 0 0 0 0 0 0 0 0 0 0 0 0 0 0 0 0 0 0 0 0 0 0 0 0 0 0 0 0 0 0 0 0 0 0 0 0 0 0 0 0 0 0 0 0 0 0 0 0 0 0 0 0 0 0 0 0 0 0 0 0 0 0 0 0 0 0 0 0 0 0 0 0 0 0 0 0 0 0 0 0 0 0 0 0 0 0 0 0 0 0 0 0 0 0 0 0 0 0 0 0 0 0 0 0 0 0 0 0 0 0 0 0 0 0 0 0 0 0 0 0 0 0 0 0 0 0 0 0 0 0 0 0 0 0 0 0 0 0 0 0 0 0 0 0 0 0 0 0 0 0 0 0 0 0 0 0 0 0 0 0 0 0 0 0 0 0 0 0 0 0 0 0 0 0 0 0 0 0 0 0 0 0 0 0 0 0 0 0 0 0 0 0 0 0 0 0 0 0 0 0 0 0 0 0 0 0 0 0 0 0 0 0 0 0 0 0 0 0 0 0 0 0 0 0 0 0 0 0 0 0 0 0 0 0 0 0 0 0 0 0 0 0 0 0 0 0 0 0 0 0 0 0 0 0 0 0 0 0 0 0 0 0 0 0 0 0 0 0 0 0 0 0 0 0 0 0 0 0 0 0 0 0 0 0 0 0 0 0 0 0 0 0 0 0 0 0 0 0 0 0 0 0 0 0 0 0 0 0 0 0 0 0 0 0 0 0 0 0 0 0 0 0 0 0 0 0 0 0 0 0 0 0 0 0 0 0 0 0 0 0 0 0 0 0 0 0 0 0 0 0 0 0 0 0 0 0 0 0 0 0 0 0 0 0 0 0 0 0 0 0 0 0 0 0 0 0 0 0 0 0 0 0 0 0 0 0 0 0 0 0 0 0 0 0 0 0 0 0 0 0 0 0 0 0 0 0 0 0 0 0 0 0 0 0 0 0 0 0 0 0 0 0 0 0 0 0 0 0 0 0 0 0 0 0 0 0 0 0 0 0 0 0 0 0 0 0 0 0 0 0 0 0 0 0 0 0 0 0 0 0 0 0 0 0 0 0 0 0 0 0 0 0 0 0 0 0 0 0 0 0 0 0 0 0 0 0 0 0 0 0 0 0 0 0 0 0 0 0 0 0 0 0 0 0 0 0 0 0 0 0 0 0 0 0 0 0 0 0 0 0 0 0 0 0 0 0 0 0 0 0 0 0 0 0 0 0 0 0 0 0 0 0 0 0 0 0 0 0 0 0 0 0 0 0 0 0 0 0 0 0 0 0 0 0 0 0 0 0 0 0 0 0 0 0 0 0 0 0 0 0 0 0 0 0 0 0 0 0 0 0 0 0 0 0 0 0 0 0 0 0 0 0 0 0 0 0 0 0 0 0 0 0 0 0 0 0 0 0 0 0 0 0 0 0 0 0 0 0 0 0 0 0 0 0 0 0 0 0 0 0 0 0 0 0 0 0 0 0 0 0 0 0 0 0 0 0 0 0 0 0 0 0 0 0 0 0 0 0 0 0 0 0 0 0 0 0 0 0 0 0 0 0 0 0 0 0 0 0 0 0 0 0 0 0 0 0 0 0 0 0 0 0 0 0 0 0 0 0 0 0 0 0 0 0 0 0 0 0 0 0 0 0 0 0 0 0 0 0 0 0 0 0 0 0 0 0 0 0 0 0 0 0 0 0 0 0 0 0 0 0 0 0 0 0 0 0 0 0 0 0 0 0 0 0 0 0 0 0 0 0 0 0 0 0 0 0 0 0 0 0 0 0 0 0 0 0 0 0 0 0 0 0 0 0 0 0 0 0 0 0 0 0 0 0 0 0 0 0 0 0 0 0 0 0 0 0 0 0 0 0 0 0 0 0 0 0 0 0 0 0 0 0 0 0 0 0 0 0 0 0 0 0 0 0 0 0 0 0 0 0 0 0 0 0 0 0 0 0 0 0 0 0 0 0 0 0 0 0 0 0 0 0 0 0 0 0 0 0 0 0 0 0 0 0 0 0 0 0 0 0 0 0 0 0 0 0 0 0 0 0 0 0 0 0 0 0 0 0 0 0 0 0 0 0 0 0 0 0 0 0 0 0 0 0 0 0 0 0 0 0 0 0 0 0 0 0 0 0 0 0 0 0 0 0 0 0 0 0 0 0 0 0 0 0 0 0 0 0 0 0 0 0 0 0 0 0 0 0 0 0 0 0 0 0 0 0 0 0 0 0 0 0 0 0 0 0 0 0 0 0 0 0 0 0 0 0 0 0 0 0 0 0 0 0 0 0 0 0 0 0 0 0 0 0 0 0 0 0 0 0 0 0 0 0 0 0 0 0 0 0 0 0 0 0 0 0 0 0 0 0 0 0 0 0 0 0 0 0 0 0 0 0 0 0 0 0 0 0 0 0 0 0 0 0 0 0 0 0 0 0 0 0 0 0 0 0 0 0 0 0 0 0 0 0 0 0 0 0 0 0 0 0 0 0 0 0 0 0 0 0 0 0 0 0 0 0 0 0 0 0 0 0 0 0 0 0 0 0 0 0 0 0 0 0 0 0 0 0 0 0 0 0 0 0 0 0 0 0 0 0 0 0 0 0 0 0 0 0 0 0 0 0 0 0 0 0 0 0 0 0 0 0 0 0 0 0 0 0 0 0 0 0 0 0 0 0 0 0 0 0 0 0 0 0 0 0 0 0 0 0 0 0 0 0 0 0 0 0 0 0 0 0 0 0 0 0 0 0 0 0 0 0 0 0 0 0 0 0 0 0 0 0 0 0 0 0 0 0 0 0 0 0 0 0 0 0 0 0 0 0 0 0 0 0 0 0 0 0 0 0 0 0 0 0 0 0 0 0 0 0 0 0 0 0 0 0 0 0 0 0 0 0 0 0 0 0 0 0 0 0 0 0 0 0 0 0 0 0 0 0 0 0 0 0 0 0 0 0 0 0 0 0 0 0 0 0 0 0 0 0 0 0 0 0 0 0 0 0 0 0 0 0 0 0 0 0 0 0 0 0 0 0 0 0 0 0 0 0 0 0 0 0 0 0 0 0 0 0 0 0 0 0 0 0 0 0 0 0 0 0 0 0 0 0 0 0 0 0 0 0 0 0 0 0 0 0 0 0 0 0 0 0 0 0 0 0 0 0 0 0 0 0 0 0 0 0 0 0 0 0 0 0 0 0 0 0 0 0 0 0 0 0 0 0 0 0 0 0 0 0 0 0 0 0 0 0 0 0 0 0 0 0 0 0 0 0 0 0 0 0 0 0 0 0 0 0 0 0 0 0 0 0 0 0 0 0 0 0 0 0 0 0 0 0 0 0 0 0 0 0 0 0 0 0 0 0 0 0 0 0 0 0 0 0 0 0 0 0 0 0 0 0 0 0 0 0 0 0 0 0 0 0 0 0 0 0 0 0 0 0 0 0 0 0 0 0 0 0 0 0 0 0 0 0 0 0 0 0 0 0 0 0 0 0 0 0 0 0 0 0 0 0 0 0 0 0 0 0 0 0 0 0 0 0 0 0 0 0 0 0 0 0 0 0 0 0 0 0 0 0 0 0 0 0 0 0 0 0 0 0 0 0 0 0 0 0 0 0 0 0 0 0 0 0 0 0 0 0 0 0 0 0 0 0 0 0 0 0 0 0 0 0 0 0 0 0 0 0 0 0 0 0 0 0 0 0 0 0 0 0 0 0 0 0 0 0 0 0 0 0 0 0 0 0 0 0 0 0 0 0 0 0 0 0 0 0 0 0 0 0 0 0 0 0 0 0 0 0 0 0 0 0 0 0 0 0 0 0 0 0 0 0 0 0 0 0 0 0 0 0 0 0 0 0 0 0 0 0 0 0 0 0 0 0 0 0 0 0 0 0 0 0 0 0 0 0 0 0 0 0 0 0 0 0 0 0 0 0 0 0 0 0 0 0 0 0 0 0 0 0 0 0 0 0 0 0 0 0 0 0 0 0 0 0 0 0 0 0 0 0 0 0 0 0 0 0 0 0 0 0 0 0 0 0 0 0 0 0 0 0 0 0 0 0 0 0 0 0 0 0 0 0 0 0 0 0 0 0 0 0 0 0 0 0 0 0 0 0 0 0 0 0 0 0 0 0 0 0 0 0 0 0 0 0 0 0 0 0 0 0 0 0 0 0 0 0 0 0 0 0 0 0 0 0 0 0 0 0 0 0 0 0 0 0 0 0 0 0 0 0 0 0 0 0 0 0 0 0 0 0 0 0 0 0 0 0 0 0 0 0 0 0 0 0 0 0 0 0 0 0 0 0 0 0 0 0 0 0 0 0 0 0 0 0 0 0 0 0 0 0 0 0 0 0 0 0 0 0 0 0 0 0 0 0 0 0 0 0 0 0 0 0 0 0 0 0 0 0 0 0 0 0 0 0 0 0 0 0 0 0 0 0 0 0 0 0 0 0 0 0 0 0 0 0 0 0 0 0 0 0 0 0 0 0 0 0 0 0 0 0 0 0 0 0 0 0 0 0 0 0 0 0 0 0 0 0 0 0 0 0 0 0 0 0 0 0 0 0 0 0 0 0 0 0 0 0 0 0 0 0 0 0 0 0 0 0 0 0 0 0 0 0 0 0 0 0 0 0 0 0 0 0 0 0 0 0 0 0 0 0 0 0 0 0 0 0 0 0 0 0 0 0 0 0 0 0 0 0 0 0 0 0 0 0 0 0 0 0 0 0 0 0 0 0 0 0 0 0 0 0 0 0 0 0 0 0 0 0 0 0 0 0 0 0 0 0 0 0 0 0 0 0 0 0 0 0 0 0 0 0 0 0 0 0 0 0 0 0 0 0 0 0 0 0 0 0 0 0 0 0 0 0 0 0 0 0 0 0 0 0 0 0 0 0 0 0 0 0 0 0 0 0 0 0 0 0 0 0 0 0 0 0 0 0 0 0 0 0 0 0 0 0 0 0 0 0 0 0 0 0 0 0 0 0 0 0 0 0 0 0 0 0 0 0 0 0 0 0 0 0 0 0 0 0 0 0 0 0 0 0 0 0 0 0 0 0 0 0 0 0 0 0 0 0 0 0 0 0 0 0 0 0 0 0 0 0 0 0 0 0 0 0 0 0 0 0 0 0 0 0 0 0 0 0 0 0 0 0 0 0 0 0 0 0 0 0 0 0 0 0 0 0 0 0 0 0 0 0 0 0 0 0 0 0 0 0 0 0 0 0 0 0 0 0 0 0 0 0 0 0 0 0 0 0 0 0 0 0 0 0 0 0 0 0 0 0 0 0 0 0 0 0 0 0 0 0 0 0 0 0 0 0 0 0 0 0 0 0 0 0 0 0 0 0 0 0 0 0 0 0 0 0 0 0 0 0 0 0 0 0 0 0 0 0 0 0 0 0 0 0 0 0 0 0 0 0 0 0 0 0 0 0 0 0 0 0 0 0 0 0 0 0 0 0 0 0 0 0 0 0 0 0 0 0 0 0 0 0 0 0 0 0 0 0 0 0 0 0 0 0 0 0 0 0 0 0 0 0 0 0 0 0 0 0 0 0 0 0 0 0 0 0 0 0 0 0 0 0 0 0 0 0 0 0 0 0 0 0 0 0 0 0 0 0 0 0 0 0 0 0 0 0 0 0 0 0 0 0 0 0 0 0 0 0 0 0 0 0 0 0 0 0 0 0 0 0 0 0 0 0 0 0 0 0 0 0 0 0 0 0 0 0 0 0 0 0 0 0 0 0 0 0 0 0 0 0 0 0 0 0 0 0 0 0 0 0 0 0 0 0 0 0 0 0 0 0 0 0 0 0 0 0 0 0 0 0 0 0 0 0 0 0 0 0 0 0 0 0 0 0 0 0 0 0 0 0 0 0 0 0 0 0 0 0 0 0 0 0 0 0 0 0 0 0 0 0 0 0 0 0 0 0 0 0 0 0 0 0 0 0 0 0 0 0 0 0 0 0 0 0 0 0 0 0 0 0 0 0 0 0 0 0 0 0 0 0 0 0 0 0 0 0 0 0 0 0 0 0 0 0 0 0 0 0 0 0 0 0 0 0 0 0 0 0 0 0 0 0 0 0 0 0 0 0 0 0 0 0 0 0 0 0 0 0 0 0 0 0 0 0 0 0 0 0 0 0 0 0 0 0 0 0 0 0 0 0 0 0 0 0 0 0 0 0 0 0 0 0 0 0 0 0 0 0 0 0 0 0 0 0 0 0 0 0 0 0 0 0 0 0 0 0 0 0 0 0 0 0 0 0 0 0 0 0 0 0 0 0 0 0 0 0 0 0 0 0 0 0 0 0 0 0 0 0 0 0 0 0 0 0 0 0 0 0 0 0 0 0 0 0 0 0 0 0 0 0 0 0 0 0 0 0 0 0 0 0 0 0 0 0 0 0 0 0 0 0 0 0 0 0 0 0 0 0 0 0 0 0 0 0 0 0 0 0 0 0 0 0 0 0 0 0 0 0 0 0 0 0 0 0 0 0 0 0 0 0 0 0 0 0 0 0 0 0 0 0 0 0 0 0 0 0 0 0 0 0 0 0 0 0 0 0 0 0 0 0 0 0 0 0 0 0 0 0 0 0 0 0 0 0 0 0 0 0 0 0 0 0 0 0 0 0 0 0 0 0 0 0 0 0 0 0 0 0 0 0 0 0 0 0 0 0 0 0 0 0 0 0 0 0 0 0 0 0 0 0 0 0 0 0 0 0 0 0 0 0 0 0 0 0 0 0 0 0 0 0 0 0 0 0 0 0 0 0 0 0 0 0 0 0 0 0 0 0 0 0 0 0 0 0 0 0 0 0 0 0 0 0 0 0 0 0 0 0 0 0 0 0 0 0 0 0 0 0 0 0 0 0 0 0 0 0 0 0 0 0 0 0 0 0 0 0 0 0 0 0 0 0 0 0 0 0 0 0 0 0 0 0 0 0 0 0 0 0 0 0 0 0 0 0 0 0 0 0 0 0 0 0 0 0 0 0 0 0 0 0 0 0 0 0 0 0 0 0 0 0 0 0 0 0 0 0 0 0 0 0 0 0 0 0 0 0 0 0 0 0 0 0 0 0 0 0 0 0 0 0 0 0 0 0 0 0 0 0 0 0 0 0 0 0 0 0 0 0 0 0 0 0 0 0 0 0 0 0 0 0 0 0 0 0 0 0 0 0 0 0 0 0 0 0 0 0 0 0 0 0 0 0 0 0 0 0 0 0 0 0 0 0 0 0 0 0 0 0 0 0 0 0 0 0 0 0 0 0 0 0 0 0 0 0 0 0 0 0 0 0 0 0 0 0 0 0 0 0 0 0 0 0 0 0 0 0 0 0 0 0 0 0 0 0 0 0 0 0 0 0 0 0 0 0 0 0 0 0 0 0 0 0 0 0 0 0 0 0 0 0 0 0 0 0 0 0 0 0 0 0 0 0 0 0 0 0 0 0 0 0 0 0 0 0 0 0 0 0 0 0 0 0 0 0 0 0 0 0 0 0 0 0 0 0 0 0 0 0 0 0 0 0 0 0 0 0 0 0 0 0 0 0 0 0 0 0 0 0 0 0 0 0 0 0 0 0 0 0 0 0 0 0 0 0 0 0 0 0 0 0 0 0 0 0 0 0 0 0 0 0 0 0 0 0 0 0 0 0 0 0 0 0 0 0 0 0 0 0 0 0 0 0 0 0 0 0 0 0 0 0 0 0 0 0 0 0 0 0 0 0 0 0 0 0 0 0 0 0 0 0 0 0 0 0 0 0 0 0 0 0 0 0 0 0 0 0 0 0 0 0 0 0 0 0 0 0 0 0 0 0 0 0 0 0 0 0 0 0 0 0 0 0 0 0 0 0 0 0 0 0 0 0 0 0 0 0 0 0 0 0 0 0 0 0 0 0 0 0 0 0 0 0 0 0 0 0 0 0 0 0 0 0 0 0 0 0 0 0 0 0 0 0 0 0 0 0 0 0 0 0 0 0 0 0 0 0 0 0 0 0 0 0 0 0 0 0 0 0 0 0 0 0 0 0 0 0 0 0 0 0 0 0 0 0 0 0 0 0 0 0 0 0 0 0 0 0 0 0 0 0 0 0 0 0 0 0 0 0 0 0 0 0 0 0 0 0 0 0 0 0 0 0 0 0 0 0 0 0 0 0 0 0 0 0 0 0 0 0 0 0 0 0 0 0 0 0 0 0 0 0 0 0 0 0 0 0 0 0 0 0 0 0 0 0 0 0 0 0 0 0 0 0 0 0 0 0 0 0 0 0 0 0 0 0 0 0 0 0 0 0 0 0 0 0 0 0 0 0 0 0 0 0 0 0 0 0 0 0 0 0 0 0 0 0 0 0 0 0 0 0 0 0 0 0 0 0 0 0 0 0 0 0 0 0 0 0 0 0 0 0 0 0 0 0 0 0 0 0 0 0 0 0 0 0 0 0 0 0 0 0 0 0 0 0 0 0 0 0 0 0 0 0 0 0 0 0 0 0 0 0 0 0 0 0 0 0 0 0 0 0 0 0 0 0 0 0 0 0 0 0 0 0 0 0 0 0 0 0 0 0 0 0 0 0 0 0 0 0 0 0 0 0 0 0 0 0 0 0 0 0 0 0 0 0 0 0 0 0 0 0 0 0 0 0 0 0 0 0 0 0 0 0 0 0 0 0 0 0 0 0 0 0 0 0 0 0 0 0 0 0 0 0 0 0 0 0 0 0 0 0 0 0 0 0 0 0 0 0 0 0 0 0 0 0 0 0 0 0 0 0 0 0 0 0 0 0 0 0 0 0 0 0 0 0 0 0 0 0 0 0 0 0 0 0 0 0 0 0 0 0 0 0 0 0 0 0 0 0 0 0 0 0 0 0 0 0 0 0 0 0 0 0 0 0 0 0 0 0 0 0 0 0 0 0 0 0 0 0 0 0 0 0 0 0 0 0 0 0 0 0 0 0 0 0 0 0 0 0 0 0 0 0 0 0 0 0 0 0 0 0 0 0 0 0 0 0 0 0 0 0 0 0 0 0 0 0 0 0 0 0 0 0 0 0 0 0 0 0 0 0 0 0 0 0 0 0 0 0 0 0 0 0 0 0 0 0 0 0 0 0 0 0 0 0 0 0 0 0 0 0 0 0 0 0 0 0 0 0 0 0 0 0 0 0 0 0 0 0 0 0 0 0 0 0 0 0 0 0 0 0 0 0 0 0 0 0 0 0 0 0 0 0 0 0 0 0 0 0 0 0 0 0 0 0 0 0 0 0 0 0 0 0 0 0 0 0 0 0 0 0 0 0 0 0 0 0 0 0 0 0 0 0 0 0 0 0 0 0 0 0 0 0 0 0 0 0 0 0 0 0 0 0 0 0 0 0 0 0 0 0 0 0 0 0 0 0 0 0 0 0 0 0 0 0 0 0 0 0 0 0 0 0 0 0 0 0 0 0 0 0 0 0 0 0 0 0 0 0 0 0 0 0 0 0 0 0 0 0 0 0 0 0 0 0 0 0 0 0 0 0 0 0 0 0 0 0 0 0 0 0 0 0 0 0 0 0 0 0 0 0 0 0 0 0 0 0 0 0 0 0 0 0 0 0 0 0 0 0 0 0 0 0 0 0 0 0 0 0 0 0 0 0 0 0 0 0 0 0 0 0 0 0 0 0 0 0 0 0 0 0 0 0 0 0 0 0 0 0 0 0 0 0 0 0 0 0 0 0 0 0 0 0 0 0 0 0 0 0 0 0 0 0 0 0 0 0 0 0 0 0 0 0 0 0 0 0 0 0 0 0 0 0 0 0 0 0 0 0 0 0 0 0 0 0 0 0 0 0 0 0 0 0 0 0 0 0 0 0 0 0 0 0 0 0 0 0 0 0 0 0 0 0 0 0 0 0 0 0 0 0 0 0 0 0 0 0 0 0 0 0 0 0 0 0 0 0 0 0 0 0 0 0 0 0 0 0 0 0 0 0 0 0 0 0 0 0 0 0 0 0 0 0 0 0 0 0 0 0 0 0 0 0 0 0 0 0 0 0 0 0 0 0 0 0 0 0 0 0 0 0 0 0 0 0 0 0 0 0 0 0 0 0 0 0 0 0 0 0 0 0 0 0 0 0 0 0 0 0 0 0 0 0 0 0 0 0 0 0 0 0 0 0 0 0 0 0 0 0 0 0 0 0 0 0 0 0 0 0 0 0 0 0 0 0 0 0 0 0 0 0 0 0 0 0 0 0 0 0 0 0 0 0 0 0 0 0 0 0 0 0 0 0 0 0 0 0 0 0 0 0 0 0 0 0 0 0 0 0 0 0 0 0 0 0 0 0 0 0 0 0 0 0 0 0 0 0 0 0 0 0 0 0 0 0 0 0 0 0 0 0 0 0 0 0 0 0 0 0 0 0 0 0 0 0 0 0 0 0 0 0 0 0 0 0 0 0 0 0 0 0 0 0 0 0 0 0 0 0 0 0 0 0 0 0 0 0 0 0 0 0 0 0 0 0 0 0 0 0 0 0 0 0 0 0 0 0 0 0 0 0 0 0 0 0 0 0 0 0 0 0 0 0 0 0 0 0 0 0 0 0 0 0 0 0 0 0 0 0 0 0 0 0 0 0 0 0 0 0 0 0 0 0 0 0 0 0 0 0 0 0 0 0 0 0 0 0 0 0 0 0 0 0 0 0 0 0 0 0 0 0 0 0 0 0 0 0 0 0 0 0 0 0 0 0 0 0 0 0 0 0 0 0 0 0 0 0 0 0 0 0 0 0 0 0 0 0 0 0 0 0 0 0 0 0 0 0 0 0 0 0 0 0 0 0 0 0 0 0 0 0 0 0 0 0 0 0 0 0 0 0 0 0 0 0 0 0 0 0 0 0 0 0 0 0 0 0 0 0 0 0 0 0 0 0 0 0 0 0 0 0 0 0 0 0 0 0 0 0 0 0 0 0 0 0 0 0 0 0 0 0 0 0 0 0 0 0 0 0 0 0 0 0 0 0 0 0 0 0 0 0 0 0 0 0 0 0 0 0 0 0 0 0 0 0 0 0 0 0 0 0 0 0 0 0 0 0 0 0 0 0 0 0 0 0 0 0 0 0 0 0 0</float_array>
          <technique_common>
            <accessor source="#toro_rarm-mesh-colors-Col-array" count="1512" stride="4">
              <param name="R" type="float"/>
              <param name="G" type="float"/>
              <param name="B" type="float"/>
              <param name="A" type="float"/>
            </accessor>
          </technique_common>
        </source>
        <vertices id="toro_rarm-mesh-vertices">
          <input semantic="POSITION" source="#toro_rarm-mesh-positions"/>
        </vertices>
        <triangles material="CH_toro_body_high-material" count="504">
          <input semantic="VERTEX" source="#toro_rarm-mesh-vertices" offset="0"/>
          <input semantic="NORMAL" source="#toro_rarm-mesh-normals" offset="1"/>
          <input semantic="TEXCOORD" source="#toro_rarm-mesh-map-0" offset="2" set="0"/>
          <input semantic="COLOR" source="#toro_rarm-mesh-colors-Col" offset="3" set="0"/>
          <p>2 0 0 0 1 1 1 1 0 2 2 2 1 1 3 3 3 3 4 4 0 2 5 5 3 3 6 6 4 4 7 7 0 2 8 8 4 4 9 9 5 5 10 10 0 2 11 11 6 6 12 12 2 0 13 13 0 2 14 14 7 7 15 15 6 6 16 16 0 2 17 17 8 8 18 18 7 7 19 19 0 2 20 20 9 9 21 21 8 8 22 22 0 2 23 23 10 10 24 24 9 9 25 25 0 2 26 26 10 10 27 27 0 2 28 28 5 5 29 29 2 0 30 30 11 11 31 31 1 1 32 32 7 7 33 33 12 12 34 34 6 6 35 35 8 8 36 36 9 9 37 37 13 13 38 38 14 14 39 39 13 13 40 40 9 9 41 41 14 14 42 42 15 15 43 43 13 13 44 44 16 16 45 45 13 13 46 46 15 15 47 47 15 15 48 48 17 17 49 49 16 16 50 50 18 18 51 51 16 16 52 52 17 17 53 53 18 18 54 54 17 17 55 55 19 19 56 56 20 20 57 57 19 19 58 58 17 17 59 59 19 19 60 60 20 20 61 61 21 21 62 62 22 22 63 63 21 21 64 64 20 20 65 65 21 21 66 66 22 22 67 67 23 23 68 68 24 24 69 69 23 23 70 70 22 22 71 71 10 10 72 72 25 25 73 73 9 9 74 74 25 25 75 75 10 10 76 76 26 26 77 77 20 20 78 78 27 27 79 79 22 22 80 80 28 28 81 81 22 22 82 82 27 27 83 83 22 22 84 84 28 28 85 85 24 24 86 86 28 28 87 87 27 27 88 88 29 29 89 89 29 29 90 90 30 30 91 91 28 28 92 92 31 31 93 93 28 28 94 94 30 30 95 95 31 31 96 96 24 24 97 97 28 28 98 98 32 32 99 99 29 29 100 100 27 27 101 101 27 27 102 102 20 20 103 103 33 33 104 104 27 27 105 105 33 33 106 106 32 32 107 107 17 17 108 108 33 33 109 109 20 20 110 110 34 34 111 111 32 32 112 112 33 33 113 113 32 32 114 114 34 34 115 115 35 35 116 116 36 36 117 117 35 35 118 118 34 34 119 119 33 33 120 120 37 37 121 121 34 34 122 122 33 33 123 123 17 17 124 124 37 37 125 125 38 38 126 126 34 34 127 127 37 37 128 128 34 34 129 129 38 38 130 130 36 36 131 131 37 37 132 132 39 39 133 133 38 38 134 134 40 40 135 135 38 38 136 136 39 39 137 137 37 37 138 138 15 15 139 139 39 39 140 140 15 15 141 141 37 37 142 142 17 17 143 143 14 14 144 144 39 39 145 145 15 15 146 146 40 40 147 147 25 25 148 148 38 38 149 149 40 40 150 150 9 9 151 151 25 25 152 152 9 9 153 153 39 39 154 154 14 14 155 155 40 40 156 156 39 39 157 157 9 9 158 158 41 41 159 159 38 38 160 160 25 25 161 161 41 41 162 162 36 36 163 163 38 38 164 164 35 35 165 165 42 42 166 166 32 32 167 167 29 29 168 168 32 32 169 169 42 42 170 170 42 42 171 171 43 43 172 172 29 29 173 173 30 30 174 174 29 29 175 175 43 43 176 176 36 36 177 177 44 44 178 178 35 35 179 179 45 45 180 180 35 35 181 181 44 44 182 182 44 44 183 183 46 46 184 184 45 45 185 185 47 47 186 186 45 45 187 187 46 46 188 188 45 45 189 189 47 47 190 190 48 48 191 191 48 48 192 192 42 42 193 193 45 45 194 194 42 42 195 195 48 48 196 196 43 43 197 197 49 49 198 198 48 48 199 199 47 47 200 200 48 48 201 201 49 49 202 202 50 50 203 203 50 50 204 204 43 43 205 205 48 48 206 206 51 51 207 207 50 50 208 208 49 49 209 209 46 46 210 210 44 44 211 211 52 52 212 212 53 53 213 213 52 52 214 214 44 44 215 215 26 26 216 216 52 52 217 217 53 53 218 218 53 53 219 219 41 41 220 220 26 26 221 221 35 35 222 222 45 45 223 223 42 42 224 224 47 47 225 225 54 54 226 226 49 49 227 227 55 55 228 228 49 49 229 229 54 54 230 230 49 49 231 231 55 55 232 232 51 51 233 233 54 54 234 234 56 56 235 235 55 55 236 236 56 56 237 237 54 54 238 238 57 57 239 239 57 57 240 240 58 58 241 241 56 56 242 242 59 59 243 243 56 56 244 244 58 58 245 245 56 56 246 246 59 59 247 247 60 60 248 248 60 60 249 249 55 55 250 250 56 56 251 251 61 61 252 252 60 60 253 253 59 59 254 254 58 58 255 255 57 57 256 256 62 62 257 257 63 63 258 258 62 62 259 259 57 57 260 260 60 60 261 261 61 61 262 262 64 64 263 263 65 65 264 264 64 64 265 265 61 61 266 266 65 65 267 267 66 66 268 268 64 64 269 269 67 67 270 270 64 64 271 271 66 66 272 272 67 67 273 273 66 66 274 274 68 68 275 275 69 69 276 276 68 68 277 277 66 66 278 278 70 70 279 279 57 57 280 280 54 54 281 281 57 57 282 282 70 70 283 283 63 63 284 284 64 64 285 285 71 71 286 286 60 60 287 287 55 55 288 288 60 60 289 289 71 71 290 290 71 71 291 291 64 64 292 292 72 72 293 293 67 67 294 294 72 72 295 295 64 64 296 296 68 68 297 297 73 73 298 298 67 67 299 299 72 72 300 300 67 67 301 301 73 73 302 302 73 73 303 303 68 68 304 304 74 74 305 305 75 75 306 306 74 74 307 307 68 68 308 308 68 68 309 309 69 69 310 310 75 75 311 311 76 76 312 312 75 75 313 313 69 69 314 314 75 75 315 315 76 76 316 316 77 77 317 317 78 78 318 318 77 77 319 319 76 76 320 320 77 77 321 321 78 78 322 322 79 79 323 323 80 80 324 324 79 79 325 325 78 78 326 326 77 77 327 327 81 81 328 328 75 75 329 329 74 74 330 330 75 75 331 331 81 81 332 332 79 79 333 333 82 82 334 334 77 77 335 335 81 81 336 336 77 77 337 337 82 82 338 338 79 79 339 339 83 83 340 340 82 82 341 341 84 84 342 342 82 82 343 343 83 83 344 344 72 72 345 345 85 85 346 346 71 71 347 347 51 51 348 348 71 71 349 349 85 85 350 350 86 86 351 351 81 81 352 352 82 82 353 353 81 81 354 354 86 86 355 355 74 74 356 356 82 82 357 357 87 87 358 358 86 86 359 359 82 82 360 360 84 84 361 361 87 87 362 362 88 88 363 363 86 86 364 364 87 87 365 365 86 86 366 366 88 88 367 367 89 89 368 368 90 90 369 369 89 89 370 370 88 88 371 371 89 89 372 372 90 90 373 373 91 91 374 374 92 92 375 375 91 91 376 376 90 90 377 377 91 91 378 378 92 92 379 379 85 85 380 380 93 93 381 381 85 85 382 382 92 92 383 383 93 93 384 384 94 94 385 385 85 85 386 386 85 85 387 387 94 94 388 388 51 51 389 389 93 93 390 390 95 95 391 391 94 94 392 392 96 96 393 393 94 94 394 394 95 95 395 395 95 95 396 396 97 97 397 397 96 96 398 398 97 97 399 399 95 95 400 400 98 98 401 401 99 99 402 402 98 98 403 403 95 95 404 404 92 92 405 405 99 99 406 406 93 93 407 407 95 95 408 408 93 93 409 409 99 99 410 410 100 100 411 411 96 96 412 412 97 97 413 413 97 97 414 414 101 101 415 415 100 100 416 416 102 102 417 417 100 100 418 418 101 101 419 419 98 98 420 420 99 99 421 421 103 103 422 422 103 103 423 423 104 104 424 424 98 98 425 425 105 105 426 426 98 98 427 427 104 104 428 428 101 101 429 429 97 97 430 430 105 105 431 431 98 98 432 432 105 105 433 433 97 97 434 434 101 101 435 435 105 105 436 436 106 106 437 437 107 107 438 438 106 106 439 439 105 105 440 440 105 105 441 441 104 104 442 442 107 107 443 443 104 104 444 444 103 103 445 445 108 108 446 446 109 109 447 447 108 108 448 448 103 103 449 449 108 108 450 450 109 109 451 451 110 110 452 452 108 108 453 453 110 110 454 454 111 111 455 455 112 112 456 456 111 111 457 457 110 110 458 458 113 113 459 459 110 110 460 460 109 109 461 461 113 113 462 462 114 114 463 463 110 110 464 464 115 115 465 465 107 107 466 466 104 104 467 467 104 104 468 468 108 108 469 469 115 115 470 470 111 111 471 471 115 115 472 472 108 108 473 473 115 115 474 474 111 111 475 475 116 116 476 476 117 117 477 477 116 116 478 478 111 111 479 479 117 117 480 480 111 111 481 481 118 118 482 482 112 112 483 483 118 118 484 484 111 111 485 485 113 113 486 486 109 109 487 487 87 87 488 488 119 119 489 489 87 87 490 490 109 109 491 491 106 106 492 492 107 107 493 493 120 120 494 494 121 121 495 495 120 120 496 496 107 107 497 497 116 116 498 498 121 121 499 499 115 115 500 500 107 107 501 501 115 115 502 502 121 121 503 503 119 119 504 504 109 109 505 505 122 122 506 506 103 103 507 507 122 122 508 508 109 109 509 509 122 122 510 510 103 103 511 511 99 99 512 512 87 87 513 513 119 119 514 514 88 88 515 515 123 123 516 516 117 117 517 517 118 118 518 518 117 117 519 519 123 123 520 520 116 116 521 521 118 118 522 522 124 124 523 523 123 123 524 524 125 125 525 525 123 123 526 526 124 124 527 527 123 123 528 528 125 125 529 529 126 126 530 530 126 126 531 531 116 116 532 532 123 123 533 533 116 116 534 534 126 126 535 535 121 121 536 536 127 127 537 537 126 126 538 538 125 125 539 539 126 126 540 540 127 127 541 541 128 128 542 542 121 121 543 543 128 128 544 544 120 120 545 545 128 128 546 546 121 121 547 547 126 126 548 548 129 129 549 549 128 128 550 550 127 127 551 551 128 128 552 552 129 129 553 553 130 130 554 554 130 130 555 555 120 120 556 556 128 128 557 557 131 131 558 558 130 130 559 559 129 129 560 560 129 129 561 561 132 132 562 562 131 131 563 563 133 133 564 564 131 131 565 565 132 132 566 566 132 132 567 567 134 134 568 568 133 133 569 569 135 135 570 570 133 133 571 571 134 134 572 572 133 133 573 573 135 135 574 574 136 136 575 575 133 133 576 576 136 136 577 577 131 131 578 578 137 137 579 579 136 136 580 580 135 135 581 581 136 136 582 582 137 137 583 583 138 138 584 584 139 139 585 585 138 138 586 586 137 137 587 587 138 138 588 588 139 139 589 589 140 140 590 590 141 141 591 591 140 140 592 592 139 139 593 593 140 140 594 594 141 141 595 595 142 142 596 596 143 143 597 597 142 142 598 598 141 141 599 599 143 143 600 600 144 144 601 601 142 142 602 602 145 145 603 603 142 142 604 604 144 144 605 605 134 134 606 606 132 132 607 607 146 146 608 608 147 147 609 609 146 146 610 610 132 132 611 611 146 146 612 612 147 147 613 613 148 148 614 614 149 149 615 615 148 148 616 616 147 147 617 617 148 148 618 618 149 149 619 619 150 150 620 620 124 124 621 621 150 150 622 622 149 149 623 623 141 141 624 624 151 151 625 625 143 143 626 626 152 152 627 627 143 143 628 628 151 151 629 629 139 139 630 630 153 153 631 631 141 141 632 632 151 151 633 633 141 141 634 634 153 153 635 635 153 153 636 636 139 139 637 637 154 154 638 638 137 137 639 639 154 154 640 640 139 139 641 641 154 154 642 642 137 137 643 643 155 155 644 644 135 135 645 645 155 155 646 646 137 137 647 647 155 155 648 648 135 135 649 649 156 156 650 650 134 134 651 651 156 156 652 652 135 135 653 653 146 146 654 654 157 157 655 655 134 134 656 656 156 156 657 657 134 134 658 658 157 157 659 659 148 148 660 660 158 158 661 661 146 146 662 662 157 157 663 663 146 146 664 664 158 158 665 665 150 150 666 666 159 159 667 667 148 148 668 668 158 158 669 669 148 148 670 670 159 159 671 671 150 150 672 672 160 160 673 673 159 159 674 674 161 161 675 675 159 159 676 676 160 160 677 677 155 155 678 678 162 162 679 679 154 154 680 680 163 163 681 681 154 154 682 682 162 162 683 683 162 162 684 684 164 164 685 685 163 163 686 686 165 165 687 687 163 163 688 688 164 164 689 689 164 164 690 690 162 162 691 691 166 166 692 692 167 167 693 693 166 166 694 694 162 162 695 695 163 163 696 696 165 165 697 697 168 168 698 698 169 169 699 699 168 168 700 700 165 165 701 701 166 166 702 702 167 167 703 703 170 170 704 704 171 171 705 705 170 170 706 706 167 167 707 707 170 170 708 708 171 171 709 709 172 172 710 710 173 173 711 711 172 172 712 712 171 171 713 713 172 172 714 714 173 173 715 715 174 174 716 716 168 168 717 717 169 169 718 718 175 175 719 719 176 176 720 720 175 175 721 721 169 169 722 722 175 175 723 723 176 176 724 724 177 177 725 725 178 178 726 726 177 177 727 727 176 176 728 728 177 177 729 729 178 178 730 730 179 179 731 731 180 180 732 732 179 179 733 733 178 178 734 734 180 180 735 735 11 11 736 736 179 179 737 737 177 177 738 738 152 152 739 739 175 175 740 740 151 151 741 741 175 175 742 742 152 152 743 743 175 175 744 744 151 151 745 745 168 168 746 746 176 176 747 747 181 181 748 748 178 178 749 749 182 182 750 750 178 178 751 751 181 181 752 752 178 178 753 753 182 182 754 754 180 180 755 755 181 181 756 756 183 183 757 757 182 182 758 758 183 183 759 759 181 181 760 760 184 184 761 761 185 185 762 762 184 184 763 763 181 181 764 764 181 181 765 765 176 176 766 766 185 185 767 767 186 186 768 768 182 182 769 769 183 183 770 770 184 184 771 771 185 185 772 772 187 187 773 773 188 188 774 774 187 187 775 775 185 185 776 776 187 187 777 777 188 188 778 778 189 189 779 779 190 190 780 780 189 189 781 781 188 188 782 782 189 189 783 783 190 190 784 784 191 191 785 785 192 192 786 786 191 191 787 787 190 190 788 788 191 191 789 789 192 192 790 790 193 193 791 791 194 194 792 792 193 193 793 793 192 192 794 794 193 193 795 795 194 194 796 796 195 195 797 797 196 196 798 798 195 195 799 799 194 194 800 800 174 174 801 801 195 195 802 802 196 196 803 803 186 186 804 804 197 197 805 805 182 182 806 806 188 188 807 807 165 165 808 808 190 190 809 809 164 164 810 810 190 190 811 811 165 165 812 812 190 190 813 813 164 164 814 814 192 192 815 815 186 186 816 816 58 58 817 817 197 197 818 818 58 58 819 819 186 186 820 820 59 59 821 821 183 183 822 822 59 59 823 823 186 186 824 824 59 59 825 825 183 183 826 826 61 61 827 827 184 184 828 828 61 61 829 829 183 183 830 830 62 62 831 831 197 197 832 832 58 58 833 833 195 195 834 834 78 78 835 835 193 193 836 836 76 76 837 837 193 193 838 838 78 78 839 839 174 174 840 840 196 196 841 841 172 172 842 842 172 172 843 843 196 196 844 844 170 170 845 845 194 194 846 846 170 170 847 847 196 196 848 848 61 61 849 849 184 184 850 850 65 65 851 851 187 187 852 852 65 65 853 853 184 184 854 854 65 65 855 855 187 187 856 856 66 66 857 857 189 189 858 858 66 66 859 859 187 187 860 860 66 66 861 861 189 189 862 862 69 69 863 863 191 191 864 864 69 69 865 865 189 189 866 866 69 69 867 867 191 191 868 868 76 76 869 869 170 170 870 870 194 194 871 871 166 166 872 872 192 192 873 873 166 166 874 874 194 194 875 875 166 166 876 876 192 192 877 877 164 164 878 878 193 193 879 879 76 76 880 880 191 191 881 881 62 62 882 882 63 63 883 883 198 198 884 884 199 199 885 885 198 198 886 886 63 63 887 887 63 63 888 888 200 200 889 889 199 199 890 890 201 201 891 891 199 199 892 892 200 200 893 893 200 200 894 894 63 63 895 895 70 70 896 896 198 198 897 897 199 199 898 898 3 3 899 899 4 4 900 900 3 3 901 901 199 199 902 902 4 4 903 903 199 199 904 904 201 201 905 905 4 4 906 906 201 201 907 907 5 5 908 908 5 5 909 909 201 201 910 910 26 26 911 911 200 200 912 912 52 52 913 913 201 201 914 914 26 26 915 915 201 201 916 916 52 52 917 917 70 70 918 918 46 46 919 919 200 200 920 920 52 52 921 921 200 200 922 922 46 46 923 923 46 46 924 924 70 70 925 925 47 47 926 926 54 54 927 927 47 47 928 928 70 70 929 929 10 10 930 930 5 5 931 931 26 26 932 932 3 3 933 933 202 202 934 934 198 198 935 935 1 1 936 936 202 202 937 937 3 3 938 938 1 1 939 939 11 11 940 940 202 202 941 941 202 202 942 942 11 11 943 943 203 203 944 944 203 203 945 945 197 197 946 946 202 202 947 947 203 203 948 948 182 182 949 949 197 197 950 950 203 203 951 951 180 180 952 952 182 182 953 953 180 180 954 954 203 203 955 955 11 11 956 956 197 197 957 957 62 62 958 958 202 202 959 959 198 198 960 960 202 202 961 961 62 62 962 962 25 25 963 963 26 26 964 964 41 41 965 965 41 41 966 966 53 53 967 967 36 36 968 968 44 44 969 969 36 36 970 970 53 53 971 971 2 0 972 972 204 204 973 973 11 11 974 974 204 204 975 975 2 0 976 976 205 205 977 977 205 205 978 978 144 144 979 979 204 204 980 980 206 206 981 981 204 204 982 982 144 144 983 983 144 144 984 984 205 205 985 985 145 145 986 986 12 12 987 987 145 145 988 988 205 205 989 989 144 144 990 990 143 143 991 991 206 206 992 992 152 152 993 993 206 206 994 994 143 143 995 995 6 6 996 996 205 205 997 997 2 0 998 998 12 12 999 999 205 205 1000 1000 6 6 1001 1001 12 12 1002 1002 207 207 1003 1003 145 145 1004 1004 208 208 1005 1005 145 145 1006 1006 207 207 1007 1007 207 207 1008 1008 209 209 1009 1009 208 208 1010 1010 209 209 1011 1011 210 210 1012 1012 208 208 1013 1013 211 211 1014 1014 208 208 1015 1015 210 210 1016 1016 211 211 1017 1017 210 210 1018 1018 212 212 1019 1019 213 213 1020 1020 212 212 1021 1021 210 210 1022 1022 212 212 1023 1023 213 213 1024 1024 214 214 1025 1025 215 215 1026 1026 214 214 1027 1027 213 213 1028 1028 214 214 1029 1029 215 215 1030 1030 216 216 1031 1031 217 217 1032 1032 216 216 1033 1033 215 215 1034 1034 212 212 1035 1035 140 140 1036 1036 211 211 1037 1037 142 142 1038 1038 211 211 1039 1039 140 140 1040 1040 211 211 1041 1041 142 142 1042 1042 208 208 1043 1043 214 214 1044 1044 138 138 1045 1045 212 212 1046 1046 140 140 1047 1047 212 212 1048 1048 138 138 1049 1049 210 210 1050 1050 18 18 1051 1051 213 213 1052 1052 19 19 1053 1053 213 213 1054 1054 18 18 1055 1055 213 213 1056 1056 19 19 1057 1057 215 215 1058 1058 21 21 1059 1059 215 215 1060 1060 19 19 1061 1061 215 215 1062 1062 21 21 1063 1063 217 217 1064 1064 145 145 1065 1065 208 208 1066 1066 142 142 1067 1067 216 216 1068 1068 136 136 1069 1069 214 214 1070 1070 138 138 1071 1071 214 214 1072 1072 136 136 1073 1073 216 216 1074 1074 131 131 1075 1075 136 136 1076 1076 131 131 1077 1077 216 216 1078 1078 218 218 1079 1079 219 219 1080 1080 218 218 1081 1081 216 216 1082 1082 216 216 1083 1083 217 217 1084 1084 219 219 1085 1085 217 217 1086 1086 23 23 1087 1087 219 219 1088 1088 23 23 1089 1089 217 217 1090 1090 21 21 1091 1091 220 220 1092 1092 219 219 1093 1093 23 23 1094 1094 23 23 1095 1095 24 24 1096 1096 220 220 1097 1097 221 221 1098 1098 220 220 1099 1099 24 24 1100 1100 24 24 1101 1101 31 31 1102 1102 221 221 1103 1103 222 222 1104 1104 221 221 1105 1105 31 31 1106 1106 222 222 1107 1107 31 31 1108 1108 223 223 1109 1109 30 30 1110 1110 223 223 1111 1111 31 31 1112 1112 223 223 1113 1113 30 30 1114 1114 224 224 1115 1115 43 43 1116 1116 224 224 1117 1117 30 30 1118 1118 224 224 1119 1119 43 43 1120 1120 225 225 1121 1121 50 50 1122 1122 225 225 1123 1123 43 43 1124 1124 221 221 1125 1125 226 226 1126 1126 220 220 1127 1127 227 227 1128 1128 220 220 1129 1129 226 226 1130 1130 220 220 1131 1131 227 227 1132 1132 219 219 1133 1133 219 219 1134 1134 227 227 1135 1135 218 218 1136 1136 226 226 1137 1137 228 228 1138 1138 227 227 1139 1139 229 229 1140 1140 227 227 1141 1141 228 228 1142 1142 228 228 1143 1143 226 226 1144 1144 230 230 1145 1145 231 231 1146 1146 230 230 1147 1147 226 226 1148 1148 226 226 1149 1149 221 221 1150 1150 231 231 1151 1151 222 222 1152 1152 231 231 1153 1153 221 221 1154 1154 230 230 1155 1155 231 231 1156 1156 232 232 1157 1157 233 233 1158 1158 232 232 1159 1159 231 231 1160 1160 223 223 1161 1161 233 233 1162 1162 222 222 1163 1163 231 231 1164 1164 222 222 1165 1165 233 233 1166 1166 232 232 1167 1167 233 233 1168 1168 234 234 1169 1169 235 235 1170 1170 234 234 1171 1171 233 233 1172 1172 233 233 1173 1173 223 223 1174 1174 235 235 1175 1175 224 224 1176 1176 235 235 1177 1177 223 223 1178 1178 235 235 1179 1179 225 225 1180 1180 234 234 1181 1181 235 235 1182 1182 224 224 1183 1183 225 225 1184 1184 232 232 1185 1185 100 100 1186 1186 230 230 1187 1187 102 102 1188 1188 230 230 1189 1189 100 100 1190 1190 230 230 1191 1191 102 102 1192 1192 228 228 1193 1193 228 228 1194 1194 236 236 1195 1195 229 229 1196 1196 236 236 1197 1197 228 228 1198 1198 102 102 1199 1199 102 102 1200 1200 101 101 1201 1201 236 236 1202 1202 106 106 1203 1203 236 236 1204 1204 101 101 1205 1205 236 236 1206 1206 106 106 1207 1207 237 237 1208 1208 237 237 1209 1209 229 229 1210 1210 236 236 1211 1211 120 120 1212 1212 237 237 1213 1213 106 106 1214 1214 237 237 1215 1215 120 120 1216 1216 218 218 1217 1217 218 218 1218 1218 229 229 1219 1219 237 237 1220 1220 130 130 1221 1221 218 218 1222 1222 120 120 1223 1223 100 100 1224 1224 232 232 1225 1225 96 96 1226 1226 234 234 1227 1227 96 96 1228 1228 232 232 1229 1229 96 96 1230 1230 234 234 1231 1231 94 94 1232 1232 218 218 1233 1233 130 130 1234 1234 131 131 1235 1235 94 94 1236 1236 234 234 1237 1237 225 225 1238 1238 225 225 1239 1239 51 51 1240 1240 94 94 1241 1241 225 225 1242 1242 50 50 1243 1243 51 51 1244 1244 71 71 1245 1245 51 51 1246 1246 55 55 1247 1247 229 229 1248 1248 218 218 1249 1249 227 227 1250 1250 239 238 1251 1251 238 239 1252 1252 83 83 1253 1253 240 240 1254 1254 83 83 1255 1255 238 239 1256 1256 240 240 1257 1257 238 239 1258 1258 241 241 1259 1259 238 239 1260 1260 242 242 1261 1261 241 241 1262 1262 238 239 1263 1263 239 238 1264 1264 242 242 1265 1265 242 242 1266 1266 243 243 1267 1267 241 241 1268 1268 244 244 1269 1269 243 243 1270 1270 242 242 1271 1271 243 243 1272 1272 244 244 1273 1273 245 245 1274 1274 160 160 1275 1275 245 245 1276 1276 244 244 1277 1277 246 246 1278 1278 244 244 1279 1279 242 242 1280 1280 244 244 1281 1281 246 246 1282 1282 160 160 1283 1283 241 241 1284 1284 243 243 1285 1285 247 247 1286 1286 248 248 1287 1287 241 241 1288 1288 247 247 1289 1289 243 243 1290 1290 249 249 1291 1291 247 247 1292 1292 249 249 1293 1293 243 243 1294 1294 250 250 1295 1295 245 245 1296 1296 250 250 1297 1297 243 243 1298 1298 247 247 1299 1299 114 114 1300 1300 248 248 1301 1301 251 251 1302 1302 248 248 1303 1303 114 114 1304 1304 248 248 1305 1305 251 251 1306 1306 241 241 1307 1307 246 246 1308 1308 242 242 1309 1309 161 161 1310 1310 161 161 1311 1311 160 160 1312 1312 246 246 1313 1313 252 252 1314 1314 161 161 1315 1315 242 242 1316 1316 245 245 1317 1317 160 160 1318 1318 124 124 1319 1319 150 150 1320 1320 124 124 1321 1321 160 160 1322 1322 114 114 1323 1323 247 247 1324 1324 253 253 1325 1325 247 247 1326 1326 249 249 1327 1327 253 253 1328 1328 250 250 1329 1329 253 253 1330 1330 249 249 1331 1331 253 253 1332 1332 250 250 1333 1333 112 112 1334 1334 118 118 1335 1335 112 112 1336 1336 250 250 1337 1337 124 124 1338 1338 118 118 1339 1339 245 245 1340 1340 250 250 1341 1341 245 245 1342 1342 118 118 1343 1343 114 114 1344 1344 113 113 1345 1345 251 251 1346 1346 87 87 1347 1347 251 251 1348 1348 113 113 1349 1349 251 251 1350 1350 87 87 1351 1351 84 84 1352 1352 84 84 1353 1353 241 241 1354 1354 251 251 1355 1355 241 241 1356 1356 84 84 1357 1357 240 240 1358 1358 83 83 1359 1359 240 240 1360 1360 84 84 1361 1361 252 252 1362 1362 174 174 1363 1363 161 161 1364 1364 174 174 1365 1365 252 252 1366 1366 80 80 1367 1367 239 238 1368 1368 80 80 1369 1369 252 252 1370 1370 80 80 1371 1371 239 238 1372 1372 79 79 1373 1373 83 83 1374 1374 79 79 1375 1375 239 238 1376 1376 252 252 1377 1377 242 242 1378 1378 239 238 1379 1379 174 174 1380 1380 80 80 1381 1381 195 195 1382 1382 78 78 1383 1383 195 195 1384 1384 80 80 1385 1385 159 159 1386 1386 161 161 1387 1387 174 174 1388 1388 173 173 1389 1389 159 159 1390 1390 174 174 1391 1391 173 173 1392 1392 158 158 1393 1393 159 159 1394 1394 158 158 1395 1395 173 173 1396 1396 157 157 1397 1397 171 171 1398 1398 157 157 1399 1399 173 173 1400 1400 157 157 1401 1401 171 171 1402 1402 156 156 1403 1403 167 167 1404 1404 156 156 1405 1405 171 171 1406 1406 156 156 1407 1407 167 167 1408 1408 155 155 1409 1409 162 162 1410 1410 155 155 1411 1411 167 167 1412 1412 8 8 1413 1413 207 207 1414 1414 7 7 1415 1415 8 8 1416 1416 13 13 1417 1417 207 207 1418 1418 207 207 1419 1419 13 13 1420 1420 209 209 1421 1421 16 16 1422 1422 209 209 1423 1423 13 13 1424 1424 209 209 1425 1425 16 16 1426 1426 210 210 1427 1427 18 18 1428 1428 210 210 1429 1429 16 16 1430 1430 12 12 1431 1431 7 7 1432 1432 207 207 1433 1433 149 149 1434 1434 125 125 1435 1435 124 124 1436 1436 125 125 1437 1437 149 149 1438 1438 127 127 1439 1439 147 147 1440 1440 127 127 1441 1441 149 149 1442 1442 127 127 1443 1443 147 147 1444 1444 129 129 1445 1445 132 132 1446 1446 129 129 1447 1447 147 147 1448 1448 91 91 1449 1449 73 73 1450 1450 89 89 1451 1451 74 74 1452 1452 89 89 1453 1453 73 73 1454 1454 89 89 1455 1455 74 74 1456 1456 86 86 1457 1457 73 73 1458 1458 91 91 1459 1459 72 72 1460 1460 85 85 1461 1461 72 72 1462 1462 91 91 1463 1463 90 90 1464 1464 122 122 1465 1465 92 92 1466 1466 99 99 1467 1467 92 92 1468 1468 122 122 1469 1469 122 122 1470 1470 90 90 1471 1471 119 119 1472 1472 88 88 1473 1473 119 119 1474 1474 90 90 1475 1475 154 154 1476 1476 163 163 1477 1477 153 153 1478 1478 168 168 1479 1479 153 153 1480 1480 163 163 1481 1481 153 153 1482 1482 168 168 1483 1483 151 151 1484 1484 185 185 1485 1485 169 169 1486 1486 188 188 1487 1487 165 165 1488 1488 188 188 1489 1489 169 169 1490 1490 169 169 1491 1491 185 185 1492 1492 176 176 1493 1493 152 152 1494 1494 177 177 1495 1495 206 206 1496 1496 179 179 1497 1497 206 206 1498 1498 177 177 1499 1499 206 206 1500 1500 179 179 1501 1501 204 204 1502 1502 11 11 1503 1503 204 204 1504 1504 179 179 1505 1505 114 114 1506 1506 253 253 1507 1507 110 110 1508 1508 253 253 1509 1509 112 112 1510 1510 110 110 1511 1511</p>
        </triangles>
      </mesh>
    </geometry>
    <geometry id="toro_larm-mesh" name="toro_larm">
      <mesh>
        <source id="toro_larm-mesh-positions">
          <float_array id="toro_larm-mesh-positions-array" count="762">0.2603129 -0.04063206 -4.74453e-5 0.257088 -0.04743063 -0.004447758 0.2566359 -0.04889452 -2.58982e-5 0.2570621 -0.04746508 0.00373286 0.2583495 -0.04395169 0.006260275 0.2594302 -0.04033929 0.006708025 0.2583624 -0.04402923 -0.006574749 0.2594345 -0.04033929 -0.006794333 0.2606142 -0.03676992 -0.004697501 0.2613118 -0.03466451 -4.3124e-5 0.2606142 -0.03676992 0.004611194 0.2520202 -0.05472862 -0.004012882 0.256046 -0.04290974 -0.01334315 0.2594646 -0.03220599 -0.009304463 0.2606056 -0.02865821 -0.003552198 0.2583323 -0.02252268 -0.005097925 0.2569975 -0.02652257 -0.01182758 0.2566832 -0.0209425 -0.005468189 0.2552968 -0.0252223 -0.01274466 0.2274266 -0.01501369 -0.01212036 0.2287613 -0.01082867 -0.005192637 0.1919226 -0.003999948 -0.01209878 0.192887 2.53946e-4 -0.005274415 0.1531893 0.008116006 -0.01194381 0.1516608 0.01313632 -0.005265831 0.2594603 -0.03214573 0.009192407 0.2578673 -0.03698092 0.01224076 0.2606142 -0.02865821 0.003603696 0.2290585 -0.009842693 2.02298e-4 0.19262 0.001369118 6.02007e-5 0.1929 2.53946e-4 0.005360364 0.1516866 0.01313203 0.005183875 0.1511312 0.01426869 4.23193e-6 0.2287743 -0.01082867 0.005562782 0.2570363 -0.01988333 0 0.2566962 -0.0209425 0.005579948 0.2274309 -0.01502233 0.01255935 0.2553054 -0.025218 0.01275742 0.2586595 -0.02173906 1.89364e-4 0.2582634 -0.02279824 0.005424976 0.2607735 -0.02819746 -4.3124e-5 0.2568684 -0.02697467 0.01207286 0.1532194 0.008090138 0.01195228 0.1919268 -0.004004299 0.01222354 0.2541085 -0.02890789 0.01602971 0.2262727 -0.0186907 0.01563787 0.2521968 -0.0348066 0.01942682 0.2240123 -0.02586382 0.01924598 0.1915006 -0.007909476 0.01533216 0.1905232 -0.01528066 0.01884126 0.1540978 0.00373286 0.01499634 0.1552388 -0.004460692 0.0185011 0.2538114 -0.03531467 0.01822555 0.2555078 -0.03070336 0.01545703 0.2220963 -0.03217154 0.01988321 0.189675 -0.02195435 0.01959043 0.2197152 -0.04027473 0.01791983 0.2477232 -0.0493983 0.01792412 0.2460914 -0.05552089 0.01342481 0.2175366 -0.04659533 0.0133602 0.1884781 -0.02998864 0.01791125 0.1876342 -0.03709286 0.01320952 0.2480634 -0.05523669 0.01305449 0.249523 -0.04947578 0.01705873 0.1569954 -0.01992207 0.01787251 0.1581192 -0.027543 0.01305449 0.103692 -0.01842373 0.01316648 0.1062667 -0.01092767 0.01791125 0.06919115 -0.01050144 0.0179069 0.06825685 -0.0170632 0.01333868 0.2502377 -0.04107987 0.02015018 0.1561128 -0.01160365 0.01936656 0.1089836 -0.004499435 0.01944833 0.07005661 -0.003444552 0.01932346 0.03468602 -0.003448843 0.01931488 0.03468602 -0.01050144 0.01790261 0.03468602 -0.01705455 0.01334297 -2.53946e-4 -0.01047563 0.01790261 -2.53946e-4 -0.01699429 0.01335591 -0.007823169 -0.009080588 0.01503509 -0.007823169 -0.01644748 0.009076118 -2.53946e-4 -0.003457486 0.01928472 -0.00782752 -1.12027e-4 0.01584023 -0.01288658 -0.007181823 0.01138824 -0.01288658 -4.38094e-6 0.01176714 0.1118597 0.002002 0.01875513 -2.53946e-4 0.003216207 0.01839774 -0.007711231 0.01083713 0.01139253 -2.53946e-4 0.01028168 0.01499634 0.03468602 0.003237724 0.01856136 0.03468602 0.01165086 0.01490163 0.07090479 0.003216207 0.01853126 0.07195109 0.01111268 0.01495331 0.1157391 0.01039797 0.01492744 0.1216292 0.009407639 0.01491451 0.1182665 0.01409649 0.01190924 0.1236571 0.01327842 0.01193076 0.1212417 0.01814371 0.00534749 0.07280361 0.01932346 0.005300104 0.072528 0.01494896 0.0119006 0.1269078 0.0172525 0.00528717 0.1219779 0.01872497 -4.38094e-6 0.1273169 0.01803177 0 0.03469467 0.01989614 0.00525707 0.03468602 0.02085626 -1.29938e-5 0.07322555 0.02027499 0 0.1212158 0.01814371 -0.005205571 0.07279497 0.01932346 -0.005252897 -2.53946e-4 0.01943975 0 -2.45333e-4 0.01848816 0.005222618 -0.007818877 0.01672291 3.00705e-5 -2.58267e-4 0.01848816 -0.005300283 -0.007909297 0.01592206 -0.004585564 -0.007905006 0.01592206 0.004533708 -0.01292532 0.01196521 0.002178549 0.03468173 0.01989614 -0.005295932 0.03468602 0.015513 -0.01192229 -2.53946e-4 0.01412659 -0.01186197 -0.007702648 0.01084572 -0.01134103 -2.49654e-4 0.01411366 0.01184463 0.1182191 0.01407927 -0.01190507 0.07252371 0.01494038 -0.01190507 0.03469032 0.01550871 0.01188337 -2.53946e-4 0.01028168 -0.01499646 -0.007814586 -1.2064e-4 -0.01591789 -2.53946e-4 0.003216207 -0.01840651 0.03468602 0.01165086 -0.01492762 0.03469032 0.003237724 -0.01860028 0.07195109 0.01111268 -0.01495343 0.07090914 0.003216207 -0.01854431 0.1157047 0.01036781 -0.01484578 0.1118727 0.002040743 -0.01840651 0.0700652 -0.003461778 -0.0194571 0.1089965 -0.004542469 -0.01928919 0.06919115 -0.01069086 -0.01824289 0.1062667 -0.01112145 -0.01824289 0.1561128 -0.01162087 -0.01949155 0.1569954 -0.02011156 -0.01827734 0.1896793 -0.02198451 -0.01965087 0.1884781 -0.03017807 -0.01824724 0.2221006 -0.03222322 -0.01974987 0.2197152 -0.04046416 -0.01824724 0.2502506 -0.04110568 -0.0202924 0.2477232 -0.04958772 -0.01825582 0.2496005 -0.04967814 -0.01745498 0.2518609 -0.04181611 -0.01892322 0.03468602 -0.01069086 -0.01824289 0.03469032 -0.003466069 -0.01946139 -2.53946e-4 -0.01066505 -0.01824289 -2.53946e-4 -0.003474712 -0.01941406 -0.007814586 -0.00929588 -0.01555621 0.2176658 -0.04624229 -0.01478981 0.2461474 -0.05540031 -0.01520746 0.1877633 -0.03664511 -0.01446259 0.1580547 -0.02748703 -0.01447123 -2.53946e-4 -0.01687371 -0.01450562 0.03468602 -0.01694691 -0.01448839 0.06827837 -0.01695126 -0.0144841 0.1037437 -0.01832044 -0.01436787 -0.007814586 -0.01628816 -0.01044547 -0.012878 -0.007612407 -0.01144003 -0.01288229 -0.01323121 -0.007470309 0.1026285 -0.02203184 -0.01008808 0.1585885 -0.03122431 -0.01030337 0.1021075 -0.0233795 -0.002858996 0.1590837 -0.0328691 -0.003078579 0.06790381 -0.02208781 -0.002828836 0.06790381 -0.0206713 -0.01005798 0.1873543 -0.03964608 -0.01004934 0.1875868 -0.04097652 -0.002837479 0.03468602 -0.02208352 -0.002828836 0.03468602 -0.0206713 -0.01005798 -2.53946e-4 -0.02203184 -0.002837479 -2.53946e-4 -0.02062821 -0.0100364 -0.007818877 -0.01968961 0 0.2171276 -0.04906678 -0.01004934 0.2171319 -0.05058234 -0.002837479 0.2453681 -0.05821621 -0.01004505 0.2449719 -0.06006759 -0.002833127 0.2474649 -0.05795782 -0.009377658 0.2468104 -0.05967581 -0.002854704 0.2171319 -0.05048763 0.002932012 0.2449719 -0.05997717 0.002923429 0.2171276 -0.04916149 0.008770406 0.1874102 -0.03955566 0.008766114 0.1875868 -0.04088181 0.00292772 0.2453681 -0.0583195 0.008727371 0.1586015 -0.03131908 0.008525013 0.1590707 -0.03277003 0.002665102 0.102607 -0.02212226 0.008736014 0.1021291 -0.02328908 0.002893269 0.06790381 -0.02076601 0.008770406 0.06790381 -0.0219931 0.002914786 0.03468602 -0.02076172 0.008770406 0.03468602 -0.0219931 0.002914786 -2.53946e-4 -0.02071863 0.00875318 -2.53946e-4 -0.02194142 0.002923429 0.2474262 -0.05787605 0.00770694 0.2468751 -0.059439 0.002893269 0.252003 -0.0547502 0.003349661 0.2534411 -0.05110764 0.009317219 0.2548534 -0.04676759 0.01207286 0.2517275 -0.04175585 0.01906514 0.2560116 -0.04288822 0.0130459 0.2535746 -0.05087512 -0.01050144 0.2548792 -0.04692685 -0.0126155 0.2481366 -0.05527979 -0.01458746 0.2578716 -0.03700244 -0.01234424 0.2539104 -0.03534048 -0.01798027 0.2557231 -0.03015226 -0.01520746 0.2541343 -0.02881747 -0.01598244 0.2522011 -0.0348066 -0.01946139 0.2240166 -0.02586382 -0.01887583 0.226277 -0.0186907 -0.01523762 0.1905275 -0.01528495 -0.01875096 0.1915006 -0.007909476 -0.01521176 0.1552345 -0.004460692 -0.01848834 0.1540806 0.00373286 -0.01496201 0.1214871 0.009394764 -0.01482856 0.1484789 0.004766225 -0.01494485 0.1478159 0.009140729 -0.01195675 0.1459645 0.01404047 -0.005270123 0.1458956 0.0150265 0 0.1459817 0.01404047 0.005179584 0.1478374 0.009119212 0.01195657 0.1485134 0.004761934 0.01497048 0.1425114 0.01462608 -0.005270123 0.1440916 0.00982964 -0.01196104 0.1303395 0.01667553 -0.005244314 0.1273599 0.01268422 -0.01194381 0.1306925 0.01748496 0 0.1425243 0.01556468 0 0.130361 0.01667553 0.005252778 0.1425329 0.01462173 0.005188167 0.1273815 0.01267993 0.01194363 0.1441131 0.009808063 0.01196086 0.126895 0.0172525 -0.00523138 0.1236141 0.01327407 -0.01193088 -0.01597803 -0.009050428 0.00430119 -0.01597803 -0.004434823 0.007013738 -0.01288658 -0.01335173 0.00672096 -0.01597803 0 0.006802797 -0.01597803 -0.0110827 0 -0.01597803 0 -0.006802916 -0.01597803 -0.004998862 -0.006626367 -0.012878 -1.29938e-5 -0.01181894 -0.01597803 -0.008981585 -0.004439175 -0.01597803 0.006906092 0 -0.01597803 0.004671514 -0.00469315 -0.01597803 0.004671514 0.004693031 -0.01282203 0.008150398 -0.008042931 -0.01283061 0.008141815 0.008051395 -0.01288229 -0.01628816 -8.70228e-6 -0.01292967 0.01196521 -0.002217471</float_array>
          <technique_common>
            <accessor source="#toro_larm-mesh-positions-array" count="254" stride="3">
              <param name="X" type="float"/>
              <param name="Y" type="float"/>
              <param name="Z" type="float"/>
            </accessor>
          </technique_common>
        </source>
        <source id="toro_larm-mesh-normals">
          <float_array id="toro_larm-mesh-normals-array" count="762">0.8547621 -0.5190199 -1.3398e-5 0.8662 -0.4741606 -0.1577003 0.9584062 -0.2854078 4.64683e-6 0.8661981 -0.4820029 0.1318113 0.8975516 -0.3800788 0.2234753 0.9367611 -0.231099 0.2628152 0.9054007 -0.3643833 -0.217886 0.9367691 -0.223251 -0.2694863 0.9759721 -0.0899744 -0.1984516 0.9993833 -0.03511714 5.94431e-6 0.9759711 -0.08997392 0.198457 0.7407435 -0.6623359 -0.112295 0.8270079 -0.2546244 -0.5012229 0.9289254 0.07470101 -0.3626532 0.9681337 0.1766237 -0.1775422 0.8269938 0.4981043 -0.2607172 0.7878093 0.3647862 -0.4962739 0.5133562 0.7803748 -0.3570443 0.4663249 0.6157246 -0.6351571 0.2310957 0.709811 -0.6654046 0.2938422 0.8823751 -0.3675202 0.2232453 0.7098112 -0.668079 0.2781212 0.8901371 -0.3609773 0.1762082 0.7019757 -0.6900587 0.2154188 0.9058356 -0.3647693 0.9210941 0.07468879 0.3821091 0.8740512 -0.09002667 0.4774199 0.9681286 0.1844733 0.1694015 0.3173362 0.9450332 0.07880389 0.2938116 0.9528751 0.07552355 0.2703132 0.8901438 0.3668447 0.2075579 0.9058376 0.3692938 0.2154135 0.9763962 0.01573902 0.2938037 0.8822948 0.3677437 0.5604041 0.8274231 -0.0363112 0.5368873 0.7646839 0.3563857 0.2311297 0.7098143 0.6653893 0.4976812 0.5922078 0.6337219 0.8583593 0.5059449 0.08508288 0.8426796 0.4589048 0.2815985 0.9759712 0.215834 0.02992981 0.8034947 0.30989 0.5082957 0.176205 0.7097845 0.6820248 0.2154088 0.7098053 0.6706531 0.4349724 0.4353603 0.7882007 0.1605232 0.5137788 0.8427714 0.3565409 0.1766384 0.9174298 0.07426559 0.2628602 0.9619715 0.1526875 0.5137992 0.8442139 0.07424128 0.2629246 0.9619559 0.1212959 0.4981388 0.8585716 0.06639289 0.2707374 0.960361 0.7093916 0.01196783 0.7047129 0.7642542 0.1766713 0.6202443 -0.02765929 -0.05867511 0.9978939 -0.01988106 -0.04295933 0.9988791 -0.1217426 -0.380065 0.916913 0.1056261 -0.4505994 0.8864555 0.003774583 -0.7564358 0.6540572 -0.2237474 -0.7015329 0.6766008 -0.1217325 -0.3644233 0.9232426 -0.2314909 -0.701559 0.6739636 0.4663069 -0.7172163 0.5178406 0.544732 -0.474167 0.6916883 -0.08252531 -0.3643995 0.9275789 -0.1609501 -0.6623371 0.7317135 -0.0589984 -0.6466579 0.7604951 -0.03550356 -0.3722111 0.9274689 -0.004156708 -0.3879479 0.9216721 -0.01195704 -0.678139 0.7348364 0.2389748 -0.1370095 0.9613114 -0.004133343 -0.01938933 0.9998036 -0.01195007 -0.05076831 0.998639 -0.004151582 -0.04292929 0.9990695 -0.004151165 -0.04291671 0.9990701 -0.004142463 -0.395758 0.9183455 -0.004131197 -0.6780208 0.7350311 -0.2079688 -0.3722339 0.9045392 -0.2001674 -0.6623572 0.7219529 -0.505947 -0.3095028 0.8051247 -0.5137824 -0.6937046 0.5047789 -0.2158278 -0.04290056 0.9754886 -0.5137854 0.1217377 0.8492377 -0.7333527 -0.2311629 0.6393415 -0.7255078 0.1296018 0.6759008 0.01940768 0.262865 0.9646374 -0.200151 0.2863854 0.9369754 -0.4980819 0.5451796 0.6743098 -0.1844695 0.5216227 0.8329951 -0.00413382 0.2628861 0.9648181 -0.004129469 0.513787 0.8579079 0.003697276 0.2706936 0.9626585 0.01154732 0.5216284 0.8530948 0.04284781 0.5137925 0.8568439 0.0820862 0.490244 0.8677113 0.06643658 0.7333315 0.6766175 0.1134972 0.7098 0.6951995 0.08995658 0.9371854 0.3370332 0.01936835 0.9293403 0.3687159 0.01154661 0.7333194 0.6797863 0.1526919 0.9215137 0.3570681 0.0899564 0.9920783 -0.08768439 0.144497 0.9895052 -5.01221e-5 -0.01197457 0.929342 0.3690258 -0.01197582 0.9999192 0.004278779 0.01937258 0.9998124 1.4869e-5 0.08991634 0.9371826 -0.3370519 0.01935482 0.929332 -0.3687378 -0.1842333 0.9828826 4.48991e-6 -0.1844663 0.9058235 0.3813869 -0.498104 0.8666262 0.02918213 -0.192308 0.9058352 -0.3774656 -0.4902586 0.7960554 -0.3548836 -0.4902629 0.7960557 0.3548768 -0.7725564 0.607853 0.1834977 -0.01196742 0.9293325 -0.36905 -0.0119723 0.7333322 -0.6797651 -0.1923193 0.7333414 -0.6520918 -0.4902708 0.5451492 -0.6800346 -0.1922886 0.7333419 0.6521003 0.06644183 0.7333366 -0.6766113 0.01155245 0.7411534 -0.6712363 -0.01197528 0.7333292 0.6797683 -0.2001426 0.5059685 -0.8390107 -0.5137503 0.1531207 -0.8441652 -0.2080024 0.294252 -0.9328188 -0.004158496 0.5137739 -0.8579156 -0.004116296 0.270708 -0.9626528 0.01153403 0.5216261 -0.8530963 0.003722906 0.2785429 -0.9604166 0.04298228 0.4981029 -0.866052 0.01945281 0.2628724 -0.9646345 0.003713428 -0.01153963 -0.9999266 -0.004113137 -0.003733754 -0.9999846 -0.004119575 -0.3486835 -0.9372315 -0.02766871 -0.3016654 -0.9530124 -0.004113972 0.0041368 -0.9999831 -0.07469785 -0.3016686 -0.9504821 -0.004134058 -0.01938843 -0.9998035 -0.106061 -0.3251911 -0.9396818 -0.01983249 -0.01940029 -0.9996152 -0.113914 -0.3251901 -0.9387625 0.2781643 -0.1212894 -0.952845 0.1134364 -0.3800719 -0.9179747 0.5447129 -0.4192689 -0.726293 0.6701844 -0.2232606 -0.7078189 0.003671407 -0.3486837 -0.9372333 0.003657698 -0.01938706 -0.9998054 -0.1922904 -0.3486945 -0.9172986 -0.1923573 -0.003744065 -0.9813178 -0.5216355 -0.293824 -0.8009769 -0.2158572 -0.6622934 -0.717477 0.00369662 -0.7093954 -0.704801 -0.2001618 -0.6544915 -0.7290928 -0.1452719 -0.6152861 -0.7748026 -0.2158 -0.6231586 -0.7517338 -0.004098773 -0.646678 -0.7627521 -0.0119217 -0.646643 -0.7626997 -0.06686985 -0.6074492 -0.791539 -0.5372834 -0.6701756 -0.5120462 -0.7568404 -0.2153962 -0.6170876 -0.7411664 -0.5368888 -0.4030172 -0.09038364 -0.8897072 -0.4474953 -0.2080049 -0.8740355 -0.4390853 -0.0982201 -0.9916532 -0.08352661 -0.2236758 -0.968132 -0.1126477 -0.01981806 -0.9994923 -0.02495205 -0.0198158 -0.8975618 -0.4404433 -0.2707117 -0.8897113 -0.367599 -0.2864031 -0.9524459 -0.1040201 -0.004133164 -0.9994934 -0.03155678 -0.004136502 -0.9054055 -0.4245279 -0.1687914 -0.9838109 -0.06021428 -0.208009 -0.8818747 -0.4231185 -0.4824203 -0.8740428 0.05761849 -0.2864052 -0.8897177 -0.3554919 -0.3099235 -0.9446065 -0.1080093 -0.04333782 -0.9289253 -0.3677222 -0.05901002 -0.9916529 -0.1146407 0.4663046 -0.8426844 -0.2691525 0.4506436 -0.8897185 -0.0729478 -0.3099158 -0.944612 0.1079838 -0.02765703 -0.9916504 0.1259549 -0.2863894 -0.8897255 0.3554853 -0.2785643 -0.8975592 0.3417447 -0.2942473 -0.9524478 0.07913202 0.0350703 -0.9132503 0.4058867 -0.2001539 -0.8818727 0.4268946 -0.2236764 -0.9681298 0.112667 -0.09038001 -0.8897241 0.4474624 -0.09822475 -0.9916501 0.08355802 -0.0198096 -0.9053961 0.4241057 -0.01981532 -0.991654 0.1273955 -0.004143655 -0.9054099 0.4245183 -0.004136264 -0.9916513 0.1288822 -0.2001526 -0.8818789 0.4268823 -0.16095 -0.9759708 0.1468886 0.5133547 -0.8113197 0.2796916 0.4741563 -0.8740391 0.1059787 0.7329086 -0.6701768 0.117082 0.7721145 -0.5604075 0.2996376 0.7956224 -0.427116 0.429601 0.6309778 -0.246778 0.735505 0.8191694 -0.2859739 0.4971727 0.779961 -0.5368872 -0.3215792 0.8034554 -0.3957629 -0.4447823 0.4898394 -0.6780182 -0.5480408 0.874033 -0.09779119 -0.4759235 0.7328885 -0.003686845 -0.6803387 0.7328981 0.2001566 -0.650229 0.40359 0.4432195 -0.8004196 0.380065 0.1844614 -0.90638 0.08206951 0.2785512 -0.9569085 0.1604927 0.5138016 -0.8427634 0.08211416 0.2785574 -0.9569029 0.1526998 0.5137665 -0.8442316 0.06640893 0.2785984 -0.958109 0.1213511 0.49815 -0.8585572 0.07440757 0.4747225 -0.8769847 0.082156 0.4902452 -0.8677039 0.1291743 0.7020047 -0.7003595 0.1448386 0.9136705 -0.3797739 0.1520628 0.9883709 2.04635e-5 0.152665 0.91367 0.3766969 0.1291579 0.7098135 0.6924472 0.08995944 0.4902642 0.866919 0.1526786 0.9136651 -0.3767034 0.1213063 0.7019475 -0.7018222 0.1526822 0.9215179 -0.3570617 0.1134744 0.7019622 -0.7031164 0.1605182 0.9842371 -0.07423841 0.1605209 0.9842385 -0.07421433 0.1526886 0.9136795 0.3766644 0.1526772 0.9136657 0.3767026 0.1134834 0.7098087 0.6951929 0.1213293 0.7098053 0.6938701 0.144822 0.9215301 -0.3602901 0.1056421 0.7097967 -0.6964398 -0.9450361 -0.06643599 0.3201453 -0.9450336 -0.2389323 0.2232105 -0.7255264 -0.5447251 0.4205781 -0.9528724 0.08254235 0.2919264 -0.9450342 -0.3251809 0.03417336 -0.9450339 0.0747013 -0.3183251 -0.9528743 -0.06643468 -0.2960022 -0.7333103 0.1295269 -0.667442 -0.9528849 -0.2232208 -0.2053852 -0.9528753 0.3020837 0.02782559 -0.9450299 0.2158355 -0.2456291 -0.9450302 0.2158365 0.2456272 -0.7411696 0.4353763 -0.5109943 -0.7411701 0.4353737 0.5109958 -0.7073168 -0.7068967 -8.7535e-6 -0.7725359 0.6078767 -0.1835058</float_array>
          <technique_common>
            <accessor source="#toro_larm-mesh-normals-array" count="254" stride="3">
              <param name="X" type="float"/>
              <param name="Y" type="float"/>
              <param name="Z" type="float"/>
            </accessor>
          </technique_common>
        </source>
        <source id="toro_larm-mesh-map-0">
          <float_array id="toro_larm-mesh-map-0-array" count="3024">0 0 0 0 0 0 0 0 0 0 0 0 0 0 0 0 0 0 0 0 0 0 0 0 0 0 0 0 0 0 0 0 0 0 0 0 0 0 0 0 0 0 0 0 0 0 0 0 0 0 0 0 0 0 0 0 0 0 0 0 0 0 0 0 0 0 0 0 0 0 0 0 0 0 0 0 0 0 0 0 0 0 0 0 0 0 0 0 0 0 0 0 0 0 0 0 0 0 0 0 0 0 0 0 0 0 0 0 0 0 0 0 0 0 0 0 0 0 0 0 0 0 0 0 0 0 0 0 0 0 0 0 0 0 0 0 0 0 0 0 0 0 0 0 0 0 0 0 0 0 0 0 0 0 0 0 0 0 0 0 0 0 0 0 0 0 0 0 0 0 0 0 0 0 0 0 0 0 0 0 0 0 0 0 0 0 0 0 0 0 0 0 0 0 0 0 0 0 0 0 0 0 0 0 0 0 0 0 0 0 0 0 0 0 0 0 0 0 0 0 0 0 0 0 0 0 0 0 0 0 0 0 0 0 0 0 0 0 0 0 0 0 0 0 0 0 0 0 0 0 0 0 0 0 0 0 0 0 0 0 0 0 0 0 0 0 0 0 0 0 0 0 0 0 0 0 0 0 0 0 0 0 0 0 0 0 0 0 0 0 0 0 0 0 0 0 0 0 0 0 0 0 0 0 0 0 0 0 0 0 0 0 0 0 0 0 0 0 0 0 0 0 0 0 0 0 0 0 0 0 0 0 0 0 0 0 0 0 0 0 0 0 0 0 0 0 0 0 0 0 0 0 0 0 0 0 0 0 0 0 0 0 0 0 0 0 0 0 0 0 0 0 0 0 0 0 0 0 0 0 0 0 0 0 0 0 0 0 0 0 0 0 0 0 0 0 0 0 0 0 0 0 0 0 0 0 0 0 0 0 0 0 0 0 0 0 0 0 0 0 0 0 0 0 0 0 0 0 0 0 0 0 0 0 0 0 0 0 0 0 0 0 0 0 0 0 0 0 0 0 0 0 0 0 0 0 0 0 0 0 0 0 0 0 0 0 0 0 0 0 0 0 0 0 0 0 0 0 0 0 0 0 0 0 0 0 0 0 0 0 0 0 0 0 0 0 0 0 0 0 0 0 0 0 0 0 0 0 0 0 0 0 0 0 0 0 0 0 0 0 0 0 0 0 0 0 0 0 0 0 0 0 0 0 0 0 0 0 0 0 0 0 0 0 0 0 0 0 0 0 0 0 0 0 0 0 0 0 0 0 0 0 0 0 0 0 0 0 0 0 0 0 0 0 0 0 0 0 0 0 0 0 0 0 0 0 0 0 0 0 0 0 0 0 0 0 0 0 0 0 0 0 0 0 0 0 0 0 0 0 0 0 0 0 0 0 0 0 0 0 0 0 0 0 0 0 0 0 0 0 0 0 0 0 0 0 0 0 0 0 0 0 0 0 0 0 0 0 0 0 0 0 0 0 0 0 0 0 0 0 0 0 0 0 0 0 0 0 0 0 0 0 0 0 0 0 0 0 0 0 0 0 0 0 0 0 0 0 0 0 0 0 0 0 0 0 0 0 0 0 0 0 0 0 0 0 0 0 0 0 0 0 0 0 0 0 0 0 0 0 0 0 0 0 0 0 0 0 0 0 0 0 0 0 0 0 0 0 0 0 0 0 0 0 0 0 0 0 0 0 0 0 0 0 0 0 0 0 0 0 0 0 0 0 0 0 0 0 0 0 0 0 0 0 0 0 0 0 0 0 0 0 0 0 0 0 0 0 0 0 0 0 0 0 0 0 0 0 0 0 0 0 0 0 0 0 0 0 0 0 0 0 0 0 0 0 0 0 0 0 0 0 0 0 0 0 0 0 0 0 0 0 0 0 0 0 0 0 0 0 0 0 0 0 0 0 0 0 0 0 0 0 0 0 0 0 0 0 0 0 0 0 0 0 0 0 0 0 0 0 0 0 0 0 0 0 0 0 0 0 0 0 0 0 0 0 0 0 0 0 0 0 0 0 0 0 0 0 0 0 0 0 0 0 0 0 0 0 0 0 0 0 0 0 0 0 0 0 0 0 0 0 0 0 0 0 0 0 0 0 0 0 0 0 0 0 0 0 0 0 0 0 0 0 0 0 0 0 0 0 0 0 0 0 0 0 0 0 0 0 0 0 0 0 0 0 0 0 0 0 0 0 0 0 0 0 0 0 0 0 0 0 0 0 0 0 0 0 0 0 0 0 0 0 0 0 0 0 0 0 0 0 0 0 0 0 0 0 0 0 0 0 0 0 0 0 0 0 0 0 0 0 0 0 0 0 0 0 0 0 0 0 0 0 0 0 0 0 0 0 0 0 0 0 0 0 0 0 0 0 0 0 0 0 0 0 0 0 0 0 0 0 0 0 0 0 0 0 0 0 0 0 0 0 0 0 0 0 0 0 0 0 0 0 0 0 0 0 0 0 0 0 0 0 0 0 0 0 0 0 0 0 0 0 0 0 0 0 0 0 0 0 0 0 0 0 0 0 0 0 0 0 0 0 0 0 0 0 0 0 0 0 0 0 0 0 0 0 0 0 0 0 0 0 0 0 0 0 0 0 0 0 0 0 0 0 0 0 0 0 0 0 0 0 0 0 0 0 0 0 0 0 0 0 0 0 0 0 0 0 0 0 0 0 0 0 0 0 0 0 0 0 0 0 0 0 0 0 0 0 0 0 0 0 0 0 0 0 0 0 0 0 0 0 0 0 0 0 0 0 0 0 0 0 0 0 0 0 0 0 0 0 0 0 0 0 0 0 0 0 0 0 0 0 0 0 0 0 0 0 0 0 0 0 0 0 0 0 0 0 0 0 0 0 0 0 0 0 0 0 0 0 0 0 0 0 0 0 0 0 0 0 0 0 0 0 0 0 0 0 0 0 0 0 0 0 0 0 0 0 0 0 0 0 0 0 0 0 0 0 0 0 0 0 0 0 0 0 0 0 0 0 0 0 0 0 0 0 0 0 0 0 0 0 0 0 0 0 0 0 0 0 0 0 0 0 0 0 0 0 0 0 0 0 0 0 0 0 0 0 0 0 0 0 0 0 0 0 0 0 0 0 0 0 0 0 0 0 0 0 0 0 0 0 0 0 0 0 0 0 0 0 0 0 0 0 0 0 0 0 0 0 0 0 0 0 0 0 0 0 0 0 0 0 0 0 0 0 0 0 0 0 0 0 0 0 0 0 0 0 0 0 0 0 0 0 0 0 0 0 0 0 0 0 0 0 0 0 0 0 0 0 0 0 0 0 0 0 0 0 0 0 0 0 0 0 0 0 0 0 0 0 0 0 0 0 0 0 0 0 0 0 0 0 0 0 0 0 0 0 0 0 0 0 0 0 0 0 0 0 0 0 0 0 0 0 0 0 0 0 0 0 0 0 0 0 0 0 0 0 0 0 0 0 0 0 0 0 0 0 0 0 0 0 0 0 0 0 0 0 0 0 0 0 0 0 0 0 0 0 0 0 0 0 0 0 0 0 0 0 0 0 0 0 0 0 0 0 0 0 0 0 0 0 0 0 0 0 0 0 0 0 0 0 0 0 0 0 0 0 0 0 0 0 0 0 0 0 0 0 0 0 0 0 0 0 0 0 0 0 0 0 0 0 0 0 0 0 0 0 0 0 0 0 0 0 0 0 0 0 0 0 0 0 0 0 0 0 0 0 0 0 0 0 0 0 0 0 0 0 0 0 0 0 0 0 0 0 0 0 0 0 0 0 0 0 0 0 0 0 0 0 0 0 0 0 0 0 0 0 0 0 0 0 0 0 0 0 0 0 0 0 0 0 0 0 0 0 0 0 0 0 0 0 0 0 0 0 0 0 0 0 0 0 0 0 0 0 0 0 0 0 0 0 0 0 0 0 0 0 0 0 0 0 0 0 0 0 0 0 0 0 0 0 0 0 0 0 0 0 0 0 0 0 0 0 0 0 0 0 0 0 0 0 0 0 0 0 0 0 0 0 0 0 0 0 0 0 0 0 0 0 0 0 0 0 0 0 0 0 0 0 0 0 0 0 0 0 0 0 0 0 0 0 0 0 0 0 0 0 0 0 0 0 0 0 0 0 0 0 0 0 0 0 0 0 0 0 0 0 0 0 0 0 0 0 0 0 0 0 0 0 0 0 0 0 0 0 0 0 0 0 0 0 0 0 0 0 0 0 0 0 0 0 0 0 0 0 0 0 0 0 0 0 0 0 0 0 0 0 0 0 0 0 0 0 0 0 0 0 0 0 0 0 0 0 0 0 0 0 0 0 0 0 0 0 0 0 0 0 0 0 0 0 0 0 0 0 0 0 0 0 0 0 0 0 0 0 0 0 0 0 0 0 0 0 0 0 0 0 0 0 0 0 0 0 0 0 0 0 0 0 0 0 0 0 0 0 0 0 0 0 0 0 0 0 0 0 0 0 0 0 0 0 0 0 0 0 0 0 0 0 0 0 0 0 0 0 0 0 0 0 0 0 0 0 0 0 0 0 0 0 0 0 0 0 0 0 0 0 0 0 0 0 0 0 0 0 0 0 0 0 0 0 0 0 0 0 0 0 0 0 0 0 0 0 0 0 0 0 0 0 0 0 0 0 0 0 0 0 0 0 0 0 0 0 0 0 0 0 0 0 0 0 0 0 0 0 0 0 0 0 0 0 0 0 0 0 0 0 0 0 0 0 0 0 0 0 0 0 0 0 0 0 0 0 0 0 0 0 0 0 0 0 0 0 0 0 0 0 0 0 0 0 0 0 0 0 0 0 0 0 0 0 0 0 0 0 0 0 0 0 0 0 0 0 0 0 0 0 0 0 0 0 0 0 0 0 0 0 0 0 0 0 0 0 0 0 0 0 0 0 0 0 0 0 0 0 0 0 0 0 0 0 0 0 0 0 0 0 0 0 0 0 0 0 0 0 0 0 0 0 0 0 0 0 0 0 0 0 0 0 0 0 0 0 0 0 0 0 0 0 0 0 0 0 0 0 0 0 0 0 0 0 0 0 0 0 0 0 0 0 0 0 0 0 0 0 0 0 0 0 0 0 0 0 0 0 0 0 0 0 0 0 0 0 0 0 0 0 0 0 0 0 0 0 0 0 0 0 0 0 0 0 0 0 0 0 0 0 0 0 0 0 0 0 0 0 0 0 0 0 0 0 0 0 0 0 0 0 0 0 0 0 0 0 0 0 0 0 0 0 0 0 0 0 0 0 0 0 0 0 0 0 0 0 0 0 0 0 0 0 0 0 0 0 0 0 0 0 0 0 0 0 0 0 0 0 0 0 0 0 0 0 0 0 0 0 0 0 0 0 0 0 0 0 0 0 0 0 0 0 0 0 0 0 0 0 0 0 0 0 0 0 0 0 0 0 0 0 0 0 0 0 0 0 0 0 0 0 0 0 0 0 0 0 0 0 0 0 0 0 0 0 0 0 0 0 0 0 0 0 0 0 0 0 0 0 0 0 0 0 0 0 0 0 0 0 0 0 0 0 0 0 0 0 0 0 0 0 0 0 0 0 0 0 0 0 0 0 0 0 0 0 0 0 0 0 0 0 0 0 0 0 0 0 0 0 0 0 0 0 0 0 0 0 0 0 0 0 0 0 0 0 0 0 0 0 0 0 0 0 0 0 0 0 0 0 0 0 0 0 0 0 0 0 0 0 0 0 0 0 0 0 0 0 0 0 0 0 0 0 0 0 0 0 0 0 0 0 0 0 0 0 0 0 0 0 0 0 0 0 0 0 0 0 0 0 0 0 0 0 0 0 0 0 0 0 0 0 0 0 0 0 0 0 0 0 0 0 0 0 0 0 0 0 0 0 0 0 0 0 0 0 0 0 0 0 0 0 0 0 0 0 0 0 0 0 0 0 0 0 0 0 0 0 0 0 0 0 0 0 0 0 0 0 0 0 0 0 0 0 0 0 0 0 0 0 0 0 0 0 0 0 0 0 0 0 0 0 0 0 0 0 0 0 0 0 0 0 0 0 0 0 0 0 0 0 0 0 0 0 0 0 0 0 0 0 0 0 0 0 0 0 0 0 0 0 0 0 0 0 0 0 0 0 0 0 0 0 0 0 0 0 0 0 0 0 0 0 0 0 0 0 0 0 0 0 0 0 0 0 0 0 0 0 0 0 0 0 0 0 0 0 0 0 0 0 0 0 0 0 0 0 0 0 0 0 0 0 0 0 0 0 0 0 0 0 0 0 0 0 0 0 0 0 0 0 0 0 0 0 0 0 0 0 0 0 0 0 0 0 0 0 0 0 0 0 0 0 0 0 0 0 0 0 0 0 0 0 0 0 0 0 0 0 0 0 0 0 0 0 0 0 0 0 0 0 0 0 0 0 0 0 0 0 0 0 0 0 0 0 0 0 0 0 0 0 0 0 0 0 0 0 0 0 0 0 0 0 0 0 0 0 0 0 0 0 0 0 0 0 0 0 0 0 0 0 0 0 0 0 0 0 0 0 0 0 0 0 0 0 0 0 0 0 0 0 0 0 0 0 0 0 0 0 0 0 0 0 0 0 0 0 0 0 0 0 0 0 0 0 0 0 0 0 0 0 0 0 0 0 0 0 0 0 0 0 0 0 0 0 0 0 0 0 0 0 0 0 0 0 0 0 0 0 0 0 0 0 0 0 0 0 0 0 0 0 0 0 0 0 0 0 0 0 0 0 0 0 0 0 0 0 0 0 0 0 0 0 0 0 0 0 0 0 0 0 0 0 0 0 0 0 0 0 0 0 0 0 0 0 0 0 0 0 0 0 0 0 0 0 0 0 0 0 0 0 0 0 0 0 0 0</float_array>
          <technique_common>
            <accessor source="#toro_larm-mesh-map-0-array" count="1512" stride="2">
              <param name="S" type="float"/>
              <param name="T" type="float"/>
            </accessor>
          </technique_common>
        </source>
        <source id="toro_larm-mesh-colors-Col" name="Col">
          <float_array id="toro_larm-mesh-colors-Col-array" count="6048">0 0 0 0 0 0 0 0 0 0 0 0 0 0 0 0 0 0 0 0 0 0 0 0 0 0 0 0 0 0 0 0 0 0 0 0 0 0 0 0 0 0 0 0 0 0 0 0 0 0 0 0 0 0 0 0 0 0 0 0 0 0 0 0 0 0 0 0 0 0 0 0 0 0 0 0 0 0 0 0 0 0 0 0 0 0 0 0 0 0 0 0 0 0 0 0 0 0 0 0 0 0 0 0 0 0 0 0 0 0 0 0 0 0 0 0 0 0 0 0 0 0 0 0 0 0 0 0 0 0 0 0 0 0 0 0 0 0 0 0 0 0 0 0 0 0 0 0 0 0 0 0 0 0 0 0 0 0 0 0 0 0 0 0 0 0 0 0 0 0 0 0 0 0 0 0 0 0 0 0 0 0 0 0 0 0 0 0 0 0 0 0 0 0 0 0 0 0 0 0 0 0 0 0 0 0 0 0 0 0 0 0 0 0 0 0 0 0 0 0 0 0 0 0 0 0 0 0 0 0 0 0 0 0 0 0 0 0 0 0 0 0 0 0 0 0 0 0 0 0 0 0 0 0 0 0 0 0 0 0 0 0 0 0 0 0 0 0 0 0 0 0 0 0 0 0 0 0 0 0 0 0 0 0 0 0 0 0 0 0 0 0 0 0 0 0 0 0 0 0 0 0 0 0 0 0 0 0 0 0 0 0 0 0 0 0 0 0 0 0 0 0 0 0 0 0 0 0 0 0 0 0 0 0 0 0 0 0 0 0 0 0 0 0 0 0 0 0 0 0 0 0 0 0 0 0 0 0 0 0 0 0 0 0 0 0 0 0 0 0 0 0 0 0 0 0 0 0 0 0 0 0 0 0 0 0 0 0 0 0 0 0 0 0 0 0 0 0 0 0 0 0 0 0 0 0 0 0 0 0 0 0 0 0 0 0 0 0 0 0 0 0 0 0 0 0 0 0 0 0 0 0 0 0 0 0 0 0 0 0 0 0 0 0 0 0 0 0 0 0 0 0 0 0 0 0 0 0 0 0 0 0 0 0 0 0 0 0 0 0 0 0 0 0 0 0 0 0 0 0 0 0 0 0 0 0 0 0 0 0 0 0 0 0 0 0 0 0 0 0 0 0 0 0 0 0 0 0 0 0 0 0 0 0 0 0 0 0 0 0 0 0 0 0 0 0 0 0 0 0 0 0 0 0 0 0 0 0 0 0 0 0 0 0 0 0 0 0 0 0 0 0 0 0 0 0 0 0 0 0 0 0 0 0 0 0 0 0 0 0 0 0 0 0 0 0 0 0 0 0 0 0 0 0 0 0 0 0 0 0 0 0 0 0 0 0 0 0 0 0 0 0 0 0 0 0 0 0 0 0 0 0 0 0 0 0 0 0 0 0 0 0 0 0 0 0 0 0 0 0 0 0 0 0 0 0 0 0 0 0 0 0 0 0 0 0 0 0 0 0 0 0 0 0 0 0 0 0 0 0 0 0 0 0 0 0 0 0 0 0 0 0 0 0 0 0 0 0 0 0 0 0 0 0 0 0 0 0 0 0 0 0 0 0 0 0 0 0 0 0 0 0 0 0 0 0 0 0 0 0 0 0 0 0 0 0 0 0 0 0 0 0 0 0 0 0 0 0 0 0 0 0 0 0 0 0 0 0 0 0 0 0 0 0 0 0 0 0 0 0 0 0 0 0 0 0 0 0 0 0 0 0 0 0 0 0 0 0 0 0 0 0 0 0 0 0 0 0 0 0 0 0 0 0 0 0 0 0 0 0 0 0 0 0 0 0 0 0 0 0 0 0 0 0 0 0 0 0 0 0 0 0 0 0 0 0 0 0 0 0 0 0 0 0 0 0 0 0 0 0 0 0 0 0 0 0 0 0 0 0 0 0 0 0 0 0 0 0 0 0 0 0 0 0 0 0 0 0 0 0 0 0 0 0 0 0 0 0 0 0 0 0 0 0 0 0 0 0 0 0 0 0 0 0 0 0 0 0 0 0 0 0 0 0 0 0 0 0 0 0 0 0 0 0 0 0 0 0 0 0 0 0 0 0 0 0 0 0 0 0 0 0 0 0 0 0 0 0 0 0 0 0 0 0 0 0 0 0 0 0 0 0 0 0 0 0 0 0 0 0 0 0 0 0 0 0 0 0 0 0 0 0 0 0 0 0 0 0 0 0 0 0 0 0 0 0 0 0 0 0 0 0 0 0 0 0 0 0 0 0 0 0 0 0 0 0 0 0 0 0 0 0 0 0 0 0 0 0 0 0 0 0 0 0 0 0 0 0 0 0 0 0 0 0 0 0 0 0 0 0 0 0 0 0 0 0 0 0 0 0 0 0 0 0 0 0 0 0 0 0 0 0 0 0 0 0 0 0 0 0 0 0 0 0 0 0 0 0 0 0 0 0 0 0 0 0 0 0 0 0 0 0 0 0 0 0 0 0 0 0 0 0 0 0 0 0 0 0 0 0 0 0 0 0 0 0 0 0 0 0 0 0 0 0 0 0 0 0 0 0 0 0 0 0 0 0 0 0 0 0 0 0 0 0 0 0 0 0 0 0 0 0 0 0 0 0 0 0 0 0 0 0 0 0 0 0 0 0 0 0 0 0 0 0 0 0 0 0 0 0 0 0 0 0 0 0 0 0 0 0 0 0 0 0 0 0 0 0 0 0 0 0 0 0 0 0 0 0 0 0 0 0 0 0 0 0 0 0 0 0 0 0 0 0 0 0 0 0 0 0 0 0 0 0 0 0 0 0 0 0 0 0 0 0 0 0 0 0 0 0 0 0 0 0 0 0 0 0 0 0 0 0 0 0 0 0 0 0 0 0 0 0 0 0 0 0 0 0 0 0 0 0 0 0 0 0 0 0 0 0 0 0 0 0 0 0 0 0 0 0 0 0 0 0 0 0 0 0 0 0 0 0 0 0 0 0 0 0 0 0 0 0 0 0 0 0 0 0 0 0 0 0 0 0 0 0 0 0 0 0 0 0 0 0 0 0 0 0 0 0 0 0 0 0 0 0 0 0 0 0 0 0 0 0 0 0 0 0 0 0 0 0 0 0 0 0 0 0 0 0 0 0 0 0 0 0 0 0 0 0 0 0 0 0 0 0 0 0 0 0 0 0 0 0 0 0 0 0 0 0 0 0 0 0 0 0 0 0 0 0 0 0 0 0 0 0 0 0 0 0 0 0 0 0 0 0 0 0 0 0 0 0 0 0 0 0 0 0 0 0 0 0 0 0 0 0 0 0 0 0 0 0 0 0 0 0 0 0 0 0 0 0 0 0 0 0 0 0 0 0 0 0 0 0 0 0 0 0 0 0 0 0 0 0 0 0 0 0 0 0 0 0 0 0 0 0 0 0 0 0 0 0 0 0 0 0 0 0 0 0 0 0 0 0 0 0 0 0 0 0 0 0 0 0 0 0 0 0 0 0 0 0 0 0 0 0 0 0 0 0 0 0 0 0 0 0 0 0 0 0 0 0 0 0 0 0 0 0 0 0 0 0 0 0 0 0 0 0 0 0 0 0 0 0 0 0 0 0 0 0 0 0 0 0 0 0 0 0 0 0 0 0 0 0 0 0 0 0 0 0 0 0 0 0 0 0 0 0 0 0 0 0 0 0 0 0 0 0 0 0 0 0 0 0 0 0 0 0 0 0 0 0 0 0 0 0 0 0 0 0 0 0 0 0 0 0 0 0 0 0 0 0 0 0 0 0 0 0 0 0 0 0 0 0 0 0 0 0 0 0 0 0 0 0 0 0 0 0 0 0 0 0 0 0 0 0 0 0 0 0 0 0 0 0 0 0 0 0 0 0 0 0 0 0 0 0 0 0 0 0 0 0 0 0 0 0 0 0 0 0 0 0 0 0 0 0 0 0 0 0 0 0 0 0 0 0 0 0 0 0 0 0 0 0 0 0 0 0 0 0 0 0 0 0 0 0 0 0 0 0 0 0 0 0 0 0 0 0 0 0 0 0 0 0 0 0 0 0 0 0 0 0 0 0 0 0 0 0 0 0 0 0 0 0 0 0 0 0 0 0 0 0 0 0 0 0 0 0 0 0 0 0 0 0 0 0 0 0 0 0 0 0 0 0 0 0 0 0 0 0 0 0 0 0 0 0 0 0 0 0 0 0 0 0 0 0 0 0 0 0 0 0 0 0 0 0 0 0 0 0 0 0 0 0 0 0 0 0 0 0 0 0 0 0 0 0 0 0 0 0 0 0 0 0 0 0 0 0 0 0 0 0 0 0 0 0 0 0 0 0 0 0 0 0 0 0 0 0 0 0 0 0 0 0 0 0 0 0 0 0 0 0 0 0 0 0 0 0 0 0 0 0 0 0 0 0 0 0 0 0 0 0 0 0 0 0 0 0 0 0 0 0 0 0 0 0 0 0 0 0 0 0 0 0 0 0 0 0 0 0 0 0 0 0 0 0 0 0 0 0 0 0 0 0 0 0 0 0 0 0 0 0 0 0 0 0 0 0 0 0 0 0 0 0 0 0 0 0 0 0 0 0 0 0 0 0 0 0 0 0 0 0 0 0 0 0 0 0 0 0 0 0 0 0 0 0 0 0 0 0 0 0 0 0 0 0 0 0 0 0 0 0 0 0 0 0 0 0 0 0 0 0 0 0 0 0 0 0 0 0 0 0 0 0 0 0 0 0 0 0 0 0 0 0 0 0 0 0 0 0 0 0 0 0 0 0 0 0 0 0 0 0 0 0 0 0 0 0 0 0 0 0 0 0 0 0 0 0 0 0 0 0 0 0 0 0 0 0 0 0 0 0 0 0 0 0 0 0 0 0 0 0 0 0 0 0 0 0 0 0 0 0 0 0 0 0 0 0 0 0 0 0 0 0 0 0 0 0 0 0 0 0 0 0 0 0 0 0 0 0 0 0 0 0 0 0 0 0 0 0 0 0 0 0 0 0 0 0 0 0 0 0 0 0 0 0 0 0 0 0 0 0 0 0 0 0 0 0 0 0 0 0 0 0 0 0 0 0 0 0 0 0 0 0 0 0 0 0 0 0 0 0 0 0 0 0 0 0 0 0 0 0 0 0 0 0 0 0 0 0 0 0 0 0 0 0 0 0 0 0 0 0 0 0 0 0 0 0 0 0 0 0 0 0 0 0 0 0 0 0 0 0 0 0 0 0 0 0 0 0 0 0 0 0 0 0 0 0 0 0 0 0 0 0 0 0 0 0 0 0 0 0 0 0 0 0 0 0 0 0 0 0 0 0 0 0 0 0 0 0 0 0 0 0 0 0 0 0 0 0 0 0 0 0 0 0 0 0 0 0 0 0 0 0 0 0 0 0 0 0 0 0 0 0 0 0 0 0 0 0 0 0 0 0 0 0 0 0 0 0 0 0 0 0 0 0 0 0 0 0 0 0 0 0 0 0 0 0 0 0 0 0 0 0 0 0 0 0 0 0 0 0 0 0 0 0 0 0 0 0 0 0 0 0 0 0 0 0 0 0 0 0 0 0 0 0 0 0 0 0 0 0 0 0 0 0 0 0 0 0 0 0 0 0 0 0 0 0 0 0 0 0 0 0 0 0 0 0 0 0 0 0 0 0 0 0 0 0 0 0 0 0 0 0 0 0 0 0 0 0 0 0 0 0 0 0 0 0 0 0 0 0 0 0 0 0 0 0 0 0 0 0 0 0 0 0 0 0 0 0 0 0 0 0 0 0 0 0 0 0 0 0 0 0 0 0 0 0 0 0 0 0 0 0 0 0 0 0 0 0 0 0 0 0 0 0 0 0 0 0 0 0 0 0 0 0 0 0 0 0 0 0 0 0 0 0 0 0 0 0 0 0 0 0 0 0 0 0 0 0 0 0 0 0 0 0 0 0 0 0 0 0 0 0 0 0 0 0 0 0 0 0 0 0 0 0 0 0 0 0 0 0 0 0 0 0 0 0 0 0 0 0 0 0 0 0 0 0 0 0 0 0 0 0 0 0 0 0 0 0 0 0 0 0 0 0 0 0 0 0 0 0 0 0 0 0 0 0 0 0 0 0 0 0 0 0 0 0 0 0 0 0 0 0 0 0 0 0 0 0 0 0 0 0 0 0 0 0 0 0 0 0 0 0 0 0 0 0 0 0 0 0 0 0 0 0 0 0 0 0 0 0 0 0 0 0 0 0 0 0 0 0 0 0 0 0 0 0 0 0 0 0 0 0 0 0 0 0 0 0 0 0 0 0 0 0 0 0 0 0 0 0 0 0 0 0 0 0 0 0 0 0 0 0 0 0 0 0 0 0 0 0 0 0 0 0 0 0 0 0 0 0 0 0 0 0 0 0 0 0 0 0 0 0 0 0 0 0 0 0 0 0 0 0 0 0 0 0 0 0 0 0 0 0 0 0 0 0 0 0 0 0 0 0 0 0 0 0 0 0 0 0 0 0 0 0 0 0 0 0 0 0 0 0 0 0 0 0 0 0 0 0 0 0 0 0 0 0 0 0 0 0 0 0 0 0 0 0 0 0 0 0 0 0 0 0 0 0 0 0 0 0 0 0 0 0 0 0 0 0 0 0 0 0 0 0 0 0 0 0 0 0 0 0 0 0 0 0 0 0 0 0 0 0 0 0 0 0 0 0 0 0 0 0 0 0 0 0 0 0 0 0 0 0 0 0 0 0 0 0 0 0 0 0 0 0 0 0 0 0 0 0 0 0 0 0 0 0 0 0 0 0 0 0 0 0 0 0 0 0 0 0 0 0 0 0 0 0 0 0 0 0 0 0 0 0 0 0 0 0 0 0 0 0 0 0 0 0 0 0 0 0 0 0 0 0 0 0 0 0 0 0 0 0 0 0 0 0 0 0 0 0 0 0 0 0 0 0 0 0 0 0 0 0 0 0 0 0 0 0 0 0 0 0 0 0 0 0 0 0 0 0 0 0 0 0 0 0 0 0 0 0 0 0 0 0 0 0 0 0 0 0 0 0 0 0 0 0 0 0 0 0 0 0 0 0 0 0 0 0 0 0 0 0 0 0 0 0 0 0 0 0 0 0 0 0 0 0 0 0 0 0 0 0 0 0 0 0 0 0 0 0 0 0 0 0 0 0 0 0 0 0 0 0 0 0 0 0 0 0 0 0 0 0 0 0 0 0 0 0 0 0 0 0 0 0 0 0 0 0 0 0 0 0 0 0 0 0 0 0 0 0 0 0 0 0 0 0 0 0 0 0 0 0 0 0 0 0 0 0 0 0 0 0 0 0 0 0 0 0 0 0 0 0 0 0 0 0 0 0 0 0 0 0 0 0 0 0 0 0 0 0 0 0 0 0 0 0 0 0 0 0 0 0 0 0 0 0 0 0 0 0 0 0 0 0 0 0 0 0 0 0 0 0 0 0 0 0 0 0 0 0 0 0 0 0 0 0 0 0 0 0 0 0 0 0 0 0 0 0 0 0 0 0 0 0 0 0 0 0 0 0 0 0 0 0 0 0 0 0 0 0 0 0 0 0 0 0 0 0 0 0 0 0 0 0 0 0 0 0 0 0 0 0 0 0 0 0 0 0 0 0 0 0 0 0 0 0 0 0 0 0 0 0 0 0 0 0 0 0 0 0 0 0 0 0 0 0 0 0 0 0 0 0 0 0 0 0 0 0 0 0 0 0 0 0 0 0 0 0 0 0 0 0 0 0 0 0 0 0 0 0 0 0 0 0 0 0 0 0 0 0 0 0 0 0 0 0 0 0 0 0 0 0 0 0 0 0 0 0 0 0 0 0 0 0 0 0 0 0 0 0 0 0 0 0 0 0 0 0 0 0 0 0 0 0 0 0 0 0 0 0 0 0 0 0 0 0 0 0 0 0 0 0 0 0 0 0 0 0 0 0 0 0 0 0 0 0 0 0 0 0 0 0 0 0 0 0 0 0 0 0 0 0 0 0 0 0 0 0 0 0 0 0 0 0 0 0 0 0 0 0 0 0 0 0 0 0 0 0 0 0 0 0 0 0 0 0 0 0 0 0 0 0 0 0 0 0 0 0 0 0 0 0 0 0 0 0 0 0 0 0 0 0 0 0 0 0 0 0 0 0 0 0 0 0 0 0 0 0 0 0 0 0 0 0 0 0 0 0 0 0 0 0 0 0 0 0 0 0 0 0 0 0 0 0 0 0 0 0 0 0 0 0 0 0 0 0 0 0 0 0 0 0 0 0 0 0 0 0 0 0 0 0 0 0 0 0 0 0 0 0 0 0 0 0 0 0 0 0 0 0 0 0 0 0 0 0 0 0 0 0 0 0 0 0 0 0 0 0 0 0 0 0 0 0 0 0 0 0 0 0 0 0 0 0 0 0 0 0 0 0 0 0 0 0 0 0 0 0 0 0 0 0 0 0 0 0 0 0 0 0 0 0 0 0 0 0 0 0 0 0 0 0 0 0 0 0 0 0 0 0 0 0 0 0 0 0 0 0 0 0 0 0 0 0 0 0 0 0 0 0 0 0 0 0 0 0 0 0 0 0 0 0 0 0 0 0 0 0 0 0 0 0 0 0 0 0 0 0 0 0 0 0 0 0 0 0 0 0 0 0 0 0 0 0 0 0 0 0 0 0 0 0 0 0 0 0 0 0 0 0 0 0 0 0 0 0 0 0 0 0 0 0 0 0 0 0 0 0 0 0 0 0 0 0 0 0 0 0 0 0 0 0 0 0 0 0 0 0 0 0 0 0 0 0 0 0 0 0 0 0 0 0 0 0 0 0 0 0 0 0 0 0 0 0 0 0 0 0 0 0 0 0 0 0 0 0 0 0 0 0 0 0 0 0 0 0 0 0 0 0 0 0 0 0 0 0 0 0 0 0 0 0 0 0 0 0 0 0 0 0 0 0 0 0 0 0 0 0 0 0 0 0 0 0 0 0 0 0 0 0 0 0 0 0 0 0 0 0 0 0 0 0 0 0 0 0 0 0 0 0 0 0 0 0 0 0 0 0 0 0 0 0 0 0 0 0 0 0 0 0 0 0 0 0 0 0 0 0 0 0 0 0 0 0 0 0 0 0 0 0 0 0 0 0 0 0 0 0 0 0 0 0 0 0 0 0 0 0 0 0 0 0 0 0 0 0 0 0 0 0 0 0 0 0 0 0 0 0 0 0 0 0 0 0 0 0 0 0 0 0 0 0 0 0 0 0 0 0 0 0 0 0 0 0 0 0 0 0 0 0 0 0 0 0 0 0 0 0 0 0 0 0 0 0 0 0 0 0 0 0 0 0 0 0 0 0 0 0 0 0 0 0 0 0 0 0 0 0 0 0 0 0 0 0 0 0 0 0 0 0 0 0 0 0 0 0 0 0 0 0 0 0 0 0 0 0 0 0 0 0 0 0 0 0 0 0 0 0 0 0 0 0 0 0 0 0 0 0 0 0 0 0 0 0 0 0 0 0 0 0 0 0 0 0 0 0 0 0 0 0 0 0 0 0 0 0 0 0 0 0 0 0 0 0 0 0 0 0 0 0 0 0 0 0 0 0 0 0 0 0 0 0 0 0 0 0 0 0 0 0 0 0 0 0 0 0 0 0 0 0 0 0 0 0 0 0 0 0 0 0 0 0 0 0 0 0 0 0 0 0 0 0 0 0 0 0 0 0 0 0 0 0 0 0 0 0 0 0 0 0 0 0 0 0 0 0 0 0 0 0 0 0 0 0 0 0 0 0 0 0 0 0 0 0 0 0 0 0 0 0 0 0 0 0 0 0 0 0 0 0 0 0 0 0 0 0 0 0 0 0 0 0 0 0 0 0 0 0 0 0 0 0 0 0 0 0 0 0 0 0 0 0 0 0 0 0 0 0 0 0 0 0 0 0 0 0 0 0 0 0 0 0 0 0 0 0 0 0 0 0 0 0 0 0 0 0 0 0 0 0 0 0 0 0 0 0 0 0 0 0 0 0 0 0 0 0 0 0 0 0 0 0 0 0 0 0 0 0 0 0 0 0 0 0 0 0 0 0 0 0 0 0 0 0 0 0 0 0 0 0 0 0 0 0 0 0 0 0 0 0 0 0 0 0 0 0 0 0 0 0 0 0 0 0 0 0 0 0 0 0 0 0 0 0 0 0 0 0 0 0 0 0 0 0 0 0 0 0 0 0 0 0 0 0 0 0 0 0 0 0 0 0 0 0 0 0 0 0 0 0 0 0 0 0 0 0 0 0 0 0 0 0 0 0 0 0 0 0 0 0 0 0 0 0 0 0 0 0 0 0 0 0 0 0 0 0 0 0 0 0 0 0 0 0 0 0 0 0 0 0 0 0 0 0 0 0 0 0 0 0 0 0 0 0 0 0 0 0 0 0 0 0 0 0 0 0 0 0 0 0 0 0 0 0 0 0 0 0 0 0 0 0 0 0 0 0 0 0 0 0 0 0 0 0 0 0 0 0 0 0 0 0 0 0 0 0 0 0 0 0 0 0 0 0 0 0 0 0 0 0 0 0 0 0 0 0 0 0 0 0 0 0 0 0 0 0 0 0 0 0 0 0 0 0 0 0 0 0 0 0 0 0 0 0 0 0 0 0 0 0 0 0 0 0 0 0 0 0 0 0 0 0 0 0 0 0 0 0 0 0 0 0 0 0 0 0 0 0 0 0 0 0 0 0 0 0 0 0 0 0 0 0 0 0 0 0 0 0 0 0 0 0 0 0 0 0 0 0 0 0 0 0 0 0 0 0 0 0 0 0 0 0 0 0 0 0 0 0 0 0 0 0 0 0 0 0 0 0 0 0 0 0 0 0 0 0 0 0 0 0 0 0 0 0 0 0 0 0 0 0 0 0 0 0 0 0 0 0 0 0 0 0 0 0 0 0 0 0 0 0 0 0 0 0 0 0 0 0 0 0 0 0 0 0 0 0 0 0 0 0 0 0 0 0 0 0 0 0 0 0 0 0 0 0 0 0 0 0 0 0 0 0 0 0 0 0 0 0 0 0 0 0 0 0 0 0 0 0 0 0 0 0 0 0 0 0 0 0 0 0 0 0 0 0 0 0 0 0 0 0 0 0 0 0 0 0 0 0 0 0 0 0 0 0 0 0 0 0 0 0 0 0 0 0 0 0 0 0 0 0 0 0 0 0 0 0 0 0 0 0 0 0 0 0 0 0 0 0 0 0 0 0 0 0 0 0 0 0 0 0 0 0 0 0 0 0 0 0 0 0 0 0 0 0 0 0 0 0 0 0 0 0 0 0 0 0 0 0 0 0 0 0 0 0 0 0 0 0 0 0 0 0 0 0 0 0 0 0 0 0 0 0 0 0 0 0 0 0 0 0 0 0 0 0 0 0 0 0 0 0 0 0 0 0 0 0 0 0 0 0 0 0 0 0 0 0 0 0 0 0 0 0 0 0 0 0 0 0 0 0 0 0 0 0 0 0 0 0 0 0 0 0 0 0 0 0 0 0 0 0 0 0 0 0 0 0 0 0 0 0 0 0 0 0 0 0 0 0 0 0 0 0 0 0 0 0 0 0 0 0 0 0 0 0 0 0 0 0 0 0 0 0 0 0 0 0 0 0 0 0 0 0 0 0 0 0 0 0 0 0 0 0 0 0 0 0 0 0 0 0 0 0 0 0 0 0 0 0 0 0 0 0 0 0 0 0 0 0 0 0 0 0 0 0 0 0 0 0 0 0 0 0 0 0 0 0 0 0 0 0 0 0 0 0 0 0 0 0 0 0 0 0 0 0 0 0 0 0 0 0 0 0 0 0 0 0 0 0 0 0 0 0 0 0 0 0 0 0 0 0 0 0 0 0 0 0 0 0 0 0 0 0 0 0 0 0 0 0 0 0 0 0 0 0 0 0 0 0 0 0 0 0 0 0 0 0 0 0 0 0 0 0 0 0 0 0 0 0 0 0 0 0 0 0 0 0 0 0 0 0 0 0 0 0 0 0 0 0 0 0 0 0 0 0 0 0 0 0 0 0 0 0 0 0 0 0 0 0 0 0 0 0 0 0 0 0 0 0 0 0 0 0 0 0 0 0 0 0 0 0 0 0 0 0 0 0 0 0 0 0 0 0 0 0 0 0 0 0 0 0 0 0 0 0 0 0 0 0 0 0 0 0 0 0 0 0 0 0 0 0 0 0 0 0 0 0 0 0 0 0 0 0 0 0 0 0 0 0 0 0 0 0 0 0 0 0 0 0 0 0 0 0 0 0 0 0 0 0 0 0 0 0 0 0 0 0 0 0 0 0 0 0 0 0 0 0 0 0 0 0 0 0 0 0 0 0 0 0 0 0 0 0 0 0 0 0 0 0 0 0 0 0 0 0 0 0 0 0 0 0 0 0 0 0 0 0 0 0 0 0 0 0 0 0 0 0 0 0 0 0 0 0 0 0 0 0 0 0 0 0 0 0 0 0 0 0 0 0 0 0 0 0 0 0 0 0 0 0 0 0 0 0 0 0 0 0 0 0 0 0 0 0 0 0 0 0 0 0 0 0 0 0 0 0 0 0 0 0 0 0 0 0 0 0 0 0 0 0 0 0 0 0 0 0 0 0 0 0 0 0 0 0 0 0 0 0 0 0 0 0 0 0 0 0 0 0 0 0 0 0 0 0 0 0 0 0 0 0 0 0 0 0 0 0 0 0 0 0 0 0 0 0 0 0 0 0 0 0 0 0 0 0 0 0 0 0 0 0 0 0 0 0 0 0 0 0 0 0 0 0 0 0 0 0 0 0 0 0 0 0 0 0 0 0 0 0 0 0 0 0 0 0 0 0 0 0 0 0 0 0 0 0 0 0 0 0 0 0 0 0 0 0 0 0 0 0 0 0 0 0 0 0 0 0 0 0 0 0 0 0 0 0 0 0 0 0 0 0 0 0 0 0 0 0 0 0 0 0 0 0 0 0 0 0 0 0 0 0 0 0 0 0 0 0 0 0 0 0 0 0 0 0 0 0 0 0 0 0 0 0 0 0 0 0 0 0 0 0 0 0 0 0 0 0 0 0 0 0 0 0 0 0 0 0 0 0 0 0 0 0 0 0 0 0 0 0 0 0 0 0 0 0 0 0 0 0 0 0 0 0 0 0 0 0 0 0 0 0 0 0 0 0 0 0 0 0 0 0 0 0 0 0 0 0 0 0 0 0 0 0 0 0 0 0 0 0 0 0 0 0 0 0 0 0 0 0 0 0 0 0 0 0 0 0 0 0 0 0 0 0 0 0 0 0 0 0 0 0 0 0 0 0 0 0 0 0 0 0 0 0 0 0 0 0 0 0 0 0 0 0 0 0 0 0 0 0 0 0 0 0 0 0 0 0 0 0 0 0 0 0 0 0 0 0 0 0 0 0 0 0 0 0 0 0 0 0 0 0 0 0 0 0 0 0 0 0 0 0 0 0 0 0 0 0 0 0 0 0 0 0 0 0 0 0 0 0 0 0 0 0 0 0 0 0 0 0 0 0 0 0 0 0 0 0 0 0 0 0 0 0 0 0 0 0 0 0 0 0 0 0 0 0 0 0 0 0 0 0 0 0 0 0 0 0 0 0 0 0 0 0 0 0 0 0 0 0 0 0 0 0 0 0 0 0 0 0 0 0 0 0 0 0 0 0 0 0 0 0 0 0 0 0 0 0 0 0 0 0 0 0 0 0 0 0 0 0</float_array>
          <technique_common>
            <accessor source="#toro_larm-mesh-colors-Col-array" count="1512" stride="4">
              <param name="R" type="float"/>
              <param name="G" type="float"/>
              <param name="B" type="float"/>
              <param name="A" type="float"/>
            </accessor>
          </technique_common>
        </source>
        <vertices id="toro_larm-mesh-vertices">
          <input semantic="POSITION" source="#toro_larm-mesh-positions"/>
        </vertices>
        <triangles material="CH_toro_body_high-material" count="504">
          <input semantic="VERTEX" source="#toro_larm-mesh-vertices" offset="0"/>
          <input semantic="NORMAL" source="#toro_larm-mesh-normals" offset="1"/>
          <input semantic="TEXCOORD" source="#toro_larm-mesh-map-0" offset="2" set="0"/>
          <input semantic="COLOR" source="#toro_larm-mesh-colors-Col" offset="3" set="0"/>
          <p>2 0 0 0 1 1 1 1 0 2 2 2 3 3 3 3 2 0 4 4 0 2 5 5 4 4 6 6 3 3 7 7 0 2 8 8 5 5 9 9 4 4 10 10 0 2 11 11 1 1 12 12 6 6 13 13 0 2 14 14 6 6 15 15 7 7 16 16 0 2 17 17 7 7 18 18 8 8 19 19 0 2 20 20 8 8 21 21 9 9 22 22 0 2 23 23 9 9 24 24 10 10 25 25 0 2 26 26 0 2 27 27 10 10 28 28 5 5 29 29 11 11 30 30 1 1 31 31 2 0 32 32 12 12 33 33 7 7 34 34 6 6 35 35 8 8 36 36 13 13 37 37 9 9 38 38 14 14 39 39 9 9 40 40 13 13 41 41 14 14 42 42 13 13 43 43 15 15 44 44 16 16 45 45 15 15 46 46 13 13 47 47 15 15 48 48 16 16 49 49 17 17 50 50 18 18 51 51 17 17 52 52 16 16 53 53 18 18 54 54 19 19 55 55 17 17 56 56 20 20 57 57 17 17 58 58 19 19 59 59 19 19 60 60 21 21 61 61 20 20 62 62 22 22 63 63 20 20 64 64 21 21 65 65 21 21 66 66 23 23 67 67 22 22 68 68 24 24 69 69 22 22 70 70 23 23 71 71 10 10 72 72 9 9 73 73 25 25 74 74 10 10 75 75 25 25 76 76 26 26 77 77 27 27 78 78 25 25 79 79 9 9 80 80 20 20 81 81 22 22 82 82 28 28 83 83 29 29 84 84 28 28 85 85 22 22 86 86 22 22 87 87 24 24 88 88 29 29 89 89 29 29 90 90 30 30 91 91 28 28 92 92 30 30 93 93 29 29 94 94 31 31 95 95 32 32 96 96 31 31 97 97 29 29 98 98 32 32 99 99 29 29 100 100 24 24 101 101 33 33 102 102 28 28 103 103 30 30 104 104 28 28 105 105 34 34 106 106 20 20 107 107 28 28 108 108 33 33 109 109 34 34 110 110 35 35 111 111 34 34 112 112 33 33 113 113 33 33 114 114 36 36 115 115 35 35 116 116 37 37 117 117 35 35 118 118 36 36 119 119 34 34 120 120 35 35 121 121 38 38 122 122 39 39 123 123 38 38 124 124 35 35 125 125 35 35 126 126 37 37 127 127 39 39 128 128 27 27 129 129 40 40 130 130 39 39 131 131 38 38 132 132 39 39 133 133 40 40 134 134 38 38 135 135 40 40 136 136 15 15 137 137 14 14 138 138 15 15 139 139 40 40 140 140 27 27 141 141 39 39 142 142 25 25 143 143 41 41 144 144 25 25 145 145 39 39 146 146 41 41 147 147 39 39 148 148 37 37 149 149 31 31 150 150 42 42 151 151 30 30 152 152 36 36 153 153 33 33 154 154 43 43 155 155 43 43 156 156 30 30 157 157 42 42 158 158 30 30 159 159 43 43 160 160 33 33 161 161 15 15 162 162 17 17 163 163 38 38 164 164 34 34 165 165 38 38 166 166 17 17 167 167 17 17 168 168 20 20 169 169 34 34 170 170 37 37 171 171 36 36 172 172 44 44 173 173 45 45 174 174 44 44 175 175 36 36 176 176 44 44 177 177 45 45 178 178 46 46 179 179 47 47 180 180 46 46 181 181 45 45 182 182 45 45 183 183 48 48 184 184 47 47 185 185 48 48 186 186 45 45 187 187 43 43 188 188 43 43 189 189 42 42 190 190 48 48 191 191 49 49 192 192 47 47 193 193 48 48 194 194 48 48 195 195 50 50 196 196 49 49 197 197 50 50 198 198 48 48 199 199 42 42 200 200 51 51 201 201 49 49 202 202 50 50 203 203 46 46 204 204 52 52 205 205 44 44 206 206 53 53 207 207 44 44 208 208 52 52 209 209 52 52 210 210 26 26 211 211 53 53 212 212 36 36 213 213 43 43 214 214 45 45 215 215 47 47 216 216 49 49 217 217 54 54 218 218 55 55 219 219 54 54 220 220 49 49 221 221 49 49 222 222 51 51 223 223 55 55 224 224 54 54 225 225 55 55 226 226 56 56 227 227 56 56 228 228 57 57 229 229 54 54 230 230 57 57 231 231 56 56 232 232 58 58 233 233 59 59 234 234 58 58 235 235 56 56 236 236 56 56 237 237 60 60 238 238 59 59 239 239 60 60 240 240 56 56 241 241 55 55 242 242 61 61 243 243 59 59 244 244 60 60 245 245 58 58 246 246 62 62 247 247 57 57 248 248 63 63 249 249 57 57 250 250 62 62 251 251 60 60 252 252 64 64 253 253 61 61 254 254 65 65 255 255 61 61 256 256 64 64 257 257 65 65 258 258 64 64 259 259 66 66 260 260 67 67 261 261 66 66 262 262 64 64 263 263 67 67 264 264 68 68 265 265 66 66 266 266 69 69 267 267 66 66 268 268 68 68 269 269 70 70 270 270 54 54 271 271 57 57 272 272 57 57 273 273 63 63 274 274 70 70 275 275 55 55 276 276 71 71 277 277 60 60 278 278 64 64 279 279 60 60 280 280 71 71 281 281 67 67 282 282 64 64 283 283 72 72 284 284 71 71 285 285 72 72 286 286 64 64 287 287 72 72 288 288 73 73 289 289 67 67 290 290 68 68 291 291 67 67 292 292 73 73 293 293 73 73 294 294 74 74 295 295 68 68 296 296 75 75 297 297 68 68 298 298 74 74 299 299 68 68 300 300 75 75 301 301 69 69 302 302 76 76 303 303 69 69 304 304 75 75 305 305 75 75 306 306 77 77 307 307 76 76 308 308 78 78 309 309 76 76 310 310 77 77 311 311 77 77 312 312 79 79 313 313 78 78 314 314 80 80 315 315 78 78 316 316 79 79 317 317 74 74 318 318 81 81 319 319 75 75 320 320 77 77 321 321 75 75 322 322 81 81 323 323 81 81 324 324 82 82 325 325 77 77 326 326 79 79 327 327 77 77 328 328 82 82 329 329 79 79 330 330 82 82 331 331 83 83 332 332 84 84 333 333 83 83 334 334 82 82 335 335 72 72 336 336 71 71 337 337 85 85 338 338 51 51 339 339 85 85 340 340 71 71 341 341 81 81 342 342 86 86 343 343 82 82 344 344 81 81 345 345 74 74 346 346 86 86 347 347 82 82 348 348 86 86 349 349 87 87 350 350 82 82 351 351 87 87 352 352 84 84 353 353 88 88 354 354 87 87 355 355 86 86 356 356 86 86 357 357 89 89 358 358 88 88 359 359 90 90 360 360 88 88 361 361 89 89 362 362 89 89 363 363 91 91 364 364 90 90 365 365 92 92 366 366 90 90 367 367 91 91 368 368 91 91 369 369 85 85 370 370 92 92 371 371 93 93 372 372 92 92 373 373 85 85 374 374 94 94 375 375 93 93 376 376 85 85 377 377 85 85 378 378 51 51 379 379 94 94 380 380 93 93 381 381 94 94 382 382 95 95 383 383 96 96 384 384 95 95 385 385 94 94 386 386 95 95 387 387 96 96 388 388 97 97 389 389 97 97 390 390 98 98 391 391 95 95 392 392 99 99 393 393 95 95 394 394 98 98 395 395 95 95 396 396 99 99 397 397 93 93 398 398 92 92 399 399 93 93 400 400 99 99 401 401 100 100 402 402 97 97 403 403 96 96 404 404 97 97 405 405 100 100 406 406 101 101 407 407 102 102 408 408 101 101 409 409 100 100 410 410 98 98 411 411 103 103 412 412 99 99 413 413 103 103 414 414 98 98 415 415 104 104 416 416 105 105 417 417 104 104 418 418 98 98 419 419 98 98 420 420 97 97 421 421 105 105 422 422 101 101 423 423 105 105 424 424 97 97 425 425 101 101 426 426 106 106 427 427 105 105 428 428 107 107 429 429 105 105 430 430 106 106 431 431 105 105 432 432 107 107 433 433 104 104 434 434 104 104 435 435 108 108 436 436 103 103 437 437 109 109 438 438 103 103 439 439 108 108 440 440 108 108 441 441 110 110 442 442 109 109 443 443 108 108 444 444 111 111 445 445 110 110 446 446 112 112 447 447 110 110 448 448 111 111 449 449 113 113 450 450 109 109 451 451 110 110 452 452 114 114 453 453 113 113 454 454 110 110 455 455 115 115 456 456 104 104 457 457 107 107 458 458 111 111 459 459 108 108 460 460 115 115 461 461 104 104 462 462 115 115 463 463 108 108 464 464 115 115 465 465 116 116 466 466 111 111 467 467 117 117 468 468 111 111 469 469 116 116 470 470 112 112 471 471 111 111 472 472 118 118 473 473 117 117 474 474 118 118 475 475 111 111 476 476 113 113 477 477 87 87 478 478 109 109 479 479 119 119 480 480 109 109 481 481 87 87 482 482 106 106 483 483 120 120 484 484 107 107 485 485 121 121 486 486 107 107 487 487 120 120 488 488 107 107 489 489 121 121 490 490 115 115 491 491 116 116 492 492 115 115 493 493 121 121 494 494 119 119 495 495 122 122 496 496 109 109 497 497 103 103 498 498 109 109 499 499 122 122 500 500 122 122 501 501 99 99 502 502 103 103 503 503 119 119 504 504 87 87 505 505 88 88 506 506 117 117 507 507 123 123 508 508 118 118 509 509 117 117 510 510 116 116 511 511 123 123 512 512 118 118 513 513 123 123 514 514 124 124 515 515 125 125 516 516 124 124 517 517 123 123 518 518 123 123 519 519 126 126 520 520 125 125 521 521 126 126 522 522 123 123 523 523 116 116 524 524 116 116 525 525 121 121 526 526 126 126 527 527 127 127 528 528 125 125 529 529 126 126 530 530 126 126 531 531 128 128 532 532 127 127 533 533 121 121 534 534 120 120 535 535 128 128 536 536 128 128 537 537 126 126 538 538 121 121 539 539 129 129 540 540 127 127 541 541 128 128 542 542 128 128 543 543 130 130 544 544 129 129 545 545 130 130 546 546 128 128 547 547 120 120 548 548 131 131 549 549 129 129 550 550 130 130 551 551 129 129 552 552 131 131 553 553 132 132 554 554 133 133 555 555 132 132 556 556 131 131 557 557 132 132 558 558 133 133 559 559 134 134 560 560 135 135 561 561 134 134 562 562 133 133 563 563 133 133 564 564 136 136 565 565 135 135 566 566 133 133 567 567 131 131 568 568 136 136 569 569 137 137 570 570 135 135 571 571 136 136 572 572 136 136 573 573 138 138 574 574 137 137 575 575 139 139 576 576 137 137 577 577 138 138 578 578 138 138 579 579 140 140 580 580 139 139 581 581 141 141 582 582 139 139 583 583 140 140 584 584 140 140 585 585 142 142 586 586 141 141 587 587 143 143 588 588 141 141 589 589 142 142 590 590 143 143 591 591 142 142 592 592 144 144 593 593 145 145 594 594 144 144 595 595 142 142 596 596 134 134 597 597 146 146 598 598 132 132 599 599 147 147 600 600 132 132 601 601 146 146 602 602 146 146 603 603 148 148 604 604 147 147 605 605 149 149 606 606 147 147 607 607 148 148 608 608 148 148 609 609 150 150 610 610 149 149 611 611 124 124 612 612 149 149 613 613 150 150 614 614 141 141 615 615 143 143 616 616 151 151 617 617 152 152 618 618 151 151 619 619 143 143 620 620 151 151 621 621 153 153 622 622 141 141 623 623 139 139 624 624 141 141 625 625 153 153 626 626 153 153 627 627 154 154 628 628 139 139 629 629 148 148 630 630 146 146 631 631 155 155 632 632 156 156 633 633 155 155 634 634 146 146 635 635 146 146 636 636 134 134 637 637 156 156 638 638 157 157 639 639 156 156 640 640 134 134 641 641 134 134 642 642 135 135 643 643 157 157 644 644 158 158 645 645 157 157 646 646 135 135 647 647 154 154 648 648 158 158 649 649 137 137 650 650 135 135 651 651 137 137 652 652 158 158 653 653 137 137 654 654 139 139 655 655 154 154 656 656 155 155 657 657 159 159 658 658 148 148 659 659 150 150 660 660 148 148 661 661 159 159 662 662 150 150 663 663 159 159 664 664 160 160 665 665 161 161 666 666 160 160 667 667 159 159 668 668 158 158 669 669 154 154 670 670 162 162 671 671 163 163 672 672 162 162 673 673 154 154 674 674 162 162 675 675 163 163 676 676 164 164 677 677 165 165 678 678 164 164 679 679 163 163 680 680 164 164 681 681 166 166 682 682 162 162 683 683 167 167 684 684 162 162 685 685 166 166 686 686 162 162 687 687 167 167 688 688 158 158 689 689 157 157 690 690 158 158 691 691 167 167 692 692 163 163 693 693 168 168 694 694 165 165 695 695 169 169 696 696 165 165 697 697 168 168 698 698 166 166 699 699 170 170 700 700 167 167 701 701 171 171 702 702 167 167 703 703 170 170 704 704 170 170 705 705 172 172 706 706 171 171 707 707 173 173 708 708 171 171 709 709 172 172 710 710 173 173 711 711 172 172 712 712 174 174 713 713 168 168 714 714 175 175 715 715 169 169 716 716 176 176 717 717 169 169 718 718 175 175 719 719 175 175 720 720 177 177 721 721 176 176 722 722 178 178 723 723 176 176 724 724 177 177 725 725 177 177 726 726 179 179 727 727 178 178 728 728 180 180 729 729 178 178 730 730 179 179 731 731 11 11 732 732 180 180 733 733 179 179 734 734 177 177 735 735 175 175 736 736 152 152 737 737 151 151 738 738 152 152 739 739 175 175 740 740 175 175 741 741 168 168 742 742 151 151 743 743 176 176 744 744 178 178 745 745 181 181 746 746 182 182 747 747 181 181 748 748 178 178 749 749 178 178 750 750 180 180 751 751 182 182 752 752 181 181 753 753 182 182 754 754 183 183 755 755 183 183 756 756 184 184 757 757 181 181 758 758 185 185 759 759 181 181 760 760 184 184 761 761 181 181 762 762 185 185 763 763 176 176 764 764 186 186 765 765 183 183 766 766 182 182 767 767 184 184 768 768 187 187 769 769 185 185 770 770 188 188 771 771 185 185 772 772 187 187 773 773 187 187 774 774 189 189 775 775 188 188 776 776 190 190 777 777 188 188 778 778 189 189 779 779 189 189 780 780 191 191 781 781 190 190 782 782 192 192 783 783 190 190 784 784 191 191 785 785 191 191 786 786 193 193 787 787 192 192 788 788 194 194 789 789 192 192 790 790 193 193 791 791 193 193 792 792 195 195 793 793 194 194 794 794 196 196 795 795 194 194 796 796 195 195 797 797 195 195 798 798 174 174 799 799 196 196 800 800 186 186 801 801 182 182 802 802 197 197 803 803 198 198 804 804 197 197 805 805 182 182 806 806 197 197 807 807 198 198 808 808 199 199 809 809 188 188 810 810 190 190 811 811 165 165 812 812 164 164 813 813 165 165 814 814 190 190 815 815 190 190 816 816 192 192 817 817 164 164 818 818 195 195 819 819 193 193 820 820 78 78 821 821 76 76 822 822 78 78 823 823 193 193 824 824 193 193 825 825 191 191 826 826 76 76 827 827 196 196 828 828 174 174 829 829 172 172 830 830 166 166 831 831 164 164 832 832 192 192 833 833 192 192 834 834 194 194 835 835 166 166 836 836 172 172 837 837 170 170 838 838 196 196 839 839 194 194 840 840 196 196 841 841 170 170 842 842 170 170 843 843 166 166 844 844 194 194 845 845 195 195 846 846 78 78 847 847 80 80 848 848 80 80 849 849 174 174 850 850 195 195 851 851 198 198 852 852 182 182 853 853 180 180 854 854 197 197 855 855 199 199 856 856 62 62 857 857 62 62 858 858 58 58 859 859 197 197 860 860 186 186 861 861 197 197 862 862 58 58 863 863 58 58 864 864 59 59 865 865 186 186 866 866 183 183 867 867 186 186 868 868 59 59 869 869 59 59 870 870 61 61 871 871 183 183 872 872 184 184 873 873 183 183 874 874 61 61 875 875 61 61 876 876 65 65 877 877 184 184 878 878 187 187 879 879 184 184 880 880 65 65 881 881 65 65 882 882 66 66 883 883 187 187 884 884 189 189 885 885 187 187 886 886 66 66 887 887 66 66 888 888 69 69 889 889 189 189 890 890 191 191 891 891 189 189 892 892 69 69 893 893 69 69 894 894 76 76 895 895 191 191 896 896 62 62 897 897 200 200 898 898 63 63 899 899 201 201 900 900 63 63 901 901 200 200 902 902 63 63 903 903 201 201 904 904 202 202 905 905 203 203 906 906 202 202 907 907 201 201 908 908 202 202 909 909 70 70 910 910 63 63 911 911 200 200 912 912 3 3 913 913 201 201 914 914 4 4 915 915 201 201 916 916 3 3 917 917 201 201 918 918 4 4 919 919 203 203 920 920 203 203 921 921 4 4 922 922 5 5 923 923 203 203 924 924 5 5 925 925 26 26 926 926 26 26 927 927 52 52 928 928 203 203 929 929 202 202 930 930 203 203 931 931 52 52 932 932 52 52 933 933 46 46 934 934 202 202 935 935 70 70 936 936 202 202 937 937 46 46 938 938 46 46 939 939 47 47 940 940 70 70 941 941 54 54 942 942 70 70 943 943 47 47 944 944 5 5 945 945 10 10 946 946 26 26 947 947 199 199 948 948 3 3 949 949 200 200 950 950 199 199 951 951 2 0 952 952 3 3 953 953 11 11 954 954 2 0 955 955 199 199 956 956 199 199 957 957 198 198 958 958 11 11 959 959 180 180 960 960 11 11 961 961 198 198 962 962 25 25 963 963 41 41 964 964 26 26 965 965 53 53 966 966 26 26 967 967 41 41 968 968 41 41 969 969 37 37 970 970 53 53 971 971 44 44 972 972 53 53 973 973 37 37 974 974 204 204 975 975 1 1 976 976 11 11 977 977 204 204 978 978 205 205 979 979 1 1 980 980 205 205 981 981 204 204 982 982 144 144 983 983 206 206 984 984 144 144 985 985 204 204 986 986 144 144 987 987 145 145 988 988 205 205 989 989 12 12 990 990 205 205 991 991 145 145 992 992 144 144 993 993 206 206 994 994 143 143 995 995 152 152 996 996 143 143 997 997 206 206 998 998 6 6 999 999 1 1 1000 1000 205 205 1001 1001 205 205 1002 1002 12 12 1003 1003 6 6 1004 1004 12 12 1005 1005 145 145 1006 1006 207 207 1007 1007 208 208 1008 1008 207 207 1009 1009 145 145 1010 1010 209 209 1011 1011 207 207 1012 1012 208 208 1013 1013 209 209 1014 1014 208 208 1015 1015 210 210 1016 1016 211 211 1017 1017 210 210 1018 1018 208 208 1019 1019 211 211 1020 1020 212 212 1021 1021 210 210 1022 1022 213 213 1023 1023 210 210 1024 1024 212 212 1025 1025 212 212 1026 1026 214 214 1027 1027 213 213 1028 1028 215 215 1029 1029 213 213 1030 1030 214 214 1031 1031 214 214 1032 1032 216 216 1033 1033 215 215 1034 1034 217 217 1035 1035 215 215 1036 1036 216 216 1037 1037 212 212 1038 1038 211 211 1039 1039 140 140 1040 1040 142 142 1041 1041 140 140 1042 1042 211 211 1043 1043 211 211 1044 1044 208 208 1045 1045 142 142 1046 1046 140 140 1047 1047 138 138 1048 1048 212 212 1049 1049 214 214 1050 1050 212 212 1051 1051 138 138 1052 1052 210 210 1053 1053 213 213 1054 1054 18 18 1055 1055 19 19 1056 1056 18 18 1057 1057 213 213 1058 1058 213 213 1059 1059 215 215 1060 1060 19 19 1061 1061 21 21 1062 1062 19 19 1063 1063 215 215 1064 1064 215 215 1065 1065 217 217 1066 1066 21 21 1067 1067 145 145 1068 1068 142 142 1069 1069 208 208 1070 1070 138 138 1071 1071 136 136 1072 1072 214 214 1073 1073 216 216 1074 1074 214 214 1075 1075 136 136 1076 1076 216 216 1077 1077 136 136 1078 1078 131 131 1079 1079 131 131 1080 1080 218 218 1081 1081 216 216 1082 1082 219 219 1083 1083 216 216 1084 1084 218 218 1085 1085 217 217 1086 1086 216 216 1087 1087 219 219 1088 1088 217 217 1089 1089 219 219 1090 1090 23 23 1091 1091 23 23 1092 1092 21 21 1093 1093 217 217 1094 1094 220 220 1095 1095 23 23 1096 1096 219 219 1097 1097 23 23 1098 1098 220 220 1099 1099 24 24 1100 1100 221 221 1101 1101 24 24 1102 1102 220 220 1103 1103 24 24 1104 1104 221 221 1105 1105 32 32 1106 1106 222 222 1107 1107 32 32 1108 1108 221 221 1109 1109 222 222 1110 1110 223 223 1111 1111 32 32 1112 1112 31 31 1113 1113 32 32 1114 1114 223 223 1115 1115 223 223 1116 1116 224 224 1117 1117 31 31 1118 1118 42 42 1119 1119 31 31 1120 1120 224 224 1121 1121 224 224 1122 1122 225 225 1123 1123 42 42 1124 1124 50 50 1125 1125 42 42 1126 1126 225 225 1127 1127 221 221 1128 1128 220 220 1129 1129 226 226 1130 1130 227 227 1131 1131 226 226 1132 1132 220 220 1133 1133 227 227 1134 1134 220 220 1135 1135 219 219 1136 1136 219 219 1137 1137 218 218 1138 1138 227 227 1139 1139 226 226 1140 1140 227 227 1141 1141 228 228 1142 1142 229 229 1143 1143 228 228 1144 1144 227 227 1145 1145 228 228 1146 1146 230 230 1147 1147 226 226 1148 1148 231 231 1149 1149 226 226 1150 1150 230 230 1151 1151 222 222 1152 1152 221 221 1153 1153 231 231 1154 1154 226 226 1155 1155 231 231 1156 1156 221 221 1157 1157 230 230 1158 1158 232 232 1159 1159 231 231 1160 1160 233 233 1161 1161 231 231 1162 1162 232 232 1163 1163 231 231 1164 1164 233 233 1165 1165 222 222 1166 1166 223 223 1167 1167 222 222 1168 1168 233 233 1169 1169 232 232 1170 1170 234 234 1171 1171 233 233 1172 1172 235 235 1173 1173 233 233 1174 1174 234 234 1175 1175 224 224 1176 1176 223 223 1177 1177 235 235 1178 1178 233 233 1179 1179 235 235 1180 1180 223 223 1181 1181 235 235 1182 1182 234 234 1183 1183 225 225 1184 1184 224 224 1185 1185 235 235 1186 1186 225 225 1187 1187 232 232 1188 1188 230 230 1189 1189 100 100 1190 1190 102 102 1191 1191 100 100 1192 1192 230 230 1193 1193 230 230 1194 1194 228 228 1195 1195 102 102 1196 1196 228 228 1197 1197 229 229 1198 1198 236 236 1199 1199 236 236 1200 1200 102 102 1201 1201 228 228 1202 1202 102 102 1203 1203 236 236 1204 1204 101 101 1205 1205 106 106 1206 1206 101 101 1207 1207 236 236 1208 1208 236 236 1209 1209 237 237 1210 1210 106 106 1211 1211 237 237 1212 1212 236 236 1213 1213 229 229 1214 1214 120 120 1215 1215 106 106 1216 1216 237 237 1217 1217 237 237 1218 1218 218 218 1219 1219 120 120 1220 1220 229 229 1221 1221 218 218 1222 1222 237 237 1223 1223 130 130 1224 1224 120 120 1225 1225 218 218 1226 1226 234 234 1227 1227 232 232 1228 1228 96 96 1229 1229 100 100 1230 1230 96 96 1231 1231 232 232 1232 1232 234 234 1233 1233 96 96 1234 1234 94 94 1235 1235 130 130 1236 1236 218 218 1237 1237 131 131 1238 1238 94 94 1239 1239 225 225 1240 1240 234 234 1241 1241 225 225 1242 1242 94 94 1243 1243 51 51 1244 1244 50 50 1245 1245 225 225 1246 1246 51 51 1247 1247 71 71 1248 1248 55 55 1249 1249 51 51 1250 1250 229 229 1251 1251 227 227 1252 1252 218 218 1253 1253 239 238 1254 1254 238 239 1255 1255 83 83 1256 1256 240 240 1257 1257 83 83 1258 1258 238 239 1259 1259 239 238 1260 1260 241 241 1261 1261 238 239 1262 1262 238 239 1263 1263 241 241 1264 1264 242 242 1265 1265 238 239 1266 1266 242 242 1267 1267 240 240 1268 1268 242 242 1269 1269 241 241 1270 1270 243 243 1271 1271 244 244 1272 1272 242 242 1273 1273 243 243 1274 1274 243 243 1275 1275 245 245 1276 1276 244 244 1277 1277 160 160 1278 1278 244 244 1279 1279 245 245 1280 1280 246 246 1281 1281 242 242 1282 1282 244 244 1283 1283 244 244 1284 1284 160 160 1285 1285 246 246 1286 1286 243 243 1287 1287 241 241 1288 1288 247 247 1289 1289 248 248 1290 1290 243 243 1291 1291 247 247 1292 1292 241 241 1293 1293 249 249 1294 1294 247 247 1295 1295 245 245 1296 1296 243 243 1297 1297 250 250 1298 1298 248 248 1299 1299 250 250 1300 1300 243 243 1301 1301 247 247 1302 1302 249 249 1303 1303 114 114 1304 1304 251 251 1305 1305 114 114 1306 1306 249 249 1307 1307 249 249 1308 1308 241 241 1309 1309 251 251 1310 1310 246 246 1311 1311 161 161 1312 1312 242 242 1313 1313 161 161 1314 1314 246 246 1315 1315 160 160 1316 1316 252 252 1317 1317 242 242 1318 1318 161 161 1319 1319 252 252 1320 1320 240 240 1321 1321 242 242 1322 1322 240 240 1323 1323 252 252 1324 1324 80 80 1325 1325 174 174 1326 1326 80 80 1327 1327 252 252 1328 1328 252 252 1329 1329 161 161 1330 1330 174 174 1331 1331 80 80 1332 1332 79 79 1333 1333 240 240 1334 1334 83 83 1335 1335 240 240 1336 1336 79 79 1337 1337 245 245 1338 1338 124 124 1339 1339 160 160 1340 1340 247 247 1341 1341 114 114 1342 1342 253 253 1343 1343 250 250 1344 1344 248 248 1345 1345 253 253 1346 1346 247 247 1347 1347 253 253 1348 1348 248 248 1349 1349 253 253 1350 1350 112 112 1351 1351 250 250 1352 1352 118 118 1353 1353 250 250 1354 1354 112 112 1355 1355 250 250 1356 1356 118 118 1357 1357 245 245 1358 1358 124 124 1359 1359 245 245 1360 1360 118 118 1361 1361 114 114 1362 1362 251 251 1363 1363 113 113 1364 1364 87 87 1365 1365 113 113 1366 1366 251 251 1367 1367 251 251 1368 1368 84 84 1369 1369 87 87 1370 1370 83 83 1371 1371 84 84 1372 1372 239 238 1373 1373 241 241 1374 1374 239 238 1375 1375 84 84 1376 1376 84 84 1377 1377 251 251 1378 1378 241 241 1379 1379 112 112 1380 1380 253 253 1381 1381 110 110 1382 1382 253 253 1383 1383 114 114 1384 1384 110 110 1385 1385 125 125 1386 1386 149 149 1387 1387 124 124 1388 1388 125 125 1389 1389 127 127 1390 1390 149 149 1391 1391 147 147 1392 1392 149 149 1393 1393 127 127 1394 1394 127 127 1395 1395 129 129 1396 1396 147 147 1397 1397 132 132 1398 1398 147 147 1399 1399 129 129 1400 1400 207 207 1401 1401 8 8 1402 1402 7 7 1403 1403 13 13 1404 1404 8 8 1405 1405 207 207 1406 1406 207 207 1407 1407 209 209 1408 1408 13 13 1409 1409 16 16 1410 1410 13 13 1411 1411 209 209 1412 1412 209 209 1413 1413 210 210 1414 1414 16 16 1415 1415 18 18 1416 1416 16 16 1417 1417 210 210 1418 1418 7 7 1419 1419 12 12 1420 1420 207 207 1421 1421 74 74 1422 1422 73 73 1423 1423 89 89 1424 1424 91 91 1425 1425 89 89 1426 1426 73 73 1427 1427 89 89 1428 1428 86 86 1429 1429 74 74 1430 1430 73 73 1431 1431 72 72 1432 1432 91 91 1433 1433 85 85 1434 1434 91 91 1435 1435 72 72 1436 1436 99 99 1437 1437 122 122 1438 1438 92 92 1439 1439 90 90 1440 1440 92 92 1441 1441 122 122 1442 1442 122 122 1443 1443 119 119 1444 1444 90 90 1445 1445 88 88 1446 1446 90 90 1447 1447 119 119 1448 1448 40 40 1449 1449 9 9 1450 1450 14 14 1451 1451 40 40 1452 1452 27 27 1453 1453 9 9 1454 1454 155 155 1455 1455 173 173 1456 1456 159 159 1457 1457 155 155 1458 1458 156 156 1459 1459 173 173 1460 1460 171 171 1461 1461 173 173 1462 1462 156 156 1463 1463 156 156 1464 1464 157 157 1465 1465 171 171 1466 1466 167 167 1467 1467 171 171 1468 1468 157 157 1469 1469 159 159 1470 1470 173 173 1471 1471 174 174 1472 1472 159 159 1473 1473 174 174 1474 1474 161 161 1475 1475 168 168 1476 1476 163 163 1477 1477 153 153 1478 1478 154 154 1479 1479 153 153 1480 1480 163 163 1481 1481 153 153 1482 1482 151 151 1483 1483 168 168 1484 1484 165 165 1485 1485 169 169 1486 1486 188 188 1487 1487 185 185 1488 1488 188 188 1489 1489 169 169 1490 1490 169 169 1491 1491 176 176 1492 1492 185 185 1493 1493 179 179 1494 1494 177 177 1495 1495 206 206 1496 1496 152 152 1497 1497 206 206 1498 1498 177 177 1499 1499 206 206 1500 1500 204 204 1501 1501 179 179 1502 1502 11 11 1503 1503 179 179 1504 1504 204 204 1505 1505 200 200 1506 1506 62 62 1507 1507 199 199 1508 1508 150 150 1509 1509 160 160 1510 1510 124 124 1511 1511</p>
        </triangles>
      </mesh>
    </geometry>
    <geometry id="toro_body-mesh" name="toro_body">
      <mesh>
        <source id="toro_body-mesh-positions">
          <float_array id="toro_body-mesh-positions-array" count="1131">0.06013214 -0.0108422 0.1873155 0.0642603 -0.01575499 0.1959214 0.07203888 -0.003720343 0.1937038 0.06932657 -0.001221299 0.1875544 0.07581728 0.007811009 0.1912304 0.07247388 0.009363293 0.1877846 0.06076335 0.003537893 0.1843644 0.0741285 -0.006389975 0.1998534 0.06504499 -0.01880842 0.2039047 0.04814869 -0.02304744 0.1961773 0.04882252 -0.02674055 0.2043226 0.06507909 -0.01964426 0.2109242 0.07488763 -0.007566988 0.2057385 0.07399207 -0.005937933 0.2241444 0.07838457 0.00664252 0.2237606 0.07903277 0.004646658 0.2022415 0.06406414 -0.01742672 0.2245624 0.04887372 -0.02770435 0.2110863 0.07294297 -0.004035949 0.245689 0.06284445 -0.01475709 0.2414245 0.0314657 -0.02768725 0.2414415 0.03120982 -0.02515411 0.260888 0.06232416 -0.01295745 0.2608795 0.03213095 -0.03102219 0.224298 1.67638e-6 -0.03282183 0.2414671 1.67638e-6 -0.03623348 0.224315 0.07249093 -0.002415418 0.2630118 0.07763397 0.008868634 0.2499877 0.07709664 0.01009678 0.2651611 0.07290887 0.0250228 0.2499622 0.0739153 0.02431493 0.2239653 0.06680196 0.03843063 0.2499451 0.06797045 0.03811508 0.2239056 0.07481938 0.0236923 0.202233 0.06901103 0.03784215 0.202216 0.07204741 -8.03418e-4 0.280326 0.07655078 0.011325 0.280326 0.07152712 0.001090049 0.3005571 0.07583433 0.01296263 0.3005571 0.06126654 -0.00928992 0.3005571 0.06180387 -0.01115775 0.280326 0.03068953 -0.01999396 0.3005571 0.03095394 -0.02262097 0.280326 1.67638e-6 -0.02698791 0.280326 1.67638e-6 -0.02990484 0.2608966 0.07192802 0.02622544 0.280326 0.07241415 0.02561986 0.2651441 0.066657 0.0381577 0.2651355 0.06651198 0.03787624 0.280326 0.07127124 0.02701866 0.3005571 0.07510936 0.01460021 0.3207883 0.07062304 0.0278204 0.3207883 0.06631582 0.0375095 0.3005571 0.06613671 0.03714275 0.3207883 0.07458055 0.0158028 0.3356546 0.07011979 0.02843451 0.3362857 0.07405173 0.01701396 0.3505294 0.06961661 0.02904856 0.3517832 0.06599169 0.0368613 0.3366866 0.06584674 0.03658837 0.3525508 0.0735656 0.0174148 0.3712809 0.06930953 0.02880126 0.371912 0.0649085 0.03595721 0.3722958 0.07011979 0.006164848 0.3549816 0.06970191 0.007196903 0.3735155 0.07056331 0.004569947 0.3378892 0.06020891 -0.005622386 0.3401494 0.05969721 -0.003831267 0.3595021 0.07308799 0.01782423 0.3920408 0.06901103 0.02856242 0.3920408 0.06393617 0.03536868 0.3920408 0.0586481 -0.003012418 0.3757672 0.06928396 0.008228957 0.3920408 0.057599 -0.002193629 0.3920408 0.02992188 -0.01231771 0.3595021 0.02982807 -0.01022809 0.3757672 0.02973425 -0.008138477 0.3920408 1.67638e-6 -0.01097011 0.3920408 1.67638e-6 -0.01303416 0.3757672 1.67638e-6 -0.01509827 0.3595021 0.03017777 -0.01484239 0.3401494 1.67638e-6 -0.01800668 0.3401494 0.0607292 -0.007413506 0.3207883 0.03043365 -0.01735848 0.3207883 1.67638e-6 -0.02091515 0.3207883 1.67638e-6 -0.02395153 0.3005571 0.07099831 0.002974987 0.3207883 -0.03069472 -0.01999396 0.3005571 -0.03043031 -0.01735848 0.3207883 -0.03017443 -0.01484239 0.3401494 -0.02992707 -0.01231771 0.3595021 -0.06072586 -0.007413506 0.3207883 -0.0602141 -0.005622386 0.3401494 -0.02982473 -0.01022809 0.3757672 -0.05864477 -0.003012418 0.3757672 -0.05969381 -0.003831267 0.3595021 -0.02973091 -0.008138477 0.3920408 -0.07011646 0.006164848 0.3549816 -0.07055997 0.004569947 0.3378892 -0.07404839 0.01701396 0.3505294 -0.07357078 0.0174148 0.3712809 -0.0696218 0.02904856 0.3517832 -0.07011646 0.02843451 0.3362857 -0.07457721 0.0158028 0.3356546 -0.06598836 0.0368613 0.3366866 -0.06585186 0.03658837 0.3525508 -0.06931471 0.02880126 0.371912 -0.06490516 0.03595721 0.3722958 -0.06969857 0.007196903 0.3735155 -0.06928062 0.008228957 0.3920408 -0.05760419 -0.002193629 0.3920408 -0.0706197 0.0278204 0.3207883 -0.07510602 0.01460021 0.3207883 -0.07127642 0.02701866 0.3005571 -0.07583099 0.01296263 0.3005571 -0.06632101 0.0375095 0.3005571 -0.06613337 0.03714275 0.3207883 -0.06900769 0.02856242 0.3920408 -0.07309311 0.01782423 0.3920408 -0.06394135 0.03536868 0.3920408 -0.07192462 0.02622544 0.280326 -0.07655596 0.011325 0.280326 -0.07152378 0.001090049 0.3005571 -0.07204407 -8.03418e-4 0.280326 -0.0612632 -0.00928992 0.3005571 -0.06180906 -0.01115775 0.280326 -0.03095912 -0.02262097 0.280326 -0.07241934 0.02561986 0.2651441 -0.0770933 0.01009678 0.2651611 -0.0666536 0.0381577 0.2651355 -0.06650865 0.03787624 0.280326 -0.07249611 -0.002415418 0.2630118 -0.07763916 0.008868634 0.2499877 -0.07293963 -0.004035949 0.245689 -0.06232082 -0.01295745 0.2608795 -0.06284111 -0.01475709 0.2414245 -0.03121501 -0.02515411 0.260888 -0.03146231 -0.02768725 0.2414415 -0.06406074 -0.01742672 0.2245624 -0.03213614 -0.03102219 0.224298 -0.07398873 -0.005937933 0.2241444 -0.06507575 -0.01964426 0.2109242 -0.04887032 -0.02770435 0.2110863 -0.07489281 -0.007566988 0.2057385 -0.07838124 0.00664252 0.2237606 -0.07902944 0.004646658 0.2022415 -0.07290548 0.0250228 0.2499622 -0.07392048 0.02431493 0.2239653 -0.06679862 0.03843063 0.2499451 -0.06796711 0.03811508 0.2239056 -0.07481604 0.0236923 0.202233 -0.06900769 0.03784215 0.202216 -0.07412517 -0.006389975 0.1998534 -0.0650416 -0.01880842 0.2039047 -0.0778439 0.006079554 0.1953415 -0.07390344 0.02238732 0.1953073 -0.07582247 0.007811009 0.1912304 -0.07256436 0.0215941 0.1913583 -0.06858122 0.029603 0.1916995 -0.06887972 0.03508722 0.196075 -0.06425696 -0.01575499 0.1959214 -0.04814535 -0.02304744 0.1961773 -0.0488277 -0.02674055 0.2043226 -0.07203555 -0.003720343 0.1937038 -0.0601288 -0.0108422 0.1873155 -0.06932324 -0.001221299 0.1875544 -0.07247906 0.009363293 0.1877846 -0.06075996 0.003537893 0.1843644 -0.06937444 0.02210587 0.1877846 -0.06139963 0.01367908 0.1844838 -0.06268757 0.009806811 0.1844838 -0.03708302 0.008092463 0.1836224 -0.05153995 0.01744043 0.1844753 -0.03499341 0.02243852 0.1844753 -0.04617512 0.03350079 0.1877761 -0.05027765 -0.00137484 0.1842451 -0.03427696 -0.006995558 0.1846459 -0.04579985 -0.01750349 0.1877164 -0.01854068 0.006258666 0.1840745 -0.01749157 0.02319759 0.1846971 -0.05946356 0.02956885 0.1877761 -0.06145083 0.03565865 0.1918871 -0.04714745 0.04117703 0.1919042 -0.06229519 0.04129648 0.1963649 -0.06235492 0.04402577 0.202216 -0.06122905 0.04423898 0.2238885 -0.05995821 0.04448634 0.2499366 -0.03218734 0.05357843 0.223897 -0.03161585 0.05338227 0.249928 1.67638e-6 0.05684506 0.249911 1.67638e-6 0.05749332 0.2239312 0.03219068 0.05357843 0.223897 0.03161066 0.05338227 0.249928 0.05995303 0.04448634 0.2499366 0.06123244 0.04423898 0.2238885 0.03167039 0.05284494 0.265127 0.0597825 0.04417079 0.2651355 1.67638e-6 0.05614572 0.2651185 0.03172159 0.05229908 0.280326 0.05961191 0.04386371 0.280326 0.05939012 0.04344582 0.3005571 0.0317983 0.05157405 0.3005571 1.67638e-6 0.05452513 0.3005571 1.67638e-6 0.05545485 0.280326 0.03187507 0.0508576 0.3207883 0.05915987 0.04302787 0.3207883 0.03193479 0.05028617 0.3368998 0.05898076 0.04269522 0.3368998 0.05880165 0.04236257 0.3530029 0.03199452 0.04970622 0.3530029 1.67638e-6 0.05285346 0.3368998 1.67638e-6 0.05211138 0.3530029 1.67638e-6 0.05014973 0.3725176 0.03185802 0.04801744 0.3725176 1.67638e-6 0.05359548 0.3207883 1.67638e-6 0.04819655 0.3920408 0.03173011 0.04632866 0.3920408 0.05608934 0.04053735 0.3920408 0.05744546 0.04144996 0.3725176 0.03161919 0.04491281 0.4083656 0.05465644 0.03953093 0.4135769 0.05344533 0.0384733 0.4351471 0.03150832 0.04349696 0.4246904 0.03082603 0.04117703 0.4575532 0.05173093 0.03657132 0.4575532 1.67638e-6 0.04236257 0.4575532 1.67638e-6 0.04518574 0.4220122 1.67638e-6 0.04668688 0.4070265 0.05039185 0.03456693 0.4798654 0.0303654 0.03959918 0.4798569 1.67638e-6 0.04059708 0.4798484 0.06278473 0.034729 0.4146601 0.06157362 0.03410637 0.4372794 0.06832015 0.02801656 0.437322 0.06759518 0.02739393 0.4575532 0.06063538 0.03252846 0.4575532 0.07204741 0.01871979 0.437322 0.07050365 0.01717603 0.4575532 0.06851631 0.01299673 0.4575532 0.06826049 0.01075357 0.437322 0.0725677 0.01827627 0.4146857 0.06877219 0.009491264 0.4146857 0.06866133 0.02828949 0.4146857 0.05468201 9.21488e-5 0.4373903 0.05614054 -0.00105071 0.4147113 0.02953809 -0.003950655 0.4246904 0.02917987 -0.001937747 0.4575532 0.05401676 0.002531468 0.4575532 0.05328327 0.005243718 0.4799081 0.06879782 0.0154702 0.4798911 0.02964043 -0.006040275 0.4083656 1.67638e-6 -0.009068131 0.4070265 1.67638e-6 -0.007166147 0.4220122 0.02893251 -5.73128e-4 0.4799166 1.67638e-6 -0.00349009 0.4799252 1.67638e-6 -0.004914462 0.4575532 -0.02917653 -0.001937747 0.4575532 -0.02893769 -5.73128e-4 0.4799166 -0.02954328 -0.003950655 0.4246904 -0.05467867 9.21488e-5 0.4373903 -0.05401343 0.002531468 0.4575532 -0.05614572 -0.00105071 0.4147113 -0.02963709 -0.006040275 0.4083656 -0.06876885 0.009491264 0.4146857 -0.06825709 0.01075357 0.437322 -0.07257288 0.01827627 0.4146857 -0.07204407 0.01871979 0.437322 -0.06851297 0.01299673 0.4575532 -0.05327993 0.005243718 0.4799081 -0.06879442 0.0154702 0.4798911 -0.07050025 0.01717603 0.4575532 -0.06759184 0.02739393 0.4575532 -0.06832534 0.02801656 0.437322 -0.06157875 0.03410637 0.4372794 -0.06063205 0.03252846 0.4575532 -0.06866651 0.02828949 0.4146857 -0.06278139 0.034729 0.4146601 -0.05957442 0.03085678 0.4798654 -0.06678158 0.02670305 0.479874 -0.05344194 0.0384733 0.4351471 -0.0546531 0.03953093 0.4135769 -0.03162437 0.04491281 0.4083656 -0.03151351 0.04349696 0.4246904 -0.03083115 0.04117703 0.4575532 -0.05172759 0.03657132 0.4575532 -0.05038851 0.03456693 0.4798654 -0.03037059 0.03959918 0.4798569 -0.056086 0.04053735 0.3920408 -0.03172671 0.04632866 0.3920408 -0.03186321 0.04801744 0.3725176 -0.05744212 0.04144996 0.3725176 -0.03199112 0.04970622 0.3530029 -0.03193145 0.05028617 0.3368998 -0.05879825 0.04236257 0.3530029 -0.05897736 0.04269522 0.3368998 -0.059165 0.04302787 0.3207883 -0.03187173 0.0508576 0.3207883 -0.05938678 0.04344582 0.3005571 -0.03180348 0.05157405 0.3005571 -0.03172671 0.05229908 0.280326 -0.05961704 0.04386371 0.280326 -0.05978763 0.04417079 0.2651355 -0.03166705 0.05284494 0.265127 0.07784724 0.006079554 0.1953415 0.07390677 0.02238732 0.1953073 0.07255917 0.0215941 0.1913583 0.06858456 0.029603 0.1916995 0.06888306 0.03508722 0.196075 0.06937777 0.02210587 0.1877846 0.06140303 0.01367908 0.1844838 0.06145417 0.03565865 0.1918871 0.05945837 0.02956885 0.1877761 0.04617846 0.03350079 0.1877761 0.04714226 0.04117703 0.1919042 0.05154329 0.01744043 0.1844753 0.03498822 0.02243852 0.1844753 0.03708642 0.008092463 0.1836224 0.06269091 0.009806811 0.1844838 0.05028098 -0.00137484 0.1842451 0.0342803 -0.006995558 0.1846459 0.04580318 -0.01750349 0.1877164 0.01854401 0.006258666 0.1840745 0.01749491 0.02319759 0.1846971 0.03147423 -0.02208364 0.1881173 0.01713669 -0.009272813 0.1850724 0.01573795 -0.02480441 0.1885096 0.03203713 -0.02825874 0.1964247 1.67638e-6 0.004638135 0.1845265 1.67638e-6 -0.01090192 0.1854988 0.03260862 -0.03259152 0.2047321 0.0160194 -0.03126955 0.1966464 1.67638e-6 -0.02645057 0.1889105 1.67638e-6 -0.03301799 0.1968682 0.01630085 -0.03585821 0.2047832 0.03266829 -0.0336833 0.2112483 0.01633495 -0.03703522 0.2112483 1.67638e-6 -0.03773462 0.2048344 1.67638e-6 -0.03896284 0.2112569 -0.01601606 -0.03126955 0.1966464 -0.01573461 -0.02480441 0.1885096 -0.01714187 -0.009272813 0.1850724 -0.03147089 -0.02208364 0.1881173 -0.03204232 -0.02825874 0.1964247 -0.03260523 -0.03259152 0.2047321 -0.01630604 -0.03585821 0.2047832 -0.03266495 -0.0336833 0.2112483 -0.01633161 -0.03703522 0.2112483 1.67638e-6 0.02371788 0.1849274 0.01644587 0.04047763 0.1877676 1.67638e-6 0.04279756 0.1877676 0.03289008 0.03678452 0.1877676 0.03283888 0.04604721 0.1919212 0.01642024 0.0494759 0.1918786 0.03279626 0.05188113 0.1967573 0.04754316 0.04690861 0.1965611 0.04752606 0.0492115 0.2022074 0.03270244 0.05374902 0.2022074 0.01639467 0.05499428 0.1966976 1.67638e-6 0.05128407 0.1918445 1.67638e-6 0.05633336 0.1966294 0.01635205 0.05681949 0.2022074 1.67638e-6 0.05807328 0.2021989 0.06229859 0.04129648 0.1963649 0.06235826 0.04402577 0.202216 0.05956923 0.03085678 0.4798654 0.06678491 0.02670305 0.479874 -0.01644247 0.04047763 0.1877676 -0.03289526 0.03678452 0.1877676 -0.03284406 0.04604721 0.1919212 -0.01642543 0.0494759 0.1918786 -0.03279286 0.05188113 0.1967573 -0.04754829 0.04690861 0.1965611 -0.04753124 0.0492115 0.2022074 -0.03269904 0.05374902 0.2022074 -0.01639986 0.05499428 0.1966976 -0.01634865 0.05681949 0.2022074 -0.07100349 0.002974987 0.3207883</float_array>
          <technique_common>
            <accessor source="#toro_body-mesh-positions-array" count="377" stride="3">
              <param name="X" type="float"/>
              <param name="Y" type="float"/>
              <param name="Z" type="float"/>
            </accessor>
          </technique_common>
        </source>
        <source id="toro_body-mesh-normals">
          <float_array id="toro_body-mesh-normals-array" count="1131">0.7254988 -0.4588914 -0.5129038 0.5372877 -0.6941161 -0.4790876 0.3412339 -0.4823703 -0.8067704 0.53729 -0.3098755 -0.7844085 0.8509464 -0.05895435 -0.5219336 0.5921849 -0.01191723 -0.8057141 0.1608992 -0.09819793 -0.9820737 0.8117441 -0.4981023 -0.3049029 0.5921907 -0.7647034 -0.254045 0.3099639 -0.8117296 -0.4949924 0.3647882 -0.8901554 -0.2730436 0.6155872 -0.7880688 -2.15764e-5 0.8666386 -0.4980907 -0.02904039 0.8587989 -0.4980885 0.1198851 0.9990648 -0.04324102 1.99787e-5 0.9921029 -0.08247774 -0.09449577 0.5921859 -0.7882254 0.1673819 0.3883075 -0.9215299 -3.241e-7 0.8431154 -0.5294548 0.09399104 0.5608191 -0.8195914 0.1172691 0.2706869 -0.9528978 0.1368007 0.2550036 -0.9607373 0.1093486 0.5451374 -0.8274315 0.1348428 0.270687 -0.9372116 0.2199159 -0.003774464 -0.9842598 0.1766878 -0.003754556 -0.9764232 0.2158324 0.8431165 -0.5372941 0.02166992 0.9990646 -0.0432437 6.36652e-6 0.9993724 -0.0354216 1.38357e-5 0.9372127 0.3409469 0.07340067 0.9450548 0.3252652 0.03277444 0.8039074 0.5918777 0.05842685 0.8117359 0.5840248 1.48989e-5 0.9450561 0.3095819 -0.1050148 0.8039116 0.5840262 -0.1124265 0.8431148 -0.537298 0.02164131 0.9996194 -0.02758812 1.90772e-5 0.8431143 -0.5294538 0.09400516 0.9998049 -0.0197584 2.07499e-5 0.529458 -0.8431116 0.09400635 0.5372957 -0.8352718 0.1167667 0.2314781 -0.9685772 0.09097349 0.247149 -0.9607394 0.1260848 -0.003765046 -0.9921039 0.1253621 -0.003762602 -0.9921016 0.1253804 0.9293722 0.356626 0.09531676 0.9346218 0.3556433 1.97478e-5 0.8015362 0.5979462 -1.4904e-5 0.7960689 0.599718 0.08131837 0.9282799 0.3718823 -1.51186e-5 0.9999446 -0.004075884 0.009709 0.9255613 0.3785979 1.06292e-5 0.7949337 0.6066965 6.36093e-6 0.7882165 0.6153981 -1.904e-5 0.9999446 0.003767132 0.00982356 0.9215211 0.388017 0.01554989 0.9999327 0.0116049 -6.12361e-6 0.9136876 0.4036831 0.04706245 0.7882147 0.6154004 1.90646e-5 0.7725439 0.6310831 0.07007259 0.9999447 0.003767609 0.009818077 0.8980072 0.4350473 0.06570476 0.7333418 0.6781257 0.04853117 0.8431134 -0.5294561 0.09400135 0.8337652 -0.5521193 1.20327e-6 0.8490719 -0.5282773 -2.31042e-5 0.5137723 -0.850959 0.1091184 0.5059239 -0.8588008 0.08063751 0.9999446 -0.004077434 0.00970155 0.8744799 0.4820979 0.05354183 0.6862797 0.7251871 0.05589324 0.4745603 -0.8744817 0.1003714 0.8179196 -0.5753325 -7.95536e-6 0.4510438 -0.8901615 0.06459218 0.184417 -0.9764193 0.1122313 0.1687387 -0.9764241 0.1346226 0.1530683 -0.984263 0.08829748 -0.003737986 -0.9921026 0.1253741 -0.003733575 -0.9921025 0.1253752 -0.0037629 -0.9921026 0.125373 0.2001144 -0.9685794 0.1476763 -0.00377053 -0.9921055 0.1253498 0.5216169 -0.8431158 0.1306588 0.2157987 -0.9685794 0.1236327 -0.00376302 -0.9921025 0.1253744 -0.003769695 -0.992105 0.1253544 0.8431162 -0.5294553 0.0939812 -0.2311644 -0.9685772 0.09176737 -0.2154686 -0.9685733 0.1242548 -0.199802 -0.9685814 0.1480855 -0.1841044 -0.9764189 0.112747 -0.5213014 -0.8431155 0.1319132 -0.513462 -0.8509576 0.1105805 -0.1684314 -0.9764226 0.1350189 -0.4742584 -0.8744813 0.1017922 -0.5056327 -0.8587951 0.08250266 -0.1527503 -0.9842602 0.08887737 -0.8428071 -0.5294533 0.09672492 -0.8489851 -0.5284167 -2.18526e-5 -0.9996339 0.01161336 0.02444171 -0.9996335 0.003814578 0.02680444 -0.9133762 0.4036832 0.05276304 -0.9212206 0.3879972 0.02847748 -0.9996349 0.003770351 0.02676081 -0.7879037 0.6154153 0.0217182 -0.7722331 0.6310817 0.07342946 -0.8976917 0.4350513 0.06985688 -0.7330003 0.6781585 0.05302578 -0.8337341 -0.5521663 4.93228e-6 -0.8178207 -0.5754733 7.29554e-6 -0.4507392 -0.8901574 0.06674081 -0.9255163 0.3787078 9.10461e-6 -0.9996344 -0.004075825 0.02673298 -0.9282385 0.3719859 -1.5914e-6 -0.9996347 -0.01976102 0.01844137 -0.7948201 0.6068452 2.92808e-6 -0.7879228 0.6153909 0.0217204 -0.8741708 0.4820956 0.05838882 -0.9996336 -0.004112541 0.02675509 -0.685996 0.7251623 0.05957579 -0.929058 0.3566387 0.09828585 -0.9996191 -0.02759927 2.3442e-5 -0.8428044 -0.5294524 0.0967527 -0.8428043 -0.5372958 0.03152924 -0.5291081 -0.8431323 0.09577399 -0.5369887 -0.8352741 0.1181545 -0.246858 -0.9607362 0.1266781 -0.9345821 0.3557478 8.94535e-7 -0.999372 -0.03543388 -2.40484e-5 -0.8014249 0.5980954 -1.37649e-5 -0.7957602 0.5997159 0.08430129 -0.8428078 -0.5372935 0.03147894 -0.999064 -0.04325813 2.13329e-5 -0.8428065 -0.5294521 0.09673553 -0.5448301 -0.8274276 0.1361026 -0.5605105 -0.8195906 0.1187409 -0.2546921 -0.9607372 0.1100732 -0.270377 -0.9528937 0.1374409 -0.5918569 -0.7882385 0.1684798 -0.2703769 -0.9372178 0.2202705 -0.8584917 -0.4980856 0.1220778 -0.6153976 -0.7882168 0 -0.3879992 -0.9215294 0.0155 -0.8663337 -0.4980828 -0.03714114 -0.999064 -0.04325878 2.21562e-5 -0.9917927 -0.08248919 -0.09768718 -0.9369024 0.3409492 0.07725042 -0.9447433 0.3252672 0.04075926 -0.8035994 0.5918725 0.06256872 -0.8114413 0.5840313 0.02169376 -0.9510347 0.3090842 -1.28448e-5 -0.8036022 0.5840256 -0.1146208 -0.8114301 -0.4981104 -0.3057244 -0.5918816 -0.7647032 -0.254765 -0.9369001 -0.09818547 -0.3355265 -0.91337 0.3017511 -0.2733157 -0.8506442 -0.05896019 -0.5224252 -0.8114385 0.2782198 -0.5139663 -0.5997186 0.4507386 -0.66119 -0.7173273 0.5213091 -0.4622537 -0.5369875 -0.6941278 -0.4794071 -0.3096566 -0.8117289 -0.4951859 -0.3644737 -0.8901641 -0.2734355 -0.7251753 -0.4588724 -0.513378 -0.3409228 -0.4823567 -0.8069099 -0.53698 -0.3098794 -0.7846192 -0.5918809 -0.01191902 -0.8059375 -0.1606024 -0.09815067 -0.982127 -0.4899669 0.2704017 -0.8287433 -0.1529743 0.1059202 -0.9825375 -0.2076358 0.01162058 -0.9781372 -0.003754377 -0.004067301 -0.9999848 -0.05082595 0.1370583 -0.9892582 -0.01945018 0.137063 -0.9903714 -0.1056514 0.3488466 -0.9312056 -0.05081516 -0.1373602 -0.9892169 -0.01161164 -0.1530588 -0.9881489 -0.184154 -0.5373283 -0.8230223 0.01988458 -0.01191061 -0.9997314 0.004069268 0.1057689 -0.9943825 -0.1919552 0.3644791 -0.9112125 -0.3096008 0.5213056 -0.7952283 -0.1762955 0.5291391 -0.8300191 -0.4350448 0.7094917 -0.5543985 -0.5056211 0.8506457 -0.144046 -0.4977796 0.866329 0.04110544 -0.4889067 0.8723362 -1.47112e-5 -0.2154786 0.9761105 0.02788084 -0.2076435 0.9761091 0.0639941 -0.003782212 0.9996349 0.02675843 -0.003764092 0.9996342 0.02678728 0.2157971 0.9761095 0.02533298 0.2079592 0.9761079 0.06298023 0.4891436 0.8722032 -1.76942e-5 0.4980934 0.8663272 0.03715169 0.2001096 0.9761087 0.0846638 0.4891436 0.8722034 1.31963e-5 -0.003769218 0.9996346 0.02677148 0.1917813 0.9814377 5.24707e-6 0.4824043 0.8741711 0.05577772 0.4738171 0.8806234 3.53517e-6 0.184231 0.982883 -8.19191e-6 -0.003765285 0.999634 0.02678859 -0.003763139 0.999634 0.02679312 0.1842325 0.9828827 -2.12342e-7 0.4738172 0.8806232 -8.46049e-6 0.176588 0.9839512 0.02562975 0.4667232 0.8820113 0.06500548 0.4583311 0.8887816 1.81792e-5 0.1687481 0.9839509 0.05800807 -0.003763616 0.9996342 0.02678763 -0.003761827 0.9996339 0.02679783 -0.003767728 0.9917929 0.1277992 0.16092 0.9839504 0.07711273 -0.003766953 0.9996347 0.02676814 -0.003765881 0.9917899 0.1278223 0.1452237 0.9839512 0.1036837 0.3961495 0.913378 0.09384208 0.4275176 0.8976922 0.1066654 0.1295398 0.9839504 0.1227231 0.3647968 0.9290543 0.06149446 0.3334175 0.9369029 0.1050989 0.1217013 0.9917931 0.03918242 0.1295179 0.9915772 -7.9684e-6 0.30988 0.944747 0.1068993 -0.003769338 0.9996342 0.02678614 -0.003762483 0.9996339 0.02679699 -0.003765165 0.9917901 0.1278212 0.3098972 0.944741 0.1069028 0.1295081 0.9915784 -1.35079e-5 -0.00376743 0.9996345 0.02677357 0.6235482 0.7800748 0.05168068 0.5608257 0.819276 0.1194208 0.8274227 0.5605239 0.03441774 0.8195931 0.568349 0.07243424 0.5059244 0.8584899 0.08387899 0.9996193 -0.02759075 -1.7751e-5 0.9921023 -0.08248817 0.09449338 0.7647005 -0.6392332 0.08132666 0.7803804 -0.6235561 0.04673826 0.9998049 -0.01975417 -7.99522e-6 0.8013891 -0.5981435 2.08616e-7 0.8492087 0.5280574 -2.25591e-5 0.3883125 -0.9215279 -1.24313e-5 0.4118348 -0.9058465 0.09916871 0.1217004 -0.9921032 0.03033727 0.1373828 -0.9842633 0.1111391 0.3883228 -0.913684 0.1199466 0.3961597 -0.9136821 0.09078902 0.9293714 -0.3647844 0.05657917 0.1295355 -0.9842615 0.1202086 -0.003768444 -0.9921034 0.1253669 -0.003765881 -0.9921032 0.1253682 0.1530631 -0.9842621 0.08831644 -0.003763735 -0.9999446 0.00982511 -0.003763139 -0.9999449 0.00980091 -0.137073 -0.984259 0.111558 -0.1527506 -0.9842645 0.08882963 -0.1213924 -0.9921028 0.03155893 -0.3879933 -0.9215315 0.01552075 -0.3880028 -0.9136871 0.1209541 -0.4115254 -0.9058466 0.1004428 -0.1292397 -0.9842622 0.1205207 -0.8012779 -0.5982925 -1.85147e-6 -0.7800787 -0.6235467 0.05164259 -0.9996341 -0.01976054 0.01847392 -0.999619 -0.02760225 1.5308e-5 -0.764388 -0.639242 0.08414691 -0.3958353 -0.9136914 0.0921005 -0.9290592 -0.3647876 0.06147551 -0.9917922 -0.08248424 0.09769731 -0.81927 0.568368 0.07585924 -0.8271075 0.5605321 0.04119628 -0.5683575 0.8192763 0.07586765 -0.5056261 0.8584854 0.08570492 -0.8491229 0.5281955 -1.70802e-5 -0.6289587 0.7774387 -7.18934e-6 -0.4735684 0.8807571 1.8999e-5 -0.8192814 0.5683504 0.07586753 -0.3331115 0.9369037 0.1060578 -0.3644541 0.9290664 0.0633158 -0.1292335 0.9839528 0.1230279 -0.1213842 0.9917925 0.04017162 -0.129204 0.9916181 -1.81529e-5 -0.3095957 0.9447414 0.1077694 -0.3095806 0.9447463 0.1077692 -0.1292062 0.9916177 -2.1413e-5 -0.3958379 0.9133765 0.09516239 -0.1449111 0.9839534 0.1040997 -0.160596 0.9839513 0.07777464 -0.4272038 0.8976933 0.1079066 -0.1684376 0.983951 0.05889981 -0.1762786 0.9839516 0.02766436 -0.4580856 0.8889081 4.50015e-6 -0.4664152 0.8820114 0.06717765 -0.4735739 0.8807542 1.95941e-5 -0.1839281 0.9829397 -3.78117e-6 -0.4735796 0.880751 2.33502e-5 -0.1914858 0.9814954 -1.2286e-5 -0.1914842 0.9814958 -4.94346e-6 -0.4820977 0.8741705 0.05837744 -0.4889085 0.8723351 -4.56241e-6 -0.1998007 0.976112 0.08535403 0.9058517 0.3017475 -0.2972896 0.9372099 -0.09819668 -0.3346568 0.8117524 0.2782251 -0.5134674 0.6000291 0.4507306 -0.6609138 0.7176401 0.5213077 -0.4617697 0.4902556 0.2703819 -0.8285789 0.1530413 0.1059209 -0.982527 0.3098783 0.521301 -0.7951231 0.1922621 0.3644819 -0.9111467 0.1059862 0.3488157 -0.9311792 0.1765843 0.5291465 -0.8299531 0.05111777 0.1370775 -0.9892406 0.01976704 0.1370456 -0.9903675 -0.00376302 -0.004065811 -0.9999847 0.2079516 0.01161116 -0.9780703 0.05112421 -0.1373595 -0.989201 0.01192957 -0.1530442 -0.9881474 0.1844578 -0.537327 -0.8229551 -0.0193479 -0.01192182 -0.9997417 -0.003764867 0.1057018 -0.9943908 0.1138566 -0.5451416 -0.8305765 -0.003806531 -0.145182 -0.9893977 0.0589205 -0.5372504 -0.8413622 0.2079551 -0.8274325 -0.521642 -0.003771662 -0.01975905 -0.9997977 -0.003742337 -0.1452141 -0.9893932 0.2471582 -0.921538 -0.2994675 0.1138608 -0.8274208 -0.5499187 -0.003765165 -0.5451387 -0.8383375 -0.003762006 -0.8274258 -0.5615625 0.1452276 -0.9293678 -0.3393884 0.2706906 -0.9607378 0.06090563 0.1609058 -0.9842604 0.07308161 -0.003758966 -0.9372128 -0.3487377 -0.003777027 -0.9999446 0.009830296 -0.1135389 -0.8274503 -0.5499408 -0.05865716 -0.5372981 -0.8413502 0.004067361 -0.1452327 -0.9893893 -0.1135461 -0.5451469 -0.8306156 -0.2076519 -0.8274384 -0.5217533 -0.2468541 -0.9215237 -0.2997617 -0.144914 -0.9293691 -0.3395189 -0.2703747 -0.9607388 0.06227827 -0.1605981 -0.9842625 0.07372647 -0.003773689 0.09787386 -0.9951918 0.04328066 0.3017438 -0.9524062 -0.003771841 0.3095953 -0.9508609 0.07463103 0.3174288 -0.9453408 0.1373926 0.5291392 -0.8373382 0.09030824 0.5448091 -0.8336831 0.2079522 0.8036057 -0.5576504 0.2628552 0.7722219 -0.5784294 0.3098941 0.9368981 -0.1618263 0.2393293 0.9604276 -0.142479 0.1138681 0.8349491 -0.5384182 -0.003766298 0.5605067 -0.8281414 -0.003769576 0.842799 -0.5382153 0.1295417 0.9839542 -0.1226916 -0.00376904 0.9917941 -0.1277902 0.4275143 0.7095037 -0.5602108 0.4980812 0.8506531 -0.1682396 0.4738217 0.8806209 -3.88175e-6 0.8196021 0.5683351 0.07244145 -0.04299134 0.3017247 -0.9524253 -0.07449996 0.3173548 -0.9453759 -0.1370694 0.5291453 -0.8373872 -0.09001004 0.5448166 -0.8337105 -0.2076415 0.8036071 -0.5577642 -0.2625718 0.7722008 -0.5785865 -0.3095834 0.9368979 -0.1624205 -0.2390087 0.9604264 -0.1430242 -0.1135513 0.8349583 -0.5384708 -0.1292275 0.9839511 -0.1230471 -0.8428044 -0.529457 0.09672695</float_array>
          <technique_common>
            <accessor source="#toro_body-mesh-normals-array" count="377" stride="3">
              <param name="X" type="float"/>
              <param name="Y" type="float"/>
              <param name="Z" type="float"/>
            </accessor>
          </technique_common>
        </source>
        <source id="toro_body-mesh-map-0">
          <float_array id="toro_body-mesh-map-0-array" count="4416">0 0 0 0 0 0 0 0 0 0 0 0 0 0 0 0 0 0 0 0 0 0 0 0 0 0 0 0 0 0 0 0 0 0 0 0 0 0 0 0 0 0 0 0 0 0 0 0 0 0 0 0 0 0 0 0 0 0 0 0 0 0 0 0 0 0 0 0 0 0 0 0 0 0 0 0 0 0 0 0 0 0 0 0 0 0 0 0 0 0 0 0 0 0 0 0 0 0 0 0 0 0 0 0 0 0 0 0 0 0 0 0 0 0 0 0 0 0 0 0 0 0 0 0 0 0 0 0 0 0 0 0 0 0 0 0 0 0 0 0 0 0 0 0 0 0 0 0 0 0 0 0 0 0 0 0 0 0 0 0 0 0 0 0 0 0 0 0 0 0 0 0 0 0 0 0 0 0 0 0 0 0 0 0 0 0 0 0 0 0 0 0 0 0 0 0 0 0 0 0 0 0 0 0 0 0 0 0 0 0 0 0 0 0 0 0 0 0 0 0 0 0 0 0 0 0 0 0 0 0 0 0 0 0 0 0 0 0 0 0 0 0 0 0 0 0 0 0 0 0 0 0 0 0 0 0 0 0 0 0 0 0 0 0 0 0 0 0 0 0 0 0 0 0 0 0 0 0 0 0 0 0 0 0 0 0 0 0 0 0 0 0 0 0 0 0 0 0 0 0 0 0 0 0 0 0 0 0 0 0 0 0 0 0 0 0 0 0 0 0 0 0 0 0 0 0 0 0 0 0 0 0 0 0 0 0 0 0 0 0 0 0 0 0 0 0 0 0 0 0 0 0 0 0 0 0 0 0 0 0 0 0 0 0 0 0 0 0 0 0 0 0 0 0 0 0 0 0 0 0 0 0 0 0 0 0 0 0 0 0 0 0 0 0 0 0 0 0 0 0 0 0 0 0 0 0 0 0 0 0 0 0 0 0 0 0 0 0 0 0 0 0 0 0 0 0 0 0 0 0 0 0 0 0 0 0 0 0 0 0 0 0 0 0 0 0 0 0 0 0 0 0 0 0 0 0 0 0 0 0 0 0 0 0 0 0 0 0 0 0 0 0 0 0 0 0 0 0 0 0 0 0 0 0 0 0 0 0 0 0 0 0 0 0 0 0 0 0 0 0 0 0 0 0 0 0 0 0 0 0 0 0 0 0 0 0 0 0 0 0 0 0 0 0 0 0 0 0 0 0 0 0 0 0 0 0 0 0 0 0 0 0 0 0 0 0 0 0 0 0 0 0 0 0 0 0 0 0 0 0 0 0 0 0 0 0 0 0 0 0 0 0 0 0 0 0 0 0 0 0 0 0 0 0 0 0 0 0 0 0 0 0 0 0 0 0 0 0 0 0 0 0 0 0 0 0 0 0 0 0 0 0 0 0 0 0 0 0 0 0 0 0 0 0 0 0 0 0 0 0 0 0 0 0 0 0 0 0 0 0 0 0 0 0 0 0 0 0 0 0 0 0 0 0 0 0 0 0 0 0 0 0 0 0 0 0 0 0 0 0 0 0 0 0 0 0 0 0 0 0 0 0 0 0 0 0 0 0 0 0 0 0 0 0 0 0 0 0 0 0 0 0 0 0 0 0 0 0 0 0 0 0 0 0 0 0 0 0 0 0 0 0 0 0 0 0 0 0 0 0 0 0 0 0 0 0 0 0 0 0 0 0 0 0 0 0 0 0 0 0 0 0 0 0 0 0 0 0 0 0 0 0 0 0 0 0 0 0 0 0 0 0 0 0 0 0 0 0 0 0 0 0 0 0 0 0 0 0 0 0 0 0 0 0 0 0 0 0 0 0 0 0 0 0 0 0 0 0 0 0 0 0 0 0 0 0 0 0 0 0 0 0 0 0 0 0 0 0 0 0 0 0 0 0 0 0 0 0 0 0 0 0 0 0 0 0 0 0 0 0 0 0 0 0 0 0 0 0 0 0 0 0 0 0 0 0 0 0 0 0 0 0 0 0 0 0 0 0 0 0 0 0 0 0 0 0 0 0 0 0 0 0 0 0 0 0 0 0 0 0 0 0 0 0 0 0 0 0 0 0 0 0 0 0 0 0 0 0 0 0 0 0 0 0 0 0 0 0 0 0 0 0 0 0 0 0 0 0 0 0 0 0 0 0 0 0 0 0 0 0 0 0 0 0 0 0 0 0 0 0 0 0 0 0 0 0 0 0 0 0 0 0 0 0 0 0 0 0 0 0 0 0 0 0 0 0 0 0 0 0 0 0 0 0 0 0 0 0 0 0 0 0 0 0 0 0 0 0 0 0 0 0 0 0 0 0 0 0 0 0 0 0 0 0 0 0 0 0 0 0 0 0 0 0 0 0 0 0 0 0 0 0 0 0 0 0 0 0 0 0 0 0 0 0 0 0 0 0 0 0 0 0 0 0 0 0 0 0 0 0 0 0 0 0 0 0 0 0 0 0 0 0 0 0 0 0 0 0 0 0 0 0 0 0 0 0 0 0 0 0 0 0 0 0 0 0 0 0 0 0 0 0 0 0 0 0 0 0 0 0 0 0 0 0 0 0 0 0 0 0 0 0 0 0 0 0 0 0 0 0 0 0 0 0 0 0 0 0 0 0 0 0 0 0 0 0 0 0 0 0 0 0 0 0 0 0 0 0 0 0 0 0 0 0 0 0 0 0 0 0 0 0 0 0 0 0 0 0 0 0 0 0 0 0 0 0 0 0 0 0 0 0 0 0 0 0 0 0 0 0 0 0 0 0 0 0 0 0 0 0 0 0 0 0 0 0 0 0 0 0 0 0 0 0 0 0 0 0 0 0 0 0 0 0 0 0 0 0 0 0 0 0 0 0 0 0 0 0 0 0 0 0 0 0 0 0 0 0 0 0 0 0 0 0 0 0 0 0 0 0 0 0 0 0 0 0 0 0 0 0 0 0 0 0 0 0 0 0 0 0 0 0 0 0 0 0 0 0 0 0 0 0 0 0 0 0 0 0 0 0 0 0 0 0 0 0 0 0 0 0 0 0 0 0 0 0 0 0 0 0 0 0 0 0 0 0 0 0 0 0 0 0 0 0 0 0 0 0 0 0 0 0 0 0 0 0 0 0 0 0 0 0 0 0 0 0 0 0 0 0 0 0 0 0 0 0 0 0 0 0 0 0 0 0 0 0 0 0 0 0 0 0 0 0 0 0 0 0 0 0 0 0 0 0 0 0 0 0 0 0 0 0 0 0 0 0 0 0 0 0 0 0 0 0 0 0 0 0 0 0 0 0 0 0 0 0 0 0 0 0 0 0 0 0 0 0 0 0 0 0 0 0 0 0 0 0 0 0 0 0 0 0 0 0 0 0 0 0 0 0 0 0 0 0 0 0 0 0 0 0 0 0 0 0 0 0 0 0 0 0 0 0 0 0 0 0 0 0 0 0 0 0 0 0 0 0 0 0 0 0 0 0 0 0 0 0 0 0 0 0 0 0 0 0 0 0 0 0 0 0 0 0 0 0 0 0 0 0 0 0 0 0 0 0 0 0 0 0 0 0 0 0 0 0 0 0 0 0 0 0 0 0 0 0 0 0 0 0 0 0 0 0 0 0 0 0 0 0 0 0 0 0 0 0 0 0 0 0 0 0 0 0 0 0 0 0 0 0 0 0 0 0 0 0 0 0 0 0 0 0 0 0 0 0 0 0 0 0 0 0 0 0 0 0 0 0 0 0 0 0 0 0 0 0 0 0 0 0 0 0 0 0 0 0 0 0 0 0 0 0 0 0 0 0 0 0 0 0 0 0 0 0 0 0 0 0 0 0 0 0 0 0 0 0 0 0 0 0 0 0 0 0 0 0 0 0 0 0 0 0 0 0 0 0 0 0 0 0 0 0 0 0 0 0 0 0 0 0 0 0 0 0 0 0 0 0 0 0 0 0 0 0 0 0 0 0 0 0 0 0 0 0 0 0 0 0 0 0 0 0 0 0 0 0 0 0 0 0 0 0 0 0 0 0 0 0 0 0 0 0 0 0 0 0 0 0 0 0 0 0 0 0 0 0 0 0 0 0 0 0 0 0 0 0 0 0 0 0 0 0 0 0 0 0 0 0 0 0 0 0 0 0 0 0 0 0 0 0 0 0 0 0 0 0 0 0 0 0 0 0 0 0 0 0 0 0 0 0 0 0 0 0 0 0 0 0 0 0 0 0 0 0 0 0 0 0 0 0 0 0 0 0 0 0 0 0 0 0 0 0 0 0 0 0 0 0 0 0 0 0 0 0 0 0 0 0 0 0 0 0 0 0 0 0 0 0 0 0 0 0 0 0 0 0 0 0 0 0 0 0 0 0 0 0 0 0 0 0 0 0 0 0 0 0 0 0 0 0 0 0 0 0 0 0 0 0 0 0 0 0 0 0 0 0 0 0 0 0 0 0 0 0 0 0 0 0 0 0 0 0 0 0 0 0 0 0 0 0 0 0 0 0 0 0 0 0 0 0 0 0 0 0 0 0 0 0 0 0 0 0 0 0 0 0 0 0 0 0 0 0 0 0 0 0 0 0 0 0 0 0 0 0 0 0 0 0 0 0 0 0 0 0 0 0 0 0 0 0 0 0 0 0 0 0 0 0 0 0 0 0 0 0 0 0 0 0 0 0 0 0 0 0 0 0 0 0 0 0 0 0 0 0 0 0 0 0 0 0 0 0 0 0 0 0 0 0 0 0 0 0 0 0 0 0 0 0 0 0 0 0 0 0 0 0 0 0 0 0 0 0 0 0 0 0 0 0 0 0 0 0 0 0 0 0 0 0 0 0 0 0 0 0 0 0 0 0 0 0 0 0 0 0 0 0 0 0 0 0 0 0 0 0 0 0 0 0 0 0 0 0 0 0 0 0 0 0 0 0 0 0 0 0 0 0 0 0 0 0 0 0 0 0 0 0 0 0 0 0 0 0 0 0 0 0 0 0 0 0 0 0 0 0 0 0 0 0 0 0 0 0 0 0 0 0 0 0 0 0 0 0 0 0 0 0 0 0 0 0 0 0 0 0 0 0 0 0 0 0 0 0 0 0 0 0 0 0 0 0 0 0 0 0 0 0 0 0 0 0 0 0 0 0 0 0 0 0 0 0 0 0 0 0 0 0 0 0 0 0 0 0 0 0 0 0 0 0 0 0 0 0 0 0 0 0 0 0 0 0 0 0 0 0 0 0 0 0 0 0 0 0 0 0 0 0 0 0 0 0 0 0 0 0 0 0 0 0 0 0 0 0 0 0 0 0 0 0 0 0 0 0 0 0 0 0 0 0 0 0 0 0 0 0 0 0 0 0 0 0 0 0 0 0 0 0 0 0 0 0 0 0 0 0 0 0 0 0 0 0 0 0 0 0 0 0 0 0 0 0 0 0 0 0 0 0 0 0 0 0 0 0 0 0 0 0 0 0 0 0 0 0 0 0 0 0 0 0 0 0 0 0 0 0 0 0 0 0 0 0 0 0 0 0 0 0 0 0 0 0 0 0 0 0 0 0 0 0 0 0 0 0 0 0 0 0 0 0 0 0 0 0 0 0 0 0 0 0 0 0 0 0 0 0 0 0 0 0 0 0 0 0 0 0 0 0 0 0 0 0 0 0 0 0 0 0 0 0 0 0 0 0 0 0 0 0 0 0 0 0 0 0 0 0 0 0 0 0 0 0 0 0 0 0 0 0 0 0 0 0 0 0 0 0 0 0 0 0 0 0 0 0 0 0 0 0 0 0 0 0 0 0 0 0 0 0 0 0 0 0 0 0 0 0 0 0 0 0 0 0 0 0 0 0 0 0 0 0 0 0 0 0 0 0 0 0 0 0 0 0 0 0 0 0 0 0 0 0 0 0 0 0 0 0 0 0 0 0 0 0 0 0 0 0 0 0 0 0 0 0 0 0 0 0 0 0 0 0 0 0 0 0 0 0 0 0 0 0 0 0 0 0 0 0 0 0 0 0 0 0 0 0 0 0 0 0 0 0 0 0 0 0 0 0 0 0 0 0 0 0 0 0 0 0 0 0 0 0 0 0 0 0 0 0 0 0 0 0 0 0 0 0 0 0 0 0 0 0 0 0 0 0 0 0 0 0 0 0 0 0 0 0 0 0 0 0 0 0 0 0 0 0 0 0 0 0 0 0 0 0 0 0 0 0 0 0 0 0 0 0 0 0 0 0 0 0 0 0 0 0 0 0 0 0 0 0 0 0 0 0 0 0 0 0 0 0 0 0 0 0 0 0 0 0 0 0 0 0 0 0 0 0 0 0 0 0 0 0 0 0 0 0 0 0 0 0 0 0 0 0 0 0 0 0 0 0 0 0 0 0 0 0 0 0 0 0 0 0 0 0 0 0 0 0 0 0 0 0 0 0 0 0 0 0 0 0 0 0 0 0 0 0 0 0 0 0 0 0 0 0 0 0 0 0 0 0 0 0 0 0 0 0 0 0 0 0 0 0 0 0 0 0 0 0 0 0 0 0 0 0 0 0 0 0 0 0 0 0 0 0 0 0 0 0 0 0 0 0 0 0 0 0 0 0 0 0 0 0 0 0 0 0 0 0 0 0 0 0 0 0 0 0 0 0 0 0 0 0 0 0 0 0 0 0 0 0 0 0 0 0 0 0 0 0 0 0 0 0 0 0 0 0 0 0 0 0 0 0 0 0 0 0 0 0 0 0 0 0 0 0 0 0 0 0 0 0 0 0 0 0 0 0 0 0 0 0 0 0 0 0 0 0 0 0 0 0 0 0 0 0 0 0 0 0 0 0 0 0 0 0 0 0 0 0 0 0 0 0 0 0 0 0 0 0 0 0 0 0 0 0 0 0 0 0 0 0 0 0 0 0 0 0 0 0 0 0 0 0 0 0 0 0 0 0 0 0 0 0 0 0 0 0 0 0 0 0 0 0 0 0 0 0 0 0 0 0 0 0 0 0 0 0 0 0 0 0 0 0 0 0 0 0 0 0 0 0 0 0 0 0 0 0 0 0 0 0 0 0 0 0 0 0 0 0 0 0 0 0 0 0 0 0 0 0 0 0 0 0 0 0 0 0 0 0 0 0 0 0 0 0 0 0 0 0 0 0 0 0 0 0 0 0 0 0 0 0 0 0 0 0 0 0 0 0 0 0 0 0 0 0 0 0 0 0 0 0 0 0 0 0 0 0 0 0 0 0 0 0 0 0 0 0 0 0 0 0 0 0 0 0 0 0 0 0 0 0 0 0 0 0 0 0 0 0 0 0 0 0 0 0 0 0 0 0 0 0 0 0 0 0 0 0 0 0 0 0 0 0 0 0 0 0 0 0 0 0 0 0 0 0 0 0 0 0 0 0 0 0 0 0 0 0 0 0 0 0 0 0 0 0 0 0 0 0 0 0 0 0 0 0 0 0 0 0 0 0 0 0 0 0 0 0 0 0 0 0 0 0 0 0 0 0 0 0 0 0 0 0 0 0 0 0 0 0 0 0 0 0 0 0 0 0 0 0 0 0 0 0 0 0 0 0 0 0 0 0 0 0 0 0 0 0 0 0 0 0 0 0 0 0 0 0 0 0 0 0 0 0 0 0 0 0 0 0 0 0 0 0 0 0 0 0 0 0 0 0 0 0 0 0 0 0 0 0 0 0 0 0 0 0 0 0 0 0 0 0 0 0 0 0 0 0 0 0 0 0 0 0 0 0 0 0 0 0 0 0 0 0 0 0 0 0 0 0 0 0 0 0 0 0 0 0 0 0 0 0 0 0 0 0 0 0 0 0 0 0 0 0 0 0 0 0 0 0 0 0 0 0 0 0 0 0 0 0 0 0 0 0 0 0 0 0 0 0 0 0 0 0 0 0 0 0 0 0 0 0 0 0 0 0 0 0 0 0 0 0 0 0 0 0 0 0 0 0 0 0 0 0 0 0 0 0 0 0 0 0 0 0 0 0 0 0 0 0 0 0 0 0 0 0 0 0 0 0 0 0 0 0 0 0 0 0 0 0 0 0 0 0 0 0 0 0 0 0 0 0 0 0 0 0 0 0 0 0 0 0 0 0 0 0 0 0 0 0 0 0 0 0 0 0 0 0 0 0 0 0 0 0 0 0 0 0 0 0 0 0 0 0 0 0 0 0 0 0 0 0 0 0 0 0 0 0 0 0 0 0 0 0 0 0 0 0 0 0 0 0 0 0 0 0 0 0 0 0 0 0 0 0 0 0 0 0 0 0 0 0 0 0 0 0 0 0 0 0 0 0 0 0 0 0 0 0 0 0 0 0 0 0 0 0 0 0 0 0 0 0 0 0 0 0 0 0 0 0 0 0 0 0 0 0 0 0 0 0 0 0 0 0 0 0 0 0 0 0 0 0 0 0 0 0 0 0 0 0 0 0 0 0 0 0 0 0 0 0 0 0 0 0 0 0 0 0 0 0 0 0 0 0 0 0 0 0 0 0 0 0 0 0 0 0 0 0 0 0 0 0 0 0 0 0 0 0 0 0 0 0 0 0 0 0 0 0 0 0 0 0 0 0 0 0 0 0 0 0 0 0 0 0 0 0 0 0 0 0 0 0 0 0 0 0 0 0 0 0 0 0 0 0 0 0 0 0 0 0 0 0 0 0 0 0 0 0 0 0 0 0 0 0 0 0 0 0 0 0 0 0 0 0 0 0 0 0 0 0 0 0 0 0 0 0 0 0 0 0 0 0 0 0 0 0 0 0 0 0 0 0 0 0 0 0 0 0 0 0 0 0 0 0 0 0 0 0 0 0 0 0 0 0 0 0 0 0 0 0 0 0 0 0 0 0 0 0 0 0 0 0 0 0 0 0 0 0 0 0 0 0 0 0 0 0 0 0 0 0 0 0 0 0 0 0 0 0 0 0 0 0 0 0 0 0 0 0 0 0 0 0 0 0 0 0 0 0 0 0 0 0 0 0 0 0 0 0 0 0 0 0 0 0 0 0 0 0 0 0 0 0 0 0 0 0 0 0 0 0 0 0 0 0 0 0 0 0 0 0 0 0 0 0 0 0 0 0 0 0 0 0 0 0 0 0 0 0 0 0 0 0 0 0 0 0 0 0 0 0 0 0 0 0 0 0 0 0 0 0 0 0 0 0 0 0 0 0 0 0 0 0 0 0 0 0 0 0 0 0 0 0 0 0 0 0 0 0 0 0 0 0 0 0 0 0 0 0 0 0 0 0 0 0 0 0 0 0 0 0 0 0 0 0 0 0 0 0 0 0 0 0 0 0 0 0 0 0 0 0 0 0 0 0 0 0 0 0 0 0 0 0 0 0 0 0 0 0 0 0 0 0 0 0 0 0 0 0 0 0 0 0 0 0 0 0 0 0 0 0 0 0 0 0 0 0 0 0 0 0 0 0 0 0 0 0 0 0 0 0 0 0 0 0 0 0 0 0 0 0 0 0 0 0 0 0 0 0 0 0 0 0 0 0 0 0 0 0 0 0 0 0 0 0 0 0 0 0 0 0 0 0 0 0 0 0 0 0 0 0 0 0 0 0 0 0 0 0 0 0 0 0 0 0 0 0 0 0 0 0 0 0 0 0 0 0 0 0 0 0 0 0 0 0 0 0 0 0 0 0 0 0 0 0 0 0 0 0 0 0 0 0 0 0 0 0 0 0 0 0 0 0 0 0 0 0 0 0 0 0 0 0 0 0 0 0 0 0 0 0 0 0 0 0 0 0 0 0 0 0 0 0 0 0 0 0 0 0 0 0 0 0 0 0 0 0 0 0 0 0 0 0 0 0 0 0 0 0 0 0 0 0 0 0 0 0 0 0 0 0 0 0 0 0 0 0 0 0 0 0 0 0 0 0 0 0 0 0 0 0 0 0 0 0 0 0 0 0 0 0 0 0 0 0 0 0 0 0 0 0 0 0 0 0 0 0 0 0 0 0 0 0 0 0 0 0 0 0 0 0 0 0 0 0 0 0 0 0 0 0 0 0 0 0 0 0 0 0 0 0 0 0 0 0</float_array>
          <technique_common>
            <accessor source="#toro_body-mesh-map-0-array" count="2208" stride="2">
              <param name="S" type="float"/>
              <param name="T" type="float"/>
            </accessor>
          </technique_common>
        </source>
        <source id="toro_body-mesh-colors-Col" name="Col">
          <float_array id="toro_body-mesh-colors-Col-array" count="8832">0 0 0 0 0 0 0 0 0 0 0 0 0 0 0 0 0 0 0 0 0 0 0 0 0 0 0 0 0 0 0 0 0 0 0 0 0 0 0 0 0 0 0 0 0 0 0 0 0 0 0 0 0 0 0 0 0 0 0 0 0 0 0 0 0 0 0 0 0 0 0 0 0 0 0 0 0 0 0 0 0 0 0 0 0 0 0 0 0 0 0 0 0 0 0 0 0 0 0 0 0 0 0 0 0 0 0 0 0 0 0 0 0 0 0 0 0 0 0 0 0 0 0 0 0 0 0 0 0 0 0 0 0 0 0 0 0 0 0 0 0 0 0 0 0 0 0 0 0 0 0 0 0 0 0 0 0 0 0 0 0 0 0 0 0 0 0 0 0 0 0 0 0 0 0 0 0 0 0 0 0 0 0 0 0 0 0 0 0 0 0 0 0 0 0 0 0 0 0 0 0 0 0 0 0 0 0 0 0 0 0 0 0 0 0 0 0 0 0 0 0 0 0 0 0 0 0 0 0 0 0 0 0 0 0 0 0 0 0 0 0 0 0 0 0 0 0 0 0 0 0 0 0 0 0 0 0 0 0 0 0 0 0 0 0 0 0 0 0 0 0 0 0 0 0 0 0 0 0 0 0 0 0 0 0 0 0 0 0 0 0 0 0 0 0 0 0 0 0 0 0 0 0 0 0 0 0 0 0 0 0 0 0 0 0 0 0 0 0 0 0 0 0 0 0 0 0 0 0 0 0 0 0 0 0 0 0 0 0 0 0 0 0 0 0 0 0 0 0 0 0 0 0 0 0 0 0 0 0 0 0 0 0 0 0 0 0 0 0 0 0 0 0 0 0 0 0 0 0 0 0 0 0 0 0 0 0 0 0 0 0 0 0 0 0 0 0 0 0 0 0 0 0 0 0 0 0 0 0 0 0 0 0 0 0 0 0 0 0 0 0 0 0 0 0 0 0 0 0 0 0 0 0 0 0 0 0 0 0 0 0 0 0 0 0 0 0 0 0 0 0 0 0 0 0 0 0 0 0 0 0 0 0 0 0 0 0 0 0 0 0 0 0 0 0 0 0 0 0 0 0 0 0 0 0 0 0 0 0 0 0 0 0 0 0 0 0 0 0 0 0 0 0 0 0 0 0 0 0 0 0 0 0 0 0 0 0 0 0 0 0 0 0 0 0 0 0 0 0 0 0 0 0 0 0 0 0 0 0 0 0 0 0 0 0 0 0 0 0 0 0 0 0 0 0 0 0 0 0 0 0 0 0 0 0 0 0 0 0 0 0 0 0 0 0 0 0 0 0 0 0 0 0 0 0 0 0 0 0 0 0 0 0 0 0 0 0 0 0 0 0 0 0 0 0 0 0 0 0 0 0 0 0 0 0 0 0 0 0 0 0 0 0 0 0 0 0 0 0 0 0 0 0 0 0 0 0 0 0 0 0 0 0 0 0 0 0 0 0 0 0 0 0 0 0 0 0 0 0 0 0 0 0 0 0 0 0 0 0 0 0 0 0 0 0 0 0 0 0 0 0 0 0 0 0 0 0 0 0 0 0 0 0 0 0 0 0 0 0 0 0 0 0 0 0 0 0 0 0 0 0 0 0 0 0 0 0 0 0 0 0 0 0 0 0 0 0 0 0 0 0 0 0 0 0 0 0 0 0 0 0 0 0 0 0 0 0 0 0 0 0 0 0 0 0 0 0 0 0 0 0 0 0 0 0 0 0 0 0 0 0 0 0 0 0 0 0 0 0 0 0 0 0 0 0 0 0 0 0 0 0 0 0 0 0 0 0 0 0 0 0 0 0 0 0 0 0 0 0 0 0 0 0 0 0 0 0 0 0 0 0 0 0 0 0 0 0 0 0 0 0 0 0 0 0 0 0 0 0 0 0 0 0 0 0 0 0 0 0 0 0 0 0 0 0 0 0 0 0 0 0 0 0 0 0 0 0 0 0 0 0 0 0 0 0 0 0 0 0 0 0 0 0 0 0 0 0 0 0 0 0 0 0 0 0 0 0 0 0 0 0 0 0 0 0 0 0 0 0 0 0 0 0 0 0 0 0 0 0 0 0 0 0 0 0 0 0 0 0 0 0 0 0 0 0 0 0 0 0 0 0 0 0 0 0 0 0 0 0 0 0 0 0 0 0 0 0 0 0 0 0 0 0 0 0 0 0 0 0 0 0 0 0 0 0 0 0 0 0 0 0 0 0 0 0 0 0 0 0 0 0 0 0 0 0 0 0 0 0 0 0 0 0 0 0 0 0 0 0 0 0 0 0 0 0 0 0 0 0 0 0 0 0 0 0 0 0 0 0 0 0 0 0 0 0 0 0 0 0 0 0 0 0 0 0 0 0 0 0 0 0 0 0 0 0 0 0 0 0 0 0 0 0 0 0 0 0 0 0 0 0 0 0 0 0 0 0 0 0 0 0 0 0 0 0 0 0 0 0 0 0 0 0 0 0 0 0 0 0 0 0 0 0 0 0 0 0 0 0 0 0 0 0 0 0 0 0 0 0 0 0 0 0 0 0 0 0 0 0 0 0 0 0 0 0 0 0 0 0 0 0 0 0 0 0 0 0 0 0 0 0 0 0 0 0 0 0 0 0 0 0 0 0 0 0 0 0 0 0 0 0 0 0 0 0 0 0 0 0 0 0 0 0 0 0 0 0 0 0 0 0 0 0 0 0 0 0 0 0 0 0 0 0 0 0 0 0 0 0 0 0 0 0 0 0 0 0 0 0 0 0 0 0 0 0 0 0 0 0 0 0 0 0 0 0 0 0 0 0 0 0 0 0 0 0 0 0 0 0 0 0 0 0 0 0 0 0 0 0 0 0 0 0 0 0 0 0 0 0 0 0 0 0 0 0 0 0 0 0 0 0 0 0 0 0 0 0 0 0 0 0 0 0 0 0 0 0 0 0 0 0 0 0 0 0 0 0 0 0 0 0 0 0 0 0 0 0 0 0 0 0 0 0 0 0 0 0 0 0 0 0 0 0 0 0 0 0 0 0 0 0 0 0 0 0 0 0 0 0 0 0 0 0 0 0 0 0 0 0 0 0 0 0 0 0 0 0 0 0 0 0 0 0 0 0 0 0 0 0 0 0 0 0 0 0 0 0 0 0 0 0 0 0 0 0 0 0 0 0 0 0 0 0 0 0 0 0 0 0 0 0 0 0 0 0 0 0 0 0 0 0 0 0 0 0 0 0 0 0 0 0 0 0 0 0 0 0 0 0 0 0 0 0 0 0 0 0 0 0 0 0 0 0 0 0 0 0 0 0 0 0 0 0 0 0 0 0 0 0 0 0 0 0 0 0 0 0 0 0 0 0 0 0 0 0 0 0 0 0 0 0 0 0 0 0 0 0 0 0 0 0 0 0 0 0 0 0 0 0 0 0 0 0 0 0 0 0 0 0 0 0 0 0 0 0 0 0 0 0 0 0 0 0 0 0 0 0 0 0 0 0 0 0 0 0 0 0 0 0 0 0 0 0 0 0 0 0 0 0 0 0 0 0 0 0 0 0 0 0 0 0 0 0 0 0 0 0 0 0 0 0 0 0 0 0 0 0 0 0 0 0 0 0 0 0 0 0 0 0 0 0 0 0 0 0 0 0 0 0 0 0 0 0 0 0 0 0 0 0 0 0 0 0 0 0 0 0 0 0 0 0 0 0 0 0 0 0 0 0 0 0 0 0 0 0 0 0 0 0 0 0 0 0 0 0 0 0 0 0 0 0 0 0 0 0 0 0 0 0 0 0 0 0 0 0 0 0 0 0 0 0 0 0 0 0 0 0 0 0 0 0 0 0 0 0 0 0 0 0 0 0 0 0 0 0 0 0 0 0 0 0 0 0 0 0 0 0 0 0 0 0 0 0 0 0 0 0 0 0 0 0 0 0 0 0 0 0 0 0 0 0 0 0 0 0 0 0 0 0 0 0 0 0 0 0 0 0 0 0 0 0 0 0 0 0 0 0 0 0 0 0 0 0 0 0 0 0 0 0 0 0 0 0 0 0 0 0 0 0 0 0 0 0 0 0 0 0 0 0 0 0 0 0 0 0 0 0 0 0 0 0 0 0 0 0 0 0 0 0 0 0 0 0 0 0 0 0 0 0 0 0 0 0 0 0 0 0 0 0 0 0 0 0 0 0 0 0 0 0 0 0 0 0 0 0 0 0 0 0 0 0 0 0 0 0 0 0 0 0 0 0 0 0 0 0 0 0 0 0 0 0 0 0 0 0 0 0 0 0 0 0 0 0 0 0 0 0 0 0 0 0 0 0 0 0 0 0 0 0 0 0 0 0 0 0 0 0 0 0 0 0 0 0 0 0 0 0 0 0 0 0 0 0 0 0 0 0 0 0 0 0 0 0 0 0 0 0 0 0 0 0 0 0 0 0 0 0 0 0 0 0 0 0 0 0 0 0 0 0 0 0 0 0 0 0 0 0 0 0 0 0 0 0 0 0 0 0 0 0 0 0 0 0 0 0 0 0 0 0 0 0 0 0 0 0 0 0 0 0 0 0 0 0 0 0 0 0 0 0 0 0 0 0 0 0 0 0 0 0 0 0 0 0 0 0 0 0 0 0 0 0 0 0 0 0 0 0 0 0 0 0 0 0 0 0 0 0 0 0 0 0 0 0 0 0 0 0 0 0 0 0 0 0 0 0 0 0 0 0 0 0 0 0 0 0 0 0 0 0 0 0 0 0 0 0 0 0 0 0 0 0 0 0 0 0 0 0 0 0 0 0 0 0 0 0 0 0 0 0 0 0 0 0 0 0 0 0 0 0 0 0 0 0 0 0 0 0 0 0 0 0 0 0 0 0 0 0 0 0 0 0 0 0 0 0 0 0 0 0 0 0 0 0 0 0 0 0 0 0 0 0 0 0 0 0 0 0 0 0 0 0 0 0 0 0 0 0 0 0 0 0 0 0 0 0 0 0 0 0 0 0 0 0 0 0 0 0 0 0 0 0 0 0 0 0 0 0 0 0 0 0 0 0 0 0 0 0 0 0 0 0 0 0 0 0 0 0 0 0 0 0 0 0 0 0 0 0 0 0 0 0 0 0 0 0 0 0 0 0 0 0 0 0 0 0 0 0 0 0 0 0 0 0 0 0 0 0 0 0 0 0 0 0 0 0 0 0 0 0 0 0 0 0 0 0 0 0 0 0 0 0 0 0 0 0 0 0 0 0 0 0 0 0 0 0 0 0 0 0 0 0 0 0 0 0 0 0 0 0 0 0 0 0 0 0 0 0 0 0 0 0 0 0 0 0 0 0 0 0 0 0 0 0 0 0 0 0 0 0 0 0 0 0 0 0 0 0 0 0 0 0 0 0 0 0 0 0 0 0 0 0 0 0 0 0 0 0 0 0 0 0 0 0 0 0 0 0 0 0 0 0 0 0 0 0 0 0 0 0 0 0 0 0 0 0 0 0 0 0 0 0 0 0 0 0 0 0 0 0 0 0 0 0 0 0 0 0 0 0 0 0 0 0 0 0 0 0 0 0 0 0 0 0 0 0 0 0 0 0 0 0 0 0 0 0 0 0 0 0 0 0 0 0 0 0 0 0 0 0 0 0 0 0 0 0 0 0 0 0 0 0 0 0 0 0 0 0 0 0 0 0 0 0 0 0 0 0 0 0 0 0 0 0 0 0 0 0 0 0 0 0 0 0 0 0 0 0 0 0 0 0 0 0 0 0 0 0 0 0 0 0 0 0 0 0 0 0 0 0 0 0 0 0 0 0 0 0 0 0 0 0 0 0 0 0 0 0 0 0 0 0 0 0 0 0 0 0 0 0 0 0 0 0 0 0 0 0 0 0 0 0 0 0 0 0 0 0 0 0 0 0 0 0 0 0 0 0 0 0 0 0 0 0 0 0 0 0 0 0 0 0 0 0 0 0 0 0 0 0 0 0 0 0 0 0 0 0 0 0 0 0 0 0 0 0 0 0 0 0 0 0 0 0 0 0 0 0 0 0 0 0 0 0 0 0 0 0 0 0 0 0 0 0 0 0 0 0 0 0 0 0 0 0 0 0 0 0 0 0 0 0 0 0 0 0 0 0 0 0 0 0 0 0 0 0 0 0 0 0 0 0 0 0 0 0 0 0 0 0 0 0 0 0 0 0 0 0 0 0 0 0 0 0 0 0 0 0 0 0 0 0 0 0 0 0 0 0 0 0 0 0 0 0 0 0 0 0 0 0 0 0 0 0 0 0 0 0 0 0 0 0 0 0 0 0 0 0 0 0 0 0 0 0 0 0 0 0 0 0 0 0 0 0 0 0 0 0 0 0 0 0 0 0 0 0 0 0 0 0 0 0 0 0 0 0 0 0 0 0 0 0 0 0 0 0 0 0 0 0 0 0 0 0 0 0 0 0 0 0 0 0 0 0 0 0 0 0 0 0 0 0 0 0 0 0 0 0 0 0 0 0 0 0 0 0 0 0 0 0 0 0 0 0 0 0 0 0 0 0 0 0 0 0 0 0 0 0 0 0 0 0 0 0 0 0 0 0 0 0 0 0 0 0 0 0 0 0 0 0 0 0 0 0 0 0 0 0 0 0 0 0 0 0 0 0 0 0 0 0 0 0 0 0 0 0 0 0 0 0 0 0 0 0 0 0 0 0 0 0 0 0 0 0 0 0 0 0 0 0 0 0 0 0 0 0 0 0 0 0 0 0 0 0 0 0 0 0 0 0 0 0 0 0 0 0 0 0 0 0 0 0 0 0 0 0 0 0 0 0 0 0 0 0 0 0 0 0 0 0 0 0 0 0 0 0 0 0 0 0 0 0 0 0 0 0 0 0 0 0 0 0 0 0 0 0 0 0 0 0 0 0 0 0 0 0 0 0 0 0 0 0 0 0 0 0 0 0 0 0 0 0 0 0 0 0 0 0 0 0 0 0 0 0 0 0 0 0 0 0 0 0 0 0 0 0 0 0 0 0 0 0 0 0 0 0 0 0 0 0 0 0 0 0 0 0 0 0 0 0 0 0 0 0 0 0 0 0 0 0 0 0 0 0 0 0 0 0 0 0 0 0 0 0 0 0 0 0 0 0 0 0 0 0 0 0 0 0 0 0 0 0 0 0 0 0 0 0 0 0 0 0 0 0 0 0 0 0 0 0 0 0 0 0 0 0 0 0 0 0 0 0 0 0 0 0 0 0 0 0 0 0 0 0 0 0 0 0 0 0 0 0 0 0 0 0 0 0 0 0 0 0 0 0 0 0 0 0 0 0 0 0 0 0 0 0 0 0 0 0 0 0 0 0 0 0 0 0 0 0 0 0 0 0 0 0 0 0 0 0 0 0 0 0 0 0 0 0 0 0 0 0 0 0 0 0 0 0 0 0 0 0 0 0 0 0 0 0 0 0 0 0 0 0 0 0 0 0 0 0 0 0 0 0 0 0 0 0 0 0 0 0 0 0 0 0 0 0 0 0 0 0 0 0 0 0 0 0 0 0 0 0 0 0 0 0 0 0 0 0 0 0 0 0 0 0 0 0 0 0 0 0 0 0 0 0 0 0 0 0 0 0 0 0 0 0 0 0 0 0 0 0 0 0 0 0 0 0 0 0 0 0 0 0 0 0 0 0 0 0 0 0 0 0 0 0 0 0 0 0 0 0 0 0 0 0 0 0 0 0 0 0 0 0 0 0 0 0 0 0 0 0 0 0 0 0 0 0 0 0 0 0 0 0 0 0 0 0 0 0 0 0 0 0 0 0 0 0 0 0 0 0 0 0 0 0 0 0 0 0 0 0 0 0 0 0 0 0 0 0 0 0 0 0 0 0 0 0 0 0 0 0 0 0 0 0 0 0 0 0 0 0 0 0 0 0 0 0 0 0 0 0 0 0 0 0 0 0 0 0 0 0 0 0 0 0 0 0 0 0 0 0 0 0 0 0 0 0 0 0 0 0 0 0 0 0 0 0 0 0 0 0 0 0 0 0 0 0 0 0 0 0 0 0 0 0 0 0 0 0 0 0 0 0 0 0 0 0 0 0 0 0 0 0 0 0 0 0 0 0 0 0 0 0 0 0 0 0 0 0 0 0 0 0 0 0 0 0 0 0 0 0 0 0 0 0 0 0 0 0 0 0 0 0 0 0 0 0 0 0 0 0 0 0 0 0 0 0 0 0 0 0 0 0 0 0 0 0 0 0 0 0 0 0 0 0 0 0 0 0 0 0 0 0 0 0 0 0 0 0 0 0 0 0 0 0 0 0 0 0 0 0 0 0 0 0 0 0 0 0 0 0 0 0 0 0 0 0 0 0 0 0 0 0 0 0 0 0 0 0 0 0 0 0 0 0 0 0 0 0 0 0 0 0 0 0 0 0 0 0 0 0 0 0 0 0 0 0 0 0 0 0 0 0 0 0 0 0 0 0 0 0 0 0 0 0 0 0 0 0 0 0 0 0 0 0 0 0 0 0 0 0 0 0 0 0 0 0 0 0 0 0 0 0 0 0 0 0 0 0 0 0 0 0 0 0 0 0 0 0 0 0 0 0 0 0 0 0 0 0 0 0 0 0 0 0 0 0 0 0 0 0 0 0 0 0 0 0 0 0 0 0 0 0 0 0 0 0 0 0 0 0 0 0 0 0 0 0 0 0 0 0 0 0 0 0 0 0 0 0 0 0 0 0 0 0 0 0 0 0 0 0 0 0 0 0 0 0 0 0 0 0 0 0 0 0 0 0 0 0 0 0 0 0 0 0 0 0 0 0 0 0 0 0 0 0 0 0 0 0 0 0 0 0 0 0 0 0 0 0 0 0 0 0 0 0 0 0 0 0 0 0 0 0 0 0 0 0 0 0 0 0 0 0 0 0 0 0 0 0 0 0 0 0 0 0 0 0 0 0 0 0 0 0 0 0 0 0 0 0 0 0 0 0 0 0 0 0 0 0 0 0 0 0 0 0 0 0 0 0 0 0 0 0 0 0 0 0 0 0 0 0 0 0 0 0 0 0 0 0 0 0 0 0 0 0 0 0 0 0 0 0 0 0 0 0 0 0 0 0 0 0 0 0 0 0 0 0 0 0 0 0 0 0 0 0 0 0 0 0 0 0 0 0 0 0 0 0 0 0 0 0 0 0 0 0 0 0 0 0 0 0 0 0 0 0 0 0 0 0 0 0 0 0 0 0 0 0 0 0 0 0 0 0 0 0 0 0 0 0 0 0 0 0 0 0 0 0 0 0 0 0 0 0 0 0 0 0 0 0 0 0 0 0 0 0 0 0 0 0 0 0 0 0 0 0 0 0 0 0 0 0 0 0 0 0 0 0 0 0 0 0 0 0 0 0 0 0 0 0 0 0 0 0 0 0 0 0 0 0 0 0 0 0 0 0 0 0 0 0 0 0 0 0 0 0 0 0 0 0 0 0 0 0 0 0 0 0 0 0 0 0 0 0 0 0 0 0 0 0 0 0 0 0 0 0 0 0 0 0 0 0 0 0 0 0 0 0 0 0 0 0 0 0 0 0 0 0 0 0 0 0 0 0 0 0 0 0 0 0 0 0 0 0 0 0 0 0 0 0 0 0 0 0 0 0 0 0 0 0 0 0 0 0 0 0 0 0 0 0 0 0 0 0 0 0 0 0 0 0 0 0 0 0 0 0 0 0 0 0 0 0 0 0 0 0 0 0 0 0 0 0 0 0 0 0 0 0 0 0 0 0 0 0 0 0 0 0 0 0 0 0 0 0 0 0 0 0 0 0 0 0 0 0 0 0 0 0 0 0 0 0 0 0 0 0 0 0 0 0 0 0 0 0 0 0 0 0 0 0 0 0 0 0 0 0 0 0 0 0 0 0 0 0 0 0 0 0 0 0 0 0 0 0 0 0 0 0 0 0 0 0 0 0 0 0 0 0 0 0 0 0 0 0 0 0 0 0 0 0 0 0 0 0 0 0 0 0 0 0 0 0 0 0 0 0 0 0 0 0 0 0 0 0 0 0 0 0 0 0 0 0 0 0 0 0 0 0 0 0 0 0 0 0 0 0 0 0 0 0 0 0 0 0 0 0 0 0 0 0 0 0 0 0 0 0 0 0 0 0 0 0 0 0 0 0 0 0 0 0 0 0 0 0 0 0 0 0 0 0 0 0 0 0 0 0 0 0 0 0 0 0 0 0 0 0 0 0 0 0 0 0 0 0 0 0 0 0 0 0 0 0 0 0 0 0 0 0 0 0 0 0 0 0 0 0 0 0 0 0 0 0 0 0 0 0 0 0 0 0 0 0 0 0 0 0 0 0 0 0 0 0 0 0 0 0 0 0 0 0 0 0 0 0 0 0 0 0 0 0 0 0 0 0 0 0 0 0 0 0 0 0 0 0 0 0 0 0 0 0 0 0 0 0 0 0 0 0 0 0 0 0 0 0 0 0 0 0 0 0 0 0 0 0 0 0 0 0 0 0 0 0 0 0 0 0 0 0 0 0 0 0 0 0 0 0 0 0 0 0 0 0 0 0 0 0 0 0 0 0 0 0 0 0 0 0 0 0 0 0 0 0 0 0 0 0 0 0 0 0 0 0 0 0 0 0 0 0 0 0 0 0 0 0 0 0 0 0 0 0 0 0 0 0 0 0 0 0 0 0 0 0 0 0 0 0 0 0 0 0 0 0 0 0 0 0 0 0 0 0 0 0 0 0 0 0 0 0 0 0 0 0 0 0 0 0 0 0 0 0 0 0 0 0 0 0 0 0 0 0 0 0 0 0 0 0 0 0 0 0 0 0 0 0 0 0 0 0 0 0 0 0 0 0 0 0 0 0 0 0 0 0 0 0 0 0 0 0 0 0 0 0 0 0 0 0 0 0 0 0 0 0 0 0 0 0 0 0 0 0 0 0 0 0 0 0 0 0 0 0 0 0 0 0 0 0 0 0 0 0 0 0 0 0 0 0 0 0 0 0 0 0 0 0 0 0 0 0 0 0 0 0 0 0 0 0 0 0 0 0 0 0 0 0 0 0 0 0 0 0 0 0 0 0 0 0 0 0 0 0 0 0 0 0 0 0 0 0 0 0 0 0 0 0 0 0 0 0 0 0 0 0 0 0 0 0 0 0 0 0 0 0 0 0 0 0 0 0 0 0 0 0 0 0 0 0 0 0 0 0 0 0 0 0 0 0 0 0 0 0 0 0 0 0 0 0 0 0 0 0 0 0 0 0 0 0 0 0 0 0 0 0 0 0 0 0 0 0 0 0 0 0 0 0 0 0 0 0 0 0 0 0 0 0 0 0 0 0 0 0 0 0 0 0 0 0 0 0 0 0 0 0 0 0 0 0 0 0 0 0 0 0 0 0 0 0 0 0 0 0 0 0 0 0 0 0 0 0 0 0 0 0 0 0 0 0 0 0 0 0 0 0 0 0 0 0 0 0 0 0 0 0 0 0 0 0 0 0 0 0 0 0 0 0 0 0 0 0 0 0 0 0 0 0 0 0 0 0 0 0 0 0 0 0 0 0 0 0 0 0 0 0 0 0 0 0 0 0 0 0 0 0 0 0 0 0 0 0 0 0 0 0 0 0 0 0 0 0 0 0 0 0 0 0 0 0 0 0 0 0 0 0 0 0 0 0 0 0 0 0 0 0 0 0 0 0 0 0 0 0 0 0 0 0 0 0 0 0 0 0 0 0 0 0 0 0 0 0 0 0 0 0 0 0 0 0 0 0 0 0 0 0 0 0 0 0 0 0 0 0 0 0 0 0 0 0 0 0 0 0 0 0 0 0 0 0 0 0 0 0 0 0 0 0 0 0 0 0 0 0 0 0 0 0 0 0 0 0 0 0 0 0 0 0 0 0 0 0 0 0 0 0 0 0 0 0 0 0 0 0 0 0 0 0 0 0 0 0 0 0 0 0 0 0 0 0 0 0 0 0 0 0 0 0 0 0 0 0 0 0 0 0 0 0 0 0 0 0 0 0 0 0 0 0 0 0 0 0 0 0 0 0 0 0 0 0 0 0 0 0 0 0 0 0 0 0 0 0 0 0 0 0 0 0 0 0 0 0 0 0 0 0 0 0 0 0 0 0 0 0 0 0 0 0 0 0 0 0 0 0 0 0 0 0 0 0 0 0 0 0 0 0 0 0 0 0 0 0 0 0 0 0 0 0 0 0 0 0 0 0 0 0 0 0 0 0 0 0 0 0 0 0 0 0 0 0 0 0 0 0 0 0 0 0 0 0 0 0 0 0 0 0 0 0 0 0 0 0 0 0 0 0 0 0 0 0 0 0 0 0 0 0 0 0 0 0 0 0 0 0 0 0 0 0 0 0 0 0 0 0 0 0 0 0 0 0 0 0 0 0 0 0 0 0 0 0 0 0 0 0 0 0 0 0 0 0 0 0 0 0 0 0 0 0 0 0 0 0 0 0 0 0 0 0 0 0 0 0 0 0 0 0 0 0 0 0 0 0 0 0 0 0 0 0 0 0 0 0 0 0 0 0 0 0 0 0 0 0 0 0 0 0 0 0 0 0 0 0 0 0 0 0 0 0 0 0 0 0 0 0 0 0 0 0 0 0 0 0 0 0 0 0 0 0 0 0 0 0 0 0 0 0 0 0 0 0 0 0 0 0 0 0 0 0 0 0 0 0 0 0 0 0 0 0 0 0 0 0 0 0 0 0 0 0 0 0 0 0 0 0 0 0 0 0 0 0 0 0 0 0 0 0 0 0 0 0 0 0 0 0 0 0 0 0 0 0 0 0 0 0 0 0 0 0 0 0 0 0 0 0 0 0 0 0 0 0 0 0 0 0 0 0 0 0 0 0 0 0 0 0 0 0 0 0 0 0 0 0 0 0 0 0 0 0 0 0 0 0 0 0 0 0 0 0 0 0 0 0 0 0 0 0 0 0 0 0 0 0 0 0 0 0 0 0 0 0 0 0 0 0 0 0 0 0 0 0 0 0 0 0 0 0 0 0 0 0 0 0 0 0 0 0 0 0 0 0 0 0 0 0 0 0 0 0 0 0 0 0 0 0 0 0 0 0 0 0 0 0 0 0 0 0 0 0 0 0 0 0 0 0 0 0 0 0 0 0 0 0 0 0 0 0 0 0 0 0 0 0 0 0 0 0 0 0 0 0 0 0 0 0 0 0 0 0 0 0 0 0 0 0 0 0 0 0 0 0 0 0 0 0 0 0 0 0 0 0 0 0 0 0 0 0 0 0 0 0 0 0 0 0 0 0 0 0 0 0 0 0 0 0 0 0 0 0 0 0 0 0 0 0 0 0 0 0 0 0 0 0 0 0 0 0 0 0 0 0 0 0 0 0 0 0 0 0 0 0 0 0 0 0 0 0 0 0 0 0 0 0 0 0 0 0 0 0 0 0 0 0 0 0 0 0 0 0 0 0 0 0 0 0 0 0 0 0 0 0 0 0 0 0 0 0 0 0 0 0 0 0 0 0 0 0 0 0 0 0 0 0 0 0 0 0 0 0 0 0 0 0 0 0 0 0 0 0 0 0 0 0 0 0 0 0 0 0 0 0 0 0 0 0 0 0 0 0 0 0 0 0 0 0 0 0 0 0 0 0 0 0 0 0 0 0 0 0 0 0 0 0 0 0 0 0 0 0 0 0 0 0 0 0 0 0 0 0 0 0 0 0 0 0 0 0 0 0 0 0 0 0 0 0 0 0 0 0 0 0 0 0 0 0 0 0 0 0 0 0 0 0 0 0 0 0 0 0 0 0 0 0 0 0 0 0 0 0 0 0 0 0 0 0 0 0 0 0 0 0 0 0 0 0 0 0 0 0 0 0 0 0 0 0 0 0 0 0 0 0 0 0 0 0 0 0 0 0 0 0 0 0 0 0 0 0 0 0 0 0 0 0 0 0 0 0 0 0 0 0 0 0 0 0 0 0 0 0 0 0 0 0 0 0 0 0 0 0 0 0 0 0 0 0 0 0 0 0 0 0 0 0 0 0 0 0 0 0 0 0 0 0 0 0 0 0 0 0 0 0 0 0 0 0 0 0 0 0 0 0 0 0 0 0 0 0 0 0 0 0 0 0 0 0 0 0 0 0 0 0 0 0 0 0 0 0 0 0 0 0 0 0 0 0 0 0 0 0 0 0 0 0 0 0 0 0 0 0 0 0 0 0 0 0 0 0 0 0 0 0 0 0 0 0 0 0 0 0 0 0 0 0 0 0 0 0 0 0 0 0 0 0 0 0 0 0 0 0 0 0 0 0 0 0 0 0 0 0 0 0 0 0 0 0 0 0 0 0 0 0 0 0 0 0 0 0 0 0 0 0 0 0 0 0 0 0 0 0 0 0 0 0 0 0 0 0 0 0 0 0 0 0 0 0 0 0 0 0 0 0 0 0 0 0 0 0 0 0 0 0 0 0 0 0 0 0 0 0 0 0 0 0 0 0 0 0 0 0 0 0 0 0 0 0 0 0 0 0 0 0 0 0 0 0 0 0 0 0 0 0 0 0 0 0 0 0 0 0 0 0 0 0 0 0 0 0 0 0 0 0 0 0 0 0 0 0 0 0 0 0 0 0 0 0 0 0 0 0 0 0 0 0 0 0 0 0 0 0 0 0 0 0 0 0 0 0 0 0 0 0 0 0 0 0 0 0 0 0 0 0 0 0 0 0 0 0 0 0 0 0 0 0 0 0 0 0 0 0 0 0 0 0 0 0 0 0 0 0 0 0 0 0 0 0 0 0 0 0 0 0 0 0 0 0 0 0 0 0 0 0 0 0 0 0 0 0 0 0 0 0 0 0 0 0 0 0 0 0 0 0 0 0 0 0 0 0 0 0 0 0 0 0 0 0 0 0 0 0 0 0 0 0 0 0 0 0 0 0 0 0 0 0 0 0 0 0 0 0 0 0 0 0 0 0 0 0 0 0 0 0 0 0 0 0 0 0 0 0 0 0 0 0 0 0 0 0 0 0 0 0 0 0 0 0 0 0 0 0 0 0 0 0 0 0 0 0 0 0 0 0 0 0 0 0 0 0 0 0 0 0 0 0 0 0 0 0 0 0 0 0 0 0 0 0 0 0 0 0 0 0 0 0 0 0 0 0 0 0 0 0 0 0 0 0 0 0 0 0 0 0 0 0 0 0 0 0 0 0 0 0 0 0 0 0 0 0 0 0 0 0 0 0 0 0 0 0 0 0 0 0 0 0 0 0 0 0 0 0 0 0 0 0 0 0 0 0 0 0 0 0 0 0 0 0 0 0 0 0 0 0 0 0 0 0 0 0 0 0 0 0 0 0 0 0 0 0 0 0 0 0 0 0 0 0 0 0 0 0 0 0 0 0 0 0 0 0 0 0 0 0 0 0 0 0 0 0 0 0 0 0 0 0 0 0 0 0 0 0 0 0 0 0 0 0 0 0 0 0 0 0 0 0 0 0 0 0 0 0 0 0 0 0 0 0 0 0 0 0 0 0 0 0 0 0 0 0 0 0 0 0 0 0 0 0 0 0 0 0 0 0 0 0 0 0 0 0 0 0 0 0 0 0 0 0 0 0 0 0 0 0 0 0 0 0 0 0 0 0 0 0 0 0 0 0 0 0 0 0 0 0 0 0 0 0 0 0 0 0 0 0 0 0 0 0 0 0 0 0 0 0 0 0 0 0 0 0 0 0 0 0 0 0 0 0 0 0 0 0 0 0 0 0 0 0 0 0 0 0 0 0 0 0 0 0 0 0 0 0 0 0 0 0 0 0 0 0 0 0 0 0 0 0 0 0 0 0 0 0 0 0 0 0 0 0 0 0 0 0 0 0 0 0 0 0 0 0 0 0 0 0 0 0 0 0 0 0 0 0 0 0 0 0 0 0 0 0 0 0 0 0 0 0 0 0 0 0 0 0 0 0 0 0 0 0 0 0 0 0 0 0 0 0 0 0 0 0 0 0 0 0 0 0 0 0 0 0 0 0 0 0 0 0 0 0 0 0 0 0 0 0 0 0 0 0 0 0 0 0 0 0 0 0 0 0 0 0 0 0 0 0 0 0 0 0 0 0 0 0 0 0 0 0 0 0 0 0 0 0 0 0 0 0 0 0 0 0 0 0 0 0 0 0 0 0 0 0 0 0 0 0 0 0 0 0 0 0 0 0 0 0 0 0 0 0 0 0 0 0 0 0 0 0 0 0 0 0 0 0 0 0 0 0 0 0 0 0 0 0 0 0 0 0 0 0 0 0 0 0 0 0 0 0 0 0 0 0 0 0 0 0 0 0 0 0 0 0 0 0 0 0 0 0 0 0 0 0 0 0 0 0 0 0 0 0 0 0 0 0 0 0 0 0 0 0 0 0 0 0 0 0 0 0 0 0 0 0 0 0 0 0 0 0 0 0 0 0 0 0 0 0 0 0 0 0 0 0 0 0 0 0 0 0 0 0 0 0 0 0 0 0 0 0 0 0 0 0 0 0 0 0 0 0 0 0 0 0 0 0 0 0 0 0 0 0 0 0 0 0 0 0 0 0 0 0 0 0 0 0 0 0 0 0 0 0 0 0 0 0 0 0 0 0 0 0 0 0 0 0 0 0 0 0 0 0 0 0 0 0 0 0 0 0 0 0 0 0 0 0 0 0 0 0 0 0 0 0 0 0 0 0 0 0 0 0 0 0 0 0 0 0 0 0 0 0 0 0 0 0 0 0 0 0 0 0 0 0 0 0 0 0 0 0 0 0 0 0 0 0 0 0 0 0 0 0 0 0 0 0 0 0 0 0 0 0 0 0 0 0 0 0 0 0 0 0 0 0 0 0 0 0 0 0 0 0 0 0 0 0 0 0 0 0 0 0 0 0 0 0 0 0 0 0 0 0 0 0 0 0 0 0 0 0 0 0 0 0 0 0 0 0 0 0 0 0 0 0 0 0 0 0 0 0 0 0 0 0 0 0 0 0 0 0 0 0 0 0 0 0 0 0 0 0 0 0 0 0 0 0 0 0 0 0 0 0 0 0 0 0 0 0 0 0 0 0 0 0 0 0 0 0 0 0 0 0 0 0 0 0 0 0 0 0 0 0 0 0 0 0 0 0 0 0 0 0 0 0 0 0 0 0 0 0 0 0 0 0 0 0 0 0 0 0 0 0 0 0 0 0 0 0 0 0 0 0 0 0 0 0 0 0 0 0 0 0 0 0 0 0 0 0 0 0 0 0 0 0 0 0 0 0 0 0 0 0 0 0 0 0 0 0 0 0 0 0 0 0 0 0 0 0 0 0 0 0 0 0 0 0 0 0 0 0 0 0 0 0 0 0 0 0 0 0 0 0 0 0 0 0 0 0 0 0 0 0 0 0 0 0 0 0 0 0 0 0 0 0 0 0 0 0 0 0 0 0 0 0 0 0 0 0 0 0 0 0 0 0 0 0 0 0 0 0 0 0 0 0 0 0 0 0 0 0 0 0 0 0 0 0 0 0 0 0 0 0 0 0 0 0 0 0 0 0 0 0 0 0 0 0 0 0 0 0 0 0 0 0 0 0 0 0 0 0 0 0 0 0 0 0 0 0 0 0 0 0 0 0 0 0 0 0 0 0 0 0 0 0 0 0 0 0 0 0 0 0 0 0 0 0 0 0 0 0 0 0 0 0 0 0 0 0 0 0 0 0 0 0 0 0 0 0 0 0 0 0 0 0 0 0 0 0 0 0 0 0 0 0 0 0 0 0 0 0 0 0 0 0 0 0 0 0 0 0 0 0 0 0 0 0 0 0 0 0 0 0 0 0 0 0 0 0 0 0 0 0 0 0 0 0 0 0 0 0 0 0 0 0 0 0 0 0 0 0 0 0 0 0 0 0 0 0 0 0 0 0 0 0 0 0 0 0 0 0 0 0 0 0 0 0 0 0 0 0 0 0 0 0 0 0 0 0 0 0 0 0 0 0 0 0 0 0 0 0 0 0 0 0 0 0 0 0 0 0 0 0 0 0 0 0 0 0 0 0 0 0 0 0 0 0 0 0 0 0 0 0 0 0 0 0 0 0 0 0 0 0 0 0 0 0 0 0 0 0 0 0 0 0 0 0 0 0 0 0 0 0 0 0 0 0 0 0 0 0 0 0 0 0 0 0 0 0 0 0 0 0 0 0 0 0 0 0 0 0 0 0 0 0 0 0 0 0 0 0 0 0 0 0 0 0 0 0 0 0 0 0 0 0 0 0 0 0 0 0 0 0 0 0 0 0 0 0 0 0 0 0 0 0 0 0 0 0 0 0 0 0 0 0 0 0 0 0 0 0 0 0 0 0 0 0 0 0 0 0 0 0 0 0 0 0 0 0 0 0 0 0 0 0 0 0 0 0 0 0 0 0 0 0 0 0 0 0 0 0 0 0 0 0 0 0 0 0 0 0 0 0 0 0 0 0 0 0 0 0 0 0 0 0 0 0 0 0 0 0 0 0 0 0 0 0 0 0 0 0 0 0 0 0 0 0 0 0 0 0 0 0 0 0 0 0 0 0 0 0 0 0 0 0 0 0 0 0 0 0 0 0 0 0 0 0 0 0 0 0 0 0 0 0 0 0 0 0 0 0 0 0 0 0 0 0 0 0 0 0 0 0 0 0 0 0 0 0 0 0 0 0 0 0 0 0 0 0 0 0 0 0 0 0 0 0 0 0 0 0 0 0 0 0 0 0 0 0 0 0 0 0 0 0 0 0 0 0 0 0 0 0 0 0 0 0 0 0 0 0 0 0 0 0 0 0 0 0 0 0 0 0 0 0 0 0 0 0 0 0 0 0 0 0 0 0 0 0 0 0 0 0 0 0 0 0 0 0 0 0 0 0 0 0 0 0 0 0 0 0 0 0 0 0 0 0 0 0 0 0 0 0 0 0 0 0 0 0 0 0 0 0 0 0 0 0 0 0 0 0 0 0 0 0 0 0 0 0 0 0 0 0 0 0 0 0 0 0 0 0 0 0 0 0 0 0 0 0 0 0 0 0 0 0 0 0 0 0 0 0 0 0 0 0 0 0 0 0 0 0 0 0 0 0 0 0 0 0 0 0 0 0 0 0 0 0 0 0 0 0 0 0 0 0 0 0 0 0 0 0 0 0 0 0 0 0 0 0 0 0 0 0 0 0 0 0 0 0 0 0 0 0 0 0 0 0 0 0 0 0 0 0 0 0 0 0 0 0 0 0 0 0 0 0 0 0 0 0 0 0 0 0 0 0 0 0 0 0 0 0 0 0 0 0 0 0 0 0 0 0 0 0 0 0 0 0 0 0 0 0 0 0 0 0 0 0 0 0 0 0 0 0 0 0 0 0 0 0 0 0 0 0 0 0 0 0 0 0 0 0 0 0 0 0 0 0 0 0 0 0 0 0 0 0 0 0 0 0 0 0 0 0 0 0 0 0 0 0 0 0 0 0 0 0 0 0 0 0 0 0 0 0 0 0 0 0 0 0 0 0 0 0 0 0 0 0 0 0 0 0 0 0 0 0 0 0 0 0 0 0 0 0 0 0 0 0 0 0 0 0 0 0 0 0 0 0 0 0 0 0 0 0 0 0 0 0 0 0 0 0 0 0 0 0 0 0 0 0 0 0 0 0 0 0 0 0 0 0 0 0 0 0 0 0 0 0 0 0 0 0 0 0 0 0 0 0 0 0 0 0 0 0 0 0 0 0 0 0 0 0 0 0 0 0 0 0 0 0 0 0 0 0 0 0 0 0 0 0 0 0 0 0 0 0 0 0 0 0 0 0 0 0 0 0 0 0 0 0 0 0 0 0 0 0 0 0 0 0 0 0 0 0 0 0 0 0 0 0 0 0 0 0 0 0 0 0 0 0 0 0 0 0 0 0 0 0 0 0 0 0 0 0 0 0 0 0 0 0 0 0 0 0 0 0 0 0 0 0 0 0 0 0 0 0 0 0 0 0 0 0 0 0 0 0 0 0 0 0 0 0 0 0 0 0 0</float_array>
          <technique_common>
            <accessor source="#toro_body-mesh-colors-Col-array" count="2208" stride="4">
              <param name="R" type="float"/>
              <param name="G" type="float"/>
              <param name="B" type="float"/>
              <param name="A" type="float"/>
            </accessor>
          </technique_common>
        </source>
        <vertices id="toro_body-mesh-vertices">
          <input semantic="POSITION" source="#toro_body-mesh-positions"/>
        </vertices>
        <triangles material="CH_toro_body_high-material" count="736">
          <input semantic="VERTEX" source="#toro_body-mesh-vertices" offset="0"/>
          <input semantic="NORMAL" source="#toro_body-mesh-normals" offset="1"/>
          <input semantic="TEXCOORD" source="#toro_body-mesh-map-0" offset="2" set="0"/>
          <input semantic="COLOR" source="#toro_body-mesh-colors-Col" offset="3" set="0"/>
          <p>2 0 0 0 1 1 1 1 0 2 2 2 3 3 3 3 2 0 4 4 0 2 5 5 4 4 6 6 2 0 7 7 3 3 8 8 5 5 9 9 4 4 10 10 3 3 11 11 0 2 12 12 6 6 13 13 3 3 14 14 3 3 15 15 6 6 16 16 5 5 17 17 1 1 18 18 2 0 19 19 7 7 20 20 8 8 21 21 1 1 22 22 7 7 23 23 9 9 24 24 1 1 25 25 8 8 26 26 1 1 27 27 9 9 28 28 0 2 29 29 10 10 30 30 9 9 31 31 8 8 32 32 11 11 33 33 8 8 34 34 7 7 35 35 10 10 36 36 8 8 37 37 11 11 38 38 12 12 39 39 11 11 40 40 7 7 41 41 11 11 42 42 12 12 43 43 13 13 44 44 14 14 45 45 13 13 46 46 12 12 47 47 15 15 48 48 14 14 49 49 12 12 50 50 16 16 51 51 11 11 52 52 13 13 53 53 17 17 54 54 11 11 55 55 16 16 56 56 17 17 57 57 10 10 58 58 11 11 59 59 16 16 60 60 13 13 61 61 18 18 62 62 19 19 63 63 16 16 64 64 18 18 65 65 16 16 66 66 19 19 67 67 20 20 68 68 21 21 69 69 20 20 70 70 19 19 71 71 22 22 72 72 21 21 73 73 19 19 74 74 22 22 75 75 19 19 76 76 18 18 77 77 23 23 78 78 16 16 79 79 20 20 80 80 23 23 81 81 17 17 82 82 16 16 83 83 20 20 84 84 24 24 85 85 23 23 86 86 24 24 87 87 25 25 88 88 23 23 89 89 26 26 90 90 22 22 91 91 18 18 92 92 26 26 93 93 18 18 94 94 27 27 95 95 13 13 96 96 14 14 97 97 27 27 98 98 18 18 99 99 13 13 100 100 27 27 101 101 28 28 102 102 26 26 103 103 27 27 104 104 27 27 105 105 14 14 106 106 29 29 107 107 27 27 108 108 29 29 109 109 28 28 110 110 14 14 111 111 30 30 112 112 29 29 113 113 31 31 114 114 29 29 115 115 30 30 116 116 32 32 117 117 31 31 118 118 30 30 119 119 14 14 120 120 15 15 121 121 30 30 122 122 15 15 123 123 33 33 124 124 30 30 125 125 30 30 126 126 33 33 127 127 32 32 128 128 33 33 129 129 34 34 130 130 32 32 131 131 35 35 132 132 26 26 133 133 28 28 134 134 36 36 135 135 35 35 136 136 28 28 137 137 37 37 138 138 35 35 139 139 36 36 140 140 38 38 141 141 37 37 142 142 36 36 143 143 37 37 144 144 39 39 145 145 35 35 146 146 39 39 147 147 40 40 148 148 35 35 149 149 39 39 150 150 41 41 151 151 40 40 152 152 41 41 153 153 42 42 154 154 40 40 155 155 42 42 156 156 21 21 157 157 40 40 158 158 21 21 159 159 42 42 160 160 43 43 161 161 44 44 162 162 21 21 163 163 43 43 164 164 21 21 165 165 22 22 166 166 40 40 167 167 40 40 168 168 22 22 169 169 26 26 170 170 35 35 171 171 40 40 172 172 26 26 173 173 20 20 174 174 21 21 175 175 44 44 176 176 24 24 177 177 20 20 178 178 44 44 179 179 36 36 180 180 45 45 181 181 38 38 182 182 46 46 183 183 45 45 184 184 36 36 185 185 28 28 186 186 46 46 187 187 36 36 188 188 46 46 189 189 47 47 190 190 45 45 191 191 47 47 192 192 48 48 193 193 45 45 194 194 29 29 195 195 46 46 196 196 28 28 197 197 31 31 198 198 47 47 199 199 46 46 200 200 29 29 201 201 31 31 202 202 46 46 203 203 45 45 204 204 48 48 205 205 49 49 206 206 45 45 207 207 49 49 208 208 38 38 209 209 38 38 210 210 49 49 211 211 50 50 212 212 49 49 213 213 51 51 214 214 50 50 215 215 49 49 216 216 52 52 217 217 51 51 218 218 48 48 219 219 52 52 220 220 49 49 221 221 52 52 222 222 53 53 223 223 51 51 224 224 50 50 225 225 51 51 226 226 54 54 227 227 51 51 228 228 55 55 229 229 54 54 230 230 51 51 231 231 53 53 232 232 55 55 233 233 54 54 234 234 55 55 235 235 56 56 236 236 55 55 237 237 57 57 238 238 56 56 239 239 55 55 240 240 58 58 241 241 57 57 242 242 53 53 243 243 58 58 244 244 55 55 245 245 58 58 246 246 59 59 247 247 57 57 248 248 60 60 249 249 56 56 250 250 57 57 251 251 61 61 252 252 60 60 253 253 57 57 254 254 61 61 255 255 57 57 256 256 59 59 257 257 62 62 258 258 61 61 259 259 59 59 260 260 56 56 261 261 60 60 262 262 63 63 263 263 60 60 264 264 64 64 265 265 63 63 266 266 65 65 267 267 54 54 268 268 56 56 269 269 63 63 270 270 65 65 271 271 56 56 272 272 66 66 273 273 65 65 274 274 63 63 275 275 67 67 276 276 66 66 277 277 63 63 278 278 63 63 279 279 64 64 280 280 67 67 281 281 68 68 282 282 60 60 283 283 61 61 284 284 64 64 285 285 60 60 286 286 68 68 287 287 69 69 288 288 68 68 289 289 61 61 290 290 69 69 291 291 61 61 292 292 62 62 293 293 70 70 294 294 69 69 295 295 62 62 296 296 64 64 297 297 71 71 298 298 67 67 299 299 71 71 300 300 64 64 301 301 72 72 302 302 72 72 303 303 64 64 304 304 68 68 305 305 73 73 306 306 71 71 307 307 72 72 308 308 67 67 309 309 71 71 310 310 74 74 311 311 67 67 312 312 74 74 313 313 66 66 314 314 71 71 315 315 75 75 316 316 74 74 317 317 75 75 318 318 71 71 319 319 73 73 320 320 76 76 321 321 75 75 322 322 73 73 323 323 75 75 324 324 76 76 325 325 77 77 326 326 78 78 327 327 75 75 328 328 77 77 329 329 74 74 330 330 75 75 331 331 78 78 332 332 79 79 333 333 74 74 334 334 78 78 335 335 80 80 336 336 74 74 337 337 79 79 338 338 74 74 339 339 80 80 340 340 66 66 341 341 81 81 342 342 80 80 343 343 79 79 344 344 66 66 345 345 80 80 346 346 82 82 347 347 80 80 348 348 83 83 349 349 82 82 350 350 83 83 351 351 80 80 352 352 81 81 353 353 84 84 354 354 83 83 355 355 81 81 356 356 41 41 357 357 83 83 358 358 84 84 359 359 85 85 360 360 41 41 361 361 84 84 362 362 42 42 363 363 41 41 364 364 85 85 365 365 43 43 366 366 42 42 367 367 85 85 368 368 65 65 369 369 66 66 370 370 82 82 371 371 86 86 372 372 65 65 373 373 82 82 374 374 54 54 375 375 65 65 376 376 86 86 377 377 50 50 378 378 54 54 379 379 86 86 380 380 50 50 381 381 86 86 382 382 38 38 383 383 86 86 384 384 37 37 385 385 38 38 386 386 86 86 387 387 82 82 388 388 37 37 389 389 83 83 390 390 41 41 391 391 39 39 392 392 82 82 393 393 83 83 394 394 39 39 395 395 82 82 396 396 39 39 397 397 37 37 398 398 87 87 399 399 85 85 400 400 84 84 401 401 88 88 402 402 87 87 403 403 84 84 404 404 88 88 405 405 84 84 406 406 81 81 407 407 89 89 408 408 88 88 409 409 81 81 410 410 89 89 411 411 81 81 412 412 79 79 413 413 90 90 414 414 89 89 415 415 79 79 416 416 88 88 417 417 89 89 418 418 91 91 419 419 89 89 420 420 92 92 421 421 91 91 422 422 89 89 423 423 90 90 424 424 92 92 425 425 90 90 426 426 79 79 427 427 78 78 428 428 93 93 429 429 90 90 430 430 78 78 431 431 93 93 432 432 94 94 433 433 90 90 434 434 94 94 435 435 95 95 436 436 90 90 437 437 90 90 438 438 95 95 439 439 92 92 440 440 93 93 441 441 78 78 442 442 77 77 443 443 96 96 444 444 93 93 445 445 77 77 446 446 92 92 447 447 95 95 448 448 97 97 449 449 98 98 450 450 92 92 451 451 97 97 452 452 91 91 453 453 92 92 454 454 98 98 455 455 98 98 456 456 97 97 457 457 99 99 458 458 100 100 459 459 99 99 460 460 97 97 461 461 99 99 462 462 100 100 463 463 101 101 464 464 101 101 465 465 102 102 466 466 99 99 467 467 102 102 468 468 103 103 469 469 99 99 470 470 103 103 471 471 98 98 472 472 99 99 473 473 104 104 474 474 102 102 475 475 101 101 476 476 105 105 477 477 104 104 478 478 101 101 479 479 100 100 480 480 106 106 481 481 101 101 482 482 101 101 483 483 106 106 484 484 105 105 485 485 106 106 486 486 107 107 487 487 105 105 488 488 108 108 489 489 100 100 490 490 97 97 491 491 95 95 492 492 94 94 493 493 108 108 494 494 97 97 495 495 95 95 496 496 108 108 497 497 108 108 498 498 94 94 499 499 109 109 500 500 94 94 501 501 110 110 502 502 109 109 503 503 102 102 504 504 111 111 505 505 103 103 506 506 111 111 507 507 112 112 508 508 103 103 509 509 111 111 510 510 113 113 511 511 112 112 512 512 113 113 513 513 114 114 514 514 112 112 515 515 115 115 516 516 113 113 517 517 111 111 518 518 116 116 519 519 115 115 520 520 111 111 521 521 116 116 522 522 111 111 523 523 102 102 524 524 104 104 525 525 116 116 526 526 102 102 527 527 106 106 528 528 117 117 529 529 107 107 530 530 118 118 531 531 117 117 532 532 106 106 533 533 109 109 534 534 118 118 535 535 108 108 536 536 100 100 537 537 118 118 538 538 106 106 539 539 118 118 540 540 100 100 541 541 108 108 542 542 117 117 543 543 119 119 544 544 107 107 545 545 110 110 546 546 94 94 547 547 93 93 548 548 96 96 549 549 110 110 550 550 93 93 551 551 113 113 552 552 120 120 553 553 114 114 554 554 120 120 555 555 121 121 556 556 114 114 557 557 122 122 558 558 114 114 559 559 121 121 560 560 123 123 561 561 122 122 562 562 121 121 563 563 124 124 564 564 122 122 565 565 123 123 566 566 125 125 567 567 124 124 568 568 123 123 569 569 87 87 570 570 124 124 571 571 125 125 572 572 126 126 573 573 87 87 574 574 125 125 575 575 120 120 576 576 127 127 577 577 121 121 578 578 127 127 579 579 128 128 580 580 121 121 581 581 123 123 582 582 121 121 583 583 128 128 584 584 129 129 585 585 127 127 586 586 120 120 587 587 130 130 588 588 129 129 589 589 120 120 590 590 131 131 591 591 123 123 592 592 128 128 593 593 125 125 594 594 123 123 595 595 131 131 596 596 131 131 597 597 128 128 598 598 132 132 599 599 133 133 600 600 131 131 601 601 132 132 602 602 134 134 603 603 131 131 604 604 133 133 605 605 134 134 606 606 125 125 607 607 131 131 608 608 135 135 609 609 134 134 610 610 133 133 611 611 136 136 612 612 134 134 613 613 135 135 614 614 125 125 615 615 134 134 616 616 136 136 617 617 126 126 618 618 125 125 619 619 136 136 620 620 137 137 621 621 136 136 622 622 135 135 623 623 137 137 624 624 135 135 625 625 138 138 626 626 138 138 627 627 135 135 628 628 133 133 629 629 139 139 630 630 137 137 631 631 138 138 632 632 137 137 633 633 139 139 634 634 24 24 635 635 139 139 636 636 25 25 637 637 24 24 638 638 140 140 639 639 138 138 640 640 133 133 641 641 140 140 642 642 133 133 643 643 132 132 644 644 141 141 645 645 138 138 646 646 140 140 647 647 141 141 648 648 142 142 649 649 138 138 650 650 142 142 651 651 139 139 652 652 138 138 653 653 143 143 654 654 141 141 655 655 140 140 656 656 140 140 657 657 144 144 658 658 143 143 659 659 144 144 660 660 140 140 661 661 132 132 662 662 144 144 663 663 145 145 664 664 143 143 665 665 144 144 666 666 132 132 667 667 146 146 668 668 147 147 669 669 144 144 670 670 146 146 671 671 145 145 672 672 144 144 673 673 147 147 674 674 146 146 675 675 148 148 676 676 147 147 677 677 148 148 678 678 149 149 679 679 147 147 680 680 150 150 681 681 145 145 682 682 147 147 683 683 150 150 684 684 147 147 685 685 149 149 686 686 151 151 687 687 150 150 688 688 149 149 689 689 146 146 690 690 132 132 691 691 128 128 692 692 127 127 693 693 146 146 694 694 128 128 695 695 148 148 696 696 146 146 697 697 127 127 698 698 129 129 699 699 148 148 700 700 127 127 701 701 141 141 702 702 143 143 703 703 152 152 704 704 153 153 705 705 141 141 706 706 152 152 707 707 143 143 708 708 145 145 709 709 154 154 710 710 152 152 711 711 143 143 712 712 154 154 713 713 145 145 714 714 150 150 715 715 155 155 716 716 154 154 717 717 145 145 718 718 155 155 719 719 156 156 720 720 154 154 721 721 155 155 722 722 157 157 723 723 156 156 724 724 155 155 725 725 157 157 726 726 155 155 727 727 158 158 728 728 155 155 729 729 159 159 730 730 158 158 731 731 150 150 732 732 151 151 733 733 159 159 734 734 155 155 735 735 150 150 736 736 159 159 737 737 153 153 738 738 152 152 739 739 160 160 740 740 160 160 741 741 161 161 742 742 153 153 743 743 161 161 744 744 162 162 745 745 153 153 746 746 141 141 747 747 153 153 748 748 162 162 749 749 142 142 750 750 141 141 751 751 162 162 752 752 152 152 753 753 163 163 754 754 160 160 755 755 154 154 756 756 156 156 757 757 163 163 758 758 152 152 759 759 154 154 760 760 163 163 761 761 160 160 762 762 163 163 763 763 164 164 764 764 160 160 765 765 164 164 766 766 161 161 767 767 163 163 768 768 165 165 769 769 164 164 770 770 163 163 771 771 156 156 772 772 165 165 773 773 156 156 774 774 166 166 775 775 165 165 776 776 166 166 777 777 156 156 778 778 157 157 779 779 167 167 780 780 164 164 781 781 165 165 782 782 167 167 783 783 165 165 784 784 166 166 785 785 168 168 786 786 166 166 787 787 157 157 788 788 158 158 789 789 168 168 790 790 157 157 791 791 169 169 792 792 166 166 793 793 168 168 794 794 167 167 795 795 166 166 796 796 170 170 797 797 169 169 798 798 170 170 799 799 166 166 800 800 167 167 801 801 170 170 802 802 171 171 803 803 169 169 804 804 171 171 805 805 170 170 806 806 172 172 807 807 171 171 808 808 169 169 809 809 173 173 810 810 171 171 811 811 172 172 812 812 173 173 813 813 172 172 814 814 174 174 815 815 167 167 816 816 171 171 817 817 175 175 818 818 167 167 819 819 175 175 820 820 164 164 821 821 176 176 822 822 175 175 823 823 171 171 824 824 176 176 825 825 177 177 826 826 175 175 827 827 177 177 828 828 164 164 829 829 175 175 830 830 178 178 831 831 171 171 832 832 173 173 833 833 176 176 834 834 171 171 835 835 178 178 836 836 179 179 837 837 178 178 838 838 173 173 839 839 172 172 840 840 169 169 841 841 180 180 842 842 169 169 843 843 168 168 844 844 180 180 845 845 172 172 846 846 180 180 847 847 174 174 848 848 174 174 849 849 180 180 850 850 181 181 851 851 181 181 852 852 180 180 853 853 168 168 854 854 182 182 855 855 174 174 856 856 181 181 857 857 158 158 858 858 181 181 859 859 168 168 860 860 183 183 861 861 181 181 862 862 158 158 863 863 181 181 864 864 183 183 865 865 182 182 866 866 159 159 867 867 183 183 868 868 158 158 869 869 183 183 870 870 159 159 871 871 184 184 872 872 159 159 873 873 151 151 874 874 184 184 875 875 185 185 876 876 184 184 877 877 151 151 878 878 149 149 879 879 185 185 880 880 151 151 881 881 186 186 882 882 185 185 883 883 149 149 884 884 187 187 885 885 185 185 886 886 186 186 887 887 188 188 888 888 187 187 889 889 186 186 890 890 188 188 891 891 189 189 892 892 187 187 893 893 189 189 894 894 190 190 895 895 187 187 896 896 190 190 897 897 189 189 898 898 191 191 899 899 189 189 900 900 192 192 901 901 191 191 902 902 192 192 903 903 193 193 904 904 191 191 905 905 193 193 906 906 194 194 907 907 191 191 908 908 192 192 909 909 195 195 910 910 193 193 911 911 195 195 912 912 196 196 913 913 193 193 914 914 197 197 915 915 195 195 916 916 192 192 917 917 189 189 918 918 197 197 919 919 192 192 920 920 197 197 921 921 189 189 922 922 188 188 923 923 196 196 924 924 195 195 925 925 198 198 926 926 199 199 927 927 196 196 928 928 198 198 929 929 200 200 930 930 199 199 931 931 198 198 932 932 201 201 933 933 200 200 934 934 198 198 935 935 202 202 936 936 201 201 937 937 198 198 938 938 203 203 939 939 202 202 940 940 198 198 941 941 195 195 942 942 197 197 943 943 203 203 944 944 198 198 945 945 195 195 946 946 203 203 947 947 200 200 948 948 201 201 949 949 204 204 950 950 205 205 951 951 200 200 952 952 204 204 953 953 204 204 954 954 206 206 955 955 205 205 956 956 206 206 957 957 207 207 958 958 205 205 959 959 207 207 960 960 206 206 961 961 208 208 962 962 206 206 963 963 209 209 964 964 208 208 965 965 206 206 966 966 210 210 967 967 209 209 968 968 210 210 969 969 206 206 970 970 204 204 971 971 210 210 972 972 211 211 973 973 209 209 974 974 209 209 975 975 211 211 976 976 212 212 977 977 213 213 978 978 209 209 979 979 212 212 980 980 209 209 981 981 213 213 982 982 208 208 983 983 214 214 984 984 210 210 985 985 204 204 986 986 201 201 987 987 202 202 988 988 214 214 989 989 204 204 990 990 201 201 991 991 214 214 992 992 213 213 993 993 212 212 994 994 215 215 995 995 216 216 996 996 213 213 997 997 215 215 998 998 213 213 999 999 216 216 1000 1000 217 217 1001 1001 218 218 1002 1002 213 213 1003 1003 217 217 1004 1004 213 213 1005 1005 218 218 1006 1006 208 208 1007 1007 216 216 1008 1008 219 219 1009 1009 217 217 1010 1010 219 219 1011 1011 220 220 1012 1012 217 217 1013 1013 220 220 1014 1014 219 219 1015 1015 221 221 1016 1016 219 219 1017 1017 222 222 1018 1018 221 221 1019 1019 222 222 1020 1020 223 223 1021 1021 221 221 1022 1022 223 223 1023 1023 224 224 1024 1024 221 221 1025 1025 225 225 1026 1026 223 223 1027 1027 222 222 1028 1028 226 226 1029 1029 225 225 1030 1030 222 222 1031 1031 222 222 1032 1032 219 219 1033 1033 226 226 1034 1034 219 219 1035 1035 227 227 1036 1036 226 226 1037 1037 227 227 1038 1038 219 219 1039 1039 216 216 1040 1040 215 215 1041 1041 227 227 1042 1042 216 216 1043 1043 228 228 1044 1044 224 224 1045 1045 223 223 1046 1046 229 229 1047 1047 228 228 1048 1048 223 223 1049 1049 223 223 1050 1050 225 225 1051 1051 230 230 1052 1052 229 229 1053 1053 223 223 1054 1054 230 230 1055 1055 231 231 1056 1056 220 220 1057 1057 221 221 1058 1058 232 232 1059 1059 231 231 1060 1060 221 221 1061 1061 232 232 1062 1062 221 221 1063 1063 224 224 1064 1064 231 231 1065 1065 232 232 1066 1066 233 233 1067 1067 234 234 1068 1068 233 233 1069 1069 232 232 1070 1070 235 235 1071 1071 234 234 1072 1072 232 232 1073 1073 235 235 1074 1074 232 232 1075 1075 224 224 1076 1076 235 235 1077 1077 224 224 1078 1078 228 228 1079 1079 233 233 1080 1080 234 234 1081 1081 236 236 1082 1082 234 234 1083 1083 237 237 1084 1084 236 236 1085 1085 236 236 1086 1086 237 237 1087 1087 238 238 1088 1088 239 239 1089 1089 236 236 1090 1090 238 238 1091 1091 240 240 1092 1092 236 236 1093 1093 239 239 1094 1094 241 241 1095 1095 240 240 1096 1096 239 239 1097 1097 242 242 1098 1098 233 233 1099 1099 236 236 1100 1100 240 240 1101 1101 242 242 1102 1102 236 236 1103 1103 242 242 1104 1104 231 231 1105 1105 233 233 1106 1106 241 241 1107 1107 239 239 1108 1108 243 243 1109 1109 244 244 1110 1110 241 241 1111 1111 243 243 1112 1112 244 244 1113 1113 243 243 1114 1114 245 245 1115 1115 246 246 1116 1116 245 245 1117 1117 243 243 1118 1118 247 247 1119 1119 246 246 1120 1120 243 243 1121 1121 239 239 1122 1122 238 238 1123 1123 247 247 1124 1124 243 243 1125 1125 239 239 1126 1126 247 247 1127 1127 247 247 1128 1128 238 238 1129 1129 248 248 1130 1130 238 238 1131 1131 249 249 1132 1132 248 248 1133 1133 249 249 1134 1134 238 238 1135 1135 237 237 1136 1136 250 250 1137 1137 244 244 1138 1138 245 245 1139 1139 250 250 1140 1140 245 245 1141 1141 251 251 1142 1142 245 245 1143 1143 252 252 1144 1144 251 251 1145 1145 247 247 1146 1146 248 248 1147 1147 253 253 1148 1148 246 246 1149 1149 247 247 1150 1150 253 253 1151 1151 246 246 1152 1152 253 253 1153 1153 254 254 1154 1154 255 255 1155 1155 246 246 1156 1156 254 254 1157 1157 245 245 1158 1158 246 246 1159 1159 255 255 1160 1160 252 252 1161 1161 245 245 1162 1162 255 255 1163 1163 68 68 1164 1164 240 240 1165 1165 241 241 1166 1166 72 72 1167 1167 68 68 1168 1168 241 241 1169 1169 244 244 1170 1170 250 250 1171 1171 76 76 1172 1172 76 76 1173 1173 250 250 1174 1174 251 251 1175 1175 73 73 1176 1176 244 244 1177 1177 76 76 1178 1178 77 77 1179 1179 76 76 1180 1180 251 251 1181 1181 72 72 1182 1182 241 241 1183 1183 73 73 1184 1184 241 241 1185 1185 244 244 1186 1186 73 73 1187 1187 256 256 1188 1188 255 255 1189 1189 254 254 1190 1190 257 257 1191 1191 256 256 1192 1192 254 254 1193 1193 251 251 1194 1194 252 252 1195 1195 258 258 1196 1196 258 258 1197 1197 252 252 1198 1198 255 255 1199 1199 256 256 1200 1200 258 258 1201 1201 255 255 1202 1202 258 258 1203 1203 256 256 1204 1204 259 259 1205 1205 256 256 1206 1206 260 260 1207 1207 259 259 1208 1208 256 256 1209 1209 257 257 1210 1210 260 260 1211 1211 259 259 1212 1212 261 261 1213 1213 258 258 1214 1214 261 261 1215 1215 262 262 1216 1216 258 258 1217 1217 262 262 1218 1218 251 251 1219 1219 258 258 1220 1220 261 261 1221 1221 259 259 1222 1222 263 263 1223 1223 259 259 1224 1224 264 264 1225 1225 263 263 1226 1226 264 264 1227 1227 259 259 1228 1228 260 260 1229 1229 265 265 1230 1230 263 263 1231 1231 264 264 1232 1232 266 266 1233 1233 265 265 1234 1234 264 264 1235 1235 266 266 1236 1236 264 264 1237 1237 267 267 1238 1238 267 267 1239 1239 264 264 1240 1240 260 260 1241 1241 267 267 1242 1242 260 260 1243 1243 268 268 1244 1244 257 257 1245 1245 268 268 1246 1246 260 260 1247 1247 269 269 1248 1248 267 267 1249 1249 268 268 1250 1250 270 270 1251 1251 266 266 1252 1252 267 267 1253 1253 267 267 1254 1254 269 269 1255 1255 270 270 1256 1256 270 270 1257 1257 271 271 1258 1258 266 266 1259 1259 271 271 1260 1260 272 272 1261 1261 266 266 1262 1262 272 272 1263 1263 271 271 1264 1264 273 273 1265 1265 271 271 1266 1266 274 274 1267 1267 273 273 1268 1268 266 266 1269 1269 272 272 1270 1270 275 275 1271 1271 265 265 1272 1272 266 266 1273 1273 275 275 1274 1274 272 272 1275 1275 273 273 1276 1276 276 276 1277 1277 275 275 1278 1278 272 272 1279 1279 276 276 1280 1280 274 274 1281 1281 271 271 1282 1282 277 277 1283 1283 271 271 1284 1284 278 278 1285 1285 277 277 1286 1286 270 270 1287 1287 269 269 1288 1288 278 278 1289 1289 271 271 1290 1290 270 270 1291 1291 278 278 1292 1292 265 265 1293 1293 118 118 1294 1294 263 263 1295 1295 117 117 1296 1296 118 118 1297 1297 265 265 1298 1298 275 275 1299 1299 117 117 1300 1300 265 265 1301 1301 117 117 1302 1302 275 275 1303 1303 276 276 1304 1304 119 119 1305 1305 117 117 1306 1306 276 276 1307 1307 276 276 1308 1308 273 273 1309 1309 279 279 1310 1310 280 280 1311 1311 276 276 1312 1312 279 279 1313 1313 119 119 1314 1314 276 276 1315 1315 280 280 1316 1316 280 280 1317 1317 279 279 1318 1318 281 281 1319 1319 279 279 1320 1320 282 282 1321 1321 281 281 1322 1322 283 283 1323 1323 282 282 1324 1324 279 279 1325 1325 284 284 1326 1326 283 283 1327 1327 279 279 1328 1328 273 273 1329 1329 274 274 1330 1330 284 284 1331 1331 279 279 1332 1332 273 273 1333 1333 284 284 1334 1334 283 283 1335 1335 225 225 1336 1336 282 282 1337 1337 225 225 1338 1338 226 226 1339 1339 282 282 1340 1340 281 281 1341 1341 282 282 1342 1342 226 226 1343 1343 227 227 1344 1344 281 281 1345 1345 226 226 1346 1346 284 284 1347 1347 285 285 1348 1348 283 283 1349 1349 285 285 1350 1350 286 286 1351 1351 283 283 1352 1352 230 230 1353 1353 225 225 1354 1354 283 283 1355 1355 286 286 1356 1356 230 230 1357 1357 283 283 1358 1358 287 287 1359 1359 280 280 1360 1360 281 281 1361 1361 287 287 1362 1362 119 119 1363 1363 280 280 1364 1364 288 288 1365 1365 287 287 1366 1366 281 281 1367 1367 288 288 1368 1368 281 281 1369 1369 227 227 1370 1370 288 288 1371 1371 289 289 1372 1372 287 287 1373 1373 289 289 1374 1374 290 290 1375 1375 287 287 1376 1376 288 288 1377 1377 215 215 1378 1378 289 289 1379 1379 215 215 1380 1380 288 288 1381 1381 227 227 1382 1382 215 215 1383 1383 212 212 1384 1384 289 289 1385 1385 289 289 1386 1386 212 212 1387 1387 291 291 1388 1388 212 212 1389 1389 211 211 1390 1390 291 291 1391 1391 211 211 1392 1392 210 210 1393 1393 291 291 1394 1394 210 210 1395 1395 292 292 1396 1396 291 291 1397 1397 291 291 1398 1398 292 292 1399 1399 293 293 1400 1400 293 293 1401 1401 290 290 1402 1402 289 289 1403 1403 291 291 1404 1404 293 293 1405 1405 289 289 1406 1406 292 292 1407 1407 294 294 1408 1408 293 293 1409 1409 295 295 1410 1410 294 294 1411 1411 292 292 1412 1412 296 296 1413 1413 295 295 1414 1414 292 292 1415 1415 296 296 1416 1416 292 292 1417 1417 210 210 1418 1418 214 214 1419 1419 296 296 1420 1420 210 210 1421 1421 295 295 1422 1422 296 296 1423 1423 297 297 1424 1424 296 296 1425 1425 298 298 1426 1426 297 297 1427 1427 296 296 1428 1428 214 214 1429 1429 298 298 1430 1430 298 298 1431 1431 299 299 1432 1432 297 297 1433 1433 299 299 1434 1434 300 300 1435 1435 297 297 1436 1436 298 298 1437 1437 202 202 1438 1438 299 299 1439 1439 214 214 1440 1440 202 202 1441 1441 298 298 1442 1442 202 202 1443 1443 203 203 1444 1444 299 299 1445 1445 300 300 1446 1446 299 299 1447 1447 301 301 1448 1448 299 299 1449 1449 302 302 1450 1450 301 301 1451 1451 299 299 1452 1452 203 203 1453 1453 302 302 1454 1454 301 301 1455 1455 302 302 1456 1456 186 186 1457 1457 302 302 1458 1458 188 188 1459 1459 186 186 1460 1460 302 302 1461 1461 197 197 1462 1462 188 188 1463 1463 203 203 1464 1464 197 197 1465 1465 302 302 1466 1466 294 294 1467 1467 295 295 1468 1468 116 116 1469 1469 104 104 1470 1470 294 294 1471 1471 116 116 1472 1472 297 297 1473 1473 300 300 1474 1474 130 130 1475 1475 115 115 1476 1476 297 297 1477 1477 130 130 1478 1478 115 115 1479 1479 130 130 1480 1480 113 113 1481 1481 130 130 1482 1482 120 120 1483 1483 113 113 1484 1484 301 301 1485 1485 186 186 1486 1486 148 148 1487 1487 148 148 1488 1488 186 186 1489 1489 149 149 1490 1490 129 129 1491 1491 301 301 1492 1492 148 148 1493 1493 300 300 1494 1494 301 301 1495 1495 129 129 1496 1496 130 130 1497 1497 300 300 1498 1498 129 129 1499 1499 116 116 1500 1500 295 295 1501 1501 115 115 1502 1502 295 295 1503 1503 297 297 1504 1504 115 115 1505 1505 293 293 1506 1506 294 294 1507 1507 104 104 1508 1508 105 105 1509 1509 293 293 1510 1510 104 104 1511 1511 290 290 1512 1512 293 293 1513 1513 105 105 1514 1514 107 107 1515 1515 290 290 1516 1516 105 105 1517 1517 287 287 1518 1518 290 290 1519 1519 107 107 1520 1520 119 119 1521 1521 287 287 1522 1522 107 107 1523 1523 304 303 1524 1524 303 304 1525 1525 4 4 1526 1526 305 305 1527 1527 304 303 1528 1528 4 4 1529 1529 305 305 1530 1530 306 306 1531 1531 304 303 1532 1532 306 306 1533 1533 307 307 1534 1534 304 303 1535 1535 15 15 1536 1536 303 304 1537 1537 304 303 1538 1538 15 15 1539 1539 12 12 1540 1540 303 304 1541 1541 12 12 1542 1542 7 7 1543 1543 303 304 1544 1544 33 33 1545 1545 15 15 1546 1546 304 303 1547 1547 33 33 1548 1548 304 303 1549 1549 307 307 1550 1550 34 34 1551 1551 33 33 1552 1552 307 307 1553 1553 2 0 1554 1554 4 4 1555 1555 303 304 1556 1556 7 7 1557 1557 2 0 1558 1558 303 304 1559 1559 305 305 1560 1560 4 4 1561 1561 5 5 1562 1562 308 308 1563 1563 305 305 1564 1564 5 5 1565 1565 308 308 1566 1566 306 306 1567 1567 305 305 1568 1568 5 5 1569 1569 309 309 1570 1570 308 308 1571 1571 310 310 1572 1572 306 306 1573 1573 308 308 1574 1574 311 311 1575 1575 310 310 1576 1576 308 308 1577 1577 308 308 1578 1578 309 309 1579 1579 311 311 1580 1580 311 311 1581 1581 312 312 1582 1582 310 310 1583 1583 312 312 1584 1584 313 313 1585 1585 310 310 1586 1586 309 309 1587 1587 314 314 1588 1588 311 311 1589 1589 311 311 1590 1590 314 314 1591 1591 312 312 1592 1592 314 314 1593 1593 315 315 1594 1594 312 312 1595 1595 316 316 1596 1596 315 315 1597 1597 314 314 1598 1598 316 316 1599 1599 314 314 1600 1600 309 309 1601 1601 316 316 1602 1602 309 309 1603 1603 317 317 1604 1604 317 317 1605 1605 309 309 1606 1606 5 5 1607 1607 317 317 1608 1608 6 6 1609 1609 316 316 1610 1610 5 5 1611 1611 6 6 1612 1612 317 317 1613 1613 316 316 1614 1614 6 6 1615 1615 318 318 1616 1616 318 318 1617 1617 319 319 1618 1618 316 316 1619 1619 320 320 1620 1620 319 319 1621 1621 318 318 1622 1622 316 316 1623 1623 321 321 1624 1624 315 315 1625 1625 316 316 1626 1626 319 319 1627 1627 321 321 1628 1628 321 321 1629 1629 322 322 1630 1630 315 315 1631 1631 318 318 1632 1632 6 6 1633 1633 0 2 1634 1634 0 2 1635 1635 320 320 1636 1636 318 318 1637 1637 9 9 1638 1638 320 320 1639 1639 0 2 1640 1640 320 320 1641 1641 9 9 1642 1642 323 323 1643 1643 323 323 1644 1644 319 319 1645 1645 320 320 1646 1646 324 324 1647 1647 319 319 1648 1648 323 323 1649 1649 319 319 1650 1650 324 324 1651 1651 321 321 1652 1652 325 325 1653 1653 324 324 1654 1654 323 323 1655 1655 9 9 1656 1656 326 326 1657 1657 323 323 1658 1658 323 323 1659 1659 326 326 1660 1660 325 325 1661 1661 321 321 1662 1662 324 324 1663 1663 327 327 1664 1664 322 322 1665 1665 321 321 1666 1666 327 327 1667 1667 324 324 1668 1668 328 328 1669 1669 327 327 1670 1670 328 328 1671 1671 324 324 1672 1672 325 325 1673 1673 326 326 1674 1674 9 9 1675 1675 10 10 1676 1676 329 329 1677 1677 326 326 1678 1678 10 10 1679 1679 330 330 1680 1680 326 326 1681 1681 329 329 1682 1682 326 326 1683 1683 330 330 1684 1684 325 325 1685 1685 325 325 1686 1686 330 330 1687 1687 331 331 1688 1688 331 331 1689 1689 328 328 1690 1690 325 325 1691 1691 330 330 1692 1692 332 332 1693 1693 331 331 1694 1694 333 333 1695 1695 330 330 1696 1696 329 329 1697 1697 332 332 1698 1698 330 330 1699 1699 333 333 1700 1700 333 333 1701 1701 329 329 1702 1702 334 334 1703 1703 335 335 1704 1704 333 333 1705 1705 334 334 1706 1706 335 335 1707 1707 334 334 1708 1708 23 23 1709 1709 329 329 1710 1710 10 10 1711 1711 17 17 1712 1712 334 334 1713 1713 329 329 1714 1714 17 17 1715 1715 334 334 1716 1716 17 17 1717 1717 23 23 1718 1718 336 336 1719 1719 333 333 1720 1720 335 335 1721 1721 336 336 1722 1722 332 332 1723 1723 333 333 1724 1724 337 337 1725 1725 336 336 1726 1726 335 335 1727 1727 337 337 1728 1728 335 335 1729 1729 25 25 1730 1730 25 25 1731 1731 335 335 1732 1732 23 23 1733 1733 332 332 1734 1734 338 338 1735 1735 331 331 1736 1736 338 338 1737 1737 339 339 1738 1738 331 331 1739 1739 328 328 1740 1740 331 331 1741 1741 339 339 1742 1742 340 340 1743 1743 328 328 1744 1744 339 339 1745 1745 340 340 1746 1746 339 339 1747 1747 341 341 1748 1748 176 176 1749 1749 340 340 1750 1750 341 341 1751 1751 342 342 1752 1752 341 341 1753 1753 339 339 1754 1754 338 338 1755 1755 342 342 1756 1756 339 339 1757 1757 341 341 1758 1758 342 342 1759 1759 161 161 1760 1760 177 177 1761 1761 341 341 1762 1762 161 161 1763 1763 176 176 1764 1764 341 341 1765 1765 177 177 1766 1766 343 343 1767 1767 342 342 1768 1768 338 338 1769 1769 344 344 1770 1770 343 343 1771 1771 338 338 1772 1772 345 345 1773 1773 343 343 1774 1774 344 344 1775 1775 346 346 1776 1776 345 345 1777 1777 344 344 1778 1778 336 336 1779 1779 337 337 1780 1780 346 346 1781 1781 344 344 1782 1782 336 336 1783 1783 346 346 1784 1784 346 346 1785 1785 337 337 1786 1786 25 25 1787 1787 345 345 1788 1788 346 346 1789 1789 139 139 1790 1790 346 346 1791 1791 25 25 1792 1792 139 139 1793 1793 342 342 1794 1794 343 343 1795 1795 162 162 1796 1796 161 161 1797 1797 342 342 1798 1798 162 162 1799 1799 343 343 1800 1800 345 345 1801 1801 142 142 1802 1802 162 162 1803 1803 343 343 1804 1804 142 142 1805 1805 142 142 1806 1806 345 345 1807 1807 139 139 1808 1808 164 164 1809 1809 177 177 1810 1810 161 161 1811 1811 338 338 1812 1812 332 332 1813 1813 344 344 1814 1814 332 332 1815 1815 336 336 1816 1816 344 344 1817 1817 340 340 1818 1818 176 176 1819 1819 178 178 1820 1820 178 178 1821 1821 327 327 1822 1822 340 340 1823 1823 327 327 1824 1824 328 328 1825 1825 340 340 1826 1826 327 327 1827 1827 178 178 1828 1828 179 179 1829 1829 347 347 1830 1830 327 327 1831 1831 179 179 1832 1832 347 347 1833 1833 322 322 1834 1834 327 327 1835 1835 322 322 1836 1836 347 347 1837 1837 348 348 1838 1838 347 347 1839 1839 349 349 1840 1840 348 348 1841 1841 322 322 1842 1842 348 348 1843 1843 350 350 1844 1844 350 350 1845 1845 348 348 1846 1846 351 351 1847 1847 348 348 1848 1848 352 352 1849 1849 351 351 1850 1850 352 352 1851 1851 348 348 1852 1852 349 349 1853 1853 315 315 1854 1854 322 322 1855 1855 350 350 1856 1856 351 351 1857 1857 352 352 1858 1858 353 353 1859 1859 351 351 1860 1860 353 353 1861 1861 354 354 1862 1862 313 313 1863 1863 351 351 1864 1864 354 354 1865 1865 351 351 1866 1866 313 313 1867 1867 350 350 1868 1868 355 355 1869 1869 354 354 1870 1870 353 353 1871 1871 356 356 1872 1872 355 355 1873 1873 353 353 1874 1874 355 355 1875 1875 356 356 1876 1876 191 191 1877 1877 352 352 1878 1878 357 357 1879 1879 353 353 1880 1880 353 353 1881 1881 357 357 1882 1882 356 356 1883 1883 352 352 1884 1884 358 358 1885 1885 357 357 1886 1886 358 358 1887 1887 352 352 1888 1888 349 349 1889 1889 358 358 1890 1890 359 359 1891 1891 357 357 1892 1892 360 360 1893 1893 357 357 1894 1894 359 359 1895 1895 357 357 1896 1896 360 360 1897 1897 356 356 1898 1898 356 356 1899 1899 360 360 1900 1900 191 191 1901 1901 361 361 1902 1902 360 360 1903 1903 359 359 1904 1904 360 360 1905 1905 361 361 1906 1906 190 190 1907 1907 191 191 1908 1908 360 360 1909 1909 190 190 1910 1910 313 313 1911 1911 354 354 1912 1912 362 362 1913 1913 310 310 1914 1914 313 313 1915 1915 362 362 1916 1916 310 310 1917 1917 362 362 1918 1918 306 306 1919 1919 362 362 1920 1920 307 307 1921 1921 306 306 1922 1922 307 307 1923 1923 362 362 1924 1924 363 363 1925 1925 354 354 1926 1926 355 355 1927 1927 363 363 1928 1928 362 362 1929 1929 354 354 1930 1930 363 363 1931 1931 34 34 1932 1932 307 307 1933 1933 363 363 1934 1934 363 363 1935 1935 194 194 1936 1936 34 34 1937 1937 363 363 1938 1938 355 355 1939 1939 194 194 1940 1940 194 194 1941 1941 355 355 1942 1942 191 191 1943 1943 194 194 1944 1944 32 32 1945 1945 34 34 1946 1946 194 194 1947 1947 193 193 1948 1948 32 32 1949 1949 193 193 1950 1950 31 31 1951 1951 32 32 1952 1952 193 193 1953 1953 196 196 1954 1954 31 31 1955 1955 196 196 1956 1956 47 47 1957 1957 31 31 1958 1958 196 196 1959 1959 199 199 1960 1960 47 47 1961 1961 199 199 1962 1962 48 48 1963 1963 47 47 1964 1964 199 199 1965 1965 200 200 1966 1966 48 48 1967 1967 200 200 1968 1968 52 52 1969 1969 48 48 1970 1970 200 200 1971 1971 205 205 1972 1972 52 52 1973 1973 205 205 1974 1974 53 53 1975 1975 52 52 1976 1976 205 205 1977 1977 207 207 1978 1978 53 53 1979 1979 207 207 1980 1980 58 58 1981 1981 53 53 1982 1982 207 207 1983 1983 208 208 1984 1984 58 58 1985 1985 208 208 1986 1986 59 59 1987 1987 58 58 1988 1988 208 208 1989 1989 218 218 1990 1990 59 59 1991 1991 218 218 1992 1992 62 62 1993 1993 59 59 1994 1994 218 218 1995 1995 217 217 1996 1996 62 62 1997 1997 217 217 1998 1998 70 70 1999 1999 62 62 2000 2000 70 70 2001 2001 217 217 2002 2002 220 220 2003 2003 231 231 2004 2004 70 70 2005 2005 220 220 2006 2006 70 70 2007 2007 231 231 2008 2008 69 69 2009 2009 231 231 2010 2010 242 242 2011 2011 69 69 2012 2012 69 69 2013 2013 242 242 2014 2014 240 240 2015 2015 68 68 2016 2016 69 69 2017 2017 240 240 2018 2018 234 234 2019 2019 235 235 2020 2020 364 364 2021 2021 365 365 2022 2022 234 234 2023 2023 364 364 2024 2024 237 237 2025 2025 234 234 2026 2026 365 365 2027 2027 249 249 2028 2028 237 237 2029 2029 365 365 2030 2030 364 364 2031 2031 235 235 2032 2032 228 228 2033 2033 313 313 2034 2034 312 312 2035 2035 350 350 2036 2036 350 350 2037 2037 312 312 2038 2038 315 315 2039 2039 366 366 2040 2040 349 349 2041 2041 347 347 2042 2042 179 179 2043 2043 366 366 2044 2044 347 347 2045 2045 367 367 2046 2046 366 366 2047 2047 179 179 2048 2048 366 366 2049 2049 367 367 2050 2050 368 368 2051 2051 369 369 2052 2052 366 366 2053 2053 368 368 2054 2054 349 349 2055 2055 366 366 2056 2056 369 369 2057 2057 173 173 2058 2058 367 367 2059 2059 179 179 2060 2060 368 368 2061 2061 370 370 2062 2062 369 369 2063 2063 371 371 2064 2064 370 370 2065 2065 368 368 2066 2066 182 182 2067 2067 371 371 2068 2068 368 368 2069 2069 368 368 2070 2070 367 367 2071 2071 182 182 2072 2072 371 371 2073 2073 372 372 2074 2074 370 370 2075 2075 372 372 2076 2076 373 373 2077 2077 370 370 2078 2078 373 373 2079 2079 372 372 2080 2080 187 187 2081 2081 370 370 2082 2082 374 374 2083 2083 369 369 2084 2084 370 370 2085 2085 373 373 2086 2086 374 374 2087 2087 369 369 2088 2088 374 374 2089 2089 358 358 2090 2090 358 358 2091 2091 349 349 2092 2092 369 369 2093 2093 374 374 2094 2094 359 359 2095 2095 358 358 2096 2096 374 374 2097 2097 375 375 2098 2098 359 359 2099 2099 373 373 2100 2100 375 375 2101 2101 374 374 2102 2102 375 375 2103 2103 373 373 2104 2104 187 187 2105 2105 375 375 2106 2106 361 361 2107 2107 359 359 2108 2108 361 361 2109 2109 375 375 2110 2110 190 190 2111 2111 375 375 2112 2112 187 187 2113 2113 190 190 2114 2114 183 183 2115 2115 371 371 2116 2116 182 182 2117 2117 184 184 2118 2118 372 372 2119 2119 371 371 2120 2120 183 183 2121 2121 184 184 2122 2122 371 371 2123 2123 372 372 2124 2124 184 184 2125 2125 185 185 2126 2126 372 372 2127 2127 185 185 2128 2128 187 187 2129 2129 367 367 2130 2130 174 174 2131 2131 182 182 2132 2132 174 174 2133 2133 367 367 2134 2134 173 173 2135 2135 136 136 2136 2136 44 44 2137 2137 43 43 2138 2138 126 126 2139 2139 136 136 2140 2140 43 43 2141 2141 136 136 2142 2142 137 137 2143 2143 44 44 2144 2144 137 137 2145 2145 24 24 2146 2146 44 44 2147 2147 126 126 2148 2148 43 43 2149 2149 85 85 2150 2150 87 87 2151 2151 126 126 2152 2152 85 85 2153 2153 87 87 2154 2154 88 88 2155 2155 124 124 2156 2156 88 88 2157 2157 91 91 2158 2158 124 124 2159 2159 124 124 2160 2160 91 91 2161 2161 122 122 2162 2162 91 91 2163 2163 376 376 2164 2164 122 122 2165 2165 376 376 2166 2166 91 91 2167 2167 98 98 2168 2168 376 376 2169 2169 98 98 2170 2170 103 103 2171 2171 112 112 2172 2172 376 376 2173 2173 103 103 2174 2174 376 376 2175 2175 112 112 2176 2176 114 114 2177 2177 122 122 2178 2178 376 376 2179 2179 114 114 2180 2180 118 118 2181 2181 109 109 2182 2182 263 263 2183 2183 109 109 2184 2184 110 110 2185 2185 263 263 2186 2186 110 110 2187 2187 261 261 2188 2188 263 263 2189 2189 110 110 2190 2190 96 96 2191 2191 261 261 2192 2192 96 96 2193 2193 262 262 2194 2194 261 261 2195 2195 262 262 2196 2196 96 96 2197 2197 251 251 2198 2198 96 96 2199 2199 77 77 2200 2200 251 251 2201 2201 274 274 2202 2202 277 277 2203 2203 285 285 2204 2204 284 284 2205 2205 274 274 2206 2206 285 285 2207 2207</p>
        </triangles>
      </mesh>
    </geometry>
    <geometry id="toro_rleg-mesh" name="toro_rleg">
      <mesh>
        <source id="toro_rleg-mesh-positions">
          <float_array id="toro_rleg-mesh-positions-array" count="720">-1.3338e-4 0.002366364 -0.1907677 -0.02367931 -0.00509262 -0.1870011 -0.02107131 -0.01363605 -0.1870011 -0.0157845 -0.02181464 -0.1870011 -0.02107131 -0.01756829 -0.1591749 -0.01581823 -0.02554076 -0.1574791 -0.02107131 -0.02284836 -0.1218325 -0.0158419 -0.03066211 -0.1178429 -0.02367931 -0.01454478 -0.1255756 -0.02367931 -0.009170114 -0.1605296 -0.02464884 -0.001312434 -0.1618876 -0.02464884 0.002910196 -0.1870011 -0.02464884 -0.006785094 -0.1293219 -0.02367931 9.74551e-4 -0.1330683 -0.02367931 0.006528258 -0.1632389 -0.02033489 0.009622693 -0.1368147 -0.02033489 0.01525408 -0.1645902 -0.01381838 0.01845997 -0.141507 -0.02033489 0.006234347 -0.06628167 -0.01380825 0.01450413 -0.06268727 -0.02367931 -0.001356363 -0.08300703 -0.02367931 3.36081e-4 -0.1182753 -0.02033489 0.00935918 -0.03746914 -0.01386904 0.01685196 -0.03695905 -0.02033489 0.01338934 -2.92271e-4 -0.01391637 0.02023357 -2.92271e-4 -0.01342314 0.01867955 0.007805228 -0.0194025 0.01265293 0.007805228 -0.01380151 0.02418261 -0.166286 -0.02033489 0.01979774 -0.1870011 -0.01375079 0.02902019 -0.1870011 -0.02367931 0.01090973 -0.1870011 -0.01050102 0.03062146 -0.1870011 -0.02367931 -0.001954317 -0.06914973 -0.01050102 0.02581095 -0.1665664 0.01050108 0.03062146 -0.1870011 0.01050108 0.02581095 -0.1665664 0.01050108 0.02009505 -0.1422975 -0.01050102 0.02009505 -0.1422975 0.01050108 0.01603108 -0.06208598 -0.01050102 0.01603108 -0.06208598 -0.01050102 0.01832485 -0.03686785 0.01050108 0.01832485 -0.03686785 0.01049095 0.021649 -2.92271e-4 -0.01049089 0.021649 -2.92271e-4 0.009801805 0.02011191 0.007805228 -0.009801745 0.02011191 0.007805228 0.01380157 0.02418261 -0.166286 0.01375091 0.02902019 -0.1870011 0.02033501 0.01979774 -0.1870011 0.02033501 0.01525408 -0.1645902 0.0138185 0.01845997 -0.141507 0.02033501 0.009622693 -0.1368147 0.01380836 0.01450413 -0.06268727 0.02033501 0.006234347 -0.06628167 0.02033501 0.00935918 -0.03746914 0.01386916 0.01685196 -0.03695905 0.02033501 0.01338934 -2.92271e-4 0.01391643 0.02023357 -2.92271e-4 0.01940262 0.01265293 0.007805228 0.01342326 0.01867955 0.007805228 0.02367943 0.006251275 -2.92271e-4 0.02367943 0.001785278 -0.03787791 0.02367943 -0.001954317 -0.06914973 0.02464896 -0.004900097 -0.03828328 0.02464896 -0.009254574 -0.07201445 0.02367943 -0.001356363 -0.08300703 0.02464896 -0.00865662 -0.085213 0.02259165 0.006041824 0.007805228 0.02351725 3.32698e-4 0.007805228 0.02464896 1.63913e-6 -2.92271e-4 0.02367943 -0.006251335 -2.92271e-4 0.02259165 -0.005376398 0.007805228 0.02367943 -0.011545 -0.03868865 0.0201053 -0.01163619 0.007805228 0.02107143 -0.01304149 -2.92271e-4 0.01544678 -0.01659196 0.007805228 0.01600754 -0.01883172 -2.92271e-4 0.02107143 -0.01873034 -0.03909403 0.0159704 -0.02499687 -0.03958725 0.02107143 -0.02439558 -0.07774722 0.01588934 -0.03158438 -0.08076733 0.02367943 -0.01655143 -0.0748825 0.02107143 -0.02446651 -0.08873981 0.01584202 -0.03184109 -0.09017217 0.02107143 -0.02426719 -0.09973245 0.01583528 -0.03178703 -0.09973245 0.02367943 -0.01621359 -0.09973245 0.02367943 -0.01652103 -0.08695954 0.02464896 -0.008058667 -0.09973245 0.02367943 -0.01551771 -0.1132925 0.02464896 -0.007423579 -0.1158869 0.01582515 -0.03137493 -0.1089346 0.02107143 -0.0236929 -0.1109378 0.01584202 -0.03066211 -0.1178429 0.02107143 -0.02284836 -0.1218325 0.02367943 -0.01454478 -0.1255756 0.01581835 -0.02554076 -0.1574791 0.02107143 -0.01756829 -0.1591749 0.01578462 -0.02181464 -0.1870011 0.02107143 -0.01363605 -0.1870011 0.02367943 -0.009170114 -0.1605296 0.02464896 -0.006785094 -0.1293219 0.02464896 -0.001312434 -0.1618876 0.02367943 -0.00509262 -0.1870011 0.02464896 0.002910196 -0.1870011 0.02367943 9.74551e-4 -0.1330683 0.02367943 0.006528258 -0.1632389 0.02367943 0.01090973 -0.1870011 0.02367943 3.36081e-4 -0.1182753 -0.009936869 -0.02608132 -0.1870011 -0.00260955 -0.02879399 -0.1870011 -0.009930074 -0.02981418 -0.1570771 -0.002619683 -0.03247278 -0.1565704 -0.009926736 -0.03492873 -0.1160423 -0.002626478 -0.03754347 -0.1146471 -0.009930074 -0.03558748 -0.1078874 -0.002619683 -0.03815829 -0.1071881 -0.009926736 -0.03597259 -0.09973245 -0.002623081 -0.03849947 -0.09973245 -0.002626478 -0.03848934 -0.09148967 -0.009926736 -0.03600299 -0.09095591 -0.002639949 -0.03820222 -0.08324354 -0.009916603 -0.03576314 -0.08217942 -0.002656877 -0.03120934 -0.0398643 -0.009903073 -0.02904057 -0.03971564 -0.002667009 -0.02483135 -2.92271e-4 -0.009896337 -0.0227977 -2.92271e-4 -0.009680092 -0.020612 0.007805228 -0.002832531 -0.02233153 0.007805228 -0.01597028 -0.02499687 -0.03958725 -0.01588922 -0.03158438 -0.08076733 -0.02107131 -0.02439558 -0.07774722 -0.02107131 -0.01873034 -0.03909403 -0.02367931 -0.01655143 -0.0748825 -0.02367931 -0.011545 -0.03868865 -0.01600742 -0.01883172 -2.92271e-4 -0.02107131 -0.01304149 -2.92271e-4 -0.02010518 -0.01163619 0.007805228 -0.01544666 -0.01659196 0.007805228 -0.02367931 -0.006251335 -2.92271e-4 -0.02259153 -0.005376398 0.007805228 -0.02464884 -0.009254574 -0.07201445 -0.02464884 -0.004900097 -0.03828328 -0.02367931 0.001785278 -0.03787791 -0.02464884 1.63913e-6 -2.92271e-4 -0.02367931 0.006251275 -2.92271e-4 -0.02351713 3.32698e-4 0.007805228 -0.02259153 0.006041824 0.007805228 -0.02464884 -0.00865662 -0.085213 -0.02367931 -0.01652103 -0.08695954 -0.02464884 -0.008058667 -0.09973245 -0.02367931 -0.01621359 -0.09973245 -0.02367931 -0.01551771 -0.1132925 -0.02464884 -0.007423579 -0.1158869 -0.02107131 -0.02446651 -0.08873981 -0.02107131 -0.0236929 -0.1109378 -0.02107131 -0.02426719 -0.09973245 -0.0158419 -0.03184109 -0.09017217 -0.01583516 -0.03178703 -0.09973245 -0.01582503 -0.03137493 -0.1089346 0.00260967 -0.02879399 -0.1870011 0.009936988 -0.02608132 -0.1870011 0.009930193 -0.02981418 -0.1570771 0.002619802 -0.03247278 -0.1565704 0.009926795 -0.03492873 -0.1160423 0.002626597 -0.03754347 -0.1146471 0.009926795 -0.03558748 -0.1078874 0.002619802 -0.03815829 -0.1071881 0.009926795 -0.03597259 -0.09973245 0.0026232 -0.03849947 -0.09973245 0.002626597 -0.03848934 -0.09148967 0.009923458 -0.03600299 -0.09095591 0.002640068 -0.03820222 -0.08324354 0.009916663 -0.03576314 -0.08217942 0.002656996 -0.03120934 -0.0398643 0.009903192 -0.02904057 -0.03971564 0.002667129 -0.02483135 -2.92271e-4 0.009896397 -0.0227977 -2.92271e-4 0.002832651 -0.02233153 0.007805228 0.009680211 -0.020612 0.007805228 0.01382523 -0.01495695 0.01311236 0.01802092 -0.01059567 0.01311236 0.008595824 -0.01861548 0.01311236 0.002704262 -0.02005797 0.01311236 0.01686221 -0.00434947 0.01780462 0.01183885 -0.003126561 0.021649 0.01232534 -1.90929e-4 0.021649 0.01756149 5.23031e-5 0.01780462 0.01685547 0.004450678 0.01780462 0.01183885 0.002741336 0.021649 0.01053488 -0.006791889 0.021649 0.01496708 -0.00927484 0.01780462 0.007727622 -0.009436964 0.021649 0.01139634 -0.01300436 0.01780462 0.0101667 0.006180286 0.021649 0.01440632 0.009122729 0.01780462 0.009602546 0.01384878 0.01780462 0.006251335 0.009477436 0.021649 0.007707357 0.01450079 0.01780462 -0.007707238 0.01450079 0.01780462 -0.006251275 0.009477436 0.021649 -0.009602427 0.01384878 0.01780462 -0.01016658 0.006180286 0.021649 -0.0144062 0.009122729 0.01780462 -0.01685535 0.004450678 0.01780462 -0.01183873 0.002741336 0.021649 -0.01232522 -1.90929e-4 0.021649 -0.01756137 5.23031e-5 0.01780462 -0.01686209 -0.00434947 0.01780462 -0.01183873 -0.003126561 0.021649 -0.01053476 -0.006791889 0.021649 -0.01496696 -0.00927484 0.01780462 -0.01139622 -0.01300436 0.01780462 -0.007727503 -0.009436964 0.021649 -0.006953895 -0.01613593 0.01780462 -0.004285156 -0.01135241 0.021649 -0.002406895 -0.01726764 0.01780462 -0.00196433 -0.01197397 0.021649 0.002407014 -0.01726764 0.01780462 0.001964449 -0.01197397 0.021649 0.006954014 -0.01613593 0.01780462 0.004285275 -0.01135241 0.021649 -1.63913e-6 -0.001309096 0.02364552 -0.002704143 -0.02005797 0.01311236 -0.008595705 -0.01861548 0.01311236 -0.01382511 -0.01495695 0.01311236 -0.0180242 -0.01059567 0.01311236 -0.0202673 -0.004947364 0.01311236 -0.02109497 1.57028e-4 0.01311236 -0.02025043 0.005254685 0.01311236 -0.01735532 0.0112307 0.01311236 -0.01185905 0.0166155 0.01311236 -0.008936882 0.01770669 0.01311236 0.008937001 0.01770669 0.01311236 0.01185911 0.0166155 0.01311236 0.01735544 0.0112307 0.01311236 0.02025055 0.005254685 0.01311236 0.02109509 1.57028e-4 0.01311236 0.02026742 -0.004947364 0.01311236</float_array>
          <technique_common>
            <accessor source="#toro_rleg-mesh-positions-array" count="240" stride="3">
              <param name="X" type="float"/>
              <param name="Y" type="float"/>
              <param name="Z" type="float"/>
            </accessor>
          </technique_common>
        </source>
        <source id="toro_rleg-mesh-normals">
          <float_array id="toro_rleg-mesh-normals-array" count="720">-0.686289 -0.3176361 -0.6543048 -0.7490116 -0.1529408 -0.6446633 -0.003908693 0.003910958 -0.9999848 -0.5451093 -0.521546 -0.6563884 -0.8980304 -0.4352906 -0.0637471 -0.7097987 -0.69411 -0.1199886 -0.8901897 -0.4509757 -0.0646795 -0.7019548 -0.7097977 -0.05870908 -0.9747852 -0.2231455 -1.90583e-5 -0.9764631 -0.2156849 -9.97484e-5 -0.9999924 0.003897368 -3.33075e-4 -0.7803676 0.01171147 -0.6252115 -0.9999923 -0.003926515 -3.50411e-4 -0.9686141 0.2470822 0.0271539 -0.9686191 0.2470591 0.02718377 -0.8666611 0.490193 0.09278845 -0.8666571 0.4901925 0.09282636 -0.6235256 0.7725403 0.1199898 -0.8636374 0.5041136 -1.40439e-5 -0.6155678 0.7880839 -6.08673e-6 -0.9670752 0.254491 1.01211e-5 -0.9686203 0.2470541 0.02718853 -0.8431303 0.5372507 -0.02220124 -0.5843072 0.8039171 -0.1109165 -0.8274419 0.5607831 0.02936094 -0.5607795 0.8274445 0.02936083 -0.5294088 0.7882319 0.3137148 -0.7882279 0.5529368 0.270107 -0.6235252 0.7646995 0.1626381 -0.7019307 0.3960867 -0.5919532 -0.521558 0.6548981 -0.5468873 -0.7647162 0.1999967 -0.6125444 -0.1842939 0.8274403 -0.5304511 -0.9670749 0.2544918 -3.10536e-5 -0.2156861 0.9529363 0.2130539 0.1843164 0.8274456 -0.530435 0.2156834 0.952933 0.2130714 0.2156868 0.9686216 0.1234965 -0.2156853 0.9686217 0.123498 0.2156867 0.9764626 -1.38096e-6 -0.2156852 0.976463 -2.46242e-4 -0.2000079 0.976459 -0.08077615 0.1999976 0.9764637 -0.0807445 0.1999931 0.9764658 0.08073109 -0.1999995 0.976463 0.08074939 0.1764661 0.9372559 0.3006848 -0.1764692 0.937247 0.3007101 0.6235241 0.7647048 0.1626173 0.521583 0.65489 -0.5468733 0.7019517 0.3960772 -0.5919347 0.8666576 0.4901916 0.09282642 0.6235247 0.7725445 0.1199679 0.8666591 0.4901934 0.09280467 0.6155658 0.7880856 1.26472e-5 0.8636376 0.5041131 8.72011e-6 0.8431307 0.5372503 -0.02220112 0.5843136 0.8039162 -0.1108894 0.8274428 0.5607823 0.02935403 0.5607809 0.8274447 0.029325 0.7882301 0.5529389 0.2700961 0.5293902 0.7882402 0.3137251 0.9529334 0.2941142 0.07358568 0.9604818 0.278343 -1.6097e-5 0.9670745 0.2544935 1.81003e-5 0.9999925 -0.0038836 9.88427e-6 0.9999312 -0.01173543 3.87719e-5 0.9670754 0.2544904 1.0159e-5 0.9999924 0.003898859 6.99607e-5 0.9137185 0.2862734 0.2883856 0.9608187 0.003980755 0.2771493 0.9999924 0.003927946 -6.91414e-6 0.9607746 -0.2548996 0.1092636 0.9293996 -0.2470653 0.2741811 0.9686203 -0.2470544 0.02718251 0.8117589 -0.4980458 0.3049556 0.8509753 -0.5058755 0.1411784 0.6235224 -0.7176452 0.3101697 0.647051 -0.74117 0.1788632 0.8666586 -0.4980377 0.02935028 0.6627517 -0.7411565 0.1069916 0.8745047 -0.4745015 0.1004487 0.6862733 -0.7254787 0.05205494 0.9686189 -0.2392165 0.06747668 0.8901858 -0.4509872 -0.06465184 0.7019554 -0.7098002 0.05867201 0.8967648 -0.4425076 4.6974e-6 0.7071092 -0.7071044 -2.33762e-5 0.976463 -0.215685 -3.55137e-6 0.9764581 -0.2157074 -2.31722e-5 0.999992 0.003999054 7.0378e-5 0.9764626 -0.2156871 -2.1216e-5 0.9999925 0.003886938 -1.0843e-5 0.7097956 -0.7019599 -0.05867391 0.8967643 -0.4425087 -1.38421e-5 0.7019529 -0.7097982 -0.05872499 0.8901886 -0.4509776 -0.06467956 0.9747857 -0.2231431 -1.90314e-5 0.709801 -0.6941116 -0.1199651 0.8980303 -0.4352907 -0.0637471 0.545093 -0.5215657 -0.6563862 0.6862767 -0.3176409 -0.6543154 0.9764629 -0.2156857 -1.47894e-6 0.9999924 -0.003916561 7.75699e-6 0.9999924 0.003887355 1.28737e-5 0.7490305 -0.1529379 -0.644642 0.7803851 0.01176184 -0.6251888 0.9686148 0.2470793 0.02715122 0.9686194 0.247058 0.02718365 0.76472 0.1999951 -0.6125401 0.9686195 0.247062 0.02713984 -0.1294088 -0.7254818 -0.6759657 -0.3490154 -0.6470524 -0.6778728 -0.4588125 -0.8823533 -0.1046133 -0.1686256 -0.9764657 -0.1344634 -0.4509775 -0.8901897 -0.06466746 -0.1607826 -0.9843054 -0.07274544 -0.4509839 -0.8901872 -0.06465685 -0.1686259 -0.9843062 -0.05202543 -0.4581472 -0.8888764 1.64327e-5 -0.1686233 -0.9843081 -0.05199909 -0.1607822 -0.9843056 0.07274353 -0.4509807 -0.8901881 0.0646649 -0.1529362 -0.9843075 0.08803021 -0.4352931 -0.8980329 0.06369477 -0.1451035 -0.9764613 0.1595882 -0.4196062 -0.8980336 0.1321613 -0.1294106 -0.9686179 0.2122079 -0.4039174 -0.890189 0.2107471 -0.3960695 -0.8588185 0.3248999 -0.1215716 -0.9372504 0.3267754 -0.6627426 -0.7411677 0.1069709 -0.6862672 -0.7254878 0.05200797 -0.8745025 -0.4745057 0.1004483 -0.866662 -0.498032 0.02934998 -0.9686188 -0.2392166 0.0674768 -0.9686201 -0.2470553 0.02718269 -0.6470555 -0.7411694 0.17885 -0.8509742 -0.5058757 0.1411839 -0.8117582 -0.4980339 0.3049768 -0.6235178 -0.7176388 0.3101938 -0.9607748 -0.2548987 0.1092636 -0.9294018 -0.247061 0.2741773 -0.9999312 -0.01173579 3.90697e-5 -0.9999923 -0.003927111 -3.46614e-4 -0.9604822 0.2783415 -1.61756e-5 -0.9999923 0.003915727 -3.64681e-4 -0.9529332 0.2941151 0.07358556 -0.9607738 0.003427445 0.2773121 -0.9137166 0.2862704 0.2883946 -0.9999923 0.003919899 -3.38819e-4 -0.9764597 -0.2157002 -1.02018e-4 -0.999992 0.003989338 -2.50065e-4 -0.9764635 -0.2156828 -1.02806e-4 -0.9764633 -0.2156839 -7.12507e-5 -0.9999923 0.003918409 -3.45538e-4 -0.8901858 -0.4509872 -0.06465184 -0.8967639 -0.4425095 -1.38516e-5 -0.8967645 -0.4425082 5.20609e-6 -0.7019535 -0.7098001 0.05869466 -0.7071085 -0.7071052 -2.11501e-5 -0.7098011 -0.7019519 -0.0587033 0.3490089 -0.6470466 -0.6778816 0.129418 -0.725496 -0.6759486 0.4588348 -0.8823354 -0.1046664 0.1686264 -0.9764667 -0.1344542 0.4509776 -0.8901889 -0.0646764 0.1607857 -0.9843041 -0.07275688 0.4509778 -0.8901892 -0.06467139 0.1686249 -0.9843063 -0.05202573 0.4581429 -0.8888787 -7.14697e-6 0.1686251 -0.9843062 -0.05202978 0.1607837 -0.984307 0.07272088 0.450981 -0.8901884 0.06465899 0.1529418 -0.9843057 0.08804094 0.4352918 -0.8980336 0.06369334 0.1450682 -0.9764717 0.1595569 0.4196035 -0.8980323 0.1321776 0.1294209 -0.9686117 0.2122305 0.403914 -0.8901961 0.2107233 0.121567 -0.9372463 0.3267889 0.3960735 -0.8588188 0.324894 0.5764711 -0.6705865 0.4668993 0.7333284 -0.4666647 0.4944224 0.3725547 -0.803907 0.4636125 0.1058908 -0.8823592 0.4585078 0.4038932 -0.003956794 0.9147977 0.3882284 -0.105891 0.9154593 0.6941031 -0.1843228 0.6958778 0.7098 0.003909528 0.7043926 0.6705882 0.2235308 0.7073511 0.3803828 0.1215686 0.9168043 0.3568598 -0.2313712 0.9050517 0.6078422 -0.3960753 0.688224 0.2549014 -0.3254823 0.9105418 0.4666634 -0.5607804 0.683923 0.3255048 0.2470558 0.9126939 0.5686106 0.4196045 0.7075408 0.3725384 0.6000052 0.7079612 0.1451171 0.3882246 0.9100674 0.1215847 0.7097893 0.6938417 -0.1215792 0.7097957 0.6938361 -0.1450812 0.3882387 0.9100672 -0.3725349 0.6000078 0.7079607 -0.325464 0.2470585 0.9127077 -0.5686212 0.4196281 0.7075183 -0.6705637 0.2235369 0.7073724 -0.3803973 0.1215662 0.9167985 -0.4039305 -0.003905594 0.9147813 -0.7098008 0.003910183 0.7043916 -0.6940938 -0.1843227 0.6958873 -0.388248 -0.1058394 0.9154571 -0.3568255 -0.2313598 0.9050681 -0.6078525 -0.3960729 0.6882164 -0.4666827 -0.5607818 0.6839087 -0.254872 -0.3254923 0.9105466 -0.3019446 -0.6784093 0.6697688 -0.1607758 -0.3725476 0.9139801 -0.09019523 -0.7411913 0.6652069 -0.05100029 -0.403926 0.9133689 0.09019607 -0.7411485 0.6652545 0.0510205 -0.4039255 0.913368 0.3019567 -0.6784312 0.6697412 0.1607791 -0.3725513 0.913978 0.003951489 -0.003897488 0.9999847 -0.1058782 -0.8823425 0.4585431 -0.3725408 -0.8039212 0.4635992 -0.5764641 -0.670566 0.4669374 -0.7333302 -0.4666671 0.4944175 -0.8352615 -0.2314047 0.4987887 -0.8588221 -0.003915429 0.5122591 -0.8196127 0.2627202 0.50913 -0.6941183 0.4980472 0.5197584 -0.4588158 0.7176364 0.5239143 -0.1528477 0.850765 0.5028286 0.1529494 0.8509715 0.502448 0.4588184 0.71764 0.5239069 0.694131 0.4980597 0.5197294 0.8195976 0.2627611 0.5091332 0.858832 -0.003905534 0.5122426 0.8353096 -0.2313194 0.4987477</float_array>
          <technique_common>
            <accessor source="#toro_rleg-mesh-normals-array" count="240" stride="3">
              <param name="X" type="float"/>
              <param name="Y" type="float"/>
              <param name="Z" type="float"/>
            </accessor>
          </technique_common>
        </source>
        <source id="toro_rleg-mesh-map-0">
          <float_array id="toro_rleg-mesh-map-0-array" count="2856">0 0 0 0 0 0 0 0 0 0 0 0 0 0 0 0 0 0 0 0 0 0 0 0 0 0 0 0 0 0 0 0 0 0 0 0 0 0 0 0 0 0 0 0 0 0 0 0 0 0 0 0 0 0 0 0 0 0 0 0 0 0 0 0 0 0 0 0 0 0 0 0 0 0 0 0 0 0 0 0 0 0 0 0 0 0 0 0 0 0 0 0 0 0 0 0 0 0 0 0 0 0 0 0 0 0 0 0 0 0 0 0 0 0 0 0 0 0 0 0 0 0 0 0 0 0 0 0 0 0 0 0 0 0 0 0 0 0 0 0 0 0 0 0 0 0 0 0 0 0 0 0 0 0 0 0 0 0 0 0 0 0 0 0 0 0 0 0 0 0 0 0 0 0 0 0 0 0 0 0 0 0 0 0 0 0 0 0 0 0 0 0 0 0 0 0 0 0 0 0 0 0 0 0 0 0 0 0 0 0 0 0 0 0 0 0 0 0 0 0 0 0 0 0 0 0 0 0 0 0 0 0 0 0 0 0 0 0 0 0 0 0 0 0 0 0 0 0 0 0 0 0 0 0 0 0 0 0 0 0 0 0 0 0 0 0 0 0 0 0 0 0 0 0 0 0 0 0 0 0 0 0 0 0 0 0 0 0 0 0 0 0 0 0 0 0 0 0 0 0 0 0 0 0 0 0 0 0 0 0 0 0 0 0 0 0 0 0 0 0 0 0 0 0 0 0 0 0 0 0 0 0 0 0 0 0 0 0 0 0 0 0 0 0 0 0 0 0 0 0 0 0 0 0 0 0 0 0 0 0 0 0 0 0 0 0 0 0 0 0 0 0 0 0 0 0 0 0 0 0 0 0 0 0 0 0 0 0 0 0 0 0 0 0 0 0 0 0 0 0 0 0 0 0 0 0 0 0 0 0 0 0 0 0 0 0 0 0 0 0 0 0 0 0 0 0 0 0 0 0 0 0 0 0 0 0 0 0 0 0 0 0 0 0 0 0 0 0 0 0 0 0 0 0 0 0 0 0 0 0 0 0 0 0 0 0 0 0 0 0 0 0 0 0 0 0 0 0 0 0 0 0 0 0 0 0 0 0 0 0 0 0 0 0 0 0 0 0 0 0 0 0 0 0 0 0 0 0 0 0 0 0 0 0 0 0 0 0 0 0 0 0 0 0 0 0 0 0 0 0 0 0 0 0 0 0 0 0 0 0 0 0 0 0 0 0 0 0 0 0 0 0 0 0 0 0 0 0 0 0 0 0 0 0 0 0 0 0 0 0 0 0 0 0 0 0 0 0 0 0 0 0 0 0 0 0 0 0 0 0 0 0 0 0 0 0 0 0 0 0 0 0 0 0 0 0 0 0 0 0 0 0 0 0 0 0 0 0 0 0 0 0 0 0 0 0 0 0 0 0 0 0 0 0 0 0 0 0 0 0 0 0 0 0 0 0 0 0 0 0 0 0 0 0 0 0 0 0 0 0 0 0 0 0 0 0 0 0 0 0 0 0 0 0 0 0 0 0 0 0 0 0 0 0 0 0 0 0 0 0 0 0 0 0 0 0 0 0 0 0 0 0 0 0 0 0 0 0 0 0 0 0 0 0 0 0 0 0 0 0 0 0 0 0 0 0 0 0 0 0 0 0 0 0 0 0 0 0 0 0 0 0 0 0 0 0 0 0 0 0 0 0 0 0 0 0 0 0 0 0 0 0 0 0 0 0 0 0 0 0 0 0 0 0 0 0 0 0 0 0 0 0 0 0 0 0 0 0 0 0 0 0 0 0 0 0 0 0 0 0 0 0 0 0 0 0 0 0 0 0 0 0 0 0 0 0 0 0 0 0 0 0 0 0 0 0 0 0 0 0 0 0 0 0 0 0 0 0 0 0 0 0 0 0 0 0 0 0 0 0 0 0 0 0 0 0 0 0 0 0 0 0 0 0 0 0 0 0 0 0 0 0 0 0 0 0 0 0 0 0 0 0 0 0 0 0 0 0 0 0 0 0 0 0 0 0 0 0 0 0 0 0 0 0 0 0 0 0 0 0 0 0 0 0 0 0 0 0 0 0 0 0 0 0 0 0 0 0 0 0 0 0 0 0 0 0 0 0 0 0 0 0 0 0 0 0 0 0 0 0 0 0 0 0 0 0 0 0 0 0 0 0 0 0 0 0 0 0 0 0 0 0 0 0 0 0 0 0 0 0 0 0 0 0 0 0 0 0 0 0 0 0 0 0 0 0 0 0 0 0 0 0 0 0 0 0 0 0 0 0 0 0 0 0 0 0 0 0 0 0 0 0 0 0 0 0 0 0 0 0 0 0 0 0 0 0 0 0 0 0 0 0 0 0 0 0 0 0 0 0 0 0 0 0 0 0 0 0 0 0 0 0 0 0 0 0 0 0 0 0 0 0 0 0 0 0 0 0 0 0 0 0 0 0 0 0 0 0 0 0 0 0 0 0 0 0 0 0 0 0 0 0 0 0 0 0 0 0 0 0 0 0 0 0 0 0 0 0 0 0 0 0 0 0 0 0 0 0 0 0 0 0 0 0 0 0 0 0 0 0 0 0 0 0 0 0 0 0 0 0 0 0 0 0 0 0 0 0 0 0 0 0 0 0 0 0 0 0 0 0 0 0 0 0 0 0 0 0 0 0 0 0 0 0 0 0 0 0 0 0 0 0 0 0 0 0 0 0 0 0 0 0 0 0 0 0 0 0 0 0 0 0 0 0 0 0 0 0 0 0 0 0 0 0 0 0 0 0 0 0 0 0 0 0 0 0 0 0 0 0 0 0 0 0 0 0 0 0 0 0 0 0 0 0 0 0 0 0 0 0 0 0 0 0 0 0 0 0 0 0 0 0 0 0 0 0 0 0 0 0 0 0 0 0 0 0 0 0 0 0 0 0 0 0 0 0 0 0 0 0 0 0 0 0 0 0 0 0 0 0 0 0 0 0 0 0 0 0 0 0 0 0 0 0 0 0 0 0 0 0 0 0 0 0 0 0 0 0 0 0 0 0 0 0 0 0 0 0 0 0 0 0 0 0 0 0 0 0 0 0 0 0 0 0 0 0 0 0 0 0 0 0 0 0 0 0 0 0 0 0 0 0 0 0 0 0 0 0 0 0 0 0 0 0 0 0 0 0 0 0 0 0 0 0 0 0 0 0 0 0 0 0 0 0 0 0 0 0 0 0 0 0 0 0 0 0 0 0 0 0 0 0 0 0 0 0 0 0 0 0 0 0 0 0 0 0 0 0 0 0 0 0 0 0 0 0 0 0 0 0 0 0 0 0 0 0 0 0 0 0 0 0 0 0 0 0 0 0 0 0 0 0 0 0 0 0 0 0 0 0 0 0 0 0 0 0 0 0 0 0 0 0 0 0 0 0 0 0 0 0 0 0 0 0 0 0 0 0 0 0 0 0 0 0 0 0 0 0 0 0 0 0 0 0 0 0 0 0 0 0 0 0 0 0 0 0 0 0 0 0 0 0 0 0 0 0 0 0 0 0 0 0 0 0 0 0 0 0 0 0 0 0 0 0 0 0 0 0 0 0 0 0 0 0 0 0 0 0 0 0 0 0 0 0 0 0 0 0 0 0 0 0 0 0 0 0 0 0 0 0 0 0 0 0 0 0 0 0 0 0 0 0 0 0 0 0 0 0 0 0 0 0 0 0 0 0 0 0 0 0 0 0 0 0 0 0 0 0 0 0 0 0 0 0 0 0 0 0 0 0 0 0 0 0 0 0 0 0 0 0 0 0 0 0 0 0 0 0 0 0 0 0 0 0 0 0 0 0 0 0 0 0 0 0 0 0 0 0 0 0 0 0 0 0 0 0 0 0 0 0 0 0 0 0 0 0 0 0 0 0 0 0 0 0 0 0 0 0 0 0 0 0 0 0 0 0 0 0 0 0 0 0 0 0 0 0 0 0 0 0 0 0 0 0 0 0 0 0 0 0 0 0 0 0 0 0 0 0 0 0 0 0 0 0 0 0 0 0 0 0 0 0 0 0 0 0 0 0 0 0 0 0 0 0 0 0 0 0 0 0 0 0 0 0 0 0 0 0 0 0 0 0 0 0 0 0 0 0 0 0 0 0 0 0 0 0 0 0 0 0 0 0 0 0 0 0 0 0 0 0 0 0 0 0 0 0 0 0 0 0 0 0 0 0 0 0 0 0 0 0 0 0 0 0 0 0 0 0 0 0 0 0 0 0 0 0 0 0 0 0 0 0 0 0 0 0 0 0 0 0 0 0 0 0 0 0 0 0 0 0 0 0 0 0 0 0 0 0 0 0 0 0 0 0 0 0 0 0 0 0 0 0 0 0 0 0 0 0 0 0 0 0 0 0 0 0 0 0 0 0 0 0 0 0 0 0 0 0 0 0 0 0 0 0 0 0 0 0 0 0 0 0 0 0 0 0 0 0 0 0 0 0 0 0 0 0 0 0 0 0 0 0 0 0 0 0 0 0 0 0 0 0 0 0 0 0 0 0 0 0 0 0 0 0 0 0 0 0 0 0 0 0 0 0 0 0 0 0 0 0 0 0 0 0 0 0 0 0 0 0 0 0 0 0 0 0 0 0 0 0 0 0 0 0 0 0 0 0 0 0 0 0 0 0 0 0 0 0 0 0 0 0 0 0 0 0 0 0 0 0 0 0 0 0 0 0 0 0 0 0 0 0 0 0 0 0 0 0 0 0 0 0 0 0 0 0 0 0 0 0 0 0 0 0 0 0 0 0 0 0 0 0 0 0 0 0 0 0 0 0 0 0 0 0 0 0 0 0 0 0 0 0 0 0 0 0 0 0 0 0 0 0 0 0 0 0 0 0 0 0 0 0 0 0 0 0 0 0 0 0 0 0 0 0 0 0 0 0 0 0 0 0 0 0 0 0 0 0 0 0 0 0 0 0 0 0 0 0 0 0 0 0 0 0 0 0 0 0 0 0 0 0 0 0 0 0 0 0 0 0 0 0 0 0 0 0 0 0 0 0 0 0 0 0 0 0 0 0 0 0 0 0 0 0 0 0 0 0 0 0 0 0 0 0 0 0 0 0 0 0 0 0 0 0 0 0 0 0 0 0 0 0 0 0 0 0 0 0 0 0 0 0 0 0 0 0 0 0 0 0 0 0 0 0 0 0 0 0 0 0 0 0 0 0 0 0 0 0 0 0 0 0 0 0 0 0 0 0 0 0 0 0 0 0 0 0 0 0 0 0 0 0 0 0 0 0 0 0 0 0 0 0 0 0 0 0 0 0 0 0 0 0 0 0 0 0 0 0 0 0 0 0 0 0 0 0 0 0 0 0 0 0 0 0 0 0 0 0 0 0 0 0 0 0 0 0 0 0 0 0 0 0 0 0 0 0 0 0 0 0 0 0 0 0 0 0 0 0 0 0 0 0 0 0 0 0 0 0 0 0 0 0 0 0 0 0 0 0 0 0 0 0 0 0 0 0 0 0 0 0 0 0 0 0 0 0 0 0 0 0 0 0 0 0 0 0 0 0 0 0 0 0 0 0 0 0 0 0 0 0 0 0 0 0 0 0 0 0 0 0 0 0 0 0 0 0 0 0 0 0 0 0 0 0 0 0 0 0 0 0 0 0 0 0 0 0 0 0 0 0 0 0 0 0 0 0 0 0 0 0 0 0 0 0 0 0 0 0 0 0 0 0 0 0 0 0 0 0 0 0 0 0 0 0 0 0 0 0 0 0 0 0 0 0 0 0 0 0 0 0 0 0 0 0 0 0 0 0 0 0 0 0 0 0 0 0 0 0 0 0 0 0 0 0 0 0 0 0 0 0 0 0 0 0 0 0 0 0 0 0 0 0 0 0 0 0 0 0 0 0 0 0 0 0 0 0 0 0 0 0 0 0 0 0 0 0 0 0 0 0 0 0 0 0 0 0 0 0 0 0 0 0 0 0 0 0 0 0 0 0 0 0 0 0 0 0 0 0 0 0 0 0 0 0 0 0 0 0 0 0 0 0 0 0 0 0 0 0 0 0 0 0 0 0 0 0 0 0 0 0 0 0 0 0 0 0 0 0 0 0 0 0 0 0 0 0 0 0 0 0 0 0 0 0 0 0 0 0 0 0 0 0 0 0 0 0 0 0 0 0 0 0 0 0 0 0 0 0 0 0 0 0 0 0 0 0 0 0 0 0 0 0 0 0 0 0 0 0 0 0 0 0 0 0 0 0 0 0 0 0 0 0 0 0 0 0 0 0 0 0 0 0 0 0 0 0 0 0 0 0 0 0 0 0 0 0 0 0 0 0 0 0 0 0 0 0 0 0 0 0 0 0 0 0 0 0 0 0 0 0 0 0 0 0 0 0 0 0 0 0 0 0 0 0 0 0 0 0 0 0 0 0 0 0 0 0 0 0 0 0 0 0 0 0 0 0 0 0 0 0 0 0 0 0 0 0</float_array>
          <technique_common>
            <accessor source="#toro_rleg-mesh-map-0-array" count="1428" stride="2">
              <param name="S" type="float"/>
              <param name="T" type="float"/>
            </accessor>
          </technique_common>
        </source>
        <source id="toro_rleg-mesh-colors-Col" name="Col">
          <float_array id="toro_rleg-mesh-colors-Col-array" count="5712">0 0 0 0 0 0 0 0 0 0 0 0 0 0 0 0 0 0 0 0 0 0 0 0 0 0 0 0 0 0 0 0 0 0 0 0 0 0 0 0 0 0 0 0 0 0 0 0 0 0 0 0 0 0 0 0 0 0 0 0 0 0 0 0 0 0 0 0 0 0 0 0 0 0 0 0 0 0 0 0 0 0 0 0 0 0 0 0 0 0 0 0 0 0 0 0 0 0 0 0 0 0 0 0 0 0 0 0 0 0 0 0 0 0 0 0 0 0 0 0 0 0 0 0 0 0 0 0 0 0 0 0 0 0 0 0 0 0 0 0 0 0 0 0 0 0 0 0 0 0 0 0 0 0 0 0 0 0 0 0 0 0 0 0 0 0 0 0 0 0 0 0 0 0 0 0 0 0 0 0 0 0 0 0 0 0 0 0 0 0 0 0 0 0 0 0 0 0 0 0 0 0 0 0 0 0 0 0 0 0 0 0 0 0 0 0 0 0 0 0 0 0 0 0 0 0 0 0 0 0 0 0 0 0 0 0 0 0 0 0 0 0 0 0 0 0 0 0 0 0 0 0 0 0 0 0 0 0 0 0 0 0 0 0 0 0 0 0 0 0 0 0 0 0 0 0 0 0 0 0 0 0 0 0 0 0 0 0 0 0 0 0 0 0 0 0 0 0 0 0 0 0 0 0 0 0 0 0 0 0 0 0 0 0 0 0 0 0 0 0 0 0 0 0 0 0 0 0 0 0 0 0 0 0 0 0 0 0 0 0 0 0 0 0 0 0 0 0 0 0 0 0 0 0 0 0 0 0 0 0 0 0 0 0 0 0 0 0 0 0 0 0 0 0 0 0 0 0 0 0 0 0 0 0 0 0 0 0 0 0 0 0 0 0 0 0 0 0 0 0 0 0 0 0 0 0 0 0 0 0 0 0 0 0 0 0 0 0 0 0 0 0 0 0 0 0 0 0 0 0 0 0 0 0 0 0 0 0 0 0 0 0 0 0 0 0 0 0 0 0 0 0 0 0 0 0 0 0 0 0 0 0 0 0 0 0 0 0 0 0 0 0 0 0 0 0 0 0 0 0 0 0 0 0 0 0 0 0 0 0 0 0 0 0 0 0 0 0 0 0 0 0 0 0 0 0 0 0 0 0 0 0 0 0 0 0 0 0 0 0 0 0 0 0 0 0 0 0 0 0 0 0 0 0 0 0 0 0 0 0 0 0 0 0 0 0 0 0 0 0 0 0 0 0 0 0 0 0 0 0 0 0 0 0 0 0 0 0 0 0 0 0 0 0 0 0 0 0 0 0 0 0 0 0 0 0 0 0 0 0 0 0 0 0 0 0 0 0 0 0 0 0 0 0 0 0 0 0 0 0 0 0 0 0 0 0 0 0 0 0 0 0 0 0 0 0 0 0 0 0 0 0 0 0 0 0 0 0 0 0 0 0 0 0 0 0 0 0 0 0 0 0 0 0 0 0 0 0 0 0 0 0 0 0 0 0 0 0 0 0 0 0 0 0 0 0 0 0 0 0 0 0 0 0 0 0 0 0 0 0 0 0 0 0 0 0 0 0 0 0 0 0 0 0 0 0 0 0 0 0 0 0 0 0 0 0 0 0 0 0 0 0 0 0 0 0 0 0 0 0 0 0 0 0 0 0 0 0 0 0 0 0 0 0 0 0 0 0 0 0 0 0 0 0 0 0 0 0 0 0 0 0 0 0 0 0 0 0 0 0 0 0 0 0 0 0 0 0 0 0 0 0 0 0 0 0 0 0 0 0 0 0 0 0 0 0 0 0 0 0 0 0 0 0 0 0 0 0 0 0 0 0 0 0 0 0 0 0 0 0 0 0 0 0 0 0 0 0 0 0 0 0 0 0 0 0 0 0 0 0 0 0 0 0 0 0 0 0 0 0 0 0 0 0 0 0 0 0 0 0 0 0 0 0 0 0 0 0 0 0 0 0 0 0 0 0 0 0 0 0 0 0 0 0 0 0 0 0 0 0 0 0 0 0 0 0 0 0 0 0 0 0 0 0 0 0 0 0 0 0 0 0 0 0 0 0 0 0 0 0 0 0 0 0 0 0 0 0 0 0 0 0 0 0 0 0 0 0 0 0 0 0 0 0 0 0 0 0 0 0 0 0 0 0 0 0 0 0 0 0 0 0 0 0 0 0 0 0 0 0 0 0 0 0 0 0 0 0 0 0 0 0 0 0 0 0 0 0 0 0 0 0 0 0 0 0 0 0 0 0 0 0 0 0 0 0 0 0 0 0 0 0 0 0 0 0 0 0 0 0 0 0 0 0 0 0 0 0 0 0 0 0 0 0 0 0 0 0 0 0 0 0 0 0 0 0 0 0 0 0 0 0 0 0 0 0 0 0 0 0 0 0 0 0 0 0 0 0 0 0 0 0 0 0 0 0 0 0 0 0 0 0 0 0 0 0 0 0 0 0 0 0 0 0 0 0 0 0 0 0 0 0 0 0 0 0 0 0 0 0 0 0 0 0 0 0 0 0 0 0 0 0 0 0 0 0 0 0 0 0 0 0 0 0 0 0 0 0 0 0 0 0 0 0 0 0 0 0 0 0 0 0 0 0 0 0 0 0 0 0 0 0 0 0 0 0 0 0 0 0 0 0 0 0 0 0 0 0 0 0 0 0 0 0 0 0 0 0 0 0 0 0 0 0 0 0 0 0 0 0 0 0 0 0 0 0 0 0 0 0 0 0 0 0 0 0 0 0 0 0 0 0 0 0 0 0 0 0 0 0 0 0 0 0 0 0 0 0 0 0 0 0 0 0 0 0 0 0 0 0 0 0 0 0 0 0 0 0 0 0 0 0 0 0 0 0 0 0 0 0 0 0 0 0 0 0 0 0 0 0 0 0 0 0 0 0 0 0 0 0 0 0 0 0 0 0 0 0 0 0 0 0 0 0 0 0 0 0 0 0 0 0 0 0 0 0 0 0 0 0 0 0 0 0 0 0 0 0 0 0 0 0 0 0 0 0 0 0 0 0 0 0 0 0 0 0 0 0 0 0 0 0 0 0 0 0 0 0 0 0 0 0 0 0 0 0 0 0 0 0 0 0 0 0 0 0 0 0 0 0 0 0 0 0 0 0 0 0 0 0 0 0 0 0 0 0 0 0 0 0 0 0 0 0 0 0 0 0 0 0 0 0 0 0 0 0 0 0 0 0 0 0 0 0 0 0 0 0 0 0 0 0 0 0 0 0 0 0 0 0 0 0 0 0 0 0 0 0 0 0 0 0 0 0 0 0 0 0 0 0 0 0 0 0 0 0 0 0 0 0 0 0 0 0 0 0 0 0 0 0 0 0 0 0 0 0 0 0 0 0 0 0 0 0 0 0 0 0 0 0 0 0 0 0 0 0 0 0 0 0 0 0 0 0 0 0 0 0 0 0 0 0 0 0 0 0 0 0 0 0 0 0 0 0 0 0 0 0 0 0 0 0 0 0 0 0 0 0 0 0 0 0 0 0 0 0 0 0 0 0 0 0 0 0 0 0 0 0 0 0 0 0 0 0 0 0 0 0 0 0 0 0 0 0 0 0 0 0 0 0 0 0 0 0 0 0 0 0 0 0 0 0 0 0 0 0 0 0 0 0 0 0 0 0 0 0 0 0 0 0 0 0 0 0 0 0 0 0 0 0 0 0 0 0 0 0 0 0 0 0 0 0 0 0 0 0 0 0 0 0 0 0 0 0 0 0 0 0 0 0 0 0 0 0 0 0 0 0 0 0 0 0 0 0 0 0 0 0 0 0 0 0 0 0 0 0 0 0 0 0 0 0 0 0 0 0 0 0 0 0 0 0 0 0 0 0 0 0 0 0 0 0 0 0 0 0 0 0 0 0 0 0 0 0 0 0 0 0 0 0 0 0 0 0 0 0 0 0 0 0 0 0 0 0 0 0 0 0 0 0 0 0 0 0 0 0 0 0 0 0 0 0 0 0 0 0 0 0 0 0 0 0 0 0 0 0 0 0 0 0 0 0 0 0 0 0 0 0 0 0 0 0 0 0 0 0 0 0 0 0 0 0 0 0 0 0 0 0 0 0 0 0 0 0 0 0 0 0 0 0 0 0 0 0 0 0 0 0 0 0 0 0 0 0 0 0 0 0 0 0 0 0 0 0 0 0 0 0 0 0 0 0 0 0 0 0 0 0 0 0 0 0 0 0 0 0 0 0 0 0 0 0 0 0 0 0 0 0 0 0 0 0 0 0 0 0 0 0 0 0 0 0 0 0 0 0 0 0 0 0 0 0 0 0 0 0 0 0 0 0 0 0 0 0 0 0 0 0 0 0 0 0 0 0 0 0 0 0 0 0 0 0 0 0 0 0 0 0 0 0 0 0 0 0 0 0 0 0 0 0 0 0 0 0 0 0 0 0 0 0 0 0 0 0 0 0 0 0 0 0 0 0 0 0 0 0 0 0 0 0 0 0 0 0 0 0 0 0 0 0 0 0 0 0 0 0 0 0 0 0 0 0 0 0 0 0 0 0 0 0 0 0 0 0 0 0 0 0 0 0 0 0 0 0 0 0 0 0 0 0 0 0 0 0 0 0 0 0 0 0 0 0 0 0 0 0 0 0 0 0 0 0 0 0 0 0 0 0 0 0 0 0 0 0 0 0 0 0 0 0 0 0 0 0 0 0 0 0 0 0 0 0 0 0 0 0 0 0 0 0 0 0 0 0 0 0 0 0 0 0 0 0 0 0 0 0 0 0 0 0 0 0 0 0 0 0 0 0 0 0 0 0 0 0 0 0 0 0 0 0 0 0 0 0 0 0 0 0 0 0 0 0 0 0 0 0 0 0 0 0 0 0 0 0 0 0 0 0 0 0 0 0 0 0 0 0 0 0 0 0 0 0 0 0 0 0 0 0 0 0 0 0 0 0 0 0 0 0 0 0 0 0 0 0 0 0 0 0 0 0 0 0 0 0 0 0 0 0 0 0 0 0 0 0 0 0 0 0 0 0 0 0 0 0 0 0 0 0 0 0 0 0 0 0 0 0 0 0 0 0 0 0 0 0 0 0 0 0 0 0 0 0 0 0 0 0 0 0 0 0 0 0 0 0 0 0 0 0 0 0 0 0 0 0 0 0 0 0 0 0 0 0 0 0 0 0 0 0 0 0 0 0 0 0 0 0 0 0 0 0 0 0 0 0 0 0 0 0 0 0 0 0 0 0 0 0 0 0 0 0 0 0 0 0 0 0 0 0 0 0 0 0 0 0 0 0 0 0 0 0 0 0 0 0 0 0 0 0 0 0 0 0 0 0 0 0 0 0 0 0 0 0 0 0 0 0 0 0 0 0 0 0 0 0 0 0 0 0 0 0 0 0 0 0 0 0 0 0 0 0 0 0 0 0 0 0 0 0 0 0 0 0 0 0 0 0 0 0 0 0 0 0 0 0 0 0 0 0 0 0 0 0 0 0 0 0 0 0 0 0 0 0 0 0 0 0 0 0 0 0 0 0 0 0 0 0 0 0 0 0 0 0 0 0 0 0 0 0 0 0 0 0 0 0 0 0 0 0 0 0 0 0 0 0 0 0 0 0 0 0 0 0 0 0 0 0 0 0 0 0 0 0 0 0 0 0 0 0 0 0 0 0 0 0 0 0 0 0 0 0 0 0 0 0 0 0 0 0 0 0 0 0 0 0 0 0 0 0 0 0 0 0 0 0 0 0 0 0 0 0 0 0 0 0 0 0 0 0 0 0 0 0 0 0 0 0 0 0 0 0 0 0 0 0 0 0 0 0 0 0 0 0 0 0 0 0 0 0 0 0 0 0 0 0 0 0 0 0 0 0 0 0 0 0 0 0 0 0 0 0 0 0 0 0 0 0 0 0 0 0 0 0 0 0 0 0 0 0 0 0 0 0 0 0 0 0 0 0 0 0 0 0 0 0 0 0 0 0 0 0 0 0 0 0 0 0 0 0 0 0 0 0 0 0 0 0 0 0 0 0 0 0 0 0 0 0 0 0 0 0 0 0 0 0 0 0 0 0 0 0 0 0 0 0 0 0 0 0 0 0 0 0 0 0 0 0 0 0 0 0 0 0 0 0 0 0 0 0 0 0 0 0 0 0 0 0 0 0 0 0 0 0 0 0 0 0 0 0 0 0 0 0 0 0 0 0 0 0 0 0 0 0 0 0 0 0 0 0 0 0 0 0 0 0 0 0 0 0 0 0 0 0 0 0 0 0 0 0 0 0 0 0 0 0 0 0 0 0 0 0 0 0 0 0 0 0 0 0 0 0 0 0 0 0 0 0 0 0 0 0 0 0 0 0 0 0 0 0 0 0 0 0 0 0 0 0 0 0 0 0 0 0 0 0 0 0 0 0 0 0 0 0 0 0 0 0 0 0 0 0 0 0 0 0 0 0 0 0 0 0 0 0 0 0 0 0 0 0 0 0 0 0 0 0 0 0 0 0 0 0 0 0 0 0 0 0 0 0 0 0 0 0 0 0 0 0 0 0 0 0 0 0 0 0 0 0 0 0 0 0 0 0 0 0 0 0 0 0 0 0 0 0 0 0 0 0 0 0 0 0 0 0 0 0 0 0 0 0 0 0 0 0 0 0 0 0 0 0 0 0 0 0 0 0 0 0 0 0 0 0 0 0 0 0 0 0 0 0 0 0 0 0 0 0 0 0 0 0 0 0 0 0 0 0 0 0 0 0 0 0 0 0 0 0 0 0 0 0 0 0 0 0 0 0 0 0 0 0 0 0 0 0 0 0 0 0 0 0 0 0 0 0 0 0 0 0 0 0 0 0 0 0 0 0 0 0 0 0 0 0 0 0 0 0 0 0 0 0 0 0 0 0 0 0 0 0 0 0 0 0 0 0 0 0 0 0 0 0 0 0 0 0 0 0 0 0 0 0 0 0 0 0 0 0 0 0 0 0 0 0 0 0 0 0 0 0 0 0 0 0 0 0 0 0 0 0 0 0 0 0 0 0 0 0 0 0 0 0 0 0 0 0 0 0 0 0 0 0 0 0 0 0 0 0 0 0 0 0 0 0 0 0 0 0 0 0 0 0 0 0 0 0 0 0 0 0 0 0 0 0 0 0 0 0 0 0 0 0 0 0 0 0 0 0 0 0 0 0 0 0 0 0 0 0 0 0 0 0 0 0 0 0 0 0 0 0 0 0 0 0 0 0 0 0 0 0 0 0 0 0 0 0 0 0 0 0 0 0 0 0 0 0 0 0 0 0 0 0 0 0 0 0 0 0 0 0 0 0 0 0 0 0 0 0 0 0 0 0 0 0 0 0 0 0 0 0 0 0 0 0 0 0 0 0 0 0 0 0 0 0 0 0 0 0 0 0 0 0 0 0 0 0 0 0 0 0 0 0 0 0 0 0 0 0 0 0 0 0 0 0 0 0 0 0 0 0 0 0 0 0 0 0 0 0 0 0 0 0 0 0 0 0 0 0 0 0 0 0 0 0 0 0 0 0 0 0 0 0 0 0 0 0 0 0 0 0 0 0 0 0 0 0 0 0 0 0 0 0 0 0 0 0 0 0 0 0 0 0 0 0 0 0 0 0 0 0 0 0 0 0 0 0 0 0 0 0 0 0 0 0 0 0 0 0 0 0 0 0 0 0 0 0 0 0 0 0 0 0 0 0 0 0 0 0 0 0 0 0 0 0 0 0 0 0 0 0 0 0 0 0 0 0 0 0 0 0 0 0 0 0 0 0 0 0 0 0 0 0 0 0 0 0 0 0 0 0 0 0 0 0 0 0 0 0 0 0 0 0 0 0 0 0 0 0 0 0 0 0 0 0 0 0 0 0 0 0 0 0 0 0 0 0 0 0 0 0 0 0 0 0 0 0 0 0 0 0 0 0 0 0 0 0 0 0 0 0 0 0 0 0 0 0 0 0 0 0 0 0 0 0 0 0 0 0 0 0 0 0 0 0 0 0 0 0 0 0 0 0 0 0 0 0 0 0 0 0 0 0 0 0 0 0 0 0 0 0 0 0 0 0 0 0 0 0 0 0 0 0 0 0 0 0 0 0 0 0 0 0 0 0 0 0 0 0 0 0 0 0 0 0 0 0 0 0 0 0 0 0 0 0 0 0 0 0 0 0 0 0 0 0 0 0 0 0 0 0 0 0 0 0 0 0 0 0 0 0 0 0 0 0 0 0 0 0 0 0 0 0 0 0 0 0 0 0 0 0 0 0 0 0 0 0 0 0 0 0 0 0 0 0 0 0 0 0 0 0 0 0 0 0 0 0 0 0 0 0 0 0 0 0 0 0 0 0 0 0 0 0 0 0 0 0 0 0 0 0 0 0 0 0 0 0 0 0 0 0 0 0 0 0 0 0 0 0 0 0 0 0 0 0 0 0 0 0 0 0 0 0 0 0 0 0 0 0 0 0 0 0 0 0 0 0 0 0 0 0 0 0 0 0 0 0 0 0 0 0 0 0 0 0 0 0 0 0 0 0 0 0 0 0 0 0 0 0 0 0 0 0 0 0 0 0 0 0 0 0 0 0 0 0 0 0 0 0 0 0 0 0 0 0 0 0 0 0 0 0 0 0 0 0 0 0 0 0 0 0 0 0 0 0 0 0 0 0 0 0 0 0 0 0 0 0 0 0 0 0 0 0 0 0 0 0 0 0 0 0 0 0 0 0 0 0 0 0 0 0 0 0 0 0 0 0 0 0 0 0 0 0 0 0 0 0 0 0 0 0 0 0 0 0 0 0 0 0 0 0 0 0 0 0 0 0 0 0 0 0 0 0 0 0 0 0 0 0 0 0 0 0 0 0 0 0 0 0 0 0 0 0 0 0 0 0 0 0 0 0 0 0 0 0 0 0 0 0 0 0 0 0 0 0 0 0 0 0 0 0 0 0 0 0 0 0 0 0 0 0 0 0 0 0 0 0 0 0 0 0 0 0 0 0 0 0 0 0 0 0 0 0 0 0 0 0 0 0 0 0 0 0 0 0 0 0 0 0 0 0 0 0 0 0 0 0 0 0 0 0 0 0 0 0 0 0 0 0 0 0 0 0 0 0 0 0 0 0 0 0 0 0 0 0 0 0 0 0 0 0 0 0 0 0 0 0 0 0 0 0 0 0 0 0 0 0 0 0 0 0 0 0 0 0 0 0 0 0 0 0 0 0 0 0 0 0 0 0 0 0 0 0 0 0 0 0 0 0 0 0 0 0 0 0 0 0 0 0 0 0 0 0 0 0 0 0 0 0 0 0 0 0 0 0 0 0 0 0 0 0 0 0 0 0 0 0 0 0 0 0 0 0 0 0 0 0 0 0 0 0 0 0 0 0 0 0 0 0 0 0 0 0 0 0 0 0 0 0 0 0 0 0 0 0 0 0 0 0 0 0 0 0 0 0 0 0 0 0 0 0 0 0 0 0 0 0 0 0 0 0 0 0 0 0 0 0 0 0 0 0 0 0 0 0 0 0 0 0 0 0 0 0 0 0 0 0 0 0 0 0 0 0 0 0 0 0 0 0 0 0 0 0 0 0 0 0 0 0 0 0 0 0 0 0 0 0 0 0 0 0 0 0 0 0 0 0 0 0 0 0 0 0 0 0 0 0 0 0 0 0 0 0 0 0 0 0 0 0 0 0 0 0 0 0 0 0 0 0 0 0 0 0 0 0 0 0 0 0 0 0 0 0 0 0 0 0 0 0 0 0 0 0 0 0 0 0 0 0 0 0 0 0 0 0 0 0 0 0 0 0 0 0 0 0 0 0 0 0 0 0 0 0 0 0 0 0 0 0 0 0 0 0 0 0 0 0 0 0 0 0 0 0 0 0 0 0 0 0 0 0 0 0 0 0 0 0 0 0 0 0 0 0 0 0 0 0 0 0 0 0 0 0 0 0 0 0 0 0 0 0 0 0 0 0 0 0 0 0 0 0 0 0 0 0 0 0 0 0 0 0 0 0 0 0 0 0 0 0 0 0 0 0 0 0 0 0 0 0 0 0 0 0 0 0 0 0 0 0 0 0 0 0 0 0 0 0 0 0 0 0 0 0 0 0 0 0 0 0 0 0 0 0 0 0 0 0 0 0 0 0 0 0 0 0 0 0 0 0 0 0 0 0 0 0 0 0 0 0 0 0 0 0 0 0 0 0 0 0 0 0 0 0 0 0 0 0 0 0 0 0 0 0 0 0 0 0 0 0 0 0 0 0 0 0 0 0 0 0 0 0 0 0 0 0 0 0 0 0 0 0 0 0 0 0 0 0 0 0 0 0 0 0 0 0 0 0 0 0 0 0 0 0 0 0 0 0 0 0 0 0 0 0 0 0 0 0 0 0 0 0 0 0 0 0 0 0 0 0 0 0 0 0 0 0 0 0 0 0 0 0 0 0 0 0 0 0 0 0 0 0 0 0 0 0 0 0 0 0 0 0 0 0 0 0 0 0 0 0 0 0 0 0 0 0 0 0 0 0 0 0 0 0 0 0 0 0 0 0 0 0 0 0 0 0 0 0 0 0 0 0 0 0 0 0 0 0 0 0 0 0 0 0 0 0 0 0 0 0 0 0 0 0 0 0 0 0 0 0 0 0 0 0 0 0 0 0 0 0 0 0 0 0 0 0 0 0 0 0 0 0 0 0 0 0 0 0 0 0 0 0 0 0 0 0 0 0 0 0 0 0 0 0 0 0 0 0 0 0 0 0 0 0 0 0 0 0 0 0 0 0 0 0 0 0 0 0 0 0 0 0 0 0 0 0 0 0 0 0 0 0 0 0 0 0 0 0 0 0 0 0 0 0 0 0 0 0 0 0 0 0 0 0 0 0 0 0 0 0 0 0 0 0 0 0 0 0 0 0 0 0 0 0 0 0 0 0 0 0 0 0 0 0 0 0 0 0 0 0 0 0 0 0 0 0 0 0 0 0 0 0 0 0 0 0 0 0 0 0 0 0 0 0 0 0 0 0 0 0 0 0 0 0 0 0 0 0 0 0 0 0 0 0 0 0 0 0 0 0 0 0 0 0 0 0 0 0 0 0 0 0 0 0 0 0 0 0 0 0 0 0 0 0 0 0 0 0 0 0 0 0 0 0 0 0 0 0 0 0 0 0 0 0 0 0 0 0 0 0 0 0 0 0 0 0 0 0 0 0 0 0 0 0 0 0 0 0 0 0 0 0 0 0 0 0 0 0 0 0 0 0 0 0 0 0 0 0 0 0 0 0 0 0 0 0 0 0 0 0 0 0 0 0 0 0 0 0 0 0 0 0 0 0 0 0 0 0 0 0 0 0 0 0 0 0 0 0 0 0 0 0 0 0 0 0 0 0 0 0 0 0 0 0 0 0 0 0 0 0 0 0 0 0 0 0 0 0 0 0 0 0 0 0 0 0 0 0 0 0 0 0 0 0 0 0 0 0 0 0 0 0 0 0 0 0 0 0 0 0 0 0 0 0 0 0 0 0 0 0 0 0 0 0 0 0 0 0 0 0 0 0 0 0 0 0 0 0 0 0 0 0 0 0 0 0 0 0 0 0 0 0 0 0 0 0 0 0 0 0 0 0 0 0 0 0 0 0 0 0 0 0 0 0 0 0 0 0 0 0 0 0 0 0 0 0 0 0 0 0 0 0 0 0 0 0 0 0 0 0 0 0 0 0 0 0 0 0 0 0 0 0 0 0 0 0 0 0 0 0 0 0 0 0 0 0 0 0 0 0 0 0 0 0 0 0 0 0 0 0 0 0 0 0 0 0 0 0 0 0 0 0 0 0 0 0 0 0 0 0 0 0 0 0 0 0 0 0 0 0 0 0 0 0 0 0 0 0 0 0 0 0 0 0 0 0 0 0 0 0 0 0 0 0 0 0 0 0 0 0 0 0 0 0 0 0 0 0 0 0 0 0 0 0 0 0 0 0 0 0 0 0 0 0 0 0 0 0 0 0 0 0 0 0 0 0 0 0 0 0 0 0 0 0 0 0 0 0 0 0 0 0 0 0 0 0 0 0 0 0 0 0 0 0 0 0 0 0 0 0 0 0 0 0 0 0 0 0 0 0 0 0 0 0 0 0 0 0 0 0 0 0 0 0 0 0 0 0 0 0 0 0 0 0 0 0 0 0 0 0 0 0 0 0 0 0 0 0 0 0 0 0 0 0 0 0 0 0 0 0 0 0 0 0 0 0 0 0 0 0 0 0 0 0 0 0 0 0 0 0 0 0 0 0 0 0 0 0 0 0 0 0 0 0 0 0 0 0 0 0 0 0 0 0 0 0 0 0 0 0 0 0 0 0 0 0 0 0 0 0 0 0 0 0 0 0 0 0 0 0 0 0 0 0 0 0 0 0 0 0 0 0 0 0 0 0 0 0 0 0 0 0 0 0 0 0 0 0 0 0 0 0 0 0 0 0 0 0 0 0 0 0 0 0 0 0 0 0 0 0 0 0 0 0 0 0 0 0 0 0 0 0 0 0 0 0 0 0 0 0 0 0 0 0 0 0 0 0 0 0 0 0 0 0 0 0 0 0 0 0 0 0 0 0 0 0 0 0 0 0 0 0 0 0 0 0 0 0 0 0 0 0 0 0 0 0 0 0 0 0 0 0 0 0 0 0 0 0 0 0 0 0 0 0 0 0 0 0 0 0 0 0 0 0 0 0 0 0 0 0 0 0 0 0 0 0 0 0 0 0 0 0 0 0 0 0 0 0 0 0 0 0 0 0 0 0 0 0 0 0 0 0 0 0 0 0 0 0 0 0 0 0 0 0 0 0 0 0 0 0 0 0 0 0 0 0 0 0 0 0 0 0 0 0 0 0 0 0 0 0 0 0 0 0 0 0 0 0 0 0 0 0 0 0 0 0 0 0 0 0 0 0 0 0 0 0 0 0</float_array>
          <technique_common>
            <accessor source="#toro_rleg-mesh-colors-Col-array" count="1428" stride="4">
              <param name="R" type="float"/>
              <param name="G" type="float"/>
              <param name="B" type="float"/>
              <param name="A" type="float"/>
            </accessor>
          </technique_common>
        </source>
        <vertices id="toro_rleg-mesh-vertices">
          <input semantic="POSITION" source="#toro_rleg-mesh-positions"/>
        </vertices>
        <triangles material="CH_toro_body_high-material" count="476">
          <input semantic="VERTEX" source="#toro_rleg-mesh-vertices" offset="0"/>
          <input semantic="NORMAL" source="#toro_rleg-mesh-normals" offset="1"/>
          <input semantic="TEXCOORD" source="#toro_rleg-mesh-map-0" offset="2" set="0"/>
          <input semantic="COLOR" source="#toro_rleg-mesh-colors-Col" offset="3" set="0"/>
          <p>2 0 0 0 1 1 1 1 0 2 2 2 0 2 3 3 3 3 4 4 2 0 5 5 4 4 6 6 2 0 7 7 3 3 8 8 5 5 9 9 4 4 10 10 3 3 11 11 4 4 12 12 5 5 13 13 6 6 14 14 5 5 15 15 7 7 16 16 6 6 17 17 6 6 18 18 8 8 19 19 4 4 20 20 8 8 21 21 9 9 22 22 4 4 23 23 2 0 24 24 4 4 25 25 9 9 26 26 1 1 27 27 2 0 28 28 9 9 29 29 1 1 30 30 9 9 31 31 10 10 32 32 11 11 33 33 1 1 34 34 10 10 35 35 1 1 36 36 11 11 37 37 0 2 38 38 12 12 39 39 10 10 40 40 9 9 41 41 8 8 42 42 12 12 43 43 9 9 44 44 12 12 45 45 13 13 46 46 10 10 47 47 13 13 48 48 14 14 49 49 10 10 50 50 11 11 51 51 10 10 52 52 14 14 53 53 13 13 54 54 15 15 55 55 14 14 56 56 15 15 57 57 16 16 58 58 14 14 59 59 16 16 60 60 15 15 61 61 17 17 62 62 17 17 63 63 15 15 64 64 18 18 65 65 19 19 66 66 17 17 67 67 18 18 68 68 20 20 69 69 18 18 70 70 15 15 71 71 21 21 72 72 20 20 73 73 15 15 74 74 21 21 75 75 15 15 76 76 13 13 77 77 21 21 78 78 13 13 79 79 12 12 80 80 19 19 81 81 18 18 82 82 22 22 83 83 23 23 84 84 19 19 85 85 22 22 86 86 23 23 87 87 22 22 88 88 24 24 89 89 25 25 90 90 23 23 91 91 24 24 92 92 26 26 93 93 25 25 94 94 24 24 95 95 27 27 96 96 26 26 97 97 24 24 98 98 28 28 99 99 16 16 100 100 17 17 101 101 16 16 102 102 28 28 103 103 29 29 104 104 28 28 105 105 30 30 106 106 29 29 107 107 29 29 108 108 31 31 109 109 16 16 110 110 0 2 111 111 31 31 112 112 29 29 113 113 0 2 114 114 29 29 115 115 30 30 116 116 32 32 117 117 0 2 118 118 30 30 119 119 20 20 120 120 33 33 121 121 18 18 122 122 34 34 123 123 32 32 124 124 30 30 125 125 28 28 126 126 34 34 127 127 30 30 128 128 32 32 129 129 34 34 130 130 35 35 131 131 32 32 132 132 35 35 133 133 0 2 134 134 34 34 135 135 36 36 136 136 35 35 137 137 36 36 138 138 34 34 139 139 37 37 140 140 34 34 141 141 38 38 142 142 37 37 143 143 38 38 144 144 34 34 145 145 28 28 146 146 39 39 147 147 37 37 148 148 38 38 149 149 40 40 150 150 39 39 151 151 38 38 152 152 40 40 153 153 41 41 154 154 39 39 155 155 41 41 156 156 42 42 157 157 39 39 158 158 42 42 159 159 41 41 160 160 43 43 161 161 41 41 162 162 44 44 163 163 43 43 164 164 43 43 165 165 44 44 166 166 45 45 167 167 44 44 168 168 46 46 169 169 45 45 170 170 36 36 171 171 47 47 172 172 35 35 173 173 47 47 174 174 48 48 175 175 35 35 176 176 48 48 177 177 47 47 178 178 49 49 179 179 47 47 180 180 50 50 181 181 49 49 182 182 47 47 183 183 51 51 184 184 50 50 185 185 51 51 186 186 47 47 187 187 36 36 188 188 37 37 189 189 51 51 190 190 36 36 191 191 51 51 192 192 52 52 193 193 50 50 194 194 52 52 195 195 51 51 196 196 53 53 197 197 54 54 198 198 52 52 199 199 53 53 200 200 55 55 201 201 54 54 202 202 53 53 203 203 56 56 204 204 55 55 205 205 53 53 206 206 55 55 207 207 56 56 208 208 57 57 209 209 56 56 210 210 58 58 211 211 57 57 212 212 59 59 213 213 57 57 214 214 58 58 215 215 60 60 216 216 59 59 217 217 58 58 218 218 57 57 219 219 61 61 220 220 55 55 221 221 61 61 222 222 57 57 223 223 59 59 224 224 61 61 225 225 62 62 226 226 55 55 227 227 54 54 228 228 55 55 229 229 62 62 230 230 53 53 231 231 51 51 232 232 37 37 233 233 39 39 234 234 53 53 235 235 37 37 236 236 56 56 237 237 53 53 238 238 39 39 239 239 42 42 240 240 56 56 241 241 39 39 242 242 56 56 243 243 42 42 244 244 58 58 245 245 60 60 246 246 58 58 247 247 43 43 248 248 42 42 249 249 43 43 250 250 58 58 251 251 45 45 252 252 60 60 253 253 43 43 254 254 63 63 255 255 54 54 256 256 62 62 257 257 63 63 258 258 62 62 259 259 64 64 260 260 65 65 261 261 63 63 262 262 64 64 263 263 66 66 264 264 63 63 265 265 65 65 266 266 67 67 267 267 66 66 268 268 65 65 269 269 68 68 270 270 61 61 271 271 59 59 272 272 61 61 273 273 68 68 274 274 69 69 275 275 70 70 276 276 61 61 277 277 69 69 278 278 70 70 279 279 64 64 280 280 62 62 281 281 61 61 282 282 70 70 283 283 62 62 284 284 70 70 285 285 69 69 286 286 71 71 287 287 70 70 288 288 71 71 289 289 64 64 290 290 69 69 291 291 72 72 292 292 71 71 293 293 71 71 294 294 73 73 295 295 64 64 296 296 65 65 297 297 64 64 298 298 73 73 299 299 72 72 300 300 74 74 301 301 71 71 302 302 74 74 303 303 75 75 304 304 71 71 305 305 71 71 306 306 75 75 307 307 73 73 308 308 75 75 309 309 74 74 310 310 76 76 311 311 77 77 312 312 75 75 313 313 76 76 314 314 78 78 315 315 75 75 316 316 77 77 317 317 75 75 318 318 78 78 319 319 73 73 320 320 79 79 321 321 78 78 322 322 77 77 323 323 78 78 324 324 79 79 325 325 80 80 326 326 79 79 327 327 81 81 328 328 80 80 329 329 82 82 330 330 73 73 331 331 78 78 332 332 80 80 333 333 82 82 334 334 78 78 335 335 82 82 336 336 65 65 337 337 73 73 338 338 83 83 339 339 80 80 340 340 81 81 341 341 84 84 342 342 83 83 343 343 81 81 344 344 83 83 345 345 84 84 346 346 85 85 347 347 84 84 348 348 86 86 349 349 85 85 350 350 83 83 351 351 85 85 352 352 87 87 353 353 88 88 354 354 83 83 355 355 87 87 356 356 88 88 357 357 82 82 358 358 80 80 359 359 83 83 360 360 88 88 361 361 80 80 362 362 88 88 363 363 87 87 364 364 89 89 365 365 67 67 366 366 88 88 367 367 89 89 368 368 67 67 369 369 65 65 370 370 82 82 371 371 88 88 372 372 67 67 373 373 82 82 374 374 87 87 375 375 90 90 376 376 89 89 377 377 90 90 378 378 91 91 379 379 89 89 380 380 85 85 381 381 86 86 382 382 92 92 383 383 93 93 384 384 85 85 385 385 92 92 386 386 87 87 387 387 85 85 388 388 93 93 389 389 90 90 390 390 87 87 391 391 93 93 392 392 93 93 393 393 92 92 394 394 94 94 395 395 95 95 396 396 93 93 397 397 94 94 398 398 90 90 399 399 93 93 400 400 95 95 401 401 96 96 402 402 90 90 403 403 95 95 404 404 90 90 405 405 96 96 406 406 91 91 407 407 95 95 408 408 94 94 409 409 97 97 410 410 98 98 411 411 95 95 412 412 97 97 413 413 96 96 414 414 95 95 415 415 98 98 416 416 98 98 417 417 97 97 418 418 99 99 419 419 100 100 420 420 98 98 421 421 99 99 422 422 101 101 423 423 98 98 424 424 100 100 425 425 101 101 426 426 96 96 427 427 98 98 428 428 96 96 429 429 101 101 430 430 102 102 431 431 96 96 432 432 102 102 433 433 91 91 434 434 101 101 435 435 103 103 436 436 102 102 437 437 101 101 438 438 104 104 439 439 103 103 440 440 104 104 441 441 101 101 442 442 100 100 443 443 104 104 444 444 105 105 445 445 103 103 446 446 106 106 447 447 102 102 448 448 103 103 449 449 107 107 450 450 106 106 451 451 103 103 452 452 107 107 453 453 103 103 454 454 105 105 455 455 0 2 456 456 104 104 457 457 100 100 458 458 0 2 459 459 100 100 460 460 99 99 461 461 0 2 462 462 105 105 463 463 104 104 464 464 108 108 465 465 107 107 466 466 105 105 467 467 108 108 468 468 105 105 469 469 0 2 470 470 49 49 471 471 108 108 472 472 0 2 473 473 48 48 474 474 49 49 475 475 0 2 476 476 48 48 477 477 0 2 478 478 35 35 479 479 106 106 480 480 107 107 481 481 52 52 482 482 109 109 483 483 106 106 484 484 52 52 485 485 106 106 486 486 109 109 487 487 102 102 488 488 107 107 489 489 50 50 490 490 52 52 491 491 108 108 492 492 49 49 493 493 50 50 494 494 107 107 495 495 108 108 496 496 50 50 497 497 109 109 498 498 91 91 499 499 102 102 500 500 66 66 501 501 109 109 502 502 52 52 503 503 109 109 504 504 66 66 505 505 89 89 506 506 109 109 507 507 89 89 508 508 91 91 509 509 54 54 510 510 66 66 511 511 52 52 512 512 66 66 513 513 54 54 514 514 63 63 515 515 67 67 516 516 89 89 517 517 66 66 518 518 0 2 519 519 111 110 520 520 110 111 521 521 112 112 522 522 110 111 523 523 111 110 524 524 113 113 525 525 112 112 526 526 111 110 527 527 112 112 528 528 113 113 529 529 114 114 530 530 113 113 531 531 115 115 532 532 114 114 533 533 116 116 534 534 114 114 535 535 115 115 536 536 117 117 537 537 116 116 538 538 115 115 539 539 116 116 540 540 117 117 541 541 118 118 542 542 117 117 543 543 119 119 544 544 118 118 545 545 119 119 546 546 120 120 547 547 118 118 548 548 120 120 549 549 121 121 550 550 118 118 551 551 120 120 552 552 122 122 553 553 121 121 554 554 122 122 555 555 123 123 556 556 121 121 557 557 122 122 558 558 124 124 559 559 123 123 560 560 124 124 561 561 125 125 562 562 123 123 563 563 124 124 564 564 126 126 565 565 125 125 566 566 126 126 567 567 127 127 568 568 125 125 569 569 127 127 570 570 126 126 571 571 128 128 572 572 126 126 573 573 129 129 574 574 128 128 575 575 125 125 576 576 130 130 577 577 123 123 578 578 130 130 579 579 131 131 580 580 123 123 581 581 121 121 582 582 123 123 583 583 131 131 584 584 131 131 585 585 130 130 586 586 132 132 587 587 130 130 588 588 133 133 589 589 132 132 590 590 134 134 591 591 132 132 592 592 133 133 593 593 135 135 594 594 134 134 595 595 133 133 596 596 130 130 597 597 136 136 598 598 133 133 599 599 136 136 600 600 130 130 601 601 125 125 602 602 127 127 603 603 136 136 604 604 125 125 605 605 136 136 606 606 137 137 607 607 133 133 608 608 135 135 609 609 133 133 610 610 137 137 611 611 137 137 612 612 136 136 613 613 138 138 614 614 136 136 615 615 139 139 616 616 138 138 617 617 139 139 618 618 136 136 619 619 127 127 620 620 128 128 621 621 139 139 622 622 127 127 623 623 137 137 624 624 138 138 625 625 140 140 626 626 140 140 627 627 135 135 628 628 137 137 629 629 138 138 630 630 141 141 631 631 140 140 632 632 134 134 633 633 135 135 634 634 142 142 635 635 135 135 636 636 143 143 637 637 142 142 638 638 135 135 639 639 140 140 640 640 143 143 641 641 33 33 642 642 142 142 643 643 143 143 644 644 144 144 645 645 33 33 646 646 143 143 647 647 144 144 648 648 143 143 649 649 145 145 650 650 140 140 651 651 145 145 652 652 143 143 653 653 146 146 654 654 144 144 655 655 145 145 656 656 145 145 657 657 147 147 658 658 146 146 659 659 147 147 660 660 145 145 661 661 140 140 662 662 141 141 663 663 147 147 664 664 140 140 665 665 147 147 666 666 148 148 667 667 146 146 668 668 33 33 669 669 144 144 670 670 18 18 671 671 144 144 672 672 22 22 673 673 18 18 674 674 144 144 675 675 146 146 676 676 22 22 677 677 148 148 678 678 27 27 679 679 146 146 680 680 27 27 681 681 24 24 682 682 146 146 683 683 146 146 684 684 24 24 685 685 22 22 686 686 33 33 687 687 20 20 688 688 142 142 689 689 20 20 690 690 149 149 691 691 142 142 692 692 134 134 693 693 142 142 694 694 149 149 695 695 150 150 696 696 134 134 697 697 149 149 698 698 150 150 699 699 149 149 700 700 151 151 701 701 20 20 702 702 151 151 703 703 149 149 704 704 152 152 705 705 150 150 706 706 151 151 707 707 153 153 708 708 152 152 709 709 151 151 710 710 154 154 711 711 153 153 712 712 151 151 713 713 21 21 714 714 154 154 715 715 151 151 716 716 21 21 717 717 151 151 718 718 20 20 719 719 134 134 720 720 150 150 721 721 132 132 722 722 150 150 723 723 155 155 724 724 132 132 725 725 150 150 726 726 152 152 727 727 155 155 728 728 153 153 729 729 156 156 730 730 152 152 731 731 156 156 732 732 157 157 733 733 152 152 734 734 152 152 735 735 157 157 736 736 155 155 737 737 158 158 738 738 155 155 739 739 157 157 740 740 159 159 741 741 158 158 742 742 157 157 743 743 160 160 744 744 159 159 745 745 157 157 746 746 156 156 747 747 160 160 748 748 157 157 749 749 131 131 750 750 132 132 751 751 155 155 752 752 158 158 753 753 131 131 754 754 155 155 755 755 153 153 756 756 154 154 757 757 8 8 758 758 154 154 759 759 12 12 760 760 8 8 761 761 154 154 762 762 21 21 763 763 12 12 764 764 160 160 765 765 156 156 766 766 7 7 767 767 156 156 768 768 6 6 769 769 7 7 770 770 153 153 771 771 8 8 772 772 6 6 773 773 156 156 774 774 153 153 775 775 6 6 776 776 158 158 777 777 121 121 778 778 131 131 779 779 160 160 780 780 116 116 781 781 159 159 782 782 116 116 783 783 118 118 784 784 159 159 785 785 118 118 786 786 121 121 787 787 158 158 788 788 159 159 789 789 118 118 790 790 158 158 791 791 114 114 792 792 116 116 793 793 160 160 794 794 7 7 795 795 114 114 796 796 160 160 797 797 114 114 798 798 7 7 799 799 112 112 800 800 7 7 801 801 5 5 802 802 112 112 803 803 112 112 804 804 5 5 805 805 110 111 806 806 5 5 807 807 3 3 808 808 110 111 809 809 110 111 810 810 3 3 811 811 0 2 812 812 0 2 813 813 162 161 814 814 161 162 815 815 162 161 816 816 163 163 817 817 161 162 818 818 163 163 819 819 164 164 820 820 161 162 821 821 163 163 822 822 165 165 823 823 164 164 824 824 165 165 825 825 166 166 826 826 164 164 827 827 165 165 828 828 167 167 829 829 166 166 830 830 167 167 831 831 168 168 832 832 166 166 833 833 167 167 834 834 169 169 835 835 168 168 836 836 169 169 837 837 170 170 838 838 168 168 839 839 171 171 840 840 170 170 841 841 169 169 842 842 172 172 843 843 171 171 844 844 169 169 845 845 171 171 846 846 172 172 847 847 173 173 848 848 172 172 849 849 174 174 850 850 173 173 851 851 175 175 852 852 173 173 853 853 174 174 854 854 176 176 855 855 175 175 856 856 174 174 857 857 175 175 858 858 176 176 859 859 177 177 860 860 176 176 861 861 178 178 862 862 177 177 863 863 177 177 864 864 178 178 865 865 179 179 866 866 178 178 867 867 180 180 868 868 179 179 869 869 180 180 870 870 178 178 871 871 77 77 872 872 76 76 873 873 180 180 874 874 77 77 875 875 176 176 876 876 174 174 877 877 81 81 878 878 79 79 879 879 176 176 880 880 81 81 881 881 178 178 882 882 176 176 883 883 79 79 884 884 77 77 885 885 178 178 886 886 79 79 887 887 84 84 888 888 81 81 889 889 174 174 890 890 172 172 891 891 84 84 892 892 174 174 893 893 86 86 894 894 84 84 895 895 172 172 896 896 169 169 897 897 86 86 898 898 172 172 899 899 92 92 900 900 86 86 901 901 169 169 902 902 167 167 903 903 92 92 904 904 169 169 905 905 94 94 906 906 92 92 907 907 167 167 908 908 165 165 909 909 94 94 910 910 167 167 911 911 94 94 912 912 165 165 913 913 97 97 914 914 165 165 915 915 163 163 916 916 97 97 917 917 97 97 918 918 163 163 919 919 99 99 920 920 163 163 921 921 162 161 922 922 99 99 923 923 180 180 924 924 76 76 925 925 181 181 926 926 182 182 927 927 181 181 928 928 76 76 929 929 183 183 930 930 180 180 931 931 181 181 932 932 180 180 933 933 183 183 934 934 179 179 935 935 183 183 936 936 184 184 937 937 179 179 938 938 129 129 939 939 179 179 940 940 184 184 941 941 179 179 942 942 129 129 943 943 177 177 944 944 129 129 945 945 126 126 946 946 177 177 947 947 177 177 948 948 126 126 949 949 175 175 950 950 126 126 951 951 124 124 952 952 175 175 953 953 175 175 954 954 124 124 955 955 173 173 956 956 124 124 957 957 122 122 958 958 173 173 959 959 171 171 960 960 173 173 961 961 122 122 962 962 120 120 963 963 171 171 964 964 122 122 965 965 170 170 966 966 171 171 967 967 120 120 968 968 119 119 969 969 170 170 970 970 120 120 971 971 168 168 972 972 170 170 973 973 119 119 974 974 117 117 975 975 168 168 976 976 119 119 977 977 166 166 978 978 168 168 979 979 117 117 980 980 115 115 981 981 166 166 982 982 117 117 983 983 166 166 984 984 115 115 985 985 164 164 986 986 115 115 987 987 113 113 988 988 164 164 989 989 164 164 990 990 113 113 991 991 161 162 992 992 113 113 993 993 111 110 994 994 161 162 995 995 161 162 996 996 111 110 997 997 0 2 998 998 99 99 999 999 162 161 1000 1000 0 2 1001 1001 0 2 1002 1002 11 11 1003 1003 31 31 1004 1004 31 31 1005 1005 11 11 1006 1006 14 14 1007 1007 31 31 1008 1008 14 14 1009 1009 16 16 1010 1010 187 185 1011 1011 186 186 1012 1012 185 187 1013 1013 188 188 1014 1014 187 185 1015 1015 185 187 1016 1016 188 188 1017 1017 189 189 1018 1018 187 185 1019 1019 189 189 1020 1020 190 190 1021 1021 187 185 1022 1022 186 186 1023 1023 191 191 1024 1024 185 187 1025 1025 191 191 1026 1026 192 192 1027 1027 185 187 1028 1028 192 192 1029 1029 191 191 1030 1030 193 193 1031 1031 194 194 1032 1032 192 192 1033 1033 193 193 1034 1034 190 190 1035 1035 189 189 1036 1036 195 195 1037 1037 189 189 1038 1038 196 196 1039 1039 195 195 1040 1040 196 196 1041 1041 197 197 1042 1042 195 195 1043 1043 197 197 1044 1044 198 198 1045 1045 195 195 1046 1046 198 198 1047 1047 197 197 1048 1048 199 199 1049 1049 199 199 1050 1050 200 200 1051 1051 198 198 1052 1052 200 200 1053 1053 201 201 1054 1054 198 198 1055 1055 201 201 1056 1056 200 200 1057 1057 202 202 1058 1058 203 203 1059 1059 201 201 1060 1060 202 202 1061 1061 204 204 1062 1062 203 203 1063 1063 202 202 1064 1064 203 203 1065 1065 204 204 1066 1066 205 205 1067 1067 206 206 1068 1068 203 203 1069 1069 205 205 1070 1070 207 207 1071 1071 206 206 1072 1072 205 205 1073 1073 208 208 1074 1074 207 207 1075 1075 205 205 1076 1076 207 207 1077 1077 208 208 1078 1078 209 209 1079 1079 210 210 1080 1080 207 207 1081 1081 209 209 1082 1082 211 211 1083 1083 210 210 1084 1084 209 209 1085 1085 212 212 1086 1086 211 211 1087 1087 209 209 1088 1088 212 212 1089 1089 213 213 1090 1090 211 211 1091 1091 213 213 1092 1092 214 214 1093 1093 211 211 1094 1094 214 214 1095 1095 213 213 1096 1096 215 215 1097 1097 216 216 1098 1098 214 214 1099 1099 215 215 1100 1100 215 215 1101 1101 217 217 1102 1102 216 216 1103 1103 217 217 1104 1104 218 218 1105 1105 216 216 1106 1106 218 218 1107 1107 217 217 1108 1108 219 219 1109 1109 220 220 1110 1110 218 218 1111 1111 219 219 1112 1112 219 219 1113 1113 221 221 1114 1114 220 220 1115 1115 221 221 1116 1116 222 222 1117 1117 220 220 1118 1118 222 222 1119 1119 221 221 1120 1120 194 194 1121 1121 193 193 1122 1122 222 222 1123 1123 194 194 1124 1124 223 223 1125 1125 222 222 1126 1126 193 193 1127 1127 223 223 1128 1128 220 220 1129 1129 222 222 1130 1130 223 223 1131 1131 218 218 1132 1132 220 220 1133 1133 223 223 1134 1134 216 216 1135 1135 218 218 1136 1136 223 223 1137 1137 214 214 1138 1138 216 216 1139 1139 223 223 1140 1140 211 211 1141 1141 214 214 1142 1142 223 223 1143 1143 210 210 1144 1144 211 211 1145 1145 223 223 1146 1146 193 193 1147 1147 191 191 1148 1148 223 223 1149 1149 191 191 1150 1150 186 186 1151 1151 223 223 1152 1152 186 186 1153 1153 187 185 1154 1154 223 223 1155 1155 187 185 1156 1156 190 190 1157 1157 223 223 1158 1158 190 190 1159 1159 195 195 1160 1160 223 223 1161 1161 195 195 1162 1162 198 198 1163 1163 223 223 1164 1164 198 198 1165 1165 201 201 1166 1166 223 223 1167 1167 201 201 1168 1168 203 203 1169 1169 223 223 1170 1170 203 203 1171 1171 206 206 1172 1172 223 223 1173 1173 206 206 1174 1174 207 207 1175 1175 223 223 1176 1176 207 207 1177 1177 210 210 1178 1178 221 221 1179 1179 183 183 1180 1180 194 194 1181 1181 183 183 1182 1182 181 181 1183 1183 194 194 1184 1184 183 183 1185 1185 221 221 1186 1186 184 184 1187 1187 221 221 1188 1188 219 219 1189 1189 184 184 1190 1190 224 224 1191 1191 184 184 1192 1192 219 219 1193 1193 224 224 1194 1194 129 129 1195 1195 184 184 1196 1196 129 129 1197 1197 224 224 1198 1198 128 128 1199 1199 224 224 1200 1200 225 225 1201 1201 128 128 1202 1202 139 139 1203 1203 128 128 1204 1204 225 225 1205 1205 226 226 1206 1206 139 139 1207 1207 225 225 1208 1208 139 139 1209 1209 226 226 1210 1210 138 138 1211 1211 226 226 1212 1212 227 227 1213 1213 138 138 1214 1214 138 138 1215 1215 227 227 1216 1216 141 141 1217 1217 227 227 1218 1218 228 228 1219 1219 141 141 1220 1220 141 141 1221 1221 228 228 1222 1222 147 147 1223 1223 228 228 1224 1224 229 229 1225 1225 147 147 1226 1226 147 147 1227 1227 229 229 1228 1228 148 148 1229 1229 229 229 1230 1230 230 230 1231 1231 148 148 1232 1232 148 148 1233 1233 230 230 1234 1234 27 27 1235 1235 230 230 1236 1236 231 231 1237 1237 27 27 1238 1238 26 26 1239 1239 27 27 1240 1240 231 231 1241 1241 232 232 1242 1242 26 26 1243 1243 231 231 1244 1244 46 46 1245 1245 26 26 1246 1246 232 232 1247 1247 25 25 1248 1248 26 26 1249 1249 46 46 1250 1250 44 44 1251 1251 25 25 1252 1252 46 46 1253 1253 25 25 1254 1254 44 44 1255 1255 23 23 1256 1256 44 44 1257 1257 41 41 1258 1258 23 23 1259 1259 19 19 1260 1260 23 23 1261 1261 41 41 1262 1262 40 40 1263 1263 19 19 1264 1264 41 41 1265 1265 17 17 1266 1266 19 19 1267 1267 40 40 1268 1268 38 38 1269 1269 17 17 1270 1270 40 40 1271 1271 17 17 1272 1272 38 38 1273 1273 28 28 1274 1274 233 233 1275 1275 46 46 1276 1276 232 232 1277 1277 46 46 1278 1278 233 233 1279 1279 45 45 1280 1280 233 233 1281 1281 234 234 1282 1282 45 45 1283 1283 60 60 1284 1284 45 45 1285 1285 234 234 1286 1286 235 235 1287 1287 60 60 1288 1288 234 234 1289 1289 59 59 1290 1290 60 60 1291 1291 235 235 1292 1292 236 236 1293 1293 59 59 1294 1294 235 235 1295 1295 68 68 1296 1296 59 59 1297 1297 236 236 1298 1298 237 237 1299 1299 68 68 1300 1300 236 236 1301 1301 69 69 1302 1302 68 68 1303 1303 237 237 1304 1304 238 238 1305 1305 69 69 1306 1306 237 237 1307 1307 69 69 1308 1308 238 238 1309 1309 72 72 1310 1310 238 238 1311 1311 239 239 1312 1312 72 72 1313 1313 72 72 1314 1314 239 239 1315 1315 74 74 1316 1316 239 239 1317 1317 182 182 1318 1318 74 74 1319 1319 74 74 1320 1320 182 182 1321 1321 76 76 1322 1322 236 236 1323 1323 235 235 1324 1324 197 197 1325 1325 196 196 1326 1326 236 236 1327 1327 197 197 1328 1328 237 237 1329 1329 236 236 1330 1330 196 196 1331 1331 189 189 1332 1332 237 237 1333 1333 196 196 1334 1334 238 238 1335 1335 237 237 1336 1336 189 189 1337 1337 197 197 1338 1338 235 235 1339 1339 199 199 1340 1340 235 235 1341 1341 234 234 1342 1342 199 199 1343 1343 188 188 1344 1344 238 238 1345 1345 189 189 1346 1346 238 238 1347 1347 188 188 1348 1348 239 239 1349 1349 239 239 1350 1350 185 187 1351 1351 182 182 1352 1352 188 188 1353 1353 185 187 1354 1354 239 239 1355 1355 185 187 1356 1356 192 192 1357 1357 182 182 1358 1358 182 182 1359 1359 192 192 1360 1360 181 181 1361 1361 192 192 1362 1362 194 194 1363 1363 181 181 1364 1364 200 200 1365 1365 199 199 1366 1366 234 234 1367 1367 233 233 1368 1368 200 200 1369 1369 234 234 1370 1370 200 200 1371 1371 233 233 1372 1372 202 202 1373 1373 233 233 1374 1374 232 232 1375 1375 202 202 1376 1376 202 202 1377 1377 232 232 1378 1378 204 204 1379 1379 232 232 1380 1380 231 231 1381 1381 204 204 1382 1382 205 205 1383 1383 204 204 1384 1384 231 231 1385 1385 230 230 1386 1386 205 205 1387 1387 231 231 1388 1388 208 208 1389 1389 205 205 1390 1390 230 230 1391 1391 229 229 1392 1392 208 208 1393 1393 230 230 1394 1394 209 209 1395 1395 208 208 1396 1396 229 229 1397 1397 228 228 1398 1398 209 209 1399 1399 229 229 1400 1400 212 212 1401 1401 209 209 1402 1402 228 228 1403 1403 227 227 1404 1404 212 212 1405 1405 228 228 1406 1406 213 213 1407 1407 212 212 1408 1408 227 227 1409 1409 226 226 1410 1410 213 213 1411 1411 227 227 1412 1412 213 213 1413 1413 226 226 1414 1414 215 215 1415 1415 226 226 1416 1416 225 225 1417 1417 215 215 1418 1418 217 217 1419 1419 215 215 1420 1420 225 225 1421 1421 224 224 1422 1422 217 217 1423 1423 225 225 1424 1424 217 217 1425 1425 224 224 1426 1426 219 219 1427 1427</p>
        </triangles>
      </mesh>
    </geometry>
    <geometry id="toro_lleg-mesh" name="toro_lleg">
      <mesh>
        <source id="toro_lleg-mesh-positions">
          <float_array id="toro_lleg-mesh-positions-array" count="720">1.30117e-4 0.002366364 -0.1907677 0.02107143 -0.01363605 -0.1870011 0.02367943 -0.00509262 -0.1870011 0.01578462 -0.02181464 -0.1870011 0.02107143 -0.01756829 -0.1591749 0.01581835 -0.02554076 -0.1574791 0.02107143 -0.02284836 -0.1218325 0.01584202 -0.03066211 -0.1178429 0.02367943 -0.01454478 -0.1255756 0.02367943 -0.009170114 -0.1605296 0.02464896 -0.001312434 -0.1618876 0.02464896 0.002910196 -0.1870011 0.02464896 -0.006785094 -0.1293219 0.02367943 9.74551e-4 -0.1330683 0.02367943 0.006528258 -0.1632389 0.02033501 0.009622693 -0.1368147 0.02033501 0.01525408 -0.1645902 0.0138185 0.01845997 -0.141507 0.02033501 0.006234347 -0.06628167 0.01380836 0.01450413 -0.06268727 0.02367943 -0.001356363 -0.08300703 0.02367943 3.36081e-4 -0.1182753 0.02033501 0.00935918 -0.03746914 0.01386916 0.01685196 -0.03695905 0.02033501 0.01338934 -2.92271e-4 0.01391643 0.02023357 -2.92271e-4 0.01342326 0.01867955 0.007805228 0.01940262 0.01265293 0.007805228 0.01380157 0.02418261 -0.166286 0.02033501 0.01979774 -0.1870011 0.01375091 0.02902019 -0.1870011 0.02367943 0.01090973 -0.1870011 0.01050108 0.03062146 -0.1870011 0.02367943 -0.001954317 -0.06914973 0.01050108 0.02581095 -0.1665664 -0.01050102 0.03062146 -0.1870011 -0.01050102 0.02581095 -0.1665664 -0.01050102 0.02009505 -0.1422975 0.01050108 0.02009505 -0.1422975 -0.01050102 0.01603108 -0.06208598 0.01050108 0.01603108 -0.06208598 0.01050108 0.01832485 -0.03686785 -0.01050102 0.01832485 -0.03686785 -0.01049089 0.021649 -2.92271e-4 0.01049095 0.021649 -2.92271e-4 -0.009801745 0.02011191 0.007805228 0.009801805 0.02011191 0.007805228 -0.01380151 0.02418261 -0.166286 -0.01375079 0.02902019 -0.1870011 -0.02033489 0.01979774 -0.1870011 -0.02033489 0.01525408 -0.1645902 -0.01381838 0.01845997 -0.141507 -0.02033489 0.009622693 -0.1368147 -0.01380825 0.01450413 -0.06268727 -0.02033489 0.006234347 -0.06628167 -0.02033489 0.00935918 -0.03746914 -0.01386904 0.01685196 -0.03695905 -0.02033489 0.01338934 -2.92271e-4 -0.01391637 0.02023357 -2.92271e-4 -0.0194025 0.01265293 0.007805228 -0.01342314 0.01867955 0.007805228 -0.02367931 0.006251275 -2.92271e-4 -0.02367931 0.001785278 -0.03787791 -0.02367931 -0.001954317 -0.06914973 -0.02464884 -0.004900097 -0.03828328 -0.02464884 -0.009254574 -0.07201445 -0.02367931 -0.001356363 -0.08300703 -0.02464884 -0.00865662 -0.085213 -0.02259153 0.006041824 0.007805228 -0.02351713 3.32698e-4 0.007805228 -0.02464884 1.63913e-6 -2.92271e-4 -0.02367931 -0.006251335 -2.92271e-4 -0.02259153 -0.005376398 0.007805228 -0.02367931 -0.011545 -0.03868865 -0.02010518 -0.01163619 0.007805228 -0.02107131 -0.01304149 -2.92271e-4 -0.01544666 -0.01659196 0.007805228 -0.01600742 -0.01883172 -2.92271e-4 -0.02107131 -0.01873034 -0.03909403 -0.01597028 -0.02499687 -0.03958725 -0.02107131 -0.02439558 -0.07774722 -0.01588922 -0.03158438 -0.08076733 -0.02367931 -0.01655143 -0.0748825 -0.02107131 -0.02446651 -0.08873981 -0.0158419 -0.03184109 -0.09017217 -0.02107131 -0.02426719 -0.09973245 -0.01583516 -0.03178703 -0.09973245 -0.02367931 -0.01621359 -0.09973245 -0.02367931 -0.01652103 -0.08695954 -0.02464884 -0.008058667 -0.09973245 -0.02367931 -0.01551771 -0.1132925 -0.02464884 -0.007423579 -0.1158869 -0.01582503 -0.03137493 -0.1089346 -0.02107131 -0.0236929 -0.1109378 -0.0158419 -0.03066211 -0.1178429 -0.02107131 -0.02284836 -0.1218325 -0.02367931 -0.01454478 -0.1255756 -0.01581823 -0.02554076 -0.1574791 -0.02107131 -0.01756829 -0.1591749 -0.0157845 -0.02181464 -0.1870011 -0.02107131 -0.01363605 -0.1870011 -0.02367931 -0.009170114 -0.1605296 -0.02464884 -0.006785094 -0.1293219 -0.02464884 -0.001312434 -0.1618876 -0.02367931 -0.00509262 -0.1870011 -0.02464884 0.002910196 -0.1870011 -0.02367931 9.74551e-4 -0.1330683 -0.02367931 0.006528258 -0.1632389 -0.02367931 0.01090973 -0.1870011 -0.02367931 3.36081e-4 -0.1182753 0.009936988 -0.02608132 -0.1870011 0.00260967 -0.02879399 -0.1870011 0.009930193 -0.02981418 -0.1570771 0.002619802 -0.03247278 -0.1565704 0.009926795 -0.03492873 -0.1160423 0.002626597 -0.03754347 -0.1146471 0.009926795 -0.03558748 -0.1078874 0.002619802 -0.03815829 -0.1071881 0.009926795 -0.03597259 -0.09973245 0.0026232 -0.03849947 -0.09973245 0.002626597 -0.03848934 -0.09148967 0.009923458 -0.03600299 -0.09095591 0.002640068 -0.03820222 -0.08324354 0.009916663 -0.03576314 -0.08217942 0.002656996 -0.03120934 -0.0398643 0.009903192 -0.02904057 -0.03971564 0.002667129 -0.02483135 -2.92271e-4 0.009896397 -0.0227977 -2.92271e-4 0.009680211 -0.020612 0.007805228 0.002832651 -0.02233153 0.007805228 0.0159704 -0.02499687 -0.03958725 0.01588934 -0.03158438 -0.08076733 0.02107143 -0.02439558 -0.07774722 0.02107143 -0.01873034 -0.03909403 0.02367943 -0.01655143 -0.0748825 0.02367943 -0.011545 -0.03868865 0.01600754 -0.01883172 -2.92271e-4 0.02107143 -0.01304149 -2.92271e-4 0.0201053 -0.01163619 0.007805228 0.01544678 -0.01659196 0.007805228 0.02367943 -0.006251335 -2.92271e-4 0.02259165 -0.005376398 0.007805228 0.02464896 -0.009254574 -0.07201445 0.02464896 -0.004900097 -0.03828328 0.02367943 0.001785278 -0.03787791 0.02464896 1.63913e-6 -2.92271e-4 0.02367943 0.006251275 -2.92271e-4 0.02351725 3.32698e-4 0.007805228 0.02259165 0.006041824 0.007805228 0.02464896 -0.00865662 -0.085213 0.02367943 -0.01652103 -0.08695954 0.02464896 -0.008058667 -0.09973245 0.02367943 -0.01621359 -0.09973245 0.02367943 -0.01551771 -0.1132925 0.02464896 -0.007423579 -0.1158869 0.02107143 -0.02446651 -0.08873981 0.02107143 -0.0236929 -0.1109378 0.02107143 -0.02426719 -0.09973245 0.01584202 -0.03184109 -0.09017217 0.01583528 -0.03178703 -0.09973245 0.01582515 -0.03137493 -0.1089346 -0.00260955 -0.02879399 -0.1870011 -0.009936869 -0.02608132 -0.1870011 -0.009930074 -0.02981418 -0.1570771 -0.002619683 -0.03247278 -0.1565704 -0.009926736 -0.03492873 -0.1160423 -0.002626478 -0.03754347 -0.1146471 -0.009926736 -0.03558748 -0.1078874 -0.002619683 -0.03815829 -0.1071881 -0.009926736 -0.03597259 -0.09973245 -0.002623081 -0.03849947 -0.09973245 -0.002626478 -0.03848934 -0.09148967 -0.009926736 -0.03600299 -0.09095591 -0.002639949 -0.03820222 -0.08324354 -0.009916603 -0.03576314 -0.08217942 -0.002656877 -0.03120934 -0.0398643 -0.009903073 -0.02904057 -0.03971564 -0.002667009 -0.02483135 -2.92271e-4 -0.009896337 -0.0227977 -2.92271e-4 -0.002832531 -0.02233153 0.007805228 -0.009680092 -0.020612 0.007805228 -0.01382511 -0.01495695 0.01311236 -0.0180242 -0.01059567 0.01311236 -0.008595705 -0.01861548 0.01311236 -0.002704143 -0.02005797 0.01311236 -0.01686209 -0.00434947 0.01780462 -0.01756137 5.23031e-5 0.01780462 -0.01232522 -1.90929e-4 0.021649 -0.01183873 -0.003126561 0.021649 -0.01685535 0.004450678 0.01780462 -0.01183873 0.002741336 0.021649 -0.01053476 -0.006791889 0.021649 -0.01496696 -0.00927484 0.01780462 -0.007727503 -0.009436964 0.021649 -0.01139622 -0.01300436 0.01780462 -0.01016658 0.006180286 0.021649 -0.0144062 0.009122729 0.01780462 -0.009602427 0.01384878 0.01780462 -0.006251275 0.009477436 0.021649 -0.007707238 0.01450079 0.01780462 0.007707357 0.01450079 0.01780462 0.006251335 0.009477436 0.021649 0.009602546 0.01384878 0.01780462 0.0101667 0.006180286 0.021649 0.01440632 0.009122729 0.01780462 0.01685547 0.004450678 0.01780462 0.01183885 0.002741336 0.021649 0.01232534 -1.90929e-4 0.021649 0.01756149 5.23031e-5 0.01780462 0.01686221 -0.00434947 0.01780462 0.01183885 -0.003126561 0.021649 0.01053488 -0.006791889 0.021649 0.01496708 -0.00927484 0.01780462 0.01139634 -0.01300436 0.01780462 0.007727622 -0.009436964 0.021649 0.006954014 -0.01613593 0.01780462 0.004285275 -0.01135241 0.021649 0.002407014 -0.01726764 0.01780462 0.001964449 -0.01197397 0.021649 -0.002406895 -0.01726764 0.01780462 -0.00196433 -0.01197397 0.021649 -0.006953895 -0.01613593 0.01780462 -0.004285156 -0.01135241 0.021649 -1.63913e-6 -0.001309096 0.02364552 -0.0202673 -0.004947364 0.01311236 -0.02109497 1.57028e-4 0.01311236 -0.02025043 0.005254685 0.01311236 -0.01735532 0.0112307 0.01311236 -0.01185905 0.0166155 0.01311236 -0.008936882 0.01770669 0.01311236 0.008937001 0.01770669 0.01311236 0.01185911 0.0166155 0.01311236 0.01735544 0.0112307 0.01311236 0.02025055 0.005254685 0.01311236 0.02109509 1.57028e-4 0.01311236 0.02026742 -0.004947364 0.01311236 0.01802432 -0.01059567 0.01311236 0.01382523 -0.01495695 0.01311236 0.008595824 -0.01861548 0.01311236 0.002704262 -0.02005797 0.01311236</float_array>
          <technique_common>
            <accessor source="#toro_lleg-mesh-positions-array" count="240" stride="3">
              <param name="X" type="float"/>
              <param name="Y" type="float"/>
              <param name="Z" type="float"/>
            </accessor>
          </technique_common>
        </source>
        <source id="toro_lleg-mesh-normals">
          <float_array id="toro_lleg-mesh-normals-array" count="720">0.7490872 -0.1529189 -0.6445806 0.6862846 -0.3176389 -0.6543081 0.003895938 0.003901243 -0.9999848 0.5451104 -0.521544 -0.6563891 0.8980336 -0.4352911 -0.06369745 0.7097966 -0.6941121 -0.1199885 0.8901893 -0.4509763 -0.06467956 0.7019551 -0.7097973 -0.05870872 0.9747853 -0.2231453 -1.89431e-5 0.9764635 -0.215683 -1.43639e-6 0.9999925 0.003887355 1.29672e-5 0.7803849 0.01176089 -0.6251889 0.9999924 -0.003916501 7.75815e-6 0.9686056 0.2471187 0.02712321 0.9686194 0.247058 0.02718365 0.8666586 0.4901971 0.09278911 0.8666571 0.4901926 0.09282636 0.6235269 0.7725392 0.119989 0.8636376 0.5041132 -1.40048e-5 0.6155679 0.7880839 -5.92321e-6 0.9670754 0.2544905 1.02095e-5 0.9686193 0.2470632 0.02714008 0.8431307 0.5372503 -0.02220112 0.5843102 0.8039149 -0.1109167 0.8274412 0.5607845 0.02936053 0.5607782 0.8274454 0.02936083 0.5294094 0.7882315 0.3137146 0.788228 0.5529365 0.2701069 0.6235252 0.7646995 0.1626382 0.7019715 0.396068 -0.5919174 0.5215557 0.6548992 -0.5468883 0.7647109 0.1999971 -0.612551 0.1842921 0.8274405 -0.5304515 0.9670744 0.2544939 1.80812e-5 0.2156857 0.9529364 0.213054 -0.1843165 0.8274453 -0.5304355 -0.2156836 0.9529328 0.2130717 -0.215689 0.9686211 0.1234965 0.2156859 0.9686216 0.123498 -0.2156826 0.9764635 -2.483e-4 0.2156866 0.9764627 5.00208e-7 0.2000094 0.9764587 -0.08077549 -0.1999965 0.9764639 -0.08074486 -0.1999946 0.9764655 0.08073073 0.1999964 0.9764634 0.08074992 -0.1764733 0.9372384 0.3007348 0.1764695 0.9372471 0.30071 -0.6235252 0.7646933 0.1626672 -0.5215297 0.6549098 -0.5469003 -0.7019553 0.3960758 -0.5919315 -0.8666626 0.4901924 0.09277665 -0.6235232 0.7725455 0.1199686 -0.8666599 0.4901919 0.09280443 -0.6155648 0.7880864 1.22518e-5 -0.8636369 0.5041143 8.64267e-6 -0.8431303 0.5372507 -0.02220124 -0.5843109 0.8039181 -0.1108891 -0.8274437 0.5607809 0.02935433 -0.560882 0.8273742 0.02938425 -0.7882317 0.552937 0.2700958 -0.5293906 0.7882399 0.3137253 -0.9529334 0.2941142 0.07358545 -0.9604809 0.2783459 -1.63123e-5 -0.9670743 0.2544941 1.80671e-5 -0.9999925 -0.00388062 -3.29073e-4 -0.9999312 -0.01173591 3.91172e-5 -0.9670752 0.2544906 1.00243e-5 -0.9999923 0.003919899 -3.38819e-4 -0.9137189 0.2862722 0.2883855 -0.9608189 0.003981053 0.2771486 -0.9999924 0.003915846 -3.64685e-4 -0.960775 -0.2548984 0.1092636 -0.9293997 -0.2470642 0.2741815 -0.96862 -0.2470557 0.02718269 -0.8117585 -0.4980278 0.3049864 -0.8509756 -0.5058749 0.1411784 -0.6235153 -0.7176551 0.3101612 -0.6470617 -0.7411728 0.1788133 -0.8666582 -0.4980383 0.02935022 -0.6627343 -0.741178 0.1069507 -0.8743407 -0.474809 0.1004229 -0.6862736 -0.7254784 0.05205482 -0.9686188 -0.2392165 0.0674768 -0.8901932 -0.4509725 -0.06465196 -0.7019544 -0.7097989 0.0587005 -0.8967647 -0.4425079 5.10085e-6 -0.7071072 -0.7071065 -7.345e-6 -0.9764635 -0.2156831 -1.02824e-4 -0.9764597 -0.2157003 -1.01937e-4 -0.9999922 0.003960609 -2.90346e-4 -0.9764633 -0.2156839 -7.12488e-5 -0.9999923 0.003918409 -3.45536e-4 -0.709796 -0.7019594 -0.05867445 -0.8967629 -0.4425117 -1.35656e-5 -0.7019574 -0.709798 -0.05867427 -0.8901886 -0.4509778 -0.06467956 -0.9747851 -0.2231462 -1.90288e-5 -0.7097982 -0.6941146 -0.1199649 -0.8980337 -0.4352911 -0.06369751 -0.5450915 -0.5215674 -0.6563861 -0.6862806 -0.3176388 -0.6543123 -0.9764634 -0.2156832 -9.97157e-5 -0.9999923 -0.003926575 -3.50388e-4 -0.9999924 0.003897309 -3.33118e-4 -0.7489955 -0.1529425 -0.6446816 -0.7803874 0.01176708 -0.6251857 -0.9686141 0.2470821 0.0271539 -0.9686191 0.247059 0.02718377 -0.7646853 0.2000005 -0.6125815 -0.96862 0.2470547 0.02718865 0.1294086 -0.7254811 -0.6759665 0.3490142 -0.6470512 -0.6778746 0.458826 -0.8823408 -0.1046591 0.1686267 -0.9764655 -0.1344634 0.4509807 -0.8901886 -0.06465911 0.1607841 -0.9843065 -0.07272684 0.4509771 -0.8901892 -0.06467539 0.1686252 -0.9843064 -0.05202484 0.4581421 -0.888879 -1.60998e-5 0.1686218 -0.9843083 -0.05199956 0.1607843 -0.9843079 0.07270938 0.4509757 -0.890191 0.06466031 0.1529334 -0.9843086 0.08802318 0.4352923 -0.8980326 0.06370443 0.1450673 -0.9764719 0.1595562 0.4196068 -0.8980332 0.1321614 0.1294106 -0.968618 0.2122077 0.4039186 -0.8901885 0.2107468 0.3960703 -0.8588181 0.3248999 0.1215701 -0.9372508 0.3267749 0.6627424 -0.7411679 0.1069707 0.6862695 -0.7254842 0.05202853 0.8743406 -0.4748091 0.100423 0.8666607 -0.4980341 0.02935016 0.9686202 -0.2392107 0.06747734 0.9686203 -0.2470549 0.02718263 0.6470552 -0.7411698 0.1788493 0.8509736 -0.5058766 0.141184 0.8117585 -0.4980335 0.3049769 0.6235184 -0.7176382 0.3101941 0.9607747 -0.254899 0.1092636 0.9294016 -0.247062 0.2741773 0.9999312 -0.01173526 3.87094e-5 0.9999925 -0.00388354 9.71474e-6 0.9604826 0.2783403 -1.60262e-5 0.9999923 0.003922045 -6.88038e-6 0.9529328 0.2941158 0.07358586 0.9607758 0.003747165 0.2773009 0.913717 0.2862687 0.2883946 0.9999924 0.003898859 6.99607e-5 0.9764582 -0.2157072 -2.34062e-5 0.9999921 0.003999054 7.04271e-5 0.976464 -0.2156806 -5.29438e-5 0.9764626 -0.2156871 -2.12151e-5 0.9999925 0.003886938 -1.08423e-5 0.8901922 -0.4509746 -0.06465196 0.8967645 -0.4425084 -1.38935e-5 0.8967649 -0.4425072 4.59932e-6 0.7019547 -0.7098001 0.05868172 0.7071069 -0.7071068 -1.56462e-7 0.7098 -0.7019538 -0.05869334 -0.3490417 -0.6470751 -0.6778376 -0.1294185 -0.7254965 -0.675948 -0.4588123 -0.8823518 -0.1046257 -0.1686253 -0.9764669 -0.1344543 -0.4509788 -0.8901882 -0.06467646 -0.1607829 -0.9843045 -0.07275712 -0.4509785 -0.8901887 -0.06467193 -0.1686263 -0.9843062 -0.05202609 -0.4581451 -0.8888775 1.94835e-5 -0.1686266 -0.9843059 -0.05202931 -0.1607816 -0.9843049 0.07275527 -0.4509744 -0.8901906 0.06467598 -0.1529444 -0.9843046 0.08804798 -0.4352062 -0.8980748 0.06369739 -0.1451044 -0.9764611 0.1595891 -0.4196034 -0.8980324 0.1321775 -0.1294067 -0.9686239 0.212183 -0.403913 -0.8901965 0.210724 -0.1215666 -0.9372463 0.326789 -0.3960435 -0.8588455 0.3248602 -0.5764685 -0.6705843 0.4669054 -0.7333243 -0.4666607 0.4944322 -0.3725546 -0.803907 0.4636126 -0.1058906 -0.8823593 0.4585078 -0.4039303 -0.003905415 0.9147814 -0.7098 0.003908336 0.7043925 -0.6940824 -0.1843463 0.6958923 -0.388248 -0.1058394 0.915457 -0.6705882 0.2235312 0.7073509 -0.3803973 0.1215664 0.9167985 -0.3568264 -0.2314119 0.9050543 -0.6078287 -0.3960762 0.6882354 -0.2548976 -0.3254905 0.9105401 -0.4666633 -0.5607802 0.6839233 -0.325464 0.2470583 0.9127078 -0.5686107 0.4196041 0.7075411 -0.3725382 0.6000052 0.7079613 -0.1450648 0.3882436 0.9100676 -0.1215408 0.7098134 0.6938248 0.1215794 0.7097961 0.6938357 0.1450824 0.3882367 0.9100679 0.3725351 0.6000078 0.7079606 0.3255048 0.2470558 0.9126939 0.5686213 0.4196276 0.7075185 0.6706016 0.2235187 0.7073421 0.3804793 0.1215531 0.9167663 0.4038929 -0.003956437 0.9147979 0.70979 0.00396043 0.7044023 0.6940938 -0.1843223 0.6958873 0.3882284 -0.105891 0.9154593 0.3568577 -0.2313697 0.9050529 0.607852 -0.3960736 0.6882163 0.4666821 -0.560783 0.683908 0.2549168 -0.3254855 0.9105365 0.3019678 -0.6784377 0.6697297 0.1607757 -0.3725488 0.9139795 0.09019523 -0.7411559 0.6652464 0.05100035 -0.403926 0.913369 -0.09019613 -0.7411487 0.6652544 -0.05096864 -0.4039165 0.913375 -0.3019577 -0.6784311 0.6697409 -0.1607751 -0.3725562 0.9139767 -0.003936469 -0.003909587 0.9999847 -0.8352913 -0.2313627 0.4987584 -0.8588087 -0.003931283 0.5122813 -0.8196091 0.2627117 0.5091401 -0.6941137 0.4980375 0.5197741 -0.4588187 0.7176396 0.5239073 -0.1529992 0.8509599 0.5024526 0.1528485 0.850765 0.5028285 0.4588154 0.7176369 0.5239139 0.6941185 0.4980469 0.5197584 0.8195911 0.2627643 0.5091418 0.8588221 -0.003915071 0.5122591 0.8352881 -0.2313702 0.4987602 0.7333297 -0.4666682 0.4944173 0.5764672 -0.6705937 0.4668937 0.3725412 -0.8039211 0.4635992 0.105879 -0.8823422 0.4585434</float_array>
          <technique_common>
            <accessor source="#toro_lleg-mesh-normals-array" count="240" stride="3">
              <param name="X" type="float"/>
              <param name="Y" type="float"/>
              <param name="Z" type="float"/>
            </accessor>
          </technique_common>
        </source>
        <source id="toro_lleg-mesh-map-0">
          <float_array id="toro_lleg-mesh-map-0-array" count="2856">0 0 0 0 0 0 0 0 0 0 0 0 0 0 0 0 0 0 0 0 0 0 0 0 0 0 0 0 0 0 0 0 0 0 0 0 0 0 0 0 0 0 0 0 0 0 0 0 0 0 0 0 0 0 0 0 0 0 0 0 0 0 0 0 0 0 0 0 0 0 0 0 0 0 0 0 0 0 0 0 0 0 0 0 0 0 0 0 0 0 0 0 0 0 0 0 0 0 0 0 0 0 0 0 0 0 0 0 0 0 0 0 0 0 0 0 0 0 0 0 0 0 0 0 0 0 0 0 0 0 0 0 0 0 0 0 0 0 0 0 0 0 0 0 0 0 0 0 0 0 0 0 0 0 0 0 0 0 0 0 0 0 0 0 0 0 0 0 0 0 0 0 0 0 0 0 0 0 0 0 0 0 0 0 0 0 0 0 0 0 0 0 0 0 0 0 0 0 0 0 0 0 0 0 0 0 0 0 0 0 0 0 0 0 0 0 0 0 0 0 0 0 0 0 0 0 0 0 0 0 0 0 0 0 0 0 0 0 0 0 0 0 0 0 0 0 0 0 0 0 0 0 0 0 0 0 0 0 0 0 0 0 0 0 0 0 0 0 0 0 0 0 0 0 0 0 0 0 0 0 0 0 0 0 0 0 0 0 0 0 0 0 0 0 0 0 0 0 0 0 0 0 0 0 0 0 0 0 0 0 0 0 0 0 0 0 0 0 0 0 0 0 0 0 0 0 0 0 0 0 0 0 0 0 0 0 0 0 0 0 0 0 0 0 0 0 0 0 0 0 0 0 0 0 0 0 0 0 0 0 0 0 0 0 0 0 0 0 0 0 0 0 0 0 0 0 0 0 0 0 0 0 0 0 0 0 0 0 0 0 0 0 0 0 0 0 0 0 0 0 0 0 0 0 0 0 0 0 0 0 0 0 0 0 0 0 0 0 0 0 0 0 0 0 0 0 0 0 0 0 0 0 0 0 0 0 0 0 0 0 0 0 0 0 0 0 0 0 0 0 0 0 0 0 0 0 0 0 0 0 0 0 0 0 0 0 0 0 0 0 0 0 0 0 0 0 0 0 0 0 0 0 0 0 0 0 0 0 0 0 0 0 0 0 0 0 0 0 0 0 0 0 0 0 0 0 0 0 0 0 0 0 0 0 0 0 0 0 0 0 0 0 0 0 0 0 0 0 0 0 0 0 0 0 0 0 0 0 0 0 0 0 0 0 0 0 0 0 0 0 0 0 0 0 0 0 0 0 0 0 0 0 0 0 0 0 0 0 0 0 0 0 0 0 0 0 0 0 0 0 0 0 0 0 0 0 0 0 0 0 0 0 0 0 0 0 0 0 0 0 0 0 0 0 0 0 0 0 0 0 0 0 0 0 0 0 0 0 0 0 0 0 0 0 0 0 0 0 0 0 0 0 0 0 0 0 0 0 0 0 0 0 0 0 0 0 0 0 0 0 0 0 0 0 0 0 0 0 0 0 0 0 0 0 0 0 0 0 0 0 0 0 0 0 0 0 0 0 0 0 0 0 0 0 0 0 0 0 0 0 0 0 0 0 0 0 0 0 0 0 0 0 0 0 0 0 0 0 0 0 0 0 0 0 0 0 0 0 0 0 0 0 0 0 0 0 0 0 0 0 0 0 0 0 0 0 0 0 0 0 0 0 0 0 0 0 0 0 0 0 0 0 0 0 0 0 0 0 0 0 0 0 0 0 0 0 0 0 0 0 0 0 0 0 0 0 0 0 0 0 0 0 0 0 0 0 0 0 0 0 0 0 0 0 0 0 0 0 0 0 0 0 0 0 0 0 0 0 0 0 0 0 0 0 0 0 0 0 0 0 0 0 0 0 0 0 0 0 0 0 0 0 0 0 0 0 0 0 0 0 0 0 0 0 0 0 0 0 0 0 0 0 0 0 0 0 0 0 0 0 0 0 0 0 0 0 0 0 0 0 0 0 0 0 0 0 0 0 0 0 0 0 0 0 0 0 0 0 0 0 0 0 0 0 0 0 0 0 0 0 0 0 0 0 0 0 0 0 0 0 0 0 0 0 0 0 0 0 0 0 0 0 0 0 0 0 0 0 0 0 0 0 0 0 0 0 0 0 0 0 0 0 0 0 0 0 0 0 0 0 0 0 0 0 0 0 0 0 0 0 0 0 0 0 0 0 0 0 0 0 0 0 0 0 0 0 0 0 0 0 0 0 0 0 0 0 0 0 0 0 0 0 0 0 0 0 0 0 0 0 0 0 0 0 0 0 0 0 0 0 0 0 0 0 0 0 0 0 0 0 0 0 0 0 0 0 0 0 0 0 0 0 0 0 0 0 0 0 0 0 0 0 0 0 0 0 0 0 0 0 0 0 0 0 0 0 0 0 0 0 0 0 0 0 0 0 0 0 0 0 0 0 0 0 0 0 0 0 0 0 0 0 0 0 0 0 0 0 0 0 0 0 0 0 0 0 0 0 0 0 0 0 0 0 0 0 0 0 0 0 0 0 0 0 0 0 0 0 0 0 0 0 0 0 0 0 0 0 0 0 0 0 0 0 0 0 0 0 0 0 0 0 0 0 0 0 0 0 0 0 0 0 0 0 0 0 0 0 0 0 0 0 0 0 0 0 0 0 0 0 0 0 0 0 0 0 0 0 0 0 0 0 0 0 0 0 0 0 0 0 0 0 0 0 0 0 0 0 0 0 0 0 0 0 0 0 0 0 0 0 0 0 0 0 0 0 0 0 0 0 0 0 0 0 0 0 0 0 0 0 0 0 0 0 0 0 0 0 0 0 0 0 0 0 0 0 0 0 0 0 0 0 0 0 0 0 0 0 0 0 0 0 0 0 0 0 0 0 0 0 0 0 0 0 0 0 0 0 0 0 0 0 0 0 0 0 0 0 0 0 0 0 0 0 0 0 0 0 0 0 0 0 0 0 0 0 0 0 0 0 0 0 0 0 0 0 0 0 0 0 0 0 0 0 0 0 0 0 0 0 0 0 0 0 0 0 0 0 0 0 0 0 0 0 0 0 0 0 0 0 0 0 0 0 0 0 0 0 0 0 0 0 0 0 0 0 0 0 0 0 0 0 0 0 0 0 0 0 0 0 0 0 0 0 0 0 0 0 0 0 0 0 0 0 0 0 0 0 0 0 0 0 0 0 0 0 0 0 0 0 0 0 0 0 0 0 0 0 0 0 0 0 0 0 0 0 0 0 0 0 0 0 0 0 0 0 0 0 0 0 0 0 0 0 0 0 0 0 0 0 0 0 0 0 0 0 0 0 0 0 0 0 0 0 0 0 0 0 0 0 0 0 0 0 0 0 0 0 0 0 0 0 0 0 0 0 0 0 0 0 0 0 0 0 0 0 0 0 0 0 0 0 0 0 0 0 0 0 0 0 0 0 0 0 0 0 0 0 0 0 0 0 0 0 0 0 0 0 0 0 0 0 0 0 0 0 0 0 0 0 0 0 0 0 0 0 0 0 0 0 0 0 0 0 0 0 0 0 0 0 0 0 0 0 0 0 0 0 0 0 0 0 0 0 0 0 0 0 0 0 0 0 0 0 0 0 0 0 0 0 0 0 0 0 0 0 0 0 0 0 0 0 0 0 0 0 0 0 0 0 0 0 0 0 0 0 0 0 0 0 0 0 0 0 0 0 0 0 0 0 0 0 0 0 0 0 0 0 0 0 0 0 0 0 0 0 0 0 0 0 0 0 0 0 0 0 0 0 0 0 0 0 0 0 0 0 0 0 0 0 0 0 0 0 0 0 0 0 0 0 0 0 0 0 0 0 0 0 0 0 0 0 0 0 0 0 0 0 0 0 0 0 0 0 0 0 0 0 0 0 0 0 0 0 0 0 0 0 0 0 0 0 0 0 0 0 0 0 0 0 0 0 0 0 0 0 0 0 0 0 0 0 0 0 0 0 0 0 0 0 0 0 0 0 0 0 0 0 0 0 0 0 0 0 0 0 0 0 0 0 0 0 0 0 0 0 0 0 0 0 0 0 0 0 0 0 0 0 0 0 0 0 0 0 0 0 0 0 0 0 0 0 0 0 0 0 0 0 0 0 0 0 0 0 0 0 0 0 0 0 0 0 0 0 0 0 0 0 0 0 0 0 0 0 0 0 0 0 0 0 0 0 0 0 0 0 0 0 0 0 0 0 0 0 0 0 0 0 0 0 0 0 0 0 0 0 0 0 0 0 0 0 0 0 0 0 0 0 0 0 0 0 0 0 0 0 0 0 0 0 0 0 0 0 0 0 0 0 0 0 0 0 0 0 0 0 0 0 0 0 0 0 0 0 0 0 0 0 0 0 0 0 0 0 0 0 0 0 0 0 0 0 0 0 0 0 0 0 0 0 0 0 0 0 0 0 0 0 0 0 0 0 0 0 0 0 0 0 0 0 0 0 0 0 0 0 0 0 0 0 0 0 0 0 0 0 0 0 0 0 0 0 0 0 0 0 0 0 0 0 0 0 0 0 0 0 0 0 0 0 0 0 0 0 0 0 0 0 0 0 0 0 0 0 0 0 0 0 0 0 0 0 0 0 0 0 0 0 0 0 0 0 0 0 0 0 0 0 0 0 0 0 0 0 0 0 0 0 0 0 0 0 0 0 0 0 0 0 0 0 0 0 0 0 0 0 0 0 0 0 0 0 0 0 0 0 0 0 0 0 0 0 0 0 0 0 0 0 0 0 0 0 0 0 0 0 0 0 0 0 0 0 0 0 0 0 0 0 0 0 0 0 0 0 0 0 0 0 0 0 0 0 0 0 0 0 0 0 0 0 0 0 0 0 0 0 0 0 0 0 0 0 0 0 0 0 0 0 0 0 0 0 0 0 0 0 0 0 0 0 0 0 0 0 0 0 0 0 0 0 0 0 0 0 0 0 0 0 0 0 0 0 0 0 0 0 0 0 0 0 0 0 0 0 0 0 0 0 0 0 0 0 0 0 0 0 0 0 0 0 0 0 0 0 0 0 0 0 0 0 0 0 0 0 0 0 0 0 0 0 0 0 0 0 0 0 0 0 0 0 0 0 0 0 0 0 0 0 0 0 0 0 0 0 0 0 0 0 0 0 0 0 0 0 0 0 0 0 0 0 0 0 0 0 0 0 0 0 0 0 0 0 0 0 0 0 0 0 0 0 0 0 0 0 0 0 0 0 0 0 0 0 0 0 0 0 0 0 0 0 0 0 0 0 0 0 0 0 0 0 0 0 0 0 0 0 0 0 0 0 0 0 0 0 0 0 0 0 0 0 0 0 0 0 0 0 0 0 0 0 0 0 0 0 0 0 0 0 0 0 0 0 0 0 0 0 0 0 0 0 0 0 0 0 0 0 0 0 0 0 0 0 0 0 0 0 0 0 0 0 0 0 0 0 0 0 0 0 0 0 0 0 0 0 0 0 0 0 0 0 0 0 0 0 0 0 0 0 0 0 0 0 0 0 0 0 0 0 0 0 0 0 0 0 0 0 0 0 0 0 0 0 0 0 0 0 0 0 0 0 0 0 0 0 0 0 0 0 0 0 0 0 0 0 0 0 0 0 0 0 0 0 0 0 0 0 0 0 0 0 0 0 0 0 0 0 0 0 0 0 0 0 0 0 0 0 0 0 0 0 0 0 0 0 0 0 0 0 0 0 0 0 0 0 0 0 0 0 0 0 0 0 0 0 0 0 0 0 0 0 0 0 0 0 0 0 0 0 0 0 0 0 0 0 0 0 0 0 0 0 0 0 0 0 0 0 0 0 0 0 0 0 0 0 0 0 0 0 0 0 0 0 0 0 0 0 0 0 0 0 0 0 0 0 0 0 0 0 0 0 0 0 0 0 0 0 0 0 0 0 0 0 0 0 0 0 0 0 0 0 0 0 0 0 0 0 0 0 0 0 0 0 0 0 0 0 0 0 0 0 0 0 0 0 0 0 0 0 0 0 0 0 0 0 0 0 0 0 0 0 0 0 0 0 0 0 0 0 0 0 0 0 0 0 0 0 0 0 0 0 0 0 0 0 0 0 0 0 0 0 0 0 0 0 0 0 0 0 0 0 0 0 0 0 0 0 0 0 0 0 0 0 0 0 0 0 0 0 0 0 0 0 0 0 0 0 0 0 0 0 0 0 0 0 0 0 0 0 0 0 0 0 0 0 0 0 0 0 0 0 0 0 0 0 0 0 0 0 0 0 0 0 0 0 0 0 0 0 0 0 0 0 0 0 0 0 0 0 0 0 0 0 0 0 0 0 0 0 0 0 0 0 0 0 0 0 0 0 0 0 0 0 0 0 0 0 0 0 0 0 0 0 0 0 0 0 0 0 0 0 0 0 0 0 0 0 0 0 0 0 0 0 0 0 0 0 0 0 0 0 0 0 0 0 0 0 0 0 0 0 0 0 0 0 0 0 0 0 0 0 0 0 0 0 0 0</float_array>
          <technique_common>
            <accessor source="#toro_lleg-mesh-map-0-array" count="1428" stride="2">
              <param name="S" type="float"/>
              <param name="T" type="float"/>
            </accessor>
          </technique_common>
        </source>
        <source id="toro_lleg-mesh-colors-Col" name="Col">
          <float_array id="toro_lleg-mesh-colors-Col-array" count="5712">0 0 0 0 0 0 0 0 0 0 0 0 0 0 0 0 0 0 0 0 0 0 0 0 0 0 0 0 0 0 0 0 0 0 0 0 0 0 0 0 0 0 0 0 0 0 0 0 0 0 0 0 0 0 0 0 0 0 0 0 0 0 0 0 0 0 0 0 0 0 0 0 0 0 0 0 0 0 0 0 0 0 0 0 0 0 0 0 0 0 0 0 0 0 0 0 0 0 0 0 0 0 0 0 0 0 0 0 0 0 0 0 0 0 0 0 0 0 0 0 0 0 0 0 0 0 0 0 0 0 0 0 0 0 0 0 0 0 0 0 0 0 0 0 0 0 0 0 0 0 0 0 0 0 0 0 0 0 0 0 0 0 0 0 0 0 0 0 0 0 0 0 0 0 0 0 0 0 0 0 0 0 0 0 0 0 0 0 0 0 0 0 0 0 0 0 0 0 0 0 0 0 0 0 0 0 0 0 0 0 0 0 0 0 0 0 0 0 0 0 0 0 0 0 0 0 0 0 0 0 0 0 0 0 0 0 0 0 0 0 0 0 0 0 0 0 0 0 0 0 0 0 0 0 0 0 0 0 0 0 0 0 0 0 0 0 0 0 0 0 0 0 0 0 0 0 0 0 0 0 0 0 0 0 0 0 0 0 0 0 0 0 0 0 0 0 0 0 0 0 0 0 0 0 0 0 0 0 0 0 0 0 0 0 0 0 0 0 0 0 0 0 0 0 0 0 0 0 0 0 0 0 0 0 0 0 0 0 0 0 0 0 0 0 0 0 0 0 0 0 0 0 0 0 0 0 0 0 0 0 0 0 0 0 0 0 0 0 0 0 0 0 0 0 0 0 0 0 0 0 0 0 0 0 0 0 0 0 0 0 0 0 0 0 0 0 0 0 0 0 0 0 0 0 0 0 0 0 0 0 0 0 0 0 0 0 0 0 0 0 0 0 0 0 0 0 0 0 0 0 0 0 0 0 0 0 0 0 0 0 0 0 0 0 0 0 0 0 0 0 0 0 0 0 0 0 0 0 0 0 0 0 0 0 0 0 0 0 0 0 0 0 0 0 0 0 0 0 0 0 0 0 0 0 0 0 0 0 0 0 0 0 0 0 0 0 0 0 0 0 0 0 0 0 0 0 0 0 0 0 0 0 0 0 0 0 0 0 0 0 0 0 0 0 0 0 0 0 0 0 0 0 0 0 0 0 0 0 0 0 0 0 0 0 0 0 0 0 0 0 0 0 0 0 0 0 0 0 0 0 0 0 0 0 0 0 0 0 0 0 0 0 0 0 0 0 0 0 0 0 0 0 0 0 0 0 0 0 0 0 0 0 0 0 0 0 0 0 0 0 0 0 0 0 0 0 0 0 0 0 0 0 0 0 0 0 0 0 0 0 0 0 0 0 0 0 0 0 0 0 0 0 0 0 0 0 0 0 0 0 0 0 0 0 0 0 0 0 0 0 0 0 0 0 0 0 0 0 0 0 0 0 0 0 0 0 0 0 0 0 0 0 0 0 0 0 0 0 0 0 0 0 0 0 0 0 0 0 0 0 0 0 0 0 0 0 0 0 0 0 0 0 0 0 0 0 0 0 0 0 0 0 0 0 0 0 0 0 0 0 0 0 0 0 0 0 0 0 0 0 0 0 0 0 0 0 0 0 0 0 0 0 0 0 0 0 0 0 0 0 0 0 0 0 0 0 0 0 0 0 0 0 0 0 0 0 0 0 0 0 0 0 0 0 0 0 0 0 0 0 0 0 0 0 0 0 0 0 0 0 0 0 0 0 0 0 0 0 0 0 0 0 0 0 0 0 0 0 0 0 0 0 0 0 0 0 0 0 0 0 0 0 0 0 0 0 0 0 0 0 0 0 0 0 0 0 0 0 0 0 0 0 0 0 0 0 0 0 0 0 0 0 0 0 0 0 0 0 0 0 0 0 0 0 0 0 0 0 0 0 0 0 0 0 0 0 0 0 0 0 0 0 0 0 0 0 0 0 0 0 0 0 0 0 0 0 0 0 0 0 0 0 0 0 0 0 0 0 0 0 0 0 0 0 0 0 0 0 0 0 0 0 0 0 0 0 0 0 0 0 0 0 0 0 0 0 0 0 0 0 0 0 0 0 0 0 0 0 0 0 0 0 0 0 0 0 0 0 0 0 0 0 0 0 0 0 0 0 0 0 0 0 0 0 0 0 0 0 0 0 0 0 0 0 0 0 0 0 0 0 0 0 0 0 0 0 0 0 0 0 0 0 0 0 0 0 0 0 0 0 0 0 0 0 0 0 0 0 0 0 0 0 0 0 0 0 0 0 0 0 0 0 0 0 0 0 0 0 0 0 0 0 0 0 0 0 0 0 0 0 0 0 0 0 0 0 0 0 0 0 0 0 0 0 0 0 0 0 0 0 0 0 0 0 0 0 0 0 0 0 0 0 0 0 0 0 0 0 0 0 0 0 0 0 0 0 0 0 0 0 0 0 0 0 0 0 0 0 0 0 0 0 0 0 0 0 0 0 0 0 0 0 0 0 0 0 0 0 0 0 0 0 0 0 0 0 0 0 0 0 0 0 0 0 0 0 0 0 0 0 0 0 0 0 0 0 0 0 0 0 0 0 0 0 0 0 0 0 0 0 0 0 0 0 0 0 0 0 0 0 0 0 0 0 0 0 0 0 0 0 0 0 0 0 0 0 0 0 0 0 0 0 0 0 0 0 0 0 0 0 0 0 0 0 0 0 0 0 0 0 0 0 0 0 0 0 0 0 0 0 0 0 0 0 0 0 0 0 0 0 0 0 0 0 0 0 0 0 0 0 0 0 0 0 0 0 0 0 0 0 0 0 0 0 0 0 0 0 0 0 0 0 0 0 0 0 0 0 0 0 0 0 0 0 0 0 0 0 0 0 0 0 0 0 0 0 0 0 0 0 0 0 0 0 0 0 0 0 0 0 0 0 0 0 0 0 0 0 0 0 0 0 0 0 0 0 0 0 0 0 0 0 0 0 0 0 0 0 0 0 0 0 0 0 0 0 0 0 0 0 0 0 0 0 0 0 0 0 0 0 0 0 0 0 0 0 0 0 0 0 0 0 0 0 0 0 0 0 0 0 0 0 0 0 0 0 0 0 0 0 0 0 0 0 0 0 0 0 0 0 0 0 0 0 0 0 0 0 0 0 0 0 0 0 0 0 0 0 0 0 0 0 0 0 0 0 0 0 0 0 0 0 0 0 0 0 0 0 0 0 0 0 0 0 0 0 0 0 0 0 0 0 0 0 0 0 0 0 0 0 0 0 0 0 0 0 0 0 0 0 0 0 0 0 0 0 0 0 0 0 0 0 0 0 0 0 0 0 0 0 0 0 0 0 0 0 0 0 0 0 0 0 0 0 0 0 0 0 0 0 0 0 0 0 0 0 0 0 0 0 0 0 0 0 0 0 0 0 0 0 0 0 0 0 0 0 0 0 0 0 0 0 0 0 0 0 0 0 0 0 0 0 0 0 0 0 0 0 0 0 0 0 0 0 0 0 0 0 0 0 0 0 0 0 0 0 0 0 0 0 0 0 0 0 0 0 0 0 0 0 0 0 0 0 0 0 0 0 0 0 0 0 0 0 0 0 0 0 0 0 0 0 0 0 0 0 0 0 0 0 0 0 0 0 0 0 0 0 0 0 0 0 0 0 0 0 0 0 0 0 0 0 0 0 0 0 0 0 0 0 0 0 0 0 0 0 0 0 0 0 0 0 0 0 0 0 0 0 0 0 0 0 0 0 0 0 0 0 0 0 0 0 0 0 0 0 0 0 0 0 0 0 0 0 0 0 0 0 0 0 0 0 0 0 0 0 0 0 0 0 0 0 0 0 0 0 0 0 0 0 0 0 0 0 0 0 0 0 0 0 0 0 0 0 0 0 0 0 0 0 0 0 0 0 0 0 0 0 0 0 0 0 0 0 0 0 0 0 0 0 0 0 0 0 0 0 0 0 0 0 0 0 0 0 0 0 0 0 0 0 0 0 0 0 0 0 0 0 0 0 0 0 0 0 0 0 0 0 0 0 0 0 0 0 0 0 0 0 0 0 0 0 0 0 0 0 0 0 0 0 0 0 0 0 0 0 0 0 0 0 0 0 0 0 0 0 0 0 0 0 0 0 0 0 0 0 0 0 0 0 0 0 0 0 0 0 0 0 0 0 0 0 0 0 0 0 0 0 0 0 0 0 0 0 0 0 0 0 0 0 0 0 0 0 0 0 0 0 0 0 0 0 0 0 0 0 0 0 0 0 0 0 0 0 0 0 0 0 0 0 0 0 0 0 0 0 0 0 0 0 0 0 0 0 0 0 0 0 0 0 0 0 0 0 0 0 0 0 0 0 0 0 0 0 0 0 0 0 0 0 0 0 0 0 0 0 0 0 0 0 0 0 0 0 0 0 0 0 0 0 0 0 0 0 0 0 0 0 0 0 0 0 0 0 0 0 0 0 0 0 0 0 0 0 0 0 0 0 0 0 0 0 0 0 0 0 0 0 0 0 0 0 0 0 0 0 0 0 0 0 0 0 0 0 0 0 0 0 0 0 0 0 0 0 0 0 0 0 0 0 0 0 0 0 0 0 0 0 0 0 0 0 0 0 0 0 0 0 0 0 0 0 0 0 0 0 0 0 0 0 0 0 0 0 0 0 0 0 0 0 0 0 0 0 0 0 0 0 0 0 0 0 0 0 0 0 0 0 0 0 0 0 0 0 0 0 0 0 0 0 0 0 0 0 0 0 0 0 0 0 0 0 0 0 0 0 0 0 0 0 0 0 0 0 0 0 0 0 0 0 0 0 0 0 0 0 0 0 0 0 0 0 0 0 0 0 0 0 0 0 0 0 0 0 0 0 0 0 0 0 0 0 0 0 0 0 0 0 0 0 0 0 0 0 0 0 0 0 0 0 0 0 0 0 0 0 0 0 0 0 0 0 0 0 0 0 0 0 0 0 0 0 0 0 0 0 0 0 0 0 0 0 0 0 0 0 0 0 0 0 0 0 0 0 0 0 0 0 0 0 0 0 0 0 0 0 0 0 0 0 0 0 0 0 0 0 0 0 0 0 0 0 0 0 0 0 0 0 0 0 0 0 0 0 0 0 0 0 0 0 0 0 0 0 0 0 0 0 0 0 0 0 0 0 0 0 0 0 0 0 0 0 0 0 0 0 0 0 0 0 0 0 0 0 0 0 0 0 0 0 0 0 0 0 0 0 0 0 0 0 0 0 0 0 0 0 0 0 0 0 0 0 0 0 0 0 0 0 0 0 0 0 0 0 0 0 0 0 0 0 0 0 0 0 0 0 0 0 0 0 0 0 0 0 0 0 0 0 0 0 0 0 0 0 0 0 0 0 0 0 0 0 0 0 0 0 0 0 0 0 0 0 0 0 0 0 0 0 0 0 0 0 0 0 0 0 0 0 0 0 0 0 0 0 0 0 0 0 0 0 0 0 0 0 0 0 0 0 0 0 0 0 0 0 0 0 0 0 0 0 0 0 0 0 0 0 0 0 0 0 0 0 0 0 0 0 0 0 0 0 0 0 0 0 0 0 0 0 0 0 0 0 0 0 0 0 0 0 0 0 0 0 0 0 0 0 0 0 0 0 0 0 0 0 0 0 0 0 0 0 0 0 0 0 0 0 0 0 0 0 0 0 0 0 0 0 0 0 0 0 0 0 0 0 0 0 0 0 0 0 0 0 0 0 0 0 0 0 0 0 0 0 0 0 0 0 0 0 0 0 0 0 0 0 0 0 0 0 0 0 0 0 0 0 0 0 0 0 0 0 0 0 0 0 0 0 0 0 0 0 0 0 0 0 0 0 0 0 0 0 0 0 0 0 0 0 0 0 0 0 0 0 0 0 0 0 0 0 0 0 0 0 0 0 0 0 0 0 0 0 0 0 0 0 0 0 0 0 0 0 0 0 0 0 0 0 0 0 0 0 0 0 0 0 0 0 0 0 0 0 0 0 0 0 0 0 0 0 0 0 0 0 0 0 0 0 0 0 0 0 0 0 0 0 0 0 0 0 0 0 0 0 0 0 0 0 0 0 0 0 0 0 0 0 0 0 0 0 0 0 0 0 0 0 0 0 0 0 0 0 0 0 0 0 0 0 0 0 0 0 0 0 0 0 0 0 0 0 0 0 0 0 0 0 0 0 0 0 0 0 0 0 0 0 0 0 0 0 0 0 0 0 0 0 0 0 0 0 0 0 0 0 0 0 0 0 0 0 0 0 0 0 0 0 0 0 0 0 0 0 0 0 0 0 0 0 0 0 0 0 0 0 0 0 0 0 0 0 0 0 0 0 0 0 0 0 0 0 0 0 0 0 0 0 0 0 0 0 0 0 0 0 0 0 0 0 0 0 0 0 0 0 0 0 0 0 0 0 0 0 0 0 0 0 0 0 0 0 0 0 0 0 0 0 0 0 0 0 0 0 0 0 0 0 0 0 0 0 0 0 0 0 0 0 0 0 0 0 0 0 0 0 0 0 0 0 0 0 0 0 0 0 0 0 0 0 0 0 0 0 0 0 0 0 0 0 0 0 0 0 0 0 0 0 0 0 0 0 0 0 0 0 0 0 0 0 0 0 0 0 0 0 0 0 0 0 0 0 0 0 0 0 0 0 0 0 0 0 0 0 0 0 0 0 0 0 0 0 0 0 0 0 0 0 0 0 0 0 0 0 0 0 0 0 0 0 0 0 0 0 0 0 0 0 0 0 0 0 0 0 0 0 0 0 0 0 0 0 0 0 0 0 0 0 0 0 0 0 0 0 0 0 0 0 0 0 0 0 0 0 0 0 0 0 0 0 0 0 0 0 0 0 0 0 0 0 0 0 0 0 0 0 0 0 0 0 0 0 0 0 0 0 0 0 0 0 0 0 0 0 0 0 0 0 0 0 0 0 0 0 0 0 0 0 0 0 0 0 0 0 0 0 0 0 0 0 0 0 0 0 0 0 0 0 0 0 0 0 0 0 0 0 0 0 0 0 0 0 0 0 0 0 0 0 0 0 0 0 0 0 0 0 0 0 0 0 0 0 0 0 0 0 0 0 0 0 0 0 0 0 0 0 0 0 0 0 0 0 0 0 0 0 0 0 0 0 0 0 0 0 0 0 0 0 0 0 0 0 0 0 0 0 0 0 0 0 0 0 0 0 0 0 0 0 0 0 0 0 0 0 0 0 0 0 0 0 0 0 0 0 0 0 0 0 0 0 0 0 0 0 0 0 0 0 0 0 0 0 0 0 0 0 0 0 0 0 0 0 0 0 0 0 0 0 0 0 0 0 0 0 0 0 0 0 0 0 0 0 0 0 0 0 0 0 0 0 0 0 0 0 0 0 0 0 0 0 0 0 0 0 0 0 0 0 0 0 0 0 0 0 0 0 0 0 0 0 0 0 0 0 0 0 0 0 0 0 0 0 0 0 0 0 0 0 0 0 0 0 0 0 0 0 0 0 0 0 0 0 0 0 0 0 0 0 0 0 0 0 0 0 0 0 0 0 0 0 0 0 0 0 0 0 0 0 0 0 0 0 0 0 0 0 0 0 0 0 0 0 0 0 0 0 0 0 0 0 0 0 0 0 0 0 0 0 0 0 0 0 0 0 0 0 0 0 0 0 0 0 0 0 0 0 0 0 0 0 0 0 0 0 0 0 0 0 0 0 0 0 0 0 0 0 0 0 0 0 0 0 0 0 0 0 0 0 0 0 0 0 0 0 0 0 0 0 0 0 0 0 0 0 0 0 0 0 0 0 0 0 0 0 0 0 0 0 0 0 0 0 0 0 0 0 0 0 0 0 0 0 0 0 0 0 0 0 0 0 0 0 0 0 0 0 0 0 0 0 0 0 0 0 0 0 0 0 0 0 0 0 0 0 0 0 0 0 0 0 0 0 0 0 0 0 0 0 0 0 0 0 0 0 0 0 0 0 0 0 0 0 0 0 0 0 0 0 0 0 0 0 0 0 0 0 0 0 0 0 0 0 0 0 0 0 0 0 0 0 0 0 0 0 0 0 0 0 0 0 0 0 0 0 0 0 0 0 0 0 0 0 0 0 0 0 0 0 0 0 0 0 0 0 0 0 0 0 0 0 0 0 0 0 0 0 0 0 0 0 0 0 0 0 0 0 0 0 0 0 0 0 0 0 0 0 0 0 0 0 0 0 0 0 0 0 0 0 0 0 0 0 0 0 0 0 0 0 0 0 0 0 0 0 0 0 0 0 0 0 0 0 0 0 0 0 0 0 0 0 0 0 0 0 0 0 0 0 0 0 0 0 0 0 0 0 0 0 0 0 0 0 0 0 0 0 0 0 0 0 0 0 0 0 0 0 0 0 0 0 0 0 0 0 0 0 0 0 0 0 0 0 0 0 0 0 0 0 0 0 0 0 0 0 0 0 0 0 0 0 0 0 0 0 0 0 0 0 0 0 0 0 0 0 0 0 0 0 0 0 0 0 0 0 0 0 0 0 0 0 0 0 0 0 0 0 0 0 0 0 0 0 0 0 0 0 0 0 0 0 0 0 0 0 0 0 0 0 0 0 0 0 0 0 0 0 0 0 0 0 0 0 0 0 0 0 0 0 0 0 0 0 0 0 0 0 0 0 0 0 0 0 0 0 0 0 0 0 0 0 0 0 0 0 0 0 0 0 0 0 0 0 0 0 0 0 0 0 0 0 0 0 0 0 0 0 0 0 0 0 0 0 0 0 0 0 0 0 0 0 0 0 0 0 0 0 0 0 0 0 0 0 0 0 0 0 0 0 0 0 0 0 0 0 0 0 0 0 0 0 0 0 0 0 0 0 0 0 0 0 0 0 0 0 0 0 0 0 0 0 0 0 0 0 0 0 0 0 0 0 0 0 0 0 0 0 0 0 0 0 0 0 0 0 0 0 0 0 0 0 0 0 0 0 0 0 0 0 0 0 0 0 0 0 0 0 0 0 0 0 0 0 0 0 0 0 0 0 0 0 0 0 0 0 0 0 0 0 0 0 0 0 0 0 0 0 0 0 0 0 0 0 0 0 0 0 0 0 0 0 0 0 0 0 0 0 0 0 0 0 0 0 0 0 0 0 0 0 0 0 0 0 0 0 0 0 0 0 0 0 0 0 0 0 0 0 0 0 0 0 0 0 0 0 0 0 0 0 0 0 0 0 0 0 0 0 0 0 0 0 0 0 0 0 0 0 0 0 0 0 0 0 0 0 0 0 0 0 0 0 0 0 0 0 0 0 0 0 0 0 0 0 0 0 0 0 0 0 0 0 0 0 0 0 0 0 0 0 0 0 0 0 0 0 0 0 0 0 0 0 0 0 0 0 0 0 0 0 0 0 0 0 0 0 0 0 0 0 0 0 0 0 0 0 0 0 0 0 0 0 0 0 0 0 0 0 0 0 0 0 0 0 0 0 0 0 0 0 0 0 0 0 0 0 0 0 0 0 0 0 0 0 0 0 0 0 0 0 0 0 0 0 0 0 0 0 0 0 0 0 0 0 0 0 0 0 0 0 0 0 0 0 0 0 0 0 0 0 0 0 0 0 0 0 0 0 0 0 0 0 0 0 0 0 0 0 0 0 0 0 0 0 0 0 0 0 0 0 0 0 0 0 0 0 0 0 0 0 0 0 0 0 0 0 0 0 0 0 0 0 0 0 0 0 0 0 0 0 0 0 0 0 0 0 0 0 0 0 0 0 0 0 0 0 0 0 0 0 0 0 0 0 0 0 0 0 0 0 0 0 0 0 0 0 0 0 0 0 0 0 0 0 0 0 0 0 0 0 0 0 0 0 0 0 0 0 0 0 0 0 0 0 0 0 0 0 0 0 0 0 0 0 0 0 0 0 0 0 0 0 0 0 0 0 0 0 0 0 0 0 0 0 0 0 0 0 0 0 0 0 0 0 0 0 0 0 0 0 0 0 0 0 0 0 0 0 0 0 0 0 0 0 0 0 0 0 0 0 0 0 0 0 0 0 0 0 0 0 0 0 0 0 0 0 0 0 0 0 0 0 0 0 0 0 0 0 0 0 0 0 0 0 0 0 0 0 0 0 0 0 0 0 0 0 0 0 0 0 0 0 0 0 0 0 0 0 0 0 0 0 0 0 0 0 0 0 0 0 0 0 0 0 0 0 0 0 0 0 0 0 0 0 0 0 0 0 0 0 0 0 0 0 0 0 0 0 0 0 0 0 0 0 0 0 0 0 0 0 0 0 0 0 0 0 0 0 0 0 0 0 0 0 0 0 0 0 0 0 0 0 0 0 0 0 0 0 0 0 0 0 0 0 0 0 0 0 0 0 0 0 0 0 0 0 0 0 0 0 0 0 0 0 0 0 0 0 0 0 0 0 0 0 0 0 0 0 0 0 0 0 0 0 0 0 0 0 0 0 0 0 0 0 0 0 0 0 0 0 0 0 0 0 0 0 0 0 0 0 0 0 0 0 0 0 0 0 0 0 0 0 0 0 0 0 0 0 0 0 0 0 0 0 0 0 0 0 0 0 0 0 0 0 0 0 0 0 0 0 0 0 0 0 0 0 0 0 0 0 0 0 0 0 0 0 0 0 0 0 0 0 0 0 0 0 0 0 0 0 0 0 0 0 0 0 0 0 0 0 0 0 0 0 0 0 0 0 0 0 0 0 0 0 0 0 0 0 0 0 0 0 0 0 0 0 0 0 0 0 0 0 0 0 0 0 0 0 0 0 0 0 0 0 0 0 0 0 0 0 0 0 0 0 0 0 0 0 0 0 0 0 0 0 0 0 0 0 0 0 0 0 0 0 0 0 0 0 0 0 0 0 0 0 0 0 0 0 0 0 0 0 0 0 0 0 0 0 0 0 0 0 0 0 0 0 0 0 0 0 0 0 0 0 0 0 0 0 0 0 0 0 0 0 0 0 0 0 0 0 0 0 0 0 0 0 0 0 0 0 0 0 0 0 0 0 0 0 0 0 0 0 0 0 0 0 0 0 0 0 0 0 0 0 0 0 0 0 0 0 0 0 0 0 0 0 0 0 0 0 0 0 0 0 0 0 0 0 0 0 0 0 0 0 0 0 0 0 0 0 0 0 0 0 0 0 0 0 0 0 0 0 0 0 0 0 0 0 0 0 0 0 0 0 0 0 0 0 0 0 0 0 0 0 0 0 0 0 0 0 0 0 0 0 0 0 0 0 0 0 0 0 0 0 0 0 0 0 0 0 0 0 0 0 0 0 0 0 0 0 0 0 0 0 0 0 0 0 0 0 0 0 0 0 0 0 0 0 0 0 0 0 0 0 0 0 0 0 0 0 0 0 0 0 0 0 0 0 0 0 0 0 0 0 0 0 0 0 0 0 0 0 0 0 0 0 0 0 0 0 0 0 0 0 0 0 0 0 0 0 0 0 0 0 0 0 0 0 0 0 0 0 0 0 0 0 0 0 0 0 0 0 0 0 0 0 0 0 0 0 0 0 0 0 0 0 0 0 0 0 0 0 0 0 0 0 0 0 0 0 0 0 0 0 0 0 0 0 0 0 0 0 0 0 0 0 0 0 0 0 0 0 0 0 0 0 0 0 0 0 0 0 0 0 0 0 0 0 0 0 0 0 0 0 0 0 0 0 0 0 0 0 0 0 0 0 0 0 0 0 0 0 0 0 0 0 0 0 0 0 0 0 0 0 0 0 0 0 0 0 0 0 0 0 0 0 0 0 0 0 0 0 0 0 0 0 0 0 0 0 0 0 0 0 0 0 0 0 0 0 0 0 0 0 0 0 0 0 0 0 0 0 0 0 0 0 0 0 0 0 0 0 0 0 0 0 0 0 0 0 0 0 0 0 0 0 0 0 0 0 0 0 0 0 0 0 0 0 0 0 0 0 0 0 0 0 0 0 0 0 0 0 0 0 0 0 0 0 0 0 0 0 0 0 0 0 0 0 0 0 0 0 0 0 0 0 0 0 0 0 0 0 0 0 0 0 0 0 0 0 0 0 0 0 0 0 0 0 0 0 0 0 0 0 0 0 0 0 0 0 0 0 0 0 0 0 0 0 0 0 0 0 0 0 0 0 0 0 0 0 0 0 0 0 0 0 0 0 0 0 0 0 0 0 0 0 0 0 0 0 0 0 0 0 0 0 0 0 0 0 0 0 0 0 0 0 0 0 0 0 0 0 0 0 0 0 0 0 0 0 0 0 0 0 0 0 0 0 0 0 0 0 0 0 0 0 0 0 0 0 0 0 0 0 0 0 0 0 0 0 0 0 0 0 0 0 0 0 0 0 0 0 0 0 0 0 0 0 0 0 0 0 0 0 0 0 0 0 0 0 0 0 0 0 0 0 0 0 0 0 0 0 0 0 0 0 0 0 0 0 0 0 0 0 0 0 0 0 0 0 0 0 0 0 0 0 0 0 0 0 0 0 0 0 0 0 0 0 0 0 0 0 0 0 0 0 0 0 0 0 0 0 0 0 0 0 0 0 0 0 0 0 0 0 0 0 0 0 0 0 0 0 0 0 0 0 0 0 0 0 0 0 0 0 0 0 0 0 0 0 0 0 0 0 0 0 0 0 0 0 0 0 0 0 0 0 0 0 0 0 0 0 0 0 0 0 0 0 0 0 0 0 0 0 0 0 0 0 0 0 0 0 0 0 0 0 0 0 0 0 0 0 0 0 0 0 0 0 0 0 0 0 0 0 0 0 0 0 0 0 0 0 0 0 0 0 0 0 0 0 0 0 0 0 0 0 0 0 0 0 0 0 0 0 0 0 0 0 0 0 0 0 0 0 0 0 0 0 0 0 0 0 0 0 0 0 0 0 0 0 0 0 0 0 0 0 0 0 0 0 0 0 0 0 0 0 0 0</float_array>
          <technique_common>
            <accessor source="#toro_lleg-mesh-colors-Col-array" count="1428" stride="4">
              <param name="R" type="float"/>
              <param name="G" type="float"/>
              <param name="B" type="float"/>
              <param name="A" type="float"/>
            </accessor>
          </technique_common>
        </source>
        <vertices id="toro_lleg-mesh-vertices">
          <input semantic="POSITION" source="#toro_lleg-mesh-positions"/>
        </vertices>
        <triangles material="CH_toro_body_high-material" count="476">
          <input semantic="VERTEX" source="#toro_lleg-mesh-vertices" offset="0"/>
          <input semantic="NORMAL" source="#toro_lleg-mesh-normals" offset="1"/>
          <input semantic="TEXCOORD" source="#toro_lleg-mesh-map-0" offset="2" set="0"/>
          <input semantic="COLOR" source="#toro_lleg-mesh-colors-Col" offset="3" set="0"/>
          <p>2 0 0 0 1 1 1 1 0 2 2 2 3 3 3 3 0 2 4 4 1 1 5 5 1 1 6 6 4 4 7 7 3 3 8 8 4 4 9 9 5 5 10 10 3 3 11 11 5 5 12 12 4 4 13 13 6 6 14 14 7 7 15 15 5 5 16 16 6 6 17 17 8 8 18 18 6 6 19 19 4 4 20 20 9 9 21 21 8 8 22 22 4 4 23 23 1 1 24 24 2 0 25 25 9 9 26 26 4 4 27 27 1 1 28 28 9 9 29 29 9 9 30 30 2 0 31 31 10 10 32 32 2 0 33 33 11 11 34 34 10 10 35 35 11 11 36 36 2 0 37 37 0 2 38 38 12 12 39 39 8 8 40 40 9 9 41 41 10 10 42 42 12 12 43 43 9 9 44 44 13 13 45 45 12 12 46 46 10 10 47 47 14 14 48 48 13 13 49 49 10 10 50 50 10 10 51 51 11 11 52 52 14 14 53 53 15 15 54 54 13 13 55 55 14 14 56 56 16 16 57 57 15 15 58 58 14 14 59 59 15 15 60 60 16 16 61 61 17 17 62 62 15 15 63 63 17 17 64 64 18 18 65 65 17 17 66 66 19 19 67 67 18 18 68 68 18 18 69 69 20 20 70 70 15 15 71 71 20 20 72 72 21 21 73 73 15 15 74 74 15 15 75 75 21 21 76 76 13 13 77 77 13 13 78 78 21 21 79 79 12 12 80 80 18 18 81 81 19 19 82 82 22 22 83 83 19 19 84 84 23 23 85 85 22 22 86 86 22 22 87 87 23 23 88 88 24 24 89 89 23 23 90 90 25 25 91 91 24 24 92 92 25 25 93 93 26 26 94 94 24 24 95 95 26 26 96 96 27 27 97 97 24 24 98 98 16 16 99 99 28 28 100 100 17 17 101 101 28 28 102 102 16 16 103 103 29 29 104 104 30 30 105 105 28 28 106 106 29 29 107 107 31 31 108 108 29 29 109 109 16 16 110 110 31 31 111 111 0 2 112 112 29 29 113 113 29 29 114 114 0 2 115 115 30 30 116 116 0 2 117 117 32 32 118 118 30 30 119 119 33 33 120 120 20 20 121 121 18 18 122 122 34 34 123 123 28 28 124 124 30 30 125 125 32 32 126 126 34 34 127 127 30 30 128 128 34 34 129 129 32 32 130 130 35 35 131 131 35 35 132 132 32 32 133 133 0 2 134 134 36 36 135 135 34 34 136 136 35 35 137 137 34 34 138 138 36 36 139 139 37 37 140 140 38 38 141 141 34 34 142 142 37 37 143 143 34 34 144 144 38 38 145 145 28 28 146 146 37 37 147 147 39 39 148 148 38 38 149 149 39 39 150 150 40 40 151 151 38 38 152 152 41 41 153 153 40 40 154 154 39 39 155 155 42 42 156 156 41 41 157 157 39 39 158 158 41 41 159 159 42 42 160 160 43 43 161 161 44 44 162 162 41 41 163 163 43 43 164 164 44 44 165 165 43 43 166 166 45 45 167 167 46 46 168 168 44 44 169 169 45 45 170 170 47 47 171 171 36 36 172 172 35 35 173 173 48 48 174 174 47 47 175 175 35 35 176 176 47 47 177 177 48 48 178 178 49 49 179 179 50 50 180 180 47 47 181 181 49 49 182 182 51 51 183 183 47 47 184 184 50 50 185 185 51 51 186 186 37 37 187 187 36 36 188 188 47 47 189 189 51 51 190 190 36 36 191 191 52 52 192 192 51 51 193 193 50 50 194 194 51 51 195 195 52 52 196 196 53 53 197 197 52 52 198 198 54 54 199 199 53 53 200 200 54 54 201 201 55 55 202 202 53 53 203 203 55 55 204 204 56 56 205 205 53 53 206 206 56 56 207 207 55 55 208 208 57 57 209 209 58 58 210 210 56 56 211 211 57 57 212 212 57 57 213 213 59 59 214 214 58 58 215 215 59 59 216 216 60 60 217 217 58 58 218 218 61 61 219 219 57 57 220 220 55 55 221 221 57 57 222 222 61 61 223 223 59 59 224 224 62 62 225 225 61 61 226 226 55 55 227 227 55 55 228 228 54 54 229 229 62 62 230 230 51 51 231 231 53 53 232 232 37 37 233 233 53 53 234 234 39 39 235 235 37 37 236 236 53 53 237 237 56 56 238 238 39 39 239 239 56 56 240 240 42 42 241 241 39 39 242 242 42 42 243 243 56 56 244 244 58 58 245 245 58 58 246 246 60 60 247 247 43 43 248 248 43 43 249 249 42 42 250 250 58 58 251 251 60 60 252 252 45 45 253 253 43 43 254 254 54 54 255 255 63 63 256 256 62 62 257 257 62 62 258 258 63 63 259 259 64 64 260 260 63 63 261 261 65 65 262 262 64 64 263 263 63 63 264 264 66 66 265 265 65 65 266 266 66 66 267 267 67 67 268 268 65 65 269 269 61 61 270 270 68 68 271 271 59 59 272 272 68 68 273 273 61 61 274 274 69 69 275 275 61 61 276 276 70 70 277 277 69 69 278 278 70 70 279 279 61 61 280 280 62 62 281 281 64 64 282 282 70 70 283 283 62 62 284 284 69 69 285 285 70 70 286 286 71 71 287 287 71 71 288 288 70 70 289 289 64 64 290 290 72 72 291 291 69 69 292 292 71 71 293 293 73 73 294 294 71 71 295 295 64 64 296 296 64 64 297 297 65 65 298 298 73 73 299 299 74 74 300 300 72 72 301 301 71 71 302 302 75 75 303 303 74 74 304 304 71 71 305 305 75 75 306 306 71 71 307 307 73 73 308 308 74 74 309 309 75 75 310 310 76 76 311 311 75 75 312 312 77 77 313 313 76 76 314 314 75 75 315 315 78 78 316 316 77 77 317 317 78 78 318 318 75 75 319 319 73 73 320 320 78 78 321 321 79 79 322 322 77 77 323 323 79 79 324 324 78 78 325 325 80 80 326 326 81 81 327 327 79 79 328 328 80 80 329 329 82 82 330 330 80 80 331 331 78 78 332 332 73 73 333 333 82 82 334 334 78 78 335 335 65 65 336 336 82 82 337 337 73 73 338 338 80 80 339 339 83 83 340 340 81 81 341 341 83 83 342 342 84 84 343 343 81 81 344 344 84 84 345 345 83 83 346 346 85 85 347 347 86 86 348 348 84 84 349 349 85 85 350 350 85 85 351 351 83 83 352 352 87 87 353 353 83 83 354 354 88 88 355 355 87 87 356 356 88 88 357 357 83 83 358 358 80 80 359 359 82 82 360 360 88 88 361 361 80 80 362 362 87 87 363 363 88 88 364 364 89 89 365 365 88 88 366 366 67 67 367 367 89 89 368 368 67 67 369 369 88 88 370 370 82 82 371 371 65 65 372 372 67 67 373 373 82 82 374 374 90 90 375 375 87 87 376 376 89 89 377 377 91 91 378 378 90 90 379 379 89 89 380 380 86 86 381 381 85 85 382 382 92 92 383 383 85 85 384 384 93 93 385 385 92 92 386 386 87 87 387 387 90 90 388 388 93 93 389 389 85 85 390 390 87 87 391 391 93 93 392 392 92 92 393 393 93 93 394 394 94 94 395 395 93 93 396 396 95 95 397 397 94 94 398 398 93 93 399 399 90 90 400 400 95 95 401 401 90 90 402 402 96 96 403 403 95 95 404 404 96 96 405 405 90 90 406 406 91 91 407 407 94 94 408 408 95 95 409 409 97 97 410 410 95 95 411 411 98 98 412 412 97 97 413 413 95 95 414 414 96 96 415 415 98 98 416 416 97 97 417 417 98 98 418 418 99 99 419 419 98 98 420 420 100 100 421 421 99 99 422 422 98 98 423 423 101 101 424 424 100 100 425 425 96 96 426 426 101 101 427 427 98 98 428 428 101 101 429 429 96 96 430 430 102 102 431 431 102 102 432 432 96 96 433 433 91 91 434 434 103 103 435 435 101 101 436 436 102 102 437 437 104 104 438 438 101 101 439 439 103 103 440 440 101 101 441 441 104 104 442 442 100 100 443 443 105 105 444 444 104 104 445 445 103 103 446 446 102 102 447 447 106 106 448 448 103 103 449 449 106 106 450 450 107 107 451 451 103 103 452 452 103 103 453 453 107 107 454 454 105 105 455 455 104 104 456 456 0 2 457 457 100 100 458 458 100 100 459 459 0 2 460 460 99 99 461 461 105 105 462 462 0 2 463 463 104 104 464 464 107 107 465 465 108 108 466 466 105 105 467 467 105 105 468 468 108 108 469 469 0 2 470 470 108 108 471 471 49 49 472 472 0 2 473 473 49 49 474 474 48 48 475 475 0 2 476 476 0 2 477 477 48 48 478 478 35 35 479 479 107 107 480 480 106 106 481 481 52 52 482 482 106 106 483 483 109 109 484 484 52 52 485 485 109 109 486 486 106 106 487 487 102 102 488 488 50 50 489 489 107 107 490 490 52 52 491 491 108 108 492 492 107 107 493 493 50 50 494 494 49 49 495 495 108 108 496 496 50 50 497 497 91 91 498 498 109 109 499 499 102 102 500 500 109 109 501 501 66 66 502 502 52 52 503 503 66 66 504 504 109 109 505 505 89 89 506 506 89 89 507 507 109 109 508 508 91 91 509 509 66 66 510 510 54 54 511 511 52 52 512 512 54 54 513 513 66 66 514 514 63 63 515 515 89 89 516 516 67 67 517 517 66 66 518 518 111 110 519 519 0 2 520 520 110 111 521 521 110 111 522 522 112 112 523 523 111 110 524 524 112 112 525 525 113 113 526 526 111 110 527 527 113 113 528 528 112 112 529 529 114 114 530 530 115 115 531 531 113 113 532 532 114 114 533 533 114 114 534 534 116 116 535 535 115 115 536 536 116 116 537 537 117 117 538 538 115 115 539 539 117 117 540 540 116 116 541 541 118 118 542 542 119 119 543 543 117 117 544 544 118 118 545 545 120 120 546 546 119 119 547 547 118 118 548 548 121 121 549 549 120 120 550 550 118 118 551 551 122 122 552 552 120 120 553 553 121 121 554 554 123 123 555 555 122 122 556 556 121 121 557 557 124 124 558 558 122 122 559 559 123 123 560 560 125 125 561 561 124 124 562 562 123 123 563 563 126 126 564 564 124 124 565 565 125 125 566 566 127 127 567 567 126 126 568 568 125 125 569 569 126 126 570 570 127 127 571 571 128 128 572 572 129 129 573 573 126 126 574 574 128 128 575 575 130 130 576 576 125 125 577 577 123 123 578 578 131 131 579 579 130 130 580 580 123 123 581 581 123 123 582 582 121 121 583 583 131 131 584 584 130 130 585 585 131 131 586 586 132 132 587 587 133 133 588 588 130 130 589 589 132 132 590 590 132 132 591 591 134 134 592 592 133 133 593 593 134 134 594 594 135 135 595 595 133 133 596 596 136 136 597 597 130 130 598 598 133 133 599 599 136 136 600 600 127 127 601 601 125 125 602 602 130 130 603 603 136 136 604 604 125 125 605 605 137 137 606 606 136 136 607 607 133 133 608 608 133 133 609 609 135 135 610 610 137 137 611 611 136 136 612 612 137 137 613 613 138 138 614 614 139 139 615 615 136 136 616 616 138 138 617 617 139 139 618 618 128 128 619 619 127 127 620 620 136 136 621 621 139 139 622 622 127 127 623 623 138 138 624 624 137 137 625 625 140 140 626 626 135 135 627 627 140 140 628 628 137 137 629 629 141 141 630 630 138 138 631 631 140 140 632 632 135 135 633 633 134 134 634 634 142 142 635 635 143 143 636 636 135 135 637 637 142 142 638 638 140 140 639 639 135 135 640 640 143 143 641 641 142 142 642 642 33 33 643 643 143 143 644 644 33 33 645 645 144 144 646 646 143 143 647 647 143 143 648 648 144 144 649 649 145 145 650 650 145 145 651 651 140 140 652 652 143 143 653 653 144 144 654 654 146 146 655 655 145 145 656 656 147 147 657 657 145 145 658 658 146 146 659 659 147 147 660 660 141 141 661 661 140 140 662 662 145 145 663 663 147 147 664 664 140 140 665 665 148 148 666 666 147 147 667 667 146 146 668 668 144 144 669 669 33 33 670 670 18 18 671 671 22 22 672 672 144 144 673 673 18 18 674 674 146 146 675 675 144 144 676 676 22 22 677 677 27 27 678 678 148 148 679 679 146 146 680 680 24 24 681 681 27 27 682 682 146 146 683 683 24 24 684 684 146 146 685 685 22 22 686 686 20 20 687 687 33 33 688 688 142 142 689 689 149 149 690 690 20 20 691 691 142 142 692 692 142 142 693 693 134 134 694 694 149 149 695 695 134 134 696 696 150 150 697 697 149 149 698 698 149 149 699 699 150 150 700 700 151 151 701 701 151 151 702 702 20 20 703 703 149 149 704 704 150 150 705 705 152 152 706 706 151 151 707 707 152 152 708 708 153 153 709 709 151 151 710 710 153 153 711 711 154 154 712 712 151 151 713 713 154 154 714 714 21 21 715 715 151 151 716 716 151 151 717 717 21 21 718 718 20 20 719 719 150 150 720 720 134 134 721 721 132 132 722 722 155 155 723 723 150 150 724 724 132 132 725 725 152 152 726 726 150 150 727 727 155 155 728 728 156 156 729 729 153 153 730 730 152 152 731 731 157 157 732 732 156 156 733 733 152 152 734 734 157 157 735 735 152 152 736 736 155 155 737 737 155 155 738 738 158 158 739 739 157 157 740 740 158 158 741 741 159 159 742 742 157 157 743 743 160 160 744 744 156 156 745 745 157 157 746 746 159 159 747 747 160 160 748 748 157 157 749 749 131 131 750 750 158 158 751 751 155 155 752 752 132 132 753 753 131 131 754 754 155 155 755 755 154 154 756 756 153 153 757 757 8 8 758 758 12 12 759 759 154 154 760 760 8 8 761 761 21 21 762 762 154 154 763 763 12 12 764 764 156 156 765 765 160 160 766 766 7 7 767 767 6 6 768 768 156 156 769 769 7 7 770 770 153 153 771 771 156 156 772 772 6 6 773 773 8 8 774 774 153 153 775 775 6 6 776 776 121 121 777 777 158 158 778 778 131 131 779 779 116 116 780 780 160 160 781 781 159 159 782 782 118 118 783 783 116 116 784 784 159 159 785 785 118 118 786 786 159 159 787 787 158 158 788 788 121 121 789 789 118 118 790 790 158 158 791 791 114 114 792 792 7 7 793 793 160 160 794 794 116 116 795 795 114 114 796 796 160 160 797 797 7 7 798 798 114 114 799 799 112 112 800 800 5 5 801 801 7 7 802 802 112 112 803 803 5 5 804 804 112 112 805 805 110 111 806 806 3 3 807 807 5 5 808 808 110 111 809 809 3 3 810 810 110 111 811 811 0 2 812 812 162 161 813 813 0 2 814 814 161 162 815 815 163 163 816 816 162 161 817 817 161 162 818 818 164 164 819 819 163 163 820 820 161 162 821 821 165 165 822 822 163 163 823 823 164 164 824 824 166 166 825 825 165 165 826 826 164 164 827 827 167 167 828 828 165 165 829 829 166 166 830 830 168 168 831 831 167 167 832 832 166 166 833 833 169 169 834 834 167 167 835 835 168 168 836 836 170 170 837 837 169 169 838 838 168 168 839 839 170 170 840 840 171 171 841 841 169 169 842 842 171 171 843 843 172 172 844 844 169 169 845 845 172 172 846 846 171 171 847 847 173 173 848 848 174 174 849 849 172 172 850 850 173 173 851 851 173 173 852 852 175 175 853 853 174 174 854 854 175 175 855 855 176 176 856 856 174 174 857 857 176 176 858 858 175 175 859 859 177 177 860 860 178 178 861 861 176 176 862 862 177 177 863 863 178 178 864 864 177 177 865 865 179 179 866 866 180 180 867 867 178 178 868 868 179 179 869 869 178 178 870 870 180 180 871 871 77 77 872 872 180 180 873 873 76 76 874 874 77 77 875 875 174 174 876 876 176 176 877 877 81 81 878 878 176 176 879 879 79 79 880 880 81 81 881 881 178 178 882 882 77 77 883 883 79 79 884 884 176 176 885 885 178 178 886 886 79 79 887 887 84 84 888 888 172 172 889 889 174 174 890 890 81 81 891 891 84 84 892 892 174 174 893 893 84 84 894 894 86 86 895 895 172 172 896 896 86 86 897 897 169 169 898 898 172 172 899 899 86 86 900 900 92 92 901 901 169 169 902 902 92 92 903 903 167 167 904 904 169 169 905 905 92 92 906 906 94 94 907 907 167 167 908 908 94 94 909 909 165 165 910 910 167 167 911 911 165 165 912 912 94 94 913 913 97 97 914 914 163 163 915 915 165 165 916 916 97 97 917 917 163 163 918 918 97 97 919 919 99 99 920 920 162 161 921 921 163 163 922 922 99 99 923 923 76 76 924 924 180 180 925 925 181 181 926 926 181 181 927 927 182 182 928 928 76 76 929 929 180 180 930 930 183 183 931 931 181 181 932 932 183 183 933 933 180 180 934 934 179 179 935 935 184 184 936 936 183 183 937 937 179 179 938 938 179 179 939 939 129 129 940 940 184 184 941 941 129 129 942 942 179 179 943 943 177 177 944 944 126 126 945 945 129 129 946 946 177 177 947 947 126 126 948 948 177 177 949 949 175 175 950 950 124 124 951 951 126 126 952 952 175 175 953 953 124 124 954 954 175 175 955 955 173 173 956 956 122 122 957 957 124 124 958 958 173 173 959 959 173 173 960 960 171 171 961 961 122 122 962 962 171 171 963 963 120 120 964 964 122 122 965 965 171 171 966 966 170 170 967 967 120 120 968 968 170 170 969 969 119 119 970 970 120 120 971 971 170 170 972 972 168 168 973 973 119 119 974 974 168 168 975 975 117 117 976 976 119 119 977 977 168 168 978 978 166 166 979 979 117 117 980 980 166 166 981 981 115 115 982 982 117 117 983 983 115 115 984 984 166 166 985 985 164 164 986 986 113 113 987 987 115 115 988 988 164 164 989 989 113 113 990 990 164 164 991 991 161 162 992 992 111 110 993 993 113 113 994 994 161 162 995 995 111 110 996 996 161 162 997 997 0 2 998 998 162 161 999 999 99 99 1000 1000 0 2 1001 1001 11 11 1002 1002 0 2 1003 1003 31 31 1004 1004 11 11 1005 1005 31 31 1006 1006 14 14 1007 1007 14 14 1008 1008 31 31 1009 1009 16 16 1010 1010 187 185 1011 1011 186 186 1012 1012 185 187 1013 1013 188 188 1014 1014 187 185 1015 1015 185 187 1016 1016 189 189 1017 1017 186 186 1018 1018 187 185 1019 1019 190 190 1020 1020 189 189 1021 1021 187 185 1022 1022 191 191 1023 1023 188 188 1024 1024 185 187 1025 1025 192 192 1026 1026 191 191 1027 1027 185 187 1028 1028 191 191 1029 1029 192 192 1030 1030 193 193 1031 1031 192 192 1032 1032 194 194 1033 1033 193 193 1034 1034 189 189 1035 1035 190 190 1036 1036 195 195 1037 1037 196 196 1038 1038 189 189 1039 1039 195 195 1040 1040 197 197 1041 1041 196 196 1042 1042 195 195 1043 1043 198 198 1044 1044 197 197 1045 1045 195 195 1046 1046 197 197 1047 1047 198 198 1048 1048 199 199 1049 1049 200 200 1050 1050 199 199 1051 1051 198 198 1052 1052 201 201 1053 1053 200 200 1054 1054 198 198 1055 1055 200 200 1056 1056 201 201 1057 1057 202 202 1058 1058 201 201 1059 1059 203 203 1060 1060 202 202 1061 1061 203 203 1062 1062 204 204 1063 1063 202 202 1064 1064 204 204 1065 1065 203 203 1066 1066 205 205 1067 1067 203 203 1068 1068 206 206 1069 1069 205 205 1070 1070 206 206 1071 1071 207 207 1072 1072 205 205 1073 1073 207 207 1074 1074 208 208 1075 1075 205 205 1076 1076 208 208 1077 1077 207 207 1078 1078 209 209 1079 1079 207 207 1080 1080 210 210 1081 1081 209 209 1082 1082 210 210 1083 1083 211 211 1084 1084 209 209 1085 1085 211 211 1086 1086 212 212 1087 1087 209 209 1088 1088 213 213 1089 1089 212 212 1090 1090 211 211 1091 1091 214 214 1092 1092 213 213 1093 1093 211 211 1094 1094 213 213 1095 1095 214 214 1096 1096 215 215 1097 1097 214 214 1098 1098 216 216 1099 1099 215 215 1100 1100 217 217 1101 1101 215 215 1102 1102 216 216 1103 1103 218 218 1104 1104 217 217 1105 1105 216 216 1106 1106 217 217 1107 1107 218 218 1108 1108 219 219 1109 1109 218 218 1110 1110 220 220 1111 1111 219 219 1112 1112 221 221 1113 1113 219 219 1114 1114 220 220 1115 1115 222 222 1116 1116 221 221 1117 1117 220 220 1118 1118 221 221 1119 1119 222 222 1120 1120 194 194 1121 1121 222 222 1122 1122 193 193 1123 1123 194 194 1124 1124 222 222 1125 1125 223 223 1126 1126 193 193 1127 1127 220 220 1128 1128 223 223 1129 1129 222 222 1130 1130 218 218 1131 1131 223 223 1132 1132 220 220 1133 1133 216 216 1134 1134 223 223 1135 1135 218 218 1136 1136 214 214 1137 1137 223 223 1138 1138 216 216 1139 1139 211 211 1140 1140 223 223 1141 1141 214 214 1142 1142 210 210 1143 1143 223 223 1144 1144 211 211 1145 1145 193 193 1146 1146 223 223 1147 1147 191 191 1148 1148 191 191 1149 1149 223 223 1150 1150 188 188 1151 1151 188 188 1152 1152 223 223 1153 1153 187 185 1154 1154 187 185 1155 1155 223 223 1156 1156 190 190 1157 1157 190 190 1158 1158 223 223 1159 1159 195 195 1160 1160 195 195 1161 1161 223 223 1162 1162 198 198 1163 1163 198 198 1164 1164 223 223 1165 1165 201 201 1166 1166 201 201 1167 1167 223 223 1168 1168 203 203 1169 1169 203 203 1170 1170 223 223 1171 1171 206 206 1172 1172 206 206 1173 1173 223 223 1174 1174 207 207 1175 1175 207 207 1176 1176 223 223 1177 1177 210 210 1178 1178 183 183 1179 1179 221 221 1180 1180 194 194 1181 1181 181 181 1182 1182 183 183 1183 1183 194 194 1184 1184 194 194 1185 1185 192 192 1186 1186 181 181 1187 1187 192 192 1188 1188 182 182 1189 1189 181 181 1190 1190 192 192 1191 1191 185 187 1192 1192 182 182 1193 1193 185 187 1194 1194 224 224 1195 1195 182 182 1196 1196 182 182 1197 1197 224 224 1198 1198 74 74 1199 1199 224 224 1200 1200 72 72 1201 1201 74 74 1202 1202 182 182 1203 1203 74 74 1204 1204 76 76 1205 1205 224 224 1206 1206 225 225 1207 1207 72 72 1208 1208 225 225 1209 1209 69 69 1210 1210 72 72 1211 1211 69 69 1212 1212 225 225 1213 1213 226 226 1214 1214 68 68 1215 1215 69 69 1216 1216 226 226 1217 1217 68 68 1218 1218 226 226 1219 1219 227 227 1220 1220 59 59 1221 1221 68 68 1222 1222 227 227 1223 1223 59 59 1224 1224 227 227 1225 1225 228 228 1226 1226 60 60 1227 1227 59 59 1228 1228 228 228 1229 1229 60 60 1230 1230 228 228 1231 1231 229 229 1232 1232 45 45 1233 1233 60 60 1234 1234 229 229 1235 1235 229 229 1236 1236 230 230 1237 1237 45 45 1238 1238 230 230 1239 1239 46 46 1240 1240 45 45 1241 1241 46 46 1242 1242 230 230 1243 1243 231 231 1244 1244 26 26 1245 1245 46 46 1246 1246 231 231 1247 1247 26 26 1248 1248 25 25 1249 1249 46 46 1250 1250 25 25 1251 1251 44 44 1252 1252 46 46 1253 1253 44 44 1254 1254 25 25 1255 1255 23 23 1256 1256 41 41 1257 1257 44 44 1258 1258 23 23 1259 1259 23 23 1260 1260 19 19 1261 1261 41 41 1262 1262 19 19 1263 1263 40 40 1264 1264 41 41 1265 1265 19 19 1266 1266 17 17 1267 1267 40 40 1268 1268 17 17 1269 1269 38 38 1270 1270 40 40 1271 1271 38 38 1272 1272 17 17 1273 1273 28 28 1274 1274 26 26 1275 1275 231 231 1276 1276 232 232 1277 1277 27 27 1278 1278 26 26 1279 1279 232 232 1280 1280 232 232 1281 1281 233 233 1282 1282 27 27 1283 1283 233 233 1284 1284 148 148 1285 1285 27 27 1286 1286 233 233 1287 1287 234 234 1288 1288 148 148 1289 1289 234 234 1290 1290 147 147 1291 1291 148 148 1292 1292 234 234 1293 1293 235 235 1294 1294 147 147 1295 1295 235 235 1296 1296 141 141 1297 1297 147 147 1298 1298 235 235 1299 1299 236 236 1300 1300 141 141 1301 1301 236 236 1302 1302 138 138 1303 1303 141 141 1304 1304 236 236 1305 1305 237 237 1306 1306 138 138 1307 1307 237 237 1308 1308 139 139 1309 1309 138 138 1310 1310 139 139 1311 1311 237 237 1312 1312 238 238 1313 1313 128 128 1314 1314 139 139 1315 1315 238 238 1316 1316 238 238 1317 1317 239 239 1318 1318 128 128 1319 1319 239 239 1320 1320 129 129 1321 1321 128 128 1322 1322 129 129 1323 1323 239 239 1324 1324 184 184 1325 1325 238 238 1326 1326 237 237 1327 1327 215 215 1328 1328 237 237 1329 1329 213 213 1330 1330 215 215 1331 1331 213 213 1332 1332 237 237 1333 1333 236 236 1334 1334 184 184 1335 1335 239 239 1336 1336 219 219 1337 1337 239 239 1338 1338 217 217 1339 1339 219 219 1340 1340 217 217 1341 1341 239 239 1342 1342 238 238 1343 1343 215 215 1344 1344 217 217 1345 1345 238 238 1346 1346 219 219 1347 1347 221 221 1348 1348 184 184 1349 1349 221 221 1350 1350 183 183 1351 1351 184 184 1352 1352 212 212 1353 1353 213 213 1354 1354 236 236 1355 1355 212 212 1356 1356 236 236 1357 1357 235 235 1358 1358 209 209 1359 1359 212 212 1360 1360 235 235 1361 1361 209 209 1362 1362 235 235 1363 1363 234 234 1364 1364 208 208 1365 1365 209 209 1366 1366 234 234 1367 1367 208 208 1368 1368 234 234 1369 1369 233 233 1370 1370 205 205 1371 1371 208 208 1372 1372 233 233 1373 1373 205 205 1374 1374 233 233 1375 1375 232 232 1376 1376 204 204 1377 1377 205 205 1378 1378 232 232 1379 1379 232 232 1380 1380 231 231 1381 1381 204 204 1382 1382 231 231 1383 1383 202 202 1384 1384 204 204 1385 1385 231 231 1386 1386 230 230 1387 1387 202 202 1388 1388 230 230 1389 1389 200 200 1390 1390 202 202 1391 1391 200 200 1392 1392 230 230 1393 1393 229 229 1394 1394 199 199 1395 1395 200 200 1396 1396 229 229 1397 1397 229 229 1398 1398 228 228 1399 1399 199 199 1400 1400 228 228 1401 1401 197 197 1402 1402 199 199 1403 1403 228 228 1404 1404 227 227 1405 1405 197 197 1406 1406 227 227 1407 1407 196 196 1408 1408 197 197 1409 1409 227 227 1410 1410 226 226 1411 1411 196 196 1412 1412 226 226 1413 1413 189 189 1414 1414 196 196 1415 1415 226 226 1416 1416 225 225 1417 1417 189 189 1418 1418 225 225 1419 1419 186 186 1420 1420 189 189 1421 1421 186 186 1422 1422 225 225 1423 1423 224 224 1424 1424 185 187 1425 1425 186 186 1426 1426 224 224 1427 1427</p>
        </triangles>
      </mesh>
    </geometry>
    <geometry id="toro_tail-mesh" name="toro_tail">
      <mesh>
        <source id="toro_tail-mesh-positions">
          <float_array id="toro_tail-mesh-positions-array" count="948">0.0306136 0.02713412 -0.0126065 0.03671556 0.0191822 -0.01584553 0.03736388 0.01926958 -0.007925212 0.03150123 0.02719998 -0.006296873 0.03446042 0.01901125 -0.01980251 0.02736699 0.0269708 -0.01778918 0.03679025 0.01527208 -0.02051919 0.02976393 0.01463645 -0.02489274 0.02790129 0.01910877 -0.02390635 0.03904038 0.01542532 -0.01731687 0.02054703 0.03571289 -0.007930278 0.021636 0.0357787 -0.002018272 0.02277183 0.02696192 -0.02116245 0.0167914 0.03555715 -0.01359921 0.03779566 0.008424282 -0.02063441 0.04025465 0.008533179 -0.01727765 0.03988242 0.01499098 -0.008660912 0.04129552 0.008358478 -0.008649528 0.03816288 0.001576542 -0.02028363 0.03009319 0.00793302 -0.02505737 0.02995514 0.001230835 -0.02481424 0.04083716 0.001641094 -0.01694589 0.02159297 0.01400077 -0.02900421 0.02171069 0.007442951 -0.02939039 0.03988748 -0.008203804 -0.01714593 0.04091185 -0.007842957 -0.008583664 0.04206794 0.001725912 -0.008476018 0.04140824 0.008183717 -2.27094e-5 0.0423693 0.001810789 -4.98444e-6 0.03786277 -0.008306384 -0.02034193 0.03831225 -0.01804876 -0.01705604 0.03692448 -0.01819056 -0.01993674 0.02998805 -0.008306384 -0.02490413 0.02955502 -0.01784235 -0.02458888 0.03579628 -0.02185505 -0.01897817 0.02833688 -0.0227009 -0.02321118 0.03645342 -0.02156507 -0.01674073 0.0410068 -0.007482051 -2.27094e-5 0.03828948 -0.006224691 0.01024007 0.03949242 0.001658797 0.01075541 0.03925055 -0.01677495 -4.98444e-6 0.03935056 -0.01741182 -0.008530497 0.03647243 -0.02140808 -4.98444e-6 0.03399693 -0.01933145 0.00880289 0.03025144 -0.02710103 6.41495e-6 0.02700734 -0.02710103 0.007311284 0.03673326 -0.01410949 0.009604454 0.03703212 -0.02148658 -0.008373498 0.03117072 -0.02710103 -0.01412093 0.03108209 -0.02710103 -0.00702244 0.03310173 -0.01144284 0.0192151 0.03469085 -0.004967331 0.02050286 0.02354925 -0.02710103 0.01422995 0.03040468 -0.01725482 0.01761209 0.02493202 -0.01765245 0.02320247 0.01974934 -0.02710103 0.01956331 0.02700102 -0.0117467 0.0251702 0.02307951 -0.03269654 -1.38469e-5 0.02139163 -0.03242301 0.006002008 0.01749163 -0.03517073 -1.54398e-4 0.01862108 -0.03532397 -0.004045486 0.02382785 -0.03287762 -0.005369961 0.01662302 -0.03513276 0.004412889 0.00950551 -0.03748416 -0.001442134 0.008422851 -0.0374183 0.002955436 0.01003986 -0.03773236 -0.005368709 0.001183807 -0.03784501 -0.005578935 9.54658e-4 -0.03869467 -7.84982e-4 0.01912379 -0.0357418 -0.009951233 0.01515924 -0.03509604 0.008978903 0.01925295 -0.03214955 0.01201659 0.02407854 -0.03305995 -0.01072615 0.02274018 -0.03356772 -0.01383852 0.03060978 -0.02710103 -0.01702183 0.0246281 -0.02710103 -0.02173858 0.01965939 -0.03365254 -0.01755237 0.00129652 -0.03752845 0.003537893 0.01288634 -0.03529739 0.0130549 0.01627731 -0.03233057 0.01687008 0.01000183 -0.03549742 0.01655226 0.005477607 -0.03760951 0.007883608 0.01269006 -0.03251165 0.02114611 0.01533776 -0.02710103 0.02431929 0.01884776 -0.01805132 0.02821552 0.01301294 -0.01975309 0.03084039 0.01106804 -0.02710103 0.02747094 0.006566584 -0.02145618 0.03288787 0.006187975 -0.02710103 0.02913856 2.86087e-4 -0.02174109 0.03349316 -4.56683e-5 -0.02710103 0.02959316 -0.009314477 -0.02047991 0.03285247 -0.008668661 -0.02710103 0.0262351 0.006850183 -0.0156328 0.03605604 0.01387524 -0.01384234 0.03359067 4.58293e-4 -0.01603925 0.03681194 0.006679236 -0.009269952 0.03823518 0.01382333 -0.00744152 0.03579264 2.22776e-4 -0.009705543 0.0389899 -3.93353e-5 -0.003371894 0.04061317 -0.01024389 -0.00882554 0.03827828 -0.01065415 -0.002193033 0.03962171 0.006380438 -0.002907156 0.03987371 0.00595498 0.005928575 0.03816807 0.01354348 -0.001040756 0.03749316 0.02035713 -0.005611836 0.0327714 0.02009373 8.25666e-4 0.03453528 0.01344221 0.006475567 0.03577488 -5.50892e-4 0.00607419 0.03883415 0.005413055 0.0147643 0.03592056 -0.001078903 0.01551902 0.03650426 -0.01026922 0.007193505 0.03782874 -0.009755134 0.0165801 0.03550648 -0.001387834 0.02136266 0.03349441 0.00499773 0.02066117 0.03296512 0.004746973 0.02750259 0.02853715 -0.00166136 0.02772676 0.02919048 0.01227599 0.01981151 0.03060108 0.01311802 0.01399195 0.0335552 0.02031785 0.007022559 0.03280431 0.02021151 0.01321828 0.03061121 0.01055645 0.02715438 0.02600848 -0.001908242 0.03471761 0.02118414 -0.008506596 0.02807873 0.02754062 0.003652989 0.03497087 0.02050417 0.02800512 0.007467031 0.0269556 0.02821916 0.001166224 0.02831429 0.02734923 0.01376652 0.02522844 0.03507959 0.007911443 0.0205295 0.03387415 0.01431483 0.01926833 0.01894271 0.0189619 0.0276609 0.02565753 0.01906573 0.02287453 0.02181583 0.02695685 0.01917082 0.01574552 0.02680492 0.02289354 0.01040959 0.0352773 0.01525688 0.03868579 0.008046984 0.01025402 0.03573298 0.001508116 0.02151584 0.02782917 -0.00529021 0.02692645 0.0372765 0.01443636 0.009631037 0.03979504 0.01455664 -4.98444e-6 0.03176206 0.01917082 0.01750952 0.0348643 0.01926451 0.008752226 0.02726441 0.02710884 0.01486307 0.0191757 0.03567487 0.01030719 0.02980321 0.02718734 0.007437884 0.0314455 0.02726584 1.27442e-5 0.03708279 0.01935821 -4.98444e-6 0.02087879 0.03573817 0.005129575 0.01152765 0.03532791 -0.0181564 0.01701426 0.0269531 -0.02426975 0.02019631 0.01920497 -0.02742397 0.01104652 0.02015465 -0.02994626 0.009357333 0.02730888 -0.02649706 0.01192402 0.01451361 -0.03187727 0.00225377 0.0150277 -0.03384375 0.001896679 0.02110558 -0.03156071 0.002815961 0.005642414 -0.03468579 0.01226335 0.006542682 -0.03249138 -0.008499026 0.007225155 -0.03358799 -0.007615149 -0.002061307 -0.03423118 0.003309845 -0.003744125 -0.03497195 -0.009280264 0.01651048 -0.03241419 -0.01981407 0.008807957 -0.03158354 -0.02081567 0.01799446 -0.03007668 -0.02697587 0.008828222 -0.02704662 -0.02683532 0.01834398 -0.02552205 -0.03191417 0.008780121 -0.02067619 -0.03064668 0.01855671 -0.01914662 -0.02472072 0.02355068 -0.02394181 -0.02846115 0.0234456 -0.01721304 -0.01913285 0.02362668 -0.02824193 -0.008618056 0.02236551 -0.03035527 -0.02033323 0.02945512 -0.02231472 -0.02532345 0.02931714 -0.01452481 -0.01368421 0.03598892 -0.01792341 -0.01922523 0.03581541 -0.01012593 -0.01418817 0.02958053 -0.02590572 -0.007810175 0.03616237 -0.02037101 -0.006242573 0.02862322 -0.02731376 0.001701712 0.02766597 -0.02780127 -0.03195089 0.02296191 -0.00991702 -0.02804964 0.02857512 -0.007237672 0.001078724 0.0348531 -0.02064579 -0.03414654 0.02247947 -0.002622246 -0.03617376 0.01888591 -0.00319457 -0.03405791 0.01872128 -0.01117056 -0.03763753 0.008816838 -0.003262996 -0.03542292 0.008797824 -0.01196956 -0.03667902 0.01885932 0.003327727 -0.03806555 0.00879532 0.003335297 -0.03464418 0.02240985 0.002751588 -0.02946019 0.02783185 4.94644e-5 -0.02109551 0.03384768 -4.80339e-5 -0.02835482 0.02797114 0.007403731 -0.03323739 0.02265673 0.01003116 -0.03856062 -0.001252174 -0.003249049 -0.03890502 -0.001267373 0.003327727 -0.03785532 -0.007185757 0.003283381 -0.03746283 -0.007650434 -0.003293335 -0.03629028 -0.001125574 -0.01255583 -0.03518867 -0.007328867 -0.01275086 -0.03671067 0.008677542 0.01193302 -0.03735393 -0.001187622 0.01242178 -0.03272581 -9.97707e-4 -0.02186268 -0.0267353 -6.8748e-4 -0.02813053 -0.03161913 -0.007007241 -0.02220833 -0.02612495 -0.006412088 -0.02808618 -0.01853895 -3.78519e-4 -0.03258258 -0.01840347 -0.00612843 -0.0321356 -0.007392346 -0.008416533 -0.03387665 -0.03359192 -0.01353335 -0.01272171 -0.03006166 -0.01301676 -0.02218806 -0.02514618 -0.01213675 -0.02758729 -0.02803444 -0.01856917 -0.02085602 -0.02352285 -0.01818549 -0.02585762 -0.01801598 -0.01187968 -0.03117072 -0.01698148 -0.01810067 -0.02912575 -0.01491248 -0.02710103 -0.02464586 -0.006699681 -0.0202533 -0.03112387 -0.006162822 -0.02710103 -0.02686429 -0.02037626 -0.02710103 -0.02159672 -0.02480679 -0.02710103 -0.01728647 -0.02170836 -0.03304094 -0.01421082 -0.0130245 -0.03316885 -0.02078258 -0.01773238 -0.03621411 -0.01082617 -0.02376598 -0.032965 -0.007118642 -0.00973612 -0.03638505 -0.01653563 -0.0268442 -0.02710103 -0.008664727 -0.008388817 -0.03796786 -0.005805552 -0.004391372 -0.03805398 -0.00865966 0.00358206 -0.02240461 -0.03221285 0.003849208 -0.01766508 -0.03389567 -0.007083356 -0.01477301 -0.03298652 0.003620028 -0.01070463 -0.03471112 0.01252543 -0.009504199 -0.03249776 0.01239252 -0.001429438 -0.03259015 0.02143216 -0.008305132 -0.0293765 0.0210396 -0.01749545 -0.02897763 0.01244443 -0.01758027 -0.03188997 0.01973283 -0.02354675 -0.02718085 0.01165807 -0.02297568 -0.03015017 0.00315535 -0.02710103 -0.02908271 0.01090091 -0.02710103 -0.02776962 0.02147644 8.85177e-4 -0.02930051 0.01864767 -0.02710103 -0.02554863 0.01543396 -0.03373867 -0.02100288 0.00882554 -0.03333854 -0.02278953 0.01288759 -0.03676623 -0.01641786 0.01657867 -0.03625464 -0.01331561 0.00728327 -0.03639644 -0.01763975 0.001678884 -0.03602546 -0.01795631 0.002217054 -0.0329371 -0.02366828 -0.005404353 -0.03305232 -0.02267938 -0.004029214 -0.03620529 -0.0176993 0.001316785 -0.03787416 -0.00937128 0.006921112 -0.03824388 -0.008601427 -0.009092867 -0.03789949 -4.57026e-4 -0.01914042 -0.03607863 -1.29074e-4 -0.01771211 -0.03610014 0.007649362 -0.008198916 -0.03767412 0.004314124 -0.02452951 -0.03288775 -2.65092e-5 -0.02259087 -0.03294473 0.008735775 -0.01699286 -0.03515428 0.01117962 -0.0209853 -0.03172916 0.01395392 -0.0139957 -0.03272569 0.01649022 -0.004930734 -0.03728407 0.007851958 -0.01728034 -0.02910679 0.021079 -0.02724808 -0.02710103 0.00887382 -0.02410787 -0.02710103 0.01553672 -0.02899169 -0.01766633 0.01772099 -0.01843768 -0.02654647 0.02387106 -0.02430284 -0.01779043 0.02793693 -0.0189163 -0.01921874 0.03186607 -0.03233075 -0.01017534 0.01962029 -0.02495372 -0.01352328 0.03073656 -0.01986724 -0.01487302 0.03421616 -0.00970447 -0.01545679 0.03617882 -0.03188884 -0.01775121 0.01023375 -0.03421872 -0.01783603 0.002747774 -0.03626114 -0.01310539 0.003221333 -0.03457957 -0.01164036 0.0114215 -0.0358268 -0.01404875 -0.003254115 -0.03380215 -0.01877176 -0.002788126 -0.02888029 -0.02710103 -4.42341e-5 -0.03156596 -0.01867049 -0.01182144 -0.02071183 -0.007944226 0.03633713 -0.03658908 -0.00641334 0.01199507 -0.02126896 -0.001015424 0.03772616 -0.02591854 -0.00712496 0.03282457 -0.02651751 -7.26733e-4 0.03445172 -0.03523552 -0.00110656 0.02151584 -0.03402751 -0.005640983 0.02070802 -0.01998877 0.00831288 0.03601044 -0.02542853 0.008609175 0.0327866 -0.0184313 0.01764118 0.03360331 -0.02398246 0.01794511 0.03047698 -0.03478723 0.008559763 0.02053076 -0.03384011 0.01822745 0.019086 -0.0355432 0.01854276 0.0112062 -0.03126204 0.02290368 0.01731073 -0.02136516 0.02320247 0.02801293 -0.01658642 0.02301764 0.03053778 -0.008987784 0.02208185 0.03246879 -0.01535314 0.02843075 0.02497017 -0.02667325 0.02810913 0.01475799 -0.01900619 0.03394269 0.01030719 -0.01071113 0.03437954 0.01788938 -0.02033829 0.03389453 0.005129575 -3.14109e-4 -0.03173166 0.02529305 -2.82452e-4 -0.03383994 0.02178812 -0.007139086 -0.03316628 0.01959246 -0.008796572 -0.03041857 0.02363806 0.004702687 -0.03490483 0.01941138 0.005609273 -0.03164809 0.02498155 0.009454846 -0.03207987 0.0233519 0.001582682 -0.03713339 0.009461343 0.02029001 -0.01205062 0.03054791</float_array>
          <technique_common>
            <accessor source="#toro_tail-mesh-positions-array" count="316" stride="3">
              <param name="X" type="float"/>
              <param name="Y" type="float"/>
              <param name="Z" type="float"/>
            </accessor>
          </technique_common>
        </source>
        <source id="toro_tail-mesh-normals">
          <float_array id="toro_tail-mesh-normals-array" count="948">0.8275028 0.5589141 -0.0534259 0.7570044 0.5980734 -0.2631589 0.6551678 0.7155692 -0.2423135 0.7256757 0.684242 -0.0721656 0.5768519 0.5510818 -0.6029518 0.5063728 0.6920682 -0.5144202 0.6551852 0.3082426 -0.6897238 0.4671909 0.222104 -0.8558053 0.4358238 0.4570775 -0.7753307 0.8666655 0.3631058 -0.3421189 0.5690174 0.7860708 -0.2414786 0.6471615 0.762353 8.83353e-6 0.4045383 0.6294097 -0.6634698 0.4515271 0.7703833 -0.4501476 0.6630383 0.04978489 -0.7469282 0.9215111 0.1124262 -0.3717228 0.92933 0.3630914 -0.06716018 0.9841617 0.1594397 -0.07749015 0.6630042 -0.01289099 -0.7485047 0.4828391 0.01060426 -0.875645 0.4750354 -0.01291066 -0.879872 0.9293218 -0.005061268 -0.3692365 0.3653509 0.2064109 -0.9076968 0.3888639 0.02628237 -0.9209203 0.9371652 -0.1068775 -0.3321124 0.9841587 -0.1460444 -0.1005126 0.9998253 -0.005055904 -0.01799535 0.9763243 0.1829486 0.1154157 0.9919956 0.002777218 0.1262421 0.6943855 -0.05995231 -0.7171016 0.9214965 -0.3027016 -0.2433434 0.7178487 -0.2478477 -0.6505882 0.4828556 -0.02855145 -0.8752345 0.4750246 -0.2087063 -0.8548645 0.6786797 -0.545506 -0.4917491 0.4515121 -0.482916 -0.7502859 0.8039992 -0.58469 -0.1082721 0.9763266 -0.1617094 0.1436539 0.929332 -0.1930214 0.3147777 0.9528281 -0.01288497 0.3032371 0.9215009 -0.3496987 0.1689586 0.9428319 -0.3332685 1.76001e-5 0.7648341 -0.6081945 0.2124344 0.7335225 -0.569 0.3717311 0.6473477 -0.7335063 0.2071462 0.6473459 -0.6943455 0.3143686 0.8666675 -0.3496927 0.3558124 0.7883433 -0.608177 0.09292876 0.6627278 -0.7488604 7.4096e-6 0.6627392 -0.7488503 2.02432e-5 0.7648391 -0.3575163 0.5359135 0.8118401 -0.2321897 0.5357273 0.6473443 -0.6473498 0.4023479 0.6943318 -0.5298526 0.4869903 0.6160191 -0.498522 0.609915 0.6160231 -0.6003445 0.5100019 0.6316838 -0.3575479 0.6878482 0.5298597 -0.835333 0.1465175 0.5455005 -0.8118488 0.2081606 0.341866 -0.937163 0.06966489 0.3575191 -0.929332 0.09231686 0.5455165 -0.8353353 0.06802028 0.3575318 -0.9293293 0.09229421 0.1773704 -0.9841442 1.78814e-7 0.1695433 -0.9841582 0.05184441 0.1617057 -0.9841607 0.07265752 0.005060791 -0.9998252 -0.01800286 0.02855491 -0.9995923 1.43503e-5 0.356434 -0.9343206 4.19582e-5 0.3653628 -0.9214955 0.131743 0.5611834 -0.7805068 0.2754674 0.5611843 -0.8275035 -0.01761108 0.4828534 -0.843171 -0.2364641 0.5690236 -0.7413407 -0.3558456 0.4436703 -0.6473519 -0.6197518 0.4123496 -0.8040112 -0.4284087 0.01288473 -0.9919956 0.1256138 0.3418686 -0.9214944 0.1843202 0.5376741 -0.7570106 0.3712704 0.2087008 -0.9293238 0.304633 0.06768995 -0.9919938 0.1066142 0.4123553 -0.7570284 0.5068246 0.5298551 -0.5690175 0.6288661 0.5376918 -0.4593444 0.7070292 0.4280371 -0.4671766 0.7736474 0.3731864 -0.569018 0.7327691 0.2322595 -0.5063278 0.8304744 0.177371 -0.608185 0.7737251 -0.02627009 -0.569 0.8219178 -0.08111667 -0.6395207 0.7644825 -0.1672537 -0.6081919 0.7759697 -0.2299155 -0.6708525 0.7050502 0.2557096 -0.3966889 0.8816182 0.4280223 -0.3653676 0.8266217 0.02065992 -0.4201602 0.9072148 0.2557234 -0.2713716 0.927881 0.4202155 -0.255714 0.8706489 0.02071106 -0.2791844 0.9600142 0.01293361 -0.03641927 0.999253 -0.1438036 -0.2635193 0.9538754 -0.1359501 -0.01285469 0.9906323 0.2243338 -0.02856355 0.9740937 0.1930476 0.2299454 0.9538646 0.3731902 -0.005052983 0.9277411 0.5376979 -0.2400397 0.8082461 0.5063626 0.01844322 0.8621235 0.3261563 0.245624 0.9128478 0.01292055 0.2142708 0.9766888 0.2087265 0.3552647 0.9111643 0.02855676 0.3552416 0.9343383 -0.1202686 0.222095 0.9675791 -0.1124367 0.370907 0.9218384 0.02071583 0.5197517 0.8540661 0.2243726 0.5040829 0.8340009 0.2165405 0.6450501 0.7328169 -0.01060634 0.660753 0.7505285 0.3653567 0.511927 0.7774609 0.3496969 0.3709316 0.8603033 0.4828531 0.2456322 0.8405461 0.4671992 0.3787763 0.7989078 0.3732082 0.6450753 0.6667786 -0.07327389 0.7704088 0.6333255 -0.1516026 0.7155694 0.6818923 0.2400305 0.7468989 0.6201028 0.6159867 0.2299075 0.7534608 0.6395472 -0.005100011 0.7687349 0.5768433 0.3787394 0.7237462 0.8118299 0.214324 0.5431368 0.7648444 0.3709252 0.5267139 0.4436727 0.5197689 0.7300649 0.5142053 0.519739 0.6822496 0.4358787 0.6450756 0.6276044 0.3966709 0.6607404 0.6372396 0.3575295 0.7312412 0.5809122 0.937175 0.1907382 0.2920995 0.8275048 -0.01289868 0.5613107 0.6395887 -0.2399748 0.7303003 0.8901801 0.3552525 0.2852632 0.9214981 0.3552592 0.1569467 0.7021883 0.5197455 0.4866172 0.8196576 0.51192 0.257098 0.6238477 0.6372213 0.4525076 0.4985114 0.746905 0.4400218 0.7335071 0.6529074 0.1888898 0.7413374 0.6685766 0.05851823 0.835335 0.5275771 0.1545247 0.647341 0.7390724 0.1863378 0.3105209 0.5824185 -0.7512426 0.2791943 0.7155636 -0.6403276 0.3341003 0.4179123 -0.8448233 0.2400383 0.4100853 -0.8798931 0.208701 0.5824148 -0.7856444 0.2478852 0.2142794 -0.9447948 0.05978864 0.2221226 -0.9731839 0.06771326 0.410104 -0.9095216 0.06772106 0.06543803 -0.995556 0.2713693 0.04977834 -0.9611873 -0.1202746 0.08111065 -0.9894217 -0.1202324 -0.005064368 -0.992733 0.08337897 -0.005053102 -0.9965052 -0.1202811 0.2299383 -0.9657437 -0.35523 0.0889483 -0.9305374 -0.3866148 0.2534856 -0.886721 -0.6685763 0.1046124 -0.7362486 -0.6999201 0.2926056 -0.6515319 -0.8565682 0.1359427 -0.4978058 -0.8330706 0.3239389 -0.4483938 -0.6372296 0.5275807 -0.5617803 -0.7547351 0.5432454 -0.3677763 -0.3396099 0.4727388 -0.8131318 -0.08909577 0.4021108 -0.9112459 -0.519748 0.676404 -0.5218619 -0.6685655 0.6764208 -0.3089907 -0.4179289 0.7704019 -0.4814732 -0.605912 0.7782374 -0.1649772 -0.2299159 0.6215952 -0.7488378 -0.096758 0.715575 -0.6918023 -0.02628308 0.5824147 -0.8124668 0.09119844 0.590255 -0.8020486 -0.7938997 0.5589112 -0.2394609 -0.6999088 0.7077374 -0.09610146 0.0990523 0.6999 -0.7073391 -0.8095719 0.5745723 -0.1202491 -0.9348953 0.323926 -0.145061 -0.895731 0.3317704 -0.2959637 -0.9818884 0.1202728 -0.1463888 -0.9427247 0.1281062 -0.307992 -0.9427249 0.3239272 0.07962983 -0.9897208 0.1124452 0.08836805 -0.801544 0.597936 -1.64295e-5 -0.6669608 0.7450928 -5.18095e-6 -0.597936 0.8015439 1.90046e-5 -0.6372405 0.7625727 0.1113885 -0.7704013 0.6137443 0.1726265 -0.9897205 -0.03638905 -0.1383088 -0.9975514 -0.04426056 0.05415111 -0.9740551 -0.2243734 0.02955245 -0.9662188 -0.2087063 -0.1512054 -0.9505539 -0.02855205 -0.3092446 -0.9348905 -0.2008551 -0.292638 -0.9740546 0.1046085 0.2006857 -0.9740607 -0.05987042 0.2182236 -0.8565647 -0.01288628 -0.5158789 -0.6215803 0.002785503 -0.7833456 -0.833054 -0.1695321 -0.5265738 -0.5980786 -0.1303699 -0.7907627 -0.3160868 0.002765119 -0.9487263 -0.3239331 -0.1147059 -0.9391007 -0.1359391 -0.09904402 -0.985754 -0.9035556 -0.3183619 -0.2867626 -0.7939 -0.302715 -0.527339 -0.5667674 -0.2713287 -0.7779175 -0.7547353 -0.4515323 -0.4759133 -0.5275726 -0.4280287 -0.7337975 -0.323923 -0.2478895 -0.9130305 -0.3239315 -0.4123543 -0.8514882 -0.3160592 -0.5376849 -0.781666 -0.2141856 -0.4202327 -0.881776 -0.1907564 -0.5611914 -0.8054044 -0.4962512 -0.553355 -0.6689792 -0.7234042 -0.5376863 -0.4331049 -0.5980816 -0.717845 -0.3563665 -0.2847649 -0.7334943 -0.617167 -0.3317612 -0.9293307 -0.1621084 -0.692063 -0.7100186 -0.1300855 -0.1437646 -0.9293218 -0.3401364 -0.8252307 -0.5220221 -0.2156095 -0.09678214 -0.9919933 -0.08113294 -0.01844054 -0.9998257 -0.002936244 0.005042612 -0.4436832 -0.8961696 0.05201822 -0.2322081 -0.9712742 -0.175108 -0.2400335 -0.954841 0.0755428 -0.0755487 -0.9942765 0.2870334 -0.04421776 -0.9568995 0.287047 0.002815485 -0.9579124 0.3967043 -0.02854406 -0.9175026 0.3810469 -0.2008563 -0.9024745 0.2791788 -0.2087008 -0.9372851 0.3575292 -0.4358643 -0.825951 0.2322149 -0.4280449 -0.8734151 -0.01846474 -0.5925351 -0.805333 0.1773742 -0.5846811 -0.7916354 0.3967017 -0.005053997 -0.9179337 0.3340347 -0.5846795 -0.7393043 0.2713779 -0.7726656 -0.5738833 0.09122419 -0.7648355 -0.6377341 0.1617094 -0.9449951 -0.2843139 0.2870433 -0.944998 -0.1567962 -0.002783656 -0.9293298 -0.3692407 -0.0184403 -0.9293379 -0.3687696 -0.02628964 -0.7570213 -0.6528612 -0.1202853 -0.7335118 -0.6689485 -0.03412133 -0.9293316 -0.3676663 -0.01844942 -0.9919906 -0.124958 0.03636699 -0.9993385 6.20832e-6 -0.1046069 -0.9919919 0.07077682 -0.3630887 -0.9293314 0.06715434 -0.3082599 -0.9293327 0.2032649 -0.0811116 -0.984156 0.1576645 -0.6901536 -0.723663 -2.51476e-5 -0.6294144 -0.7413322 0.2329464 -0.2456277 -0.8901533 0.3837892 -0.5275833 -0.7335094 0.428509 -0.2221004 -0.874497 0.4311921 -0.04977262 -0.9763255 0.2105027 -0.3944237 -0.7335069 0.553532 -0.7939007 -0.5455187 0.2685726 -0.7077375 -0.5768511 0.4078607 -0.8017398 -0.4828544 0.3522287 -0.4649158 -0.6708467 0.57777 -0.6920787 -0.5220315 0.4985082 -0.3709259 -0.6081773 0.701808 -0.8408915 -0.3967066 0.3681377 -0.7077394 -0.3966873 0.584589 -0.394428 -0.4201872 0.8172327 -0.135941 -0.4201905 0.8971957 -0.848728 -0.4436911 0.2877483 -0.8800639 -0.4515237 0.147017 -0.9348899 -0.3497021 0.06073969 -0.8800596 -0.3888801 0.2725206 -0.9348948 -0.3262004 -0.1398755 -0.8800628 -0.4671906 -0.08498513 -0.8293792 -0.558686 1.25905e-5 -0.8487297 -0.4593589 -0.2620065 -0.3865873 -0.271372 0.8814237 -0.9348935 -0.2713851 0.2287455 -0.3709198 -0.005039334 0.9286513 -0.6999036 -0.2870188 0.65403 -0.6842408 -0.02855265 0.7286971 -0.9035558 -0.0676974 0.4230888 -0.8722285 -0.2948708 0.3902164 -0.3239462 0.2455971 0.9136416 -0.6450765 0.2221018 0.7311273 -0.2926096 0.4101127 0.8638213 -0.5824595 0.410104 0.7018231 -0.895729 0.1437903 0.4207066 -0.8330696 0.3630631 0.4173494 -0.9270516 0.331762 0.1746693 -0.6842443 0.637237 0.3545966 -0.4649083 0.6450874 0.6064013 -0.2455804 0.6137694 0.7503182 -0.1124413 0.5667403 0.8161877 -0.3082614 0.7704047 0.5580785 -0.5510933 0.7782292 0.3010907 -0.4884151 0.8330593 0.2597365 -0.3082796 0.8095661 0.4995663 -0.5745815 0.8173976 0.0414409 -0.2064369 -0.8980033 0.3885535 -0.104613 -0.9058308 0.4105201 -0.1046087 -0.7648482 0.6356605 -0.2612586 -0.7570174 0.5988895 0.02854758 -0.9293355 0.3681313 0.1147112 -0.7648539 0.6339085 0.2557134 -0.7648356 0.5913012 -0.04978096 -0.9841563 0.1701716 0.537691 -0.3496927 0.7672051</float_array>
          <technique_common>
            <accessor source="#toro_tail-mesh-normals-array" count="316" stride="3">
              <param name="X" type="float"/>
              <param name="Y" type="float"/>
              <param name="Z" type="float"/>
            </accessor>
          </technique_common>
        </source>
        <source id="toro_tail-mesh-map-0">
          <float_array id="toro_tail-mesh-map-0-array" count="3678">0 0 0 0 0 0 0 0 0 0 0 0 0 0 0 0 0 0 0 0 0 0 0 0 0 0 0 0 0 0 0 0 0 0 0 0 0 0 0 0 0 0 0 0 0 0 0 0 0 0 0 0 0 0 0 0 0 0 0 0 0 0 0 0 0 0 0 0 0 0 0 0 0 0 0 0 0 0 0 0 0 0 0 0 0 0 0 0 0 0 0 0 0 0 0 0 0 0 0 0 0 0 0 0 0 0 0 0 0 0 0 0 0 0 0 0 0 0 0 0 0 0 0 0 0 0 0 0 0 0 0 0 0 0 0 0 0 0 0 0 0 0 0 0 0 0 0 0 0 0 0 0 0 0 0 0 0 0 0 0 0 0 0 0 0 0 0 0 0 0 0 0 0 0 0 0 0 0 0 0 0 0 0 0 0 0 0 0 0 0 0 0 0 0 0 0 0 0 0 0 0 0 0 0 0 0 0 0 0 0 0 0 0 0 0 0 0 0 0 0 0 0 0 0 0 0 0 0 0 0 0 0 0 0 0 0 0 0 0 0 0 0 0 0 0 0 0 0 0 0 0 0 0 0 0 0 0 0 0 0 0 0 0 0 0 0 0 0 0 0 0 0 0 0 0 0 0 0 0 0 0 0 0 0 0 0 0 0 0 0 0 0 0 0 0 0 0 0 0 0 0 0 0 0 0 0 0 0 0 0 0 0 0 0 0 0 0 0 0 0 0 0 0 0 0 0 0 0 0 0 0 0 0 0 0 0 0 0 0 0 0 0 0 0 0 0 0 0 0 0 0 0 0 0 0 0 0 0 0 0 0 0 0 0 0 0 0 0 0 0 0 0 0 0 0 0 0 0 0 0 0 0 0 0 0 0 0 0 0 0 0 0 0 0 0 0 0 0 0 0 0 0 0 0 0 0 0 0 0 0 0 0 0 0 0 0 0 0 0 0 0 0 0 0 0 0 0 0 0 0 0 0 0 0 0 0 0 0 0 0 0 0 0 0 0 0 0 0 0 0 0 0 0 0 0 0 0 0 0 0 0 0 0 0 0 0 0 0 0 0 0 0 0 0 0 0 0 0 0 0 0 0 0 0 0 0 0 0 0 0 0 0 0 0 0 0 0 0 0 0 0 0 0 0 0 0 0 0 0 0 0 0 0 0 0 0 0 0 0 0 0 0 0 0 0 0 0 0 0 0 0 0 0 0 0 0 0 0 0 0 0 0 0 0 0 0 0 0 0 0 0 0 0 0 0 0 0 0 0 0 0 0 0 0 0 0 0 0 0 0 0 0 0 0 0 0 0 0 0 0 0 0 0 0 0 0 0 0 0 0 0 0 0 0 0 0 0 0 0 0 0 0 0 0 0 0 0 0 0 0 0 0 0 0 0 0 0 0 0 0 0 0 0 0 0 0 0 0 0 0 0 0 0 0 0 0 0 0 0 0 0 0 0 0 0 0 0 0 0 0 0 0 0 0 0 0 0 0 0 0 0 0 0 0 0 0 0 0 0 0 0 0 0 0 0 0 0 0 0 0 0 0 0 0 0 0 0 0 0 0 0 0 0 0 0 0 0 0 0 0 0 0 0 0 0 0 0 0 0 0 0 0 0 0 0 0 0 0 0 0 0 0 0 0 0 0 0 0 0 0 0 0 0 0 0 0 0 0 0 0 0 0 0 0 0 0 0 0 0 0 0 0 0 0 0 0 0 0 0 0 0 0 0 0 0 0 0 0 0 0 0 0 0 0 0 0 0 0 0 0 0 0 0 0 0 0 0 0 0 0 0 0 0 0 0 0 0 0 0 0 0 0 0 0 0 0 0 0 0 0 0 0 0 0 0 0 0 0 0 0 0 0 0 0 0 0 0 0 0 0 0 0 0 0 0 0 0 0 0 0 0 0 0 0 0 0 0 0 0 0 0 0 0 0 0 0 0 0 0 0 0 0 0 0 0 0 0 0 0 0 0 0 0 0 0 0 0 0 0 0 0 0 0 0 0 0 0 0 0 0 0 0 0 0 0 0 0 0 0 0 0 0 0 0 0 0 0 0 0 0 0 0 0 0 0 0 0 0 0 0 0 0 0 0 0 0 0 0 0 0 0 0 0 0 0 0 0 0 0 0 0 0 0 0 0 0 0 0 0 0 0 0 0 0 0 0 0 0 0 0 0 0 0 0 0 0 0 0 0 0 0 0 0 0 0 0 0 0 0 0 0 0 0 0 0 0 0 0 0 0 0 0 0 0 0 0 0 0 0 0 0 0 0 0 0 0 0 0 0 0 0 0 0 0 0 0 0 0 0 0 0 0 0 0 0 0 0 0 0 0 0 0 0 0 0 0 0 0 0 0 0 0 0 0 0 0 0 0 0 0 0 0 0 0 0 0 0 0 0 0 0 0 0 0 0 0 0 0 0 0 0 0 0 0 0 0 0 0 0 0 0 0 0 0 0 0 0 0 0 0 0 0 0 0 0 0 0 0 0 0 0 0 0 0 0 0 0 0 0 0 0 0 0 0 0 0 0 0 0 0 0 0 0 0 0 0 0 0 0 0 0 0 0 0 0 0 0 0 0 0 0 0 0 0 0 0 0 0 0 0 0 0 0 0 0 0 0 0 0 0 0 0 0 0 0 0 0 0 0 0 0 0 0 0 0 0 0 0 0 0 0 0 0 0 0 0 0 0 0 0 0 0 0 0 0 0 0 0 0 0 0 0 0 0 0 0 0 0 0 0 0 0 0 0 0 0 0 0 0 0 0 0 0 0 0 0 0 0 0 0 0 0 0 0 0 0 0 0 0 0 0 0 0 0 0 0 0 0 0 0 0 0 0 0 0 0 0 0 0 0 0 0 0 0 0 0 0 0 0 0 0 0 0 0 0 0 0 0 0 0 0 0 0 0 0 0 0 0 0 0 0 0 0 0 0 0 0 0 0 0 0 0 0 0 0 0 0 0 0 0 0 0 0 0 0 0 0 0 0 0 0 0 0 0 0 0 0 0 0 0 0 0 0 0 0 0 0 0 0 0 0 0 0 0 0 0 0 0 0 0 0 0 0 0 0 0 0 0 0 0 0 0 0 0 0 0 0 0 0 0 0 0 0 0 0 0 0 0 0 0 0 0 0 0 0 0 0 0 0 0 0 0 0 0 0 0 0 0 0 0 0 0 0 0 0 0 0 0 0 0 0 0 0 0 0 0 0 0 0 0 0 0 0 0 0 0 0 0 0 0 0 0 0 0 0 0 0 0 0 0 0 0 0 0 0 0 0 0 0 0 0 0 0 0 0 0 0 0 0 0 0 0 0 0 0 0 0 0 0 0 0 0 0 0 0 0 0 0 0 0 0 0 0 0 0 0 0 0 0 0 0 0 0 0 0 0 0 0 0 0 0 0 0 0 0 0 0 0 0 0 0 0 0 0 0 0 0 0 0 0 0 0 0 0 0 0 0 0 0 0 0 0 0 0 0 0 0 0 0 0 0 0 0 0 0 0 0 0 0 0 0 0 0 0 0 0 0 0 0 0 0 0 0 0 0 0 0 0 0 0 0 0 0 0 0 0 0 0 0 0 0 0 0 0 0 0 0 0 0 0 0 0 0 0 0 0 0 0 0 0 0 0 0 0 0 0 0 0 0 0 0 0 0 0 0 0 0 0 0 0 0 0 0 0 0 0 0 0 0 0 0 0 0 0 0 0 0 0 0 0 0 0 0 0 0 0 0 0 0 0 0 0 0 0 0 0 0 0 0 0 0 0 0 0 0 0 0 0 0 0 0 0 0 0 0 0 0 0 0 0 0 0 0 0 0 0 0 0 0 0 0 0 0 0 0 0 0 0 0 0 0 0 0 0 0 0 0 0 0 0 0 0 0 0 0 0 0 0 0 0 0 0 0 0 0 0 0 0 0 0 0 0 0 0 0 0 0 0 0 0 0 0 0 0 0 0 0 0 0 0 0 0 0 0 0 0 0 0 0 0 0 0 0 0 0 0 0 0 0 0 0 0 0 0 0 0 0 0 0 0 0 0 0 0 0 0 0 0 0 0 0 0 0 0 0 0 0 0 0 0 0 0 0 0 0 0 0 0 0 0 0 0 0 0 0 0 0 0 0 0 0 0 0 0 0 0 0 0 0 0 0 0 0 0 0 0 0 0 0 0 0 0 0 0 0 0 0 0 0 0 0 0 0 0 0 0 0 0 0 0 0 0 0 0 0 0 0 0 0 0 0 0 0 0 0 0 0 0 0 0 0 0 0 0 0 0 0 0 0 0 0 0 0 0 0 0 0 0 0 0 0 0 0 0 0 0 0 0 0 0 0 0 0 0 0 0 0 0 0 0 0 0 0 0 0 0 0 0 0 0 0 0 0 0 0 0 0 0 0 0 0 0 0 0 0 0 0 0 0 0 0 0 0 0 0 0 0 0 0 0 0 0 0 0 0 0 0 0 0 0 0 0 0 0 0 0 0 0 0 0 0 0 0 0 0 0 0 0 0 0 0 0 0 0 0 0 0 0 0 0 0 0 0 0 0 0 0 0 0 0 0 0 0 0 0 0 0 0 0 0 0 0 0 0 0 0 0 0 0 0 0 0 0 0 0 0 0 0 0 0 0 0 0 0 0 0 0 0 0 0 0 0 0 0 0 0 0 0 0 0 0 0 0 0 0 0 0 0 0 0 0 0 0 0 0 0 0 0 0 0 0 0 0 0 0 0 0 0 0 0 0 0 0 0 0 0 0 0 0 0 0 0 0 0 0 0 0 0 0 0 0 0 0 0 0 0 0 0 0 0 0 0 0 0 0 0 0 0 0 0 0 0 0 0 0 0 0 0 0 0 0 0 0 0 0 0 0 0 0 0 0 0 0 0 0 0 0 0 0 0 0 0 0 0 0 0 0 0 0 0 0 0 0 0 0 0 0 0 0 0 0 0 0 0 0 0 0 0 0 0 0 0 0 0 0 0 0 0 0 0 0 0 0 0 0 0 0 0 0 0 0 0 0 0 0 0 0 0 0 0 0 0 0 0 0 0 0 0 0 0 0 0 0 0 0 0 0 0 0 0 0 0 0 0 0 0 0 0 0 0 0 0 0 0 0 0 0 0 0 0 0 0 0 0 0 0 0 0 0 0 0 0 0 0 0 0 0 0 0 0 0 0 0 0 0 0 0 0 0 0 0 0 0 0 0 0 0 0 0 0 0 0 0 0 0 0 0 0 0 0 0 0 0 0 0 0 0 0 0 0 0 0 0 0 0 0 0 0 0 0 0 0 0 0 0 0 0 0 0 0 0 0 0 0 0 0 0 0 0 0 0 0 0 0 0 0 0 0 0 0 0 0 0 0 0 0 0 0 0 0 0 0 0 0 0 0 0 0 0 0 0 0 0 0 0 0 0 0 0 0 0 0 0 0 0 0 0 0 0 0 0 0 0 0 0 0 0 0 0 0 0 0 0 0 0 0 0 0 0 0 0 0 0 0 0 0 0 0 0 0 0 0 0 0 0 0 0 0 0 0 0 0 0 0 0 0 0 0 0 0 0 0 0 0 0 0 0 0 0 0 0 0 0 0 0 0 0 0 0 0 0 0 0 0 0 0 0 0 0 0 0 0 0 0 0 0 0 0 0 0 0 0 0 0 0 0 0 0 0 0 0 0 0 0 0 0 0 0 0 0 0 0 0 0 0 0 0 0 0 0 0 0 0 0 0 0 0 0 0 0 0 0 0 0 0 0 0 0 0 0 0 0 0 0 0 0 0 0 0 0 0 0 0 0 0 0 0 0 0 0 0 0 0 0 0 0 0 0 0 0 0 0 0 0 0 0 0 0 0 0 0 0 0 0 0 0 0 0 0 0 0 0 0 0 0 0 0 0 0 0 0 0 0 0 0 0 0 0 0 0 0 0 0 0 0 0 0 0 0 0 0 0 0 0 0 0 0 0 0 0 0 0 0 0 0 0 0 0 0 0 0 0 0 0 0 0 0 0 0 0 0 0 0 0 0 0 0 0 0 0 0 0 0 0 0 0 0 0 0 0 0 0 0 0 0 0 0 0 0 0 0 0 0 0 0 0 0 0 0 0 0 0 0 0 0 0 0 0 0 0 0 0 0 0 0 0 0 0 0 0 0 0 0 0 0 0 0 0 0 0 0 0 0 0 0 0 0 0 0 0 0 0 0 0 0 0 0 0 0 0 0 0 0 0 0 0 0 0 0 0 0 0 0 0 0 0 0 0 0 0 0 0 0 0 0 0 0 0 0 0 0 0 0 0 0 0 0 0 0 0 0 0 0 0 0 0 0 0 0 0 0 0 0 0 0 0 0 0 0 0 0 0 0 0 0 0 0 0 0 0 0 0 0 0 0 0 0 0 0 0 0 0 0 0 0 0 0 0 0 0 0 0 0 0 0 0 0 0 0 0 0 0 0 0 0 0 0 0 0 0 0 0 0 0 0 0 0 0 0 0 0 0 0 0 0 0 0 0 0 0 0 0 0 0 0 0 0 0 0 0 0 0 0 0 0 0 0 0 0 0 0 0 0 0 0 0 0 0 0 0 0 0 0 0 0 0 0 0 0 0 0 0 0 0 0 0 0 0 0 0 0 0 0 0 0 0 0 0 0 0 0 0 0 0 0 0 0 0 0 0 0 0 0 0 0 0 0 0 0 0 0 0 0 0 0 0 0 0 0 0 0 0 0 0 0 0 0 0 0 0 0 0 0 0 0 0 0 0 0 0 0 0 0 0 0 0 0 0 0 0 0 0 0 0 0 0 0 0 0 0 0 0 0 0 0 0 0 0 0 0 0 0 0 0 0 0 0 0 0 0 0 0 0 0 0 0 0 0 0 0 0 0 0 0 0 0 0 0 0 0 0 0 0 0 0 0 0 0 0 0 0 0 0 0 0 0 0 0 0 0 0 0 0 0 0 0 0 0 0 0 0 0 0 0 0 0 0 0 0 0 0 0 0 0 0 0 0 0 0 0 0 0 0 0 0 0 0 0 0 0 0 0 0 0 0 0 0 0 0 0 0 0 0 0 0 0 0 0 0 0 0 0 0 0 0 0 0 0 0 0 0 0 0 0 0 0 0 0 0 0 0 0 0 0 0 0 0 0 0 0 0 0 0 0 0 0 0 0 0 0 0 0 0 0 0 0 0 0 0 0 0 0 0 0 0 0 0 0 0 0 0 0 0 0 0 0 0 0 0 0 0 0 0 0 0 0 0 0 0 0 0 0 0 0 0 0 0 0 0 0 0 0 0 0 0 0 0 0 0 0 0 0 0 0 0 0 0 0 0 0 0 0 0 0 0 0 0 0 0 0 0 0 0 0 0 0 0 0 0 0 0 0 0 0 0 0 0 0 0 0 0 0 0 0 0 0 0 0 0 0 0 0 0 0 0 0 0 0 0 0 0 0 0 0 0 0 0 0 0 0 0 0 0 0 0 0 0 0 0 0 0 0 0 0 0 0 0 0 0 0 0 0 0 0 0 0 0 0 0 0 0 0 0 0 0 0 0 0 0 0 0 0 0 0 0 0 0 0 0 0 0 0 0 0 0 0 0 0 0 0 0 0 0 0 0 0 0 0 0 0 0 0 0 0 0 0 0 0 0 0 0 0 0 0 0 0 0 0 0 0 0 0 0 0 0 0 0 0 0 0 0 0 0 0 0 0 0 0 0 0 0 0 0 0 0 0 0 0 0 0 0 0 0 0 0 0 0 0 0 0 0 0 0 0 0 0 0 0 0 0 0 0 0 0 0 0 0 0 0 0 0 0 0 0 0 0 0 0 0 0 0 0 0 0 0 0 0 0 0 0 0 0 0 0 0 0 0 0 0 0 0 0 0 0 0 0 0 0 0 0 0 0 0 0 0 0 0 0 0 0 0 0 0 0 0 0 0 0 0 0 0 0 0 0 0 0 0 0 0 0 0 0 0 0 0 0 0 0 0 0 0 0 0 0 0 0 0 0 0 0 0 0 0 0 0 0 0 0 0 0 0 0 0 0 0 0 0 0 0 0 0 0 0 0 0 0 0 0 0 0 0 0 0 0 0 0 0 0 0 0 0 0 0 0 0 0 0 0 0 0 0 0 0 0 0 0 0 0 0 0 0 0 0 0 0 0 0 0 0 0 0 0 0 0 0 0 0 0 0 0 0 0 0 0 0 0 0 0 0 0 0 0 0 0 0 0 0 0 0 0 0 0 0 0 0 0 0 0 0 0 0 0 0 0 0 0 0 0 0 0 0 0 0 0 0 0 0 0 0 0 0 0 0 0 0 0 0 0 0 0 0 0 0 0 0 0 0 0</float_array>
          <technique_common>
            <accessor source="#toro_tail-mesh-map-0-array" count="1839" stride="2">
              <param name="S" type="float"/>
              <param name="T" type="float"/>
            </accessor>
          </technique_common>
        </source>
        <source id="toro_tail-mesh-colors-Col" name="Col">
          <float_array id="toro_tail-mesh-colors-Col-array" count="7356">0 0 0 0 0 0 0 0 0 0 0 0 0 0 0 0 0 0 0 0 0 0 0 0 0 0 0 0 0 0 0 0 0 0 0 0 0 0 0 0 0 0 0 0 0 0 0 0 0 0 0 0 0 0 0 0 0 0 0 0 0 0 0 0 0 0 0 0 0 0 0 0 0 0 0 0 0 0 0 0 0 0 0 0 0 0 0 0 0 0 0 0 0 0 0 0 0 0 0 0 0 0 0 0 0 0 0 0 0 0 0 0 0 0 0 0 0 0 0 0 0 0 0 0 0 0 0 0 0 0 0 0 0 0 0 0 0 0 0 0 0 0 0 0 0 0 0 0 0 0 0 0 0 0 0 0 0 0 0 0 0 0 0 0 0 0 0 0 0 0 0 0 0 0 0 0 0 0 0 0 0 0 0 0 0 0 0 0 0 0 0 0 0 0 0 0 0 0 0 0 0 0 0 0 0 0 0 0 0 0 0 0 0 0 0 0 0 0 0 0 0 0 0 0 0 0 0 0 0 0 0 0 0 0 0 0 0 0 0 0 0 0 0 0 0 0 0 0 0 0 0 0 0 0 0 0 0 0 0 0 0 0 0 0 0 0 0 0 0 0 0 0 0 0 0 0 0 0 0 0 0 0 0 0 0 0 0 0 0 0 0 0 0 0 0 0 0 0 0 0 0 0 0 0 0 0 0 0 0 0 0 0 0 0 0 0 0 0 0 0 0 0 0 0 0 0 0 0 0 0 0 0 0 0 0 0 0 0 0 0 0 0 0 0 0 0 0 0 0 0 0 0 0 0 0 0 0 0 0 0 0 0 0 0 0 0 0 0 0 0 0 0 0 0 0 0 0 0 0 0 0 0 0 0 0 0 0 0 0 0 0 0 0 0 0 0 0 0 0 0 0 0 0 0 0 0 0 0 0 0 0 0 0 0 0 0 0 0 0 0 0 0 0 0 0 0 0 0 0 0 0 0 0 0 0 0 0 0 0 0 0 0 0 0 0 0 0 0 0 0 0 0 0 0 0 0 0 0 0 0 0 0 0 0 0 0 0 0 0 0 0 0 0 0 0 0 0 0 0 0 0 0 0 0 0 0 0 0 0 0 0 0 0 0 0 0 0 0 0 0 0 0 0 0 0 0 0 0 0 0 0 0 0 0 0 0 0 0 0 0 0 0 0 0 0 0 0 0 0 0 0 0 0 0 0 0 0 0 0 0 0 0 0 0 0 0 0 0 0 0 0 0 0 0 0 0 0 0 0 0 0 0 0 0 0 0 0 0 0 0 0 0 0 0 0 0 0 0 0 0 0 0 0 0 0 0 0 0 0 0 0 0 0 0 0 0 0 0 0 0 0 0 0 0 0 0 0 0 0 0 0 0 0 0 0 0 0 0 0 0 0 0 0 0 0 0 0 0 0 0 0 0 0 0 0 0 0 0 0 0 0 0 0 0 0 0 0 0 0 0 0 0 0 0 0 0 0 0 0 0 0 0 0 0 0 0 0 0 0 0 0 0 0 0 0 0 0 0 0 0 0 0 0 0 0 0 0 0 0 0 0 0 0 0 0 0 0 0 0 0 0 0 0 0 0 0 0 0 0 0 0 0 0 0 0 0 0 0 0 0 0 0 0 0 0 0 0 0 0 0 0 0 0 0 0 0 0 0 0 0 0 0 0 0 0 0 0 0 0 0 0 0 0 0 0 0 0 0 0 0 0 0 0 0 0 0 0 0 0 0 0 0 0 0 0 0 0 0 0 0 0 0 0 0 0 0 0 0 0 0 0 0 0 0 0 0 0 0 0 0 0 0 0 0 0 0 0 0 0 0 0 0 0 0 0 0 0 0 0 0 0 0 0 0 0 0 0 0 0 0 0 0 0 0 0 0 0 0 0 0 0 0 0 0 0 0 0 0 0 0 0 0 0 0 0 0 0 0 0 0 0 0 0 0 0 0 0 0 0 0 0 0 0 0 0 0 0 0 0 0 0 0 0 0 0 0 0 0 0 0 0 0 0 0 0 0 0 0 0 0 0 0 0 0 0 0 0 0 0 0 0 0 0 0 0 0 0 0 0 0 0 0 0 0 0 0 0 0 0 0 0 0 0 0 0 0 0 0 0 0 0 0 0 0 0 0 0 0 0 0 0 0 0 0 0 0 0 0 0 0 0 0 0 0 0 0 0 0 0 0 0 0 0 0 0 0 0 0 0 0 0 0 0 0 0 0 0 0 0 0 0 0 0 0 0 0 0 0 0 0 0 0 0 0 0 0 0 0 0 0 0 0 0 0 0 0 0 0 0 0 0 0 0 0 0 0 0 0 0 0 0 0 0 0 0 0 0 0 0 0 0 0 0 0 0 0 0 0 0 0 0 0 0 0 0 0 0 0 0 0 0 0 0 0 0 0 0 0 0 0 0 0 0 0 0 0 0 0 0 0 0 0 0 0 0 0 0 0 0 0 0 0 0 0 0 0 0 0 0 0 0 0 0 0 0 0 0 0 0 0 0 0 0 0 0 0 0 0 0 0 0 0 0 0 0 0 0 0 0 0 0 0 0 0 0 0 0 0 0 0 0 0 0 0 0 0 0 0 0 0 0 0 0 0 0 0 0 0 0 0 0 0 0 0 0 0 0 0 0 0 0 0 0 0 0 0 0 0 0 0 0 0 0 0 0 0 0 0 0 0 0 0 0 0 0 0 0 0 0 0 0 0 0 0 0 0 0 0 0 0 0 0 0 0 0 0 0 0 0 0 0 0 0 0 0 0 0 0 0 0 0 0 0 0 0 0 0 0 0 0 0 0 0 0 0 0 0 0 0 0 0 0 0 0 0 0 0 0 0 0 0 0 0 0 0 0 0 0 0 0 0 0 0 0 0 0 0 0 0 0 0 0 0 0 0 0 0 0 0 0 0 0 0 0 0 0 0 0 0 0 0 0 0 0 0 0 0 0 0 0 0 0 0 0 0 0 0 0 0 0 0 0 0 0 0 0 0 0 0 0 0 0 0 0 0 0 0 0 0 0 0 0 0 0 0 0 0 0 0 0 0 0 0 0 0 0 0 0 0 0 0 0 0 0 0 0 0 0 0 0 0 0 0 0 0 0 0 0 0 0 0 0 0 0 0 0 0 0 0 0 0 0 0 0 0 0 0 0 0 0 0 0 0 0 0 0 0 0 0 0 0 0 0 0 0 0 0 0 0 0 0 0 0 0 0 0 0 0 0 0 0 0 0 0 0 0 0 0 0 0 0 0 0 0 0 0 0 0 0 0 0 0 0 0 0 0 0 0 0 0 0 0 0 0 0 0 0 0 0 0 0 0 0 0 0 0 0 0 0 0 0 0 0 0 0 0 0 0 0 0 0 0 0 0 0 0 0 0 0 0 0 0 0 0 0 0 0 0 0 0 0 0 0 0 0 0 0 0 0 0 0 0 0 0 0 0 0 0 0 0 0 0 0 0 0 0 0 0 0 0 0 0 0 0 0 0 0 0 0 0 0 0 0 0 0 0 0 0 0 0 0 0 0 0 0 0 0 0 0 0 0 0 0 0 0 0 0 0 0 0 0 0 0 0 0 0 0 0 0 0 0 0 0 0 0 0 0 0 0 0 0 0 0 0 0 0 0 0 0 0 0 0 0 0 0 0 0 0 0 0 0 0 0 0 0 0 0 0 0 0 0 0 0 0 0 0 0 0 0 0 0 0 0 0 0 0 0 0 0 0 0 0 0 0 0 0 0 0 0 0 0 0 0 0 0 0 0 0 0 0 0 0 0 0 0 0 0 0 0 0 0 0 0 0 0 0 0 0 0 0 0 0 0 0 0 0 0 0 0 0 0 0 0 0 0 0 0 0 0 0 0 0 0 0 0 0 0 0 0 0 0 0 0 0 0 0 0 0 0 0 0 0 0 0 0 0 0 0 0 0 0 0 0 0 0 0 0 0 0 0 0 0 0 0 0 0 0 0 0 0 0 0 0 0 0 0 0 0 0 0 0 0 0 0 0 0 0 0 0 0 0 0 0 0 0 0 0 0 0 0 0 0 0 0 0 0 0 0 0 0 0 0 0 0 0 0 0 0 0 0 0 0 0 0 0 0 0 0 0 0 0 0 0 0 0 0 0 0 0 0 0 0 0 0 0 0 0 0 0 0 0 0 0 0 0 0 0 0 0 0 0 0 0 0 0 0 0 0 0 0 0 0 0 0 0 0 0 0 0 0 0 0 0 0 0 0 0 0 0 0 0 0 0 0 0 0 0 0 0 0 0 0 0 0 0 0 0 0 0 0 0 0 0 0 0 0 0 0 0 0 0 0 0 0 0 0 0 0 0 0 0 0 0 0 0 0 0 0 0 0 0 0 0 0 0 0 0 0 0 0 0 0 0 0 0 0 0 0 0 0 0 0 0 0 0 0 0 0 0 0 0 0 0 0 0 0 0 0 0 0 0 0 0 0 0 0 0 0 0 0 0 0 0 0 0 0 0 0 0 0 0 0 0 0 0 0 0 0 0 0 0 0 0 0 0 0 0 0 0 0 0 0 0 0 0 0 0 0 0 0 0 0 0 0 0 0 0 0 0 0 0 0 0 0 0 0 0 0 0 0 0 0 0 0 0 0 0 0 0 0 0 0 0 0 0 0 0 0 0 0 0 0 0 0 0 0 0 0 0 0 0 0 0 0 0 0 0 0 0 0 0 0 0 0 0 0 0 0 0 0 0 0 0 0 0 0 0 0 0 0 0 0 0 0 0 0 0 0 0 0 0 0 0 0 0 0 0 0 0 0 0 0 0 0 0 0 0 0 0 0 0 0 0 0 0 0 0 0 0 0 0 0 0 0 0 0 0 0 0 0 0 0 0 0 0 0 0 0 0 0 0 0 0 0 0 0 0 0 0 0 0 0 0 0 0 0 0 0 0 0 0 0 0 0 0 0 0 0 0 0 0 0 0 0 0 0 0 0 0 0 0 0 0 0 0 0 0 0 0 0 0 0 0 0 0 0 0 0 0 0 0 0 0 0 0 0 0 0 0 0 0 0 0 0 0 0 0 0 0 0 0 0 0 0 0 0 0 0 0 0 0 0 0 0 0 0 0 0 0 0 0 0 0 0 0 0 0 0 0 0 0 0 0 0 0 0 0 0 0 0 0 0 0 0 0 0 0 0 0 0 0 0 0 0 0 0 0 0 0 0 0 0 0 0 0 0 0 0 0 0 0 0 0 0 0 0 0 0 0 0 0 0 0 0 0 0 0 0 0 0 0 0 0 0 0 0 0 0 0 0 0 0 0 0 0 0 0 0 0 0 0 0 0 0 0 0 0 0 0 0 0 0 0 0 0 0 0 0 0 0 0 0 0 0 0 0 0 0 0 0 0 0 0 0 0 0 0 0 0 0 0 0 0 0 0 0 0 0 0 0 0 0 0 0 0 0 0 0 0 0 0 0 0 0 0 0 0 0 0 0 0 0 0 0 0 0 0 0 0 0 0 0 0 0 0 0 0 0 0 0 0 0 0 0 0 0 0 0 0 0 0 0 0 0 0 0 0 0 0 0 0 0 0 0 0 0 0 0 0 0 0 0 0 0 0 0 0 0 0 0 0 0 0 0 0 0 0 0 0 0 0 0 0 0 0 0 0 0 0 0 0 0 0 0 0 0 0 0 0 0 0 0 0 0 0 0 0 0 0 0 0 0 0 0 0 0 0 0 0 0 0 0 0 0 0 0 0 0 0 0 0 0 0 0 0 0 0 0 0 0 0 0 0 0 0 0 0 0 0 0 0 0 0 0 0 0 0 0 0 0 0 0 0 0 0 0 0 0 0 0 0 0 0 0 0 0 0 0 0 0 0 0 0 0 0 0 0 0 0 0 0 0 0 0 0 0 0 0 0 0 0 0 0 0 0 0 0 0 0 0 0 0 0 0 0 0 0 0 0 0 0 0 0 0 0 0 0 0 0 0 0 0 0 0 0 0 0 0 0 0 0 0 0 0 0 0 0 0 0 0 0 0 0 0 0 0 0 0 0 0 0 0 0 0 0 0 0 0 0 0 0 0 0 0 0 0 0 0 0 0 0 0 0 0 0 0 0 0 0 0 0 0 0 0 0 0 0 0 0 0 0 0 0 0 0 0 0 0 0 0 0 0 0 0 0 0 0 0 0 0 0 0 0 0 0 0 0 0 0 0 0 0 0 0 0 0 0 0 0 0 0 0 0 0 0 0 0 0 0 0 0 0 0 0 0 0 0 0 0 0 0 0 0 0 0 0 0 0 0 0 0 0 0 0 0 0 0 0 0 0 0 0 0 0 0 0 0 0 0 0 0 0 0 0 0 0 0 0 0 0 0 0 0 0 0 0 0 0 0 0 0 0 0 0 0 0 0 0 0 0 0 0 0 0 0 0 0 0 0 0 0 0 0 0 0 0 0 0 0 0 0 0 0 0 0 0 0 0 0 0 0 0 0 0 0 0 0 0 0 0 0 0 0 0 0 0 0 0 0 0 0 0 0 0 0 0 0 0 0 0 0 0 0 0 0 0 0 0 0 0 0 0 0 0 0 0 0 0 0 0 0 0 0 0 0 0 0 0 0 0 0 0 0 0 0 0 0 0 0 0 0 0 0 0 0 0 0 0 0 0 0 0 0 0 0 0 0 0 0 0 0 0 0 0 0 0 0 0 0 0 0 0 0 0 0 0 0 0 0 0 0 0 0 0 0 0 0 0 0 0 0 0 0 0 0 0 0 0 0 0 0 0 0 0 0 0 0 0 0 0 0 0 0 0 0 0 0 0 0 0 0 0 0 0 0 0 0 0 0 0 0 0 0 0 0 0 0 0 0 0 0 0 0 0 0 0 0 0 0 0 0 0 0 0 0 0 0 0 0 0 0 0 0 0 0 0 0 0 0 0 0 0 0 0 0 0 0 0 0 0 0 0 0 0 0 0 0 0 0 0 0 0 0 0 0 0 0 0 0 0 0 0 0 0 0 0 0 0 0 0 0 0 0 0 0 0 0 0 0 0 0 0 0 0 0 0 0 0 0 0 0 0 0 0 0 0 0 0 0 0 0 0 0 0 0 0 0 0 0 0 0 0 0 0 0 0 0 0 0 0 0 0 0 0 0 0 0 0 0 0 0 0 0 0 0 0 0 0 0 0 0 0 0 0 0 0 0 0 0 0 0 0 0 0 0 0 0 0 0 0 0 0 0 0 0 0 0 0 0 0 0 0 0 0 0 0 0 0 0 0 0 0 0 0 0 0 0 0 0 0 0 0 0 0 0 0 0 0 0 0 0 0 0 0 0 0 0 0 0 0 0 0 0 0 0 0 0 0 0 0 0 0 0 0 0 0 0 0 0 0 0 0 0 0 0 0 0 0 0 0 0 0 0 0 0 0 0 0 0 0 0 0 0 0 0 0 0 0 0 0 0 0 0 0 0 0 0 0 0 0 0 0 0 0 0 0 0 0 0 0 0 0 0 0 0 0 0 0 0 0 0 0 0 0 0 0 0 0 0 0 0 0 0 0 0 0 0 0 0 0 0 0 0 0 0 0 0 0 0 0 0 0 0 0 0 0 0 0 0 0 0 0 0 0 0 0 0 0 0 0 0 0 0 0 0 0 0 0 0 0 0 0 0 0 0 0 0 0 0 0 0 0 0 0 0 0 0 0 0 0 0 0 0 0 0 0 0 0 0 0 0 0 0 0 0 0 0 0 0 0 0 0 0 0 0 0 0 0 0 0 0 0 0 0 0 0 0 0 0 0 0 0 0 0 0 0 0 0 0 0 0 0 0 0 0 0 0 0 0 0 0 0 0 0 0 0 0 0 0 0 0 0 0 0 0 0 0 0 0 0 0 0 0 0 0 0 0 0 0 0 0 0 0 0 0 0 0 0 0 0 0 0 0 0 0 0 0 0 0 0 0 0 0 0 0 0 0 0 0 0 0 0 0 0 0 0 0 0 0 0 0 0 0 0 0 0 0 0 0 0 0 0 0 0 0 0 0 0 0 0 0 0 0 0 0 0 0 0 0 0 0 0 0 0 0 0 0 0 0 0 0 0 0 0 0 0 0 0 0 0 0 0 0 0 0 0 0 0 0 0 0 0 0 0 0 0 0 0 0 0 0 0 0 0 0 0 0 0 0 0 0 0 0 0 0 0 0 0 0 0 0 0 0 0 0 0 0 0 0 0 0 0 0 0 0 0 0 0 0 0 0 0 0 0 0 0 0 0 0 0 0 0 0 0 0 0 0 0 0 0 0 0 0 0 0 0 0 0 0 0 0 0 0 0 0 0 0 0 0 0 0 0 0 0 0 0 0 0 0 0 0 0 0 0 0 0 0 0 0 0 0 0 0 0 0 0 0 0 0 0 0 0 0 0 0 0 0 0 0 0 0 0 0 0 0 0 0 0 0 0 0 0 0 0 0 0 0 0 0 0 0 0 0 0 0 0 0 0 0 0 0 0 0 0 0 0 0 0 0 0 0 0 0 0 0 0 0 0 0 0 0 0 0 0 0 0 0 0 0 0 0 0 0 0 0 0 0 0 0 0 0 0 0 0 0 0 0 0 0 0 0 0 0 0 0 0 0 0 0 0 0 0 0 0 0 0 0 0 0 0 0 0 0 0 0 0 0 0 0 0 0 0 0 0 0 0 0 0 0 0 0 0 0 0 0 0 0 0 0 0 0 0 0 0 0 0 0 0 0 0 0 0 0 0 0 0 0 0 0 0 0 0 0 0 0 0 0 0 0 0 0 0 0 0 0 0 0 0 0 0 0 0 0 0 0 0 0 0 0 0 0 0 0 0 0 0 0 0 0 0 0 0 0 0 0 0 0 0 0 0 0 0 0 0 0 0 0 0 0 0 0 0 0 0 0 0 0 0 0 0 0 0 0 0 0 0 0 0 0 0 0 0 0 0 0 0 0 0 0 0 0 0 0 0 0 0 0 0 0 0 0 0 0 0 0 0 0 0 0 0 0 0 0 0 0 0 0 0 0 0 0 0 0 0 0 0 0 0 0 0 0 0 0 0 0 0 0 0 0 0 0 0 0 0 0 0 0 0 0 0 0 0 0 0 0 0 0 0 0 0 0 0 0 0 0 0 0 0 0 0 0 0 0 0 0 0 0 0 0 0 0 0 0 0 0 0 0 0 0 0 0 0 0 0 0 0 0 0 0 0 0 0 0 0 0 0 0 0 0 0 0 0 0 0 0 0 0 0 0 0 0 0 0 0 0 0 0 0 0 0 0 0 0 0 0 0 0 0 0 0 0 0 0 0 0 0 0 0 0 0 0 0 0 0 0 0 0 0 0 0 0 0 0 0 0 0 0 0 0 0 0 0 0 0 0 0 0 0 0 0 0 0 0 0 0 0 0 0 0 0 0 0 0 0 0 0 0 0 0 0 0 0 0 0 0 0 0 0 0 0 0 0 0 0 0 0 0 0 0 0 0 0 0 0 0 0 0 0 0 0 0 0 0 0 0 0 0 0 0 0 0 0 0 0 0 0 0 0 0 0 0 0 0 0 0 0 0 0 0 0 0 0 0 0 0 0 0 0 0 0 0 0 0 0 0 0 0 0 0 0 0 0 0 0 0 0 0 0 0 0 0 0 0 0 0 0 0 0 0 0 0 0 0 0 0 0 0 0 0 0 0 0 0 0 0 0 0 0 0 0 0 0 0 0 0 0 0 0 0 0 0 0 0 0 0 0 0 0 0 0 0 0 0 0 0 0 0 0 0 0 0 0 0 0 0 0 0 0 0 0 0 0 0 0 0 0 0 0 0 0 0 0 0 0 0 0 0 0 0 0 0 0 0 0 0 0 0 0 0 0 0 0 0 0 0 0 0 0 0 0 0 0 0 0 0 0 0 0 0 0 0 0 0 0 0 0 0 0 0 0 0 0 0 0 0 0 0 0 0 0 0 0 0 0 0 0 0 0 0 0 0 0 0 0 0 0 0 0 0 0 0 0 0 0 0 0 0 0 0 0 0 0 0 0 0 0 0 0 0 0 0 0 0 0 0 0 0 0 0 0 0 0 0 0 0 0 0 0 0 0 0 0 0 0 0 0 0 0 0 0 0 0 0 0 0 0 0 0 0 0 0 0 0 0 0 0 0 0 0 0 0 0 0 0 0 0 0 0 0 0 0 0 0 0 0 0 0 0 0 0 0 0 0 0 0 0 0 0 0 0 0 0 0 0 0 0 0 0 0 0 0 0 0 0 0 0 0 0 0 0 0 0 0 0 0 0 0 0 0 0 0 0 0 0 0 0 0 0 0 0 0 0 0 0 0 0 0 0 0 0 0 0 0 0 0 0 0 0 0 0 0 0 0 0 0 0 0 0 0 0 0 0 0 0 0 0 0 0 0 0 0 0 0 0 0 0 0 0 0 0 0 0 0 0 0 0 0 0 0 0 0 0 0 0 0 0 0 0 0 0 0 0 0 0 0 0 0 0 0 0 0 0 0 0 0 0 0 0 0 0 0 0 0 0 0 0 0 0 0 0 0 0 0 0 0 0 0 0 0 0 0 0 0 0 0 0 0 0 0 0 0 0 0 0 0 0 0 0 0 0 0 0 0 0 0 0 0 0 0 0 0 0 0 0 0 0 0 0 0 0 0 0 0 0 0 0 0 0 0 0 0 0 0 0 0 0 0 0 0 0 0 0 0 0 0 0 0 0 0 0 0 0 0 0 0 0 0 0 0 0 0 0 0 0 0 0 0 0 0 0 0 0 0 0 0 0 0 0 0 0 0 0 0 0 0 0 0 0 0 0 0 0 0 0 0 0 0 0 0 0 0 0 0 0 0 0 0 0 0 0 0 0 0 0 0 0 0 0 0 0 0 0 0 0 0 0 0 0 0 0 0 0 0 0 0 0 0 0 0 0 0 0 0 0 0 0 0 0 0 0 0 0 0 0 0 0 0 0 0 0 0 0 0 0 0 0 0 0 0 0 0 0 0 0 0 0 0 0 0 0 0 0 0 0 0 0 0 0 0 0 0 0 0 0 0 0 0 0 0 0 0 0 0 0 0 0 0 0 0 0 0 0 0 0 0 0 0 0 0 0 0 0 0 0 0 0 0 0 0 0 0 0 0 0 0 0 0 0 0 0 0 0 0 0 0 0 0 0 0 0 0 0 0 0 0 0 0 0 0 0 0 0 0 0 0 0 0 0 0 0 0 0 0 0 0 0 0 0 0 0 0 0 0 0 0 0 0 0 0 0 0 0 0 0 0 0 0 0 0 0 0 0 0 0 0 0 0 0 0 0 0 0 0 0 0 0 0 0 0 0 0 0 0 0 0 0 0 0 0 0 0 0 0 0 0 0 0 0 0 0 0 0 0 0 0 0 0 0 0 0 0 0 0 0 0 0 0 0 0 0 0 0 0 0 0 0 0 0 0 0 0 0 0 0 0 0 0 0 0 0 0 0 0 0 0 0 0 0 0 0 0 0 0 0 0 0 0 0 0 0 0 0 0 0 0 0 0 0 0 0 0 0 0 0 0 0 0 0 0 0 0 0 0 0 0 0 0 0 0 0 0 0 0 0 0 0 0 0 0 0 0 0 0 0 0 0 0 0 0 0 0 0 0 0 0 0 0 0 0 0 0 0 0 0 0 0 0 0 0 0 0 0 0 0 0 0 0 0 0 0 0 0 0 0 0 0 0 0 0 0 0 0 0 0 0 0 0 0 0 0 0 0 0 0 0 0 0 0 0 0 0 0 0 0 0 0 0 0 0 0 0 0 0 0 0 0 0 0 0 0 0 0 0 0 0 0 0 0 0 0 0 0 0 0 0 0 0 0 0 0 0 0 0 0 0 0 0 0 0 0 0 0 0 0 0 0 0 0 0 0 0 0 0 0 0 0 0 0 0 0 0 0 0 0 0 0 0 0 0 0 0 0 0 0 0 0 0 0 0 0 0 0 0 0 0 0 0 0 0 0 0 0 0 0 0 0 0 0 0 0 0 0 0 0 0 0 0 0 0 0 0 0 0 0 0 0 0 0 0 0 0 0 0 0 0 0 0 0 0 0 0 0 0 0 0 0 0 0 0 0 0 0 0 0 0 0 0 0 0 0 0 0 0 0 0 0 0 0 0 0 0 0 0 0 0 0 0 0 0 0 0 0 0 0 0 0 0 0 0 0 0 0 0 0 0 0 0 0 0 0 0 0 0 0 0 0 0 0 0 0 0 0 0 0 0 0 0 0 0 0 0 0 0 0 0 0 0 0 0 0 0 0 0 0 0 0 0 0 0 0 0 0 0 0 0 0 0 0 0 0 0 0 0 0 0 0 0 0 0 0 0 0 0 0 0 0 0 0 0 0 0 0 0 0 0 0 0 0 0 0 0 0 0 0 0 0 0 0 0 0 0 0 0 0 0 0 0 0 0 0 0 0 0 0 0 0 0 0 0 0 0 0 0 0 0 0 0 0 0 0 0 0 0 0 0 0 0 0 0 0 0 0 0 0 0 0 0 0 0 0 0 0 0 0 0 0 0 0 0 0 0 0 0 0 0 0 0 0 0 0 0 0 0 0 0 0 0 0 0 0 0 0 0 0 0 0 0 0 0 0 0 0 0 0 0 0 0 0 0 0 0 0 0 0 0 0 0 0 0 0 0 0 0 0 0 0 0 0 0 0 0 0 0 0 0 0 0 0 0 0 0 0 0 0 0 0 0 0 0 0 0 0 0 0 0 0 0 0 0 0 0 0 0 0 0 0 0 0 0 0 0 0 0 0 0 0 0 0 0 0 0 0 0 0 0 0 0 0 0 0 0 0 0 0 0 0 0 0 0 0 0 0 0 0 0 0 0 0 0 0 0 0 0 0 0 0 0 0 0 0 0 0 0 0 0 0 0 0 0 0 0 0 0 0 0 0 0 0 0 0 0 0 0 0 0 0 0 0 0 0 0 0 0 0 0 0 0 0 0 0 0 0 0 0 0 0 0 0 0 0 0 0 0 0 0 0 0 0 0 0 0 0 0 0 0 0 0 0 0 0 0 0 0 0 0 0 0 0 0 0 0 0 0 0 0 0 0 0 0 0 0 0 0 0 0 0 0 0 0 0 0 0 0 0 0 0 0 0 0 0 0 0 0 0 0 0 0 0 0 0 0 0 0 0 0 0 0 0 0 0 0 0 0 0 0 0 0 0 0 0 0 0 0 0 0 0 0 0 0 0 0 0 0 0 0 0 0 0 0 0 0 0 0 0 0 0 0 0 0 0 0 0 0 0 0 0 0 0 0 0 0 0 0 0 0 0 0 0 0 0 0 0 0 0 0 0 0 0 0 0 0 0 0 0 0 0 0 0 0 0 0 0 0 0 0 0 0 0 0 0 0 0 0 0 0 0 0 0 0 0 0 0 0 0 0 0 0 0 0 0 0 0 0 0 0 0 0 0 0 0 0 0 0 0 0 0 0 0 0 0 0 0 0 0 0 0 0 0 0 0 0 0 0 0 0 0 0 0 0 0 0 0 0 0 0 0 0 0 0 0 0 0 0 0 0 0 0 0 0 0 0 0 0 0 0 0 0 0 0 0 0 0 0 0 0 0 0 0 0 0 0 0 0 0 0 0 0 0 0 0 0 0 0 0 0 0 0 0 0 0 0 0 0 0 0 0 0 0 0 0 0 0 0 0 0 0 0 0 0 0 0 0 0 0 0 0 0 0 0 0 0 0 0 0 0 0 0 0 0 0 0 0 0 0 0 0 0 0 0 0 0 0 0 0 0 0 0 0 0 0 0 0 0 0 0 0 0 0 0 0 0 0 0 0 0 0 0 0 0 0 0 0 0 0 0 0 0 0 0 0 0 0 0 0 0 0 0 0 0 0 0 0 0 0 0 0 0 0 0 0 0 0 0 0 0 0 0 0 0 0 0 0 0 0 0 0 0 0 0 0 0 0 0 0 0 0 0 0 0 0 0 0 0 0 0 0 0 0 0 0 0 0 0 0 0 0 0 0 0 0 0 0 0 0 0 0 0 0 0 0 0 0 0 0 0 0 0 0 0 0 0 0 0 0 0 0 0 0 0 0 0 0 0 0 0 0 0 0 0 0 0 0 0 0 0 0 0 0 0 0 0 0 0 0 0 0 0 0 0 0 0 0 0 0 0 0 0 0 0 0 0 0 0 0 0 0 0 0 0 0 0 0 0 0 0 0 0 0 0 0 0 0 0 0 0 0 0 0 0 0 0 0 0 0 0 0 0 0 0 0 0 0 0 0 0 0 0 0 0 0 0 0 0 0 0 0 0 0 0 0 0 0 0 0 0 0 0 0 0 0 0 0 0 0 0 0 0 0 0 0 0 0 0 0 0 0 0 0 0 0 0 0 0 0 0 0 0 0 0 0 0 0 0 0 0 0 0 0 0 0 0 0 0 0 0 0 0 0 0 0 0 0 0 0 0 0 0 0 0 0 0 0 0 0 0 0 0 0 0 0 0 0 0 0 0 0 0 0 0 0 0 0 0 0 0 0 0 0 0 0 0 0 0 0 0 0 0 0 0 0 0 0 0 0 0 0 0 0 0 0 0 0 0 0 0 0 0 0 0 0 0 0 0 0 0 0 0 0 0 0 0 0 0 0 0 0 0 0 0 0 0 0 0 0 0 0 0 0 0 0 0 0 0 0 0 0 0 0 0 0 0 0 0 0 0 0 0 0 0 0 0 0 0 0 0 0 0 0 0 0 0 0 0 0 0 0 0 0 0 0 0 0 0 0 0 0 0 0 0 0 0 0 0 0 0 0 0 0 0 0 0 0 0 0 0 0 0 0 0 0 0 0 0 0 0 0 0 0 0 0 0 0 0 0 0 0 0 0 0 0 0 0 0 0 0 0 0 0 0 0 0 0 0 0 0 0 0 0 0 0 0 0 0 0 0 0 0 0 0 0 0 0 0 0 0 0 0 0 0 0 0 0 0 0 0 0 0 0 0 0 0 0 0 0 0 0 0 0 0 0 0 0 0 0 0 0 0 0 0 0 0 0 0 0 0 0 0 0 0 0 0 0 0 0 0 0 0 0 0 0 0 0 0 0 0 0 0 0 0 0 0 0 0 0 0 0 0 0 0 0 0 0 0 0 0 0 0 0 0 0 0 0 0 0 0 0 0 0 0 0 0 0 0 0 0 0 0 0 0 0 0 0 0 0 0 0 0 0 0 0 0 0 0 0 0 0 0 0 0 0 0 0 0 0 0 0 0 0 0 0 0 0 0 0 0 0 0 0 0 0 0 0 0 0 0 0 0 0 0 0 0 0 0 0 0 0 0 0 0 0 0 0 0 0 0 0 0 0 0 0 0 0 0 0 0 0 0 0 0 0 0 0 0 0 0 0 0 0 0 0 0 0 0 0 0 0 0 0 0 0 0 0 0 0 0 0 0 0 0 0 0 0 0 0 0 0 0 0 0 0 0 0 0 0 0 0 0 0 0 0 0 0 0 0 0 0 0 0 0 0 0 0 0 0 0 0 0 0 0 0 0 0 0 0 0 0 0 0 0 0 0 0 0 0 0 0 0 0 0 0 0 0 0 0 0 0 0 0 0 0 0 0 0 0 0 0 0 0 0 0 0 0 0 0 0 0 0 0 0 0 0 0 0 0 0 0 0 0 0 0 0 0 0 0 0 0 0 0 0 0 0 0 0 0 0 0 0 0 0 0 0 0 0 0 0 0 0 0 0 0 0 0 0 0 0 0 0 0 0 0 0 0 0 0 0 0 0 0 0 0 0 0 0 0 0 0 0 0 0 0 0 0 0 0 0 0 0 0 0 0 0 0 0 0 0 0 0 0 0 0 0 0 0 0 0 0 0 0 0 0 0 0 0 0 0 0 0 0 0 0 0 0 0 0 0 0 0 0 0 0 0 0 0 0 0 0 0 0 0 0 0 0 0 0 0 0 0 0 0 0 0 0 0 0 0 0 0 0 0 0 0 0 0 0 0 0 0 0 0 0 0 0 0 0 0 0 0 0 0 0 0 0 0 0 0 0 0 0 0 0 0 0 0 0 0 0 0 0 0 0 0 0 0 0 0 0 0 0 0 0 0 0 0 0 0 0 0 0 0 0 0 0 0 0 0 0 0 0 0 0 0 0 0 0 0 0 0 0 0 0 0 0 0 0 0 0 0 0 0 0 0 0 0 0 0 0 0 0 0 0 0 0 0 0 0 0 0 0 0 0 0 0 0 0 0 0 0 0 0 0 0 0 0 0 0 0 0 0 0 0 0 0 0 0 0 0 0 0 0 0 0 0 0 0 0 0 0 0 0 0 0 0 0 0 0 0 0 0 0 0 0 0 0 0 0 0 0 0 0 0 0 0 0 0 0 0 0 0 0 0 0 0 0 0 0 0 0 0 0 0 0 0 0 0 0 0 0 0 0 0 0 0 0 0 0 0 0 0 0 0 0 0 0 0 0 0 0 0 0 0 0 0 0 0 0 0 0 0 0 0 0 0 0 0 0 0 0 0 0 0 0 0 0 0 0 0 0 0 0 0 0 0 0 0 0 0 0 0 0 0 0 0 0 0 0 0 0 0 0 0 0 0 0 0 0 0 0 0 0 0 0 0 0 0 0 0</float_array>
          <technique_common>
            <accessor source="#toro_tail-mesh-colors-Col-array" count="1839" stride="4">
              <param name="R" type="float"/>
              <param name="G" type="float"/>
              <param name="B" type="float"/>
              <param name="A" type="float"/>
            </accessor>
          </technique_common>
        </source>
        <vertices id="toro_tail-mesh-vertices">
          <input semantic="POSITION" source="#toro_tail-mesh-positions"/>
        </vertices>
        <triangles material="CH_toro_body_high-material" count="613">
          <input semantic="VERTEX" source="#toro_tail-mesh-vertices" offset="0"/>
          <input semantic="NORMAL" source="#toro_tail-mesh-normals" offset="1"/>
          <input semantic="TEXCOORD" source="#toro_tail-mesh-map-0" offset="2" set="0"/>
          <input semantic="COLOR" source="#toro_tail-mesh-colors-Col" offset="3" set="0"/>
          <p>2 0 0 0 1 1 1 1 0 2 2 2 3 3 3 3 2 0 4 4 0 2 5 5 0 2 6 6 1 1 7 7 4 4 8 8 5 5 9 9 0 2 10 10 4 4 11 11 4 4 12 12 1 1 13 13 6 6 14 14 6 6 15 15 7 7 16 16 4 4 17 17 7 7 18 18 8 8 19 19 4 4 20 20 4 4 21 21 8 8 22 22 5 5 23 23 1 1 24 24 9 9 25 25 6 6 26 26 3 3 27 27 0 2 28 28 10 10 29 29 10 10 30 30 0 2 31 31 5 5 32 32 11 11 33 33 3 3 34 34 10 10 35 35 8 8 36 36 12 12 37 37 5 5 38 38 13 13 39 39 10 10 40 40 5 5 41 41 5 5 42 42 12 12 43 43 13 13 44 44 6 6 45 45 9 9 46 46 14 14 47 47 6 6 48 48 14 14 49 49 7 7 50 50 9 9 51 51 15 15 52 52 14 14 53 53 15 15 54 54 9 9 55 55 16 16 56 56 1 1 57 57 2 0 58 58 16 16 59 59 9 9 60 60 1 1 61 61 16 16 62 62 17 17 63 63 15 15 64 64 16 16 65 65 14 14 66 66 15 15 67 67 18 18 68 68 19 19 69 69 14 14 70 70 18 18 71 71 14 14 72 72 19 19 73 73 7 7 74 74 20 20 75 75 19 19 76 76 18 18 77 77 15 15 78 78 21 21 79 79 18 18 80 80 15 15 81 81 17 17 82 82 21 21 83 83 7 7 84 84 19 19 85 85 22 22 86 86 8 8 87 87 7 7 88 88 22 22 89 89 19 19 90 90 23 23 91 91 22 22 92 92 23 23 93 93 19 19 94 94 20 20 95 95 21 21 96 96 24 24 97 97 18 18 98 98 25 25 99 99 24 24 100 100 21 21 101 101 26 26 102 102 25 25 103 103 21 21 104 104 17 17 105 105 26 26 106 106 21 21 107 107 26 26 108 108 17 17 109 109 27 27 110 110 28 28 111 111 26 26 112 112 27 27 113 113 24 24 114 114 29 29 115 115 18 18 116 116 18 18 117 117 29 29 118 118 20 20 119 119 29 29 120 120 24 24 121 121 30 30 122 122 31 31 123 123 29 29 124 124 30 30 125 125 32 32 126 126 29 29 127 127 31 31 128 128 29 29 129 129 32 32 130 130 20 20 131 131 33 33 132 132 32 32 133 133 31 31 134 134 33 33 135 135 31 31 136 136 34 34 137 137 31 31 138 138 30 30 139 139 34 34 140 140 35 35 141 141 33 33 142 142 34 34 143 143 30 30 144 144 36 36 145 145 34 34 146 146 37 37 147 147 25 25 148 148 26 26 149 149 28 28 150 150 37 37 151 151 26 26 152 152 38 38 153 153 37 37 154 154 28 28 155 155 39 39 156 156 38 38 157 157 28 28 158 158 25 25 159 159 37 37 160 160 40 40 161 161 41 41 162 162 25 25 163 163 40 40 164 164 30 30 165 165 41 41 166 166 36 36 167 167 41 41 168 168 40 40 169 169 42 42 170 170 43 43 171 171 42 42 172 172 40 40 173 173 44 44 174 174 42 42 175 175 43 43 176 176 45 45 177 177 44 44 178 178 43 43 179 179 46 46 180 180 43 43 181 181 40 40 182 182 37 37 183 183 38 38 184 184 46 46 185 185 40 40 186 186 37 37 187 187 46 46 188 188 47 47 189 189 41 41 190 190 42 42 191 191 41 41 192 192 47 47 193 193 36 36 194 194 48 48 195 195 36 36 196 196 47 47 197 197 49 49 198 198 48 48 199 199 47 47 200 200 49 49 201 201 47 47 202 202 42 42 203 203 44 44 204 204 49 49 205 205 42 42 206 206 46 46 207 207 38 38 208 208 50 50 209 209 38 38 210 210 51 51 211 211 50 50 212 212 51 51 213 213 38 38 214 214 39 39 215 215 52 52 216 216 45 45 217 217 43 43 218 218 53 53 219 219 52 52 220 220 43 43 221 221 53 53 222 222 43 43 223 223 46 46 224 224 50 50 225 225 53 53 226 226 46 46 227 227 52 52 228 228 53 53 229 229 54 54 230 230 55 55 231 231 52 52 232 232 54 54 233 233 56 56 234 234 54 54 235 235 53 53 236 236 50 50 237 237 56 56 238 238 53 53 239 239 57 57 240 240 44 44 241 241 45 45 242 242 58 58 243 243 57 57 244 244 45 45 245 245 58 58 246 246 45 45 247 247 52 52 248 248 57 57 249 249 58 58 250 250 59 59 251 251 59 59 252 252 60 60 253 253 57 57 254 254 60 60 255 255 61 61 256 256 57 57 257 257 58 58 258 258 62 62 259 259 59 59 260 260 63 63 261 261 59 59 262 262 62 62 263 263 59 59 264 264 63 63 265 265 60 60 266 266 64 64 267 267 63 63 268 268 62 62 269 269 63 63 270 270 65 65 271 271 60 60 272 272 65 65 273 273 63 63 274 274 66 66 275 275 63 63 276 276 67 67 277 277 66 66 278 278 67 67 279 279 63 63 280 280 64 64 281 281 65 65 282 282 68 68 283 283 60 60 284 284 61 61 285 285 60 60 286 286 68 68 287 287 62 62 288 288 58 58 289 289 69 69 290 290 69 69 291 291 64 64 292 292 62 62 293 293 58 58 294 294 70 70 295 295 69 69 296 296 71 71 297 297 61 61 298 298 68 68 299 299 72 72 300 300 71 71 301 301 68 68 302 302 48 48 303 303 71 71 304 304 72 72 305 305 73 73 306 306 48 48 307 307 72 72 308 308 71 71 309 309 48 48 310 310 49 49 311 311 61 61 312 312 71 71 313 313 49 49 314 314 74 74 315 315 73 73 316 316 72 72 317 317 75 75 318 318 74 74 319 319 72 72 320 320 36 36 321 321 48 48 322 322 73 73 323 323 34 34 324 324 36 36 325 325 73 73 326 326 76 76 327 327 67 67 328 328 64 64 329 329 69 69 330 330 70 70 331 331 77 77 332 332 70 70 333 333 78 78 334 334 77 77 335 335 77 77 336 336 78 78 337 337 79 79 338 338 79 79 339 339 80 80 340 340 77 77 341 341 78 78 342 342 81 81 343 343 79 79 344 344 78 78 345 345 55 55 346 346 81 81 347 347 55 55 348 348 82 82 349 349 81 81 350 350 82 82 351 351 55 55 352 352 83 83 353 353 55 55 354 354 54 54 355 355 83 83 356 356 83 83 357 357 84 84 358 358 82 82 359 359 84 84 360 360 85 85 361 361 82 82 362 362 82 82 363 363 85 85 364 364 81 81 365 365 85 85 366 366 84 84 367 367 86 86 368 368 87 87 369 369 85 85 370 370 86 86 371 371 87 87 372 372 86 86 373 373 88 88 374 374 89 89 375 375 87 87 376 376 88 88 377 377 89 89 378 378 88 88 379 379 90 90 380 380 91 91 381 381 89 89 382 382 90 90 383 383 86 86 384 384 84 84 385 385 92 92 386 386 84 84 387 387 93 93 388 388 92 92 389 389 93 93 390 390 84 84 391 391 83 83 392 392 94 94 393 393 88 88 394 394 86 86 395 395 92 92 396 396 94 94 397 397 86 86 398 398 88 88 399 399 94 94 400 400 90 90 401 401 92 92 402 402 93 93 403 403 95 95 404 404 92 92 405 405 95 95 406 406 94 94 407 407 93 93 408 408 96 96 409 409 95 95 410 410 95 95 411 411 97 97 412 412 94 94 413 413 97 97 414 414 95 95 415 415 98 98 416 416 99 99 417 417 97 97 418 418 98 98 419 419 100 100 420 420 99 99 421 421 98 98 422 422 95 95 423 423 101 101 424 424 98 98 425 425 95 95 426 426 96 96 427 427 101 101 428 428 101 101 429 429 102 102 430 430 98 98 431 431 101 101 432 432 103 103 433 433 102 102 434 434 96 96 435 435 103 103 436 436 101 101 437 437 96 96 438 438 104 104 439 439 103 103 440 440 104 104 441 441 105 105 442 442 103 103 443 443 103 103 444 444 106 106 445 445 102 102 446 446 106 106 447 447 103 103 448 448 105 105 449 449 102 102 450 450 107 107 451 451 98 98 452 452 98 98 453 453 107 107 454 454 100 100 455 455 107 107 456 456 102 102 457 457 108 108 458 458 102 102 459 459 106 106 460 460 108 108 461 461 109 109 462 462 107 107 463 463 108 108 464 464 110 110 465 465 107 107 466 466 109 109 467 467 107 107 468 468 110 110 469 469 100 100 470 470 111 111 471 471 110 110 472 472 109 109 473 473 112 112 474 474 109 109 475 475 108 108 476 476 109 109 477 477 112 112 478 478 111 111 479 479 113 113 480 480 112 112 481 481 108 108 482 482 113 113 483 483 114 114 484 484 112 112 485 485 114 114 486 486 115 115 487 487 112 112 488 488 116 116 489 489 113 113 490 490 108 108 491 491 113 113 492 492 116 116 493 493 114 114 494 494 117 117 495 495 116 116 496 496 108 108 497 497 106 106 498 498 117 117 499 499 108 108 500 500 106 106 501 501 118 118 502 502 117 117 503 503 118 118 504 504 106 106 505 505 105 105 506 506 118 118 507 507 119 119 508 508 117 117 509 509 116 116 510 510 120 120 511 511 114 114 512 512 121 121 513 513 115 115 514 514 114 114 515 515 122 122 516 516 115 115 517 517 121 121 518 518 123 123 519 519 121 121 520 520 114 114 521 521 114 114 522 522 120 120 523 523 123 123 524 524 118 118 525 525 124 124 526 526 119 119 527 527 125 125 528 528 124 124 529 529 118 118 530 530 105 105 531 531 125 125 532 532 118 118 533 533 124 124 534 534 126 126 535 535 119 119 536 536 124 124 537 537 127 127 538 538 126 126 539 539 127 127 540 540 128 128 541 541 126 126 542 542 119 119 543 543 126 126 544 544 129 129 545 545 129 129 546 546 116 116 547 547 117 117 548 548 119 119 549 549 129 129 550 550 117 117 551 551 126 126 552 552 130 130 553 553 129 129 554 554 130 130 555 555 126 126 556 556 128 128 557 557 130 130 558 558 131 131 559 559 129 129 560 560 131 131 561 561 132 132 562 562 129 129 563 563 120 120 564 564 132 132 565 565 133 133 566 566 123 123 567 567 120 120 568 568 133 133 569 569 132 132 570 570 131 131 571 571 133 133 572 572 127 127 573 573 134 134 574 574 128 128 575 575 39 39 576 576 134 134 577 577 127 127 578 578 135 135 579 579 39 39 580 580 127 127 581 581 124 124 582 582 125 125 583 583 135 135 584 584 127 127 585 585 124 124 586 586 135 135 587 587 51 51 588 588 135 135 589 589 125 125 590 590 135 135 591 591 51 51 592 592 39 39 593 593 136 136 594 594 51 51 595 595 125 125 596 596 134 134 597 597 137 137 598 598 128 128 599 599 137 137 600 600 134 134 601 601 138 138 602 602 134 134 603 603 27 27 604 604 138 138 605 605 128 128 606 606 137 137 607 607 139 139 608 608 139 139 609 609 130 130 610 610 128 128 611 611 137 137 612 612 140 140 613 613 139 139 614 614 139 139 615 615 140 140 616 616 141 141 617 617 141 141 618 618 131 131 619 619 130 130 620 620 139 139 621 621 141 141 622 622 130 130 623 623 131 131 624 624 141 141 625 625 142 142 626 626 133 133 627 627 131 131 628 628 142 142 629 629 140 140 630 630 143 143 631 631 141 141 632 632 141 141 633 633 143 143 634 634 142 142 635 635 143 143 636 636 140 140 637 637 144 144 638 638 140 140 639 639 145 145 640 640 144 144 641 641 145 145 642 642 140 140 643 643 137 137 644 644 138 138 645 645 145 145 646 646 137 137 647 647 2 0 648 648 145 145 649 649 138 138 650 650 16 16 651 651 2 0 652 652 138 138 653 653 143 143 654 654 144 144 655 655 11 11 656 656 146 146 657 657 143 143 658 658 11 11 659 659 143 143 660 660 146 146 661 661 142 142 662 662 145 145 663 663 2 0 664 664 3 3 665 665 144 144 666 666 145 145 667 667 3 3 668 668 144 144 669 669 3 3 670 670 11 11 671 671 17 17 672 672 16 16 673 673 138 138 674 674 27 27 675 675 17 17 676 676 138 138 677 677 27 27 678 678 134 134 679 679 28 28 680 680 134 134 681 681 39 39 682 682 28 28 683 683 12 12 684 684 148 147 685 685 147 148 686 686 148 147 687 687 12 12 688 688 149 149 689 689 149 149 690 690 150 150 691 691 148 147 692 692 150 150 693 693 151 151 694 694 148 147 695 695 148 147 696 696 151 151 697 697 147 148 698 698 12 12 699 699 8 8 700 700 149 149 701 701 149 149 702 702 8 8 703 703 22 22 704 704 152 152 705 705 150 150 706 706 149 149 707 707 22 22 708 708 152 152 709 709 149 149 710 710 150 150 711 711 152 152 712 712 153 153 713 713 154 154 714 714 150 150 715 715 153 153 716 716 151 151 717 717 150 150 718 718 154 154 719 719 153 153 720 720 152 152 721 721 155 155 722 722 152 152 723 723 156 156 724 724 155 155 725 725 155 155 726 726 157 157 727 727 153 153 728 728 158 158 729 729 157 157 730 730 155 155 731 731 159 159 732 732 158 158 733 733 155 155 734 734 157 157 735 735 160 160 736 736 153 153 737 737 153 153 738 738 160 160 739 739 154 154 740 740 157 157 741 741 161 161 742 742 160 160 743 743 161 161 744 744 162 162 745 745 160 160 746 746 161 161 747 747 163 163 748 748 162 162 749 749 163 163 750 750 164 164 751 751 162 162 752 752 163 163 753 753 165 165 754 754 164 164 755 755 165 165 756 756 166 166 757 757 164 164 758 758 164 164 759 759 166 166 760 760 167 167 761 761 166 166 762 762 168 168 763 763 167 167 764 764 164 164 765 765 167 167 766 766 169 169 767 767 162 162 768 768 164 164 769 769 169 169 770 770 160 160 771 771 162 162 772 772 169 169 773 773 170 170 774 774 160 160 775 775 169 169 776 776 167 167 777 777 168 168 778 778 171 171 779 779 167 167 780 780 171 171 781 781 169 169 782 782 168 168 783 783 172 172 784 784 171 171 785 785 171 171 786 786 172 172 787 787 173 173 788 788 172 172 789 789 174 174 790 790 173 173 791 791 175 175 792 792 171 171 793 793 173 173 794 794 171 171 795 795 175 175 796 796 169 169 797 797 169 169 798 798 175 175 799 799 170 170 800 800 176 176 801 801 175 175 802 802 173 173 803 803 176 176 804 804 177 177 805 805 175 175 806 806 175 175 807 807 177 177 808 808 170 170 809 809 177 177 810 810 178 178 811 811 170 170 812 812 178 178 813 813 154 154 814 814 170 170 815 815 168 168 816 816 179 179 817 817 172 172 818 818 179 179 819 819 180 180 820 820 172 172 821 821 172 172 822 822 180 180 823 823 174 174 824 824 160 160 825 825 170 170 826 826 154 154 827 827 178 178 828 828 151 151 829 829 154 154 830 830 151 151 831 831 178 178 832 832 181 181 833 833 181 181 834 834 177 177 835 835 176 176 836 836 178 178 837 837 177 177 838 838 181 181 839 839 180 180 840 840 179 179 841 841 182 182 842 842 183 183 843 843 182 182 844 844 179 179 845 845 184 184 846 846 183 183 847 847 179 179 848 848 185 185 849 849 183 183 850 850 184 184 851 851 186 186 852 852 185 185 853 853 184 184 854 854 183 183 855 855 185 185 856 856 187 187 857 857 183 183 858 858 187 187 859 859 182 182 860 860 185 185 861 861 188 188 862 862 187 187 863 863 187 187 864 864 189 189 865 865 182 182 866 866 182 182 867 867 189 189 868 868 190 190 869 869 190 190 870 870 180 180 871 871 182 182 872 872 180 180 873 873 190 190 874 874 191 191 875 875 192 192 876 876 190 190 877 877 189 189 878 878 190 190 879 879 192 192 880 880 191 191 881 881 193 193 882 882 192 192 883 883 189 189 884 884 189 189 885 885 187 187 886 886 193 193 887 887 188 188 888 888 185 185 889 889 194 194 890 890 195 195 891 891 188 188 892 892 194 194 893 893 196 196 894 894 195 195 895 895 194 194 896 896 197 197 897 897 196 196 898 898 194 194 899 899 197 197 900 900 194 194 901 901 198 198 902 902 185 185 903 903 186 186 904 904 198 198 905 905 194 194 906 906 185 185 907 907 198 198 908 908 199 199 909 909 197 197 910 910 198 198 911 911 200 200 912 912 188 188 913 913 195 195 914 914 201 201 915 915 200 200 916 916 195 195 917 917 198 198 918 918 186 186 919 919 165 165 920 920 202 202 921 921 198 198 922 922 165 165 923 923 199 199 924 924 198 198 925 925 202 202 926 926 202 202 927 927 165 165 928 928 163 163 929 929 203 203 930 930 202 202 931 931 163 163 932 932 204 204 933 933 202 202 934 934 203 203 935 935 204 204 936 936 199 199 937 937 202 202 938 938 205 205 939 939 204 204 940 940 203 203 941 941 205 205 942 942 203 203 943 943 206 206 944 944 207 207 945 945 205 205 946 946 206 206 947 947 207 207 948 948 206 206 949 949 158 158 950 950 208 208 951 951 207 207 952 952 158 158 953 953 209 209 954 954 199 199 955 955 204 204 956 956 210 210 957 957 209 209 958 958 204 204 959 959 210 210 960 960 204 204 961 961 205 205 962 962 211 211 963 963 210 210 964 964 205 205 965 965 211 211 966 966 205 205 967 967 207 207 968 968 210 210 969 969 211 211 970 970 212 212 971 971 210 210 972 972 212 212 973 973 209 209 974 974 211 211 975 975 213 213 976 976 212 212 977 977 211 211 978 978 214 214 979 979 213 213 980 980 214 214 981 981 211 211 982 982 207 207 983 983 207 207 984 984 208 208 985 985 214 214 986 986 214 214 987 987 215 215 988 988 213 213 989 989 215 215 990 990 216 216 991 991 213 213 992 992 216 216 993 993 215 215 994 994 217 217 995 995 218 218 996 996 216 216 997 997 217 217 998 998 216 216 999 999 219 219 1000 1000 213 213 1001 1001 213 213 1002 1002 219 219 1003 1003 220 220 1004 1004 212 212 1005 1005 213 213 1006 1006 220 220 1007 1007 220 220 1008 1008 219 219 1009 1009 221 221 1010 1010 222 222 1011 1011 221 221 1012 1012 219 219 1013 1013 222 222 1014 1014 219 219 1015 1015 216 216 1016 1016 216 216 1017 1017 218 218 1018 1018 222 222 1019 1019 223 223 1020 1020 221 221 1021 1021 222 222 1022 1022 223 223 1023 1023 224 224 1024 1024 221 221 1025 1025 225 225 1026 1026 223 223 1027 1027 222 222 1028 1028 226 226 1029 1029 220 220 1030 1030 221 221 1031 1031 224 224 1032 1032 226 226 1033 1033 221 221 1034 1034 223 223 1035 1035 225 225 1036 1036 227 227 1037 1037 225 225 1038 1038 228 228 1039 1039 227 227 1040 1040 218 218 1041 1041 217 217 1042 1042 229 229 1043 1043 229 229 1044 1044 217 217 1045 1045 230 230 1046 1046 217 217 1047 1047 231 231 1048 1048 230 230 1049 1049 230 230 1050 1050 231 231 1051 1051 232 232 1052 1052 231 231 1053 1053 208 208 1054 1054 232 232 1055 1055 232 232 1056 1056 208 208 1057 1057 159 159 1058 1058 233 233 1059 1059 232 232 1060 1060 159 159 1061 1061 234 234 1062 1062 233 233 1063 1063 159 159 1064 1064 208 208 1065 1065 158 158 1066 1066 159 159 1067 1067 235 235 1068 1068 233 233 1069 1069 234 234 1070 1070 233 233 1071 1071 235 235 1072 1072 236 236 1073 1073 237 237 1074 1074 233 233 1075 1075 236 236 1076 1076 230 230 1077 1077 237 237 1078 1078 229 229 1079 1079 232 232 1080 1080 233 233 1081 1081 237 237 1082 1082 230 230 1083 1083 232 232 1084 1084 237 237 1085 1085 237 237 1086 1086 236 236 1087 1087 238 238 1088 1088 239 239 1089 1089 237 237 1090 1090 238 238 1091 1091 237 237 1092 1092 239 239 1093 1093 229 229 1094 1094 240 240 1095 1095 229 229 1096 1096 239 239 1097 1097 241 241 1098 1098 240 240 1099 1099 239 239 1100 1100 235 235 1101 1101 32 32 1102 1102 236 236 1103 1103 32 32 1104 1104 235 235 1105 1105 242 242 1106 1106 242 242 1107 1107 235 235 1108 1108 234 234 1109 1109 234 234 1110 1110 156 156 1111 1111 242 242 1112 1112 156 156 1113 1113 23 23 1114 1114 242 242 1115 1115 20 20 1116 1116 32 32 1117 1117 242 242 1118 1118 242 242 1119 1119 23 23 1120 1120 20 20 1121 1121 32 32 1122 1122 33 33 1123 1123 236 236 1124 1124 236 236 1125 1125 33 33 1126 1126 35 35 1127 1127 238 238 1128 1128 236 236 1129 1129 35 35 1130 1130 35 35 1131 1131 74 74 1132 1132 238 238 1133 1133 74 74 1134 1134 243 243 1135 1135 238 238 1136 1136 243 243 1137 1137 241 241 1138 1138 239 239 1139 1139 238 238 1140 1140 243 243 1141 1141 239 239 1142 1142 241 241 1143 1143 243 243 1144 1144 244 244 1145 1145 245 245 1146 1146 241 241 1147 1147 244 244 1148 1148 240 240 1149 1149 241 241 1150 1150 245 245 1151 1151 73 73 1152 1152 74 74 1153 1153 35 35 1154 1154 34 34 1155 1155 73 73 1156 1156 35 35 1157 1157 243 243 1158 1158 74 74 1159 1159 75 75 1160 1160 244 244 1161 1161 243 243 1162 1162 75 75 1163 1163 244 244 1164 1164 75 75 1165 1165 246 246 1166 1166 244 244 1167 1167 246 246 1168 1168 245 245 1169 1169 75 75 1170 1170 247 247 1171 1171 246 246 1172 1172 247 247 1173 1173 75 75 1174 1174 72 72 1175 1175 68 68 1176 1176 247 247 1177 1177 72 72 1178 1178 246 246 1179 1179 248 248 1180 1180 245 245 1181 1181 245 245 1182 1182 248 248 1183 1183 249 249 1184 1184 250 250 1185 1185 245 245 1186 1186 249 249 1187 1187 251 251 1188 1188 250 250 1189 1189 249 249 1190 1190 252 252 1191 1191 251 251 1192 1192 249 249 1193 1193 249 249 1194 1194 253 253 1195 1195 252 252 1196 1196 249 249 1197 1197 248 248 1198 1198 253 253 1199 1199 251 251 1200 1200 218 218 1201 1201 250 250 1202 1202 218 218 1203 1203 240 240 1204 1204 250 250 1205 1205 250 250 1206 1206 240 240 1207 1207 245 245 1208 1208 246 246 1209 1209 254 254 1210 1210 248 248 1211 1211 253 253 1212 1212 248 248 1213 1213 254 254 1214 1214 246 246 1215 1215 247 247 1216 1216 254 254 1217 1217 247 247 1218 1218 65 65 1219 1219 254 254 1220 1220 68 68 1221 1221 65 65 1222 1222 247 247 1223 1223 240 240 1224 1224 218 218 1225 1225 229 229 1226 1226 251 251 1227 1227 252 252 1228 1228 225 225 1229 1229 222 222 1230 1230 251 251 1231 1231 225 225 1232 1232 218 218 1233 1233 251 251 1234 1234 222 222 1235 1235 228 228 1236 1236 252 252 1237 1237 253 253 1238 1238 225 225 1239 1239 252 252 1240 1240 228 228 1241 1241 253 253 1242 1242 66 66 1243 1243 228 228 1244 1244 254 254 1245 1245 66 66 1246 1246 253 253 1247 1247 65 65 1248 1248 66 66 1249 1249 254 254 1250 1250 227 227 1251 1251 228 228 1252 1252 66 66 1253 1253 227 227 1254 1254 66 66 1255 1255 67 67 1256 1256 255 255 1257 1257 227 227 1258 1258 67 67 1259 1259 255 255 1260 1260 256 256 1261 1261 227 227 1262 1262 256 256 1263 1263 255 255 1264 1264 257 257 1265 1265 255 255 1266 1266 258 258 1267 1267 257 257 1268 1268 255 255 1269 1269 67 67 1270 1270 258 258 1271 1271 256 256 1272 1272 257 257 1273 1273 259 259 1274 1274 257 257 1275 1275 260 260 1276 1276 259 259 1277 1277 260 260 1278 1278 257 257 1279 1279 261 261 1280 1280 261 261 1281 1281 257 257 1282 1282 258 258 1283 1283 262 262 1284 1284 260 260 1285 1285 261 261 1286 1286 261 261 1287 1287 263 263 1288 1288 262 262 1289 1289 261 261 1290 1290 264 264 1291 1291 263 263 1292 1292 258 258 1293 1293 264 264 1294 1294 261 261 1295 1295 263 263 1296 1296 265 265 1297 1297 262 262 1298 1298 260 260 1299 1299 262 262 1300 1300 266 266 1301 1301 262 262 1302 1302 267 267 1303 1303 266 266 1304 1304 262 262 1305 1305 265 265 1306 1306 267 267 1307 1307 266 266 1308 1308 267 267 1309 1309 268 268 1310 1310 267 267 1311 1311 269 269 1312 1312 268 268 1313 1313 265 265 1314 1314 269 269 1315 1315 267 267 1316 1316 269 269 1317 1317 270 270 1318 1318 268 268 1319 1319 269 269 1320 1320 271 271 1321 1321 270 270 1322 1322 272 272 1323 1323 268 268 1324 1324 270 270 1325 1325 273 273 1326 1326 272 272 1327 1327 270 270 1328 1328 273 273 1329 1329 270 270 1330 1330 271 271 1331 1331 274 274 1332 1332 273 273 1333 1333 271 271 1334 1334 275 275 1335 1335 274 274 1336 1336 271 271 1337 1337 90 90 1338 1338 275 275 1339 1339 271 271 1340 1340 266 266 1341 1341 268 268 1342 1342 276 276 1343 1343 277 277 1344 1344 266 266 1345 1345 276 276 1346 1346 277 277 1347 1347 276 276 1348 1348 278 278 1349 1349 276 276 1350 1350 279 279 1351 1351 278 278 1352 1352 279 279 1353 1353 276 276 1354 1354 268 268 1355 1355 272 272 1356 1356 279 279 1357 1357 268 268 1358 1358 278 278 1359 1359 280 280 1360 1360 277 277 1361 1361 280 280 1362 1362 281 281 1363 1363 277 277 1364 1364 282 282 1365 1365 277 277 1366 1366 281 281 1367 1367 226 226 1368 1368 282 282 1369 1369 281 281 1370 1370 283 283 1371 1371 226 226 1372 1372 281 281 1373 1373 283 283 1374 1374 281 281 1375 1375 280 280 1376 1376 209 209 1377 1377 283 283 1378 1378 280 280 1379 1379 282 282 1380 1380 266 266 1381 1381 277 277 1382 1382 275 275 1383 1383 99 99 1384 1384 274 274 1385 1385 99 99 1386 1386 284 284 1387 1387 274 274 1388 1388 278 278 1389 1389 279 279 1390 1390 196 196 1391 1391 279 279 1392 1392 285 285 1393 1393 196 196 1394 1394 278 278 1395 1395 196 196 1396 1396 197 197 1397 1397 280 280 1398 1398 278 278 1399 1399 197 197 1400 1400 260 260 1401 1401 266 266 1402 1402 282 282 1403 1403 259 259 1404 1404 260 260 1405 1405 282 282 1406 1406 282 282 1407 1407 226 226 1408 1408 259 259 1409 1409 284 284 1410 1410 99 99 1411 1411 100 100 1412 1412 286 286 1413 1413 284 284 1414 1414 100 100 1415 1415 287 287 1416 1416 284 284 1417 1417 286 286 1418 1418 288 288 1419 1419 287 287 1420 1420 286 286 1421 1421 287 287 1422 1422 288 288 1423 1423 289 289 1424 1424 290 290 1425 1425 287 287 1426 1426 289 289 1427 1427 290 290 1428 1428 289 289 1429 1429 201 201 1430 1430 285 285 1431 1431 290 290 1432 1432 201 201 1433 1433 100 100 1434 1434 110 110 1435 1435 286 286 1436 1436 110 110 1437 1437 291 291 1438 1438 286 286 1439 1439 286 286 1440 1440 291 291 1441 1441 288 288 1442 1442 288 288 1443 1443 292 292 1444 1444 289 289 1445 1445 291 291 1446 1446 292 292 1447 1447 288 288 1448 1448 292 292 1449 1449 291 291 1450 1450 293 293 1451 1451 294 294 1452 1452 292 292 1453 1453 293 293 1454 1454 295 295 1455 1455 292 292 1456 1456 294 294 1457 1457 292 292 1458 1458 295 295 1459 1459 289 289 1460 1460 289 289 1461 1461 295 295 1462 1462 201 201 1463 1463 296 296 1464 1464 295 295 1465 1465 294 294 1466 1466 200 200 1467 1467 295 295 1468 1468 296 296 1469 1469 295 295 1470 1470 200 200 1471 1471 201 201 1472 1472 297 297 1473 1473 200 200 1474 1474 296 296 1475 1475 296 296 1476 1476 294 294 1477 1477 298 298 1478 1478 297 297 1479 1479 296 296 1480 1480 298 298 1481 1481 294 294 1482 1482 299 299 1483 1483 298 298 1484 1484 294 294 1485 1485 293 293 1486 1486 299 299 1487 1487 193 193 1488 1488 297 297 1489 1489 298 298 1490 1490 293 293 1491 1491 300 300 1492 1492 299 299 1493 1493 293 293 1494 1494 111 111 1495 1495 300 300 1496 1496 291 291 1497 1497 110 110 1498 1498 111 111 1499 1499 293 293 1500 1500 291 291 1501 1501 111 111 1502 1502 111 111 1503 1503 301 301 1504 1504 300 300 1505 1505 301 301 1506 1506 122 122 1507 1507 300 300 1508 1508 122 122 1509 1509 302 302 1510 1510 300 300 1511 1511 299 299 1512 1512 300 300 1513 1513 302 302 1514 1514 299 299 1515 1515 302 302 1516 1516 303 303 1517 1517 298 298 1518 1518 299 299 1519 1519 303 303 1520 1520 298 298 1521 1521 303 303 1522 1522 193 193 1523 1523 303 303 1524 1524 302 302 1525 1525 304 304 1526 1526 302 302 1527 1527 305 305 1528 1528 304 304 1529 1529 302 302 1530 1530 122 122 1531 1531 305 305 1532 1532 192 192 1533 1533 303 303 1534 1534 304 304 1535 1535 303 303 1536 1536 192 192 1537 1537 193 193 1538 1538 306 306 1539 1539 192 192 1540 1540 304 304 1541 1541 112 112 1542 1542 301 301 1543 1543 111 111 1544 1544 115 115 1545 1545 122 122 1546 1546 301 301 1547 1547 112 112 1548 1548 115 115 1549 1549 301 301 1550 1550 187 187 1551 1551 297 297 1552 1552 193 193 1553 1553 192 192 1554 1554 306 306 1555 1555 191 191 1556 1556 305 305 1557 1557 122 122 1558 1558 121 121 1559 1559 187 187 1560 1560 188 188 1561 1561 297 297 1562 1562 188 188 1563 1563 200 200 1564 1564 297 297 1565 1565 174 174 1566 1566 180 180 1567 1567 191 191 1568 1568 309 307 1569 1569 308 308 1570 1570 307 309 1571 1571 310 310 1572 1572 309 307 1573 1573 307 309 1574 1574 307 309 1575 1575 308 308 1576 1576 311 311 1577 1577 312 312 1578 1578 307 309 1579 1579 311 311 1580 1580 311 311 1581 1581 313 313 1582 1582 312 312 1583 1583 313 313 1584 1584 85 85 1585 1585 312 312 1586 1586 85 85 1587 1587 87 87 1588 1588 312 312 1589 1589 312 312 1590 1590 87 87 1591 1591 307 309 1592 1592 87 87 1593 1593 89 89 1594 1594 307 309 1595 1595 311 311 1596 1596 308 308 1597 1597 314 314 1598 1598 308 308 1599 1599 309 307 1600 1600 314 314 1601 1601 85 85 1602 1602 313 313 1603 1603 81 81 1604 1604 79 79 1605 1605 313 313 1606 1606 311 311 1607 1607 311 311 1608 1608 314 314 1609 1609 79 79 1610 1610 81 81 1611 1611 313 313 1612 1612 79 79 1613 1613 314 314 1614 1614 80 80 1615 1615 79 79 1616 1616 263 263 1617 1617 309 307 1618 1618 310 310 1619 1619 263 263 1620 1620 264 264 1621 1621 309 307 1622 1622 314 314 1623 1623 309 307 1624 1624 264 264 1625 1625 265 265 1626 1626 263 263 1627 1627 310 310 1628 1628 310 310 1629 1629 91 91 1630 1630 265 265 1631 1631 91 91 1632 1632 269 269 1633 1633 265 265 1634 1634 269 269 1635 1635 91 91 1636 1636 271 271 1637 1637 91 91 1638 1638 90 90 1639 1639 271 271 1640 1640 89 89 1641 1641 91 91 1642 1642 307 309 1643 1643 91 91 1644 1644 310 310 1645 1645 307 309 1646 1646 314 314 1647 1647 76 76 1648 1648 80 80 1649 1649 264 264 1650 1650 76 76 1651 1651 314 314 1652 1652 64 64 1653 1653 80 80 1654 1654 76 76 1655 1655 77 77 1656 1656 80 80 1657 1657 64 64 1658 1658 69 69 1659 1659 77 77 1660 1660 64 64 1661 1661 258 258 1662 1662 76 76 1663 1663 264 264 1664 1664 67 67 1665 1665 76 76 1666 1666 258 258 1667 1667 94 94 1668 1668 275 275 1669 1669 90 90 1670 1670 94 94 1671 1671 97 97 1672 1672 275 275 1673 1673 97 97 1674 1674 99 99 1675 1675 275 275 1676 1676 136 136 1677 1677 104 104 1678 1678 315 315 1679 1679 56 56 1680 1680 136 136 1681 1681 315 315 1682 1682 104 104 1683 1683 136 136 1684 1684 125 125 1685 1685 105 105 1686 1686 104 104 1687 1687 125 125 1688 1688 54 54 1689 1689 56 56 1690 1690 315 315 1691 1691 83 83 1692 1692 54 54 1693 1693 315 315 1694 1694 315 315 1695 1695 93 93 1696 1696 83 83 1697 1697 136 136 1698 1698 56 56 1699 1699 50 50 1700 1700 51 51 1701 1701 136 136 1702 1702 50 50 1703 1703 96 96 1704 1704 93 93 1705 1705 315 315 1706 1706 104 104 1707 1707 96 96 1708 1708 315 315 1709 1709 287 287 1710 1710 290 290 1711 1711 272 272 1712 1712 273 273 1713 1713 287 287 1714 1714 272 272 1715 1715 284 284 1716 1716 287 287 1717 1717 273 273 1718 1718 274 274 1719 1719 284 284 1720 1720 273 273 1721 1721 290 290 1722 1722 285 285 1723 1723 272 272 1724 1724 285 285 1725 1725 279 279 1726 1726 272 272 1727 1727 285 285 1728 1728 201 201 1729 1729 195 195 1730 1730 196 196 1731 1731 285 285 1732 1732 195 195 1733 1733 203 203 1734 1734 163 163 1735 1735 161 161 1736 1736 206 206 1737 1737 203 203 1738 1738 161 161 1739 1739 161 161 1740 1740 157 157 1741 1741 206 206 1742 1742 157 157 1743 1743 158 158 1744 1744 206 206 1745 1745 24 24 1746 1746 25 25 1747 1747 41 41 1748 1748 30 30 1749 1749 24 24 1750 1750 41 41 1751 1751 70 70 1752 1752 58 58 1753 1753 52 52 1754 1754 52 52 1755 1755 55 55 1756 1756 70 70 1757 1757 55 55 1758 1758 78 78 1759 1759 70 70 1760 1760 61 61 1761 1761 49 49 1762 1762 44 44 1763 1763 57 57 1764 1764 61 61 1765 1765 44 44 1766 1766 132 132 1767 1767 120 120 1768 1768 116 116 1769 1769 129 129 1770 1770 132 132 1771 1771 116 116 1772 1772 155 155 1773 1773 156 156 1774 1774 234 234 1775 1775 159 159 1776 1776 155 155 1777 1777 234 234 1778 1778 23 23 1779 1779 156 156 1780 1780 152 152 1781 1781 22 22 1782 1782 23 23 1783 1783 152 152 1784 1784 231 231 1785 1785 217 217 1786 1786 215 215 1787 1787 214 214 1788 1788 231 231 1789 1789 215 215 1790 1790 208 208 1791 1791 231 231 1792 1792 214 214 1793 1793 186 186 1794 1794 184 184 1795 1795 166 166 1796 1796 165 165 1797 1797 186 186 1798 1798 166 166 1799 1799 166 166 1800 1800 184 184 1801 1801 168 168 1802 1802 184 184 1803 1803 179 179 1804 1804 168 168 1805 1805 220 220 1806 1806 226 226 1807 1807 283 283 1808 1808 212 212 1809 1809 220 220 1810 1810 283 283 1811 1811 212 212 1812 1812 283 283 1813 1813 209 209 1814 1814 199 199 1815 1815 209 209 1816 1816 280 280 1817 1817 197 197 1818 1818 199 199 1819 1819 280 280 1820 1820 226 226 1821 1821 224 224 1822 1822 259 259 1823 1823 259 259 1824 1824 224 224 1825 1825 256 256 1826 1826 256 256 1827 1827 224 224 1828 1828 223 223 1829 1829 256 256 1830 1830 223 223 1831 1831 227 227 1832 1832 13 13 1833 1833 12 12 1834 1834 147 148 1835 1835 147 148 1836 1836 151 151 1837 1837 181 181 1838 1838</p>
        </triangles>
      </mesh>
    </geometry>
    <geometry id="toro_head-mesh" name="toro_head">
      <mesh>
        <source id="toro_head-mesh-positions">
          <float_array id="toro_head-mesh-positions-array" count="2529">2.68221e-6 0.04413461 0.3233529 2.68221e-6 0.06860566 0.3144499 0.03499817 0.06797897 0.3091776 0.03030294 0.04519903 0.3181205 0.01138269 0.02586096 0.3273021 2.68221e-6 0.02535367 0.3287544 0.01694333 -0.001783251 0.3242084 0.03554528 -0.002827763 0.3205477 0.04992949 -0.04681593 0.3138431 0.02392655 -0.05147135 0.316519 0.03184479 -0.08345282 0.2906354 2.68221e-6 -0.08683496 0.2908144 2.68221e-6 -0.05388861 0.3168771 0.06237387 -0.07561409 0.2893024 0.07866799 -0.06959581 0.2867757 2.68221e-6 -0.001644015 0.3251634 0.02965635 0.02469712 0.3209158 0.0372563 -0.106571 0.2639361 2.68221e-6 -0.1108981 0.2639361 0.07270944 -0.09955793 0.2639361 0.09165954 -0.05962836 0.2845873 0.09778726 -0.08750146 0.2639361 0.1211242 -0.06711888 0.2639361 2.68221e-6 -0.1214028 0.2488556 0.03957408 -0.1167672 0.2488456 2.68221e-6 -0.1297488 0.2337751 0.04190182 -0.1248148 0.2337651 0.07770311 -0.1085903 0.2488754 0.08268684 -0.115474 0.2338148 0.1054568 -0.09507155 0.2488158 0.1118829 -0.1011396 0.2337054 0.04379183 -0.1330116 0.2157202 2.68221e-6 -0.1382539 0.2157501 2.68221e-6 -0.1478136 0.1851215 0.04557245 -0.1420937 0.1851215 0.08674544 -0.1226164 0.2156208 0.09047579 -0.1302263 0.1851215 0.1174337 -0.1075856 0.2155809 0.1222483 -0.1145489 0.1851215 0.1381047 -0.09347993 0.215382 0.1435361 -0.09904062 0.1851215 0.1529564 -0.0783497 0.2153124 0.1590046 -0.08354234 0.1851215 0.1739657 -0.06300061 0.1851215 0.165948 -0.05664408 0.2164862 0.1331508 -0.08912289 0.2332379 0.1448392 -0.07466912 0.233029 0.1592931 -0.05161064 0.2344813 0.1750798 -0.03455054 0.21766 0.1676788 -0.03054171 0.2359237 0.1548763 -0.02326005 0.2618471 0.1729411 -0.01292455 0.2400619 0.1754479 0.005488336 0.2447771 0.1673804 0.01077049 0.2619864 0.1724736 0.03871321 0.2620958 0.1845201 0.0271641 0.2300447 0.1825305 -0.008080065 0.2230814 0.1922891 -0.02003705 0.1851215 0.1854949 -0.04007142 0.1851215 0.1859127 0.01291918 0.2274783 0.1958503 -2.68221e-6 0.1851215 0.1945671 0.02675622 0.1903539 0.1895038 0.05351519 0.1955764 0.179029 0.05744451 0.2280651 0.1816751 0.075181 0.1916173 0.1710411 0.07901084 0.2266626 0.1669825 0.09924417 0.1876184 0.1579402 0.0996719 0.2253097 0.1986854 0.05171471 0.1285796 0.1907373 0.07403701 0.1285796 0.1853358 0.08864003 0.1285796 0.1526879 0.1120765 0.1850121 0.1455256 0.1105148 0.2246034 0.2033309 0.02581125 0.1285796 0.2059273 0.05028223 0.0756784 0.2110005 0.02497565 0.07457417 0.2041665 -1.61842e-4 0.1285796 0.2122738 -3.30955e-4 0.07346999 0.2065739 0.05069011 0.06397008 0.2121444 0.02540338 0.06275647 0.200854 -0.02277261 0.1285796 0.2093989 -0.02549827 0.07215696 0.1933137 -0.04531383 0.1285796 0.2013016 -0.05066561 0.07085382 0.2108413 -0.02545845 0.06108528 0.2139251 1.16691e-4 0.06154286 0.2109308 0.0258311 0.05094873 0.2131492 5.64337e-4 0.04961574 0.210334 -0.02501082 0.05001366 0.2022864 -0.05059599 0.05040162 0.2025351 -0.05103367 0.06062769 0.1893347 -0.07478845 0.06041878 0.1881609 -0.07433086 0.070436 0.2091702 2.85804e-4 0.04015558 0.2064445 -0.02476215 0.04035454 0.1999786 -2.68221e-6 0.03070545 0.2071508 0.02524423 0.04082208 0.1984268 0.02388143 0.03070545 0.1763631 -2.68221e-6 0.0177139 0.1757861 0.02103638 0.01768404 0.1544983 0.01822125 0.008403003 0.1536726 -2.68221e-6 0.008403003 0.1346529 9.02548e-4 0.002235472 0.1341953 0.01697778 0.00225538 0.0827465 0.02152383 -0.003892183 0.1512753 -0.01822662 0.008403003 0.132743 -0.01514285 0.002245426 0.1281174 -0.03117835 0.002245426 0.1461523 -0.03644061 0.008403003 0.1672013 -0.04211068 0.01773381 0.1737966 -0.0210517 0.01772385 0.1892153 -0.04762166 0.03070545 0.1769897 -0.07005339 0.03070545 0.1571046 -0.06191629 0.01773381 0.1970043 -0.02380716 0.03070545 0.1984865 -0.04980015 0.04055351 0.0827465 -0.02024596 -0.003892183 0.1151159 -0.05179965 0.002245426 0.0612896 -0.0413348 -0.003892183 2.68221e-6 6.43909e-4 -0.007164895 0.03983271 -0.06242364 -0.003892183 2.68221e-6 -0.06693983 -0.003892183 0.06234407 0.04122996 -0.003892183 0.1263467 0.04692989 0.002265334 0.1313503 0.03304308 0.002285242 0.06335872 -0.09366893 0.00225538 0.09913015 -0.07072985 0.002245426 0.1144196 -0.08119469 0.008403003 0.07333612 -0.1058348 0.008403003 0.1117735 -0.1073867 0.0177139 0.1301864 -0.09383803 0.01777362 0.143934 -0.08010047 0.01773381 0.1617899 -0.09086376 0.03070545 0.145834 -0.1063919 0.03070545 0.1242477 -0.1217211 0.03070545 0.08256745 -0.1215122 0.01769399 0.0918585 -0.137299 0.03070545 0.09668308 -0.1427403 0.04055351 0.04852688 -0.1548166 0.04055351 0.04640805 -0.1489078 0.03070545 2.68221e-6 -0.1606658 0.04055351 2.68221e-6 -0.1545878 0.03070545 0.1301467 -0.1264163 0.04055351 0.0418123 -0.1323252 0.01783329 0.037117 -0.1154342 0.008403003 0.1529863 -0.1105798 0.04055351 0.1693102 -0.09456425 0.04055351 0.1853756 -0.07298797 0.04055351 0.03210347 -0.1001747 0.00225538 2.68221e-6 -0.1362246 0.01770395 2.68221e-6 -0.1179311 0.008403003 2.68221e-6 -0.1030793 0.002285242 0.132365 -0.1288236 0.05040162 0.0980857 -0.1451575 0.05040162 0.1324843 -0.1294702 0.06020992 0.09837412 -0.1459434 0.06020992 0.04960119 -0.1577014 0.05040162 0.04942214 -0.158537 0.06020992 2.68221e-6 -0.1648637 0.06020992 2.68221e-6 -0.1637197 0.05040162 0.1561397 -0.1130766 0.06020992 0.15608 -0.1124002 0.05040162 0.1731798 -0.0969218 0.06020992 0.172394 -0.09623545 0.05040162 0.1888273 -0.07422143 0.05040162 0.04924309 -0.1579402 0.07001823 2.68221e-6 -0.1639485 0.07001823 2.68221e-6 -0.1567067 0.1285796 0.04738289 -0.1508376 0.1285796 0.09402704 -0.1385921 0.1285796 0.09770768 -0.1453068 0.07001823 0.1271226 -0.1226164 0.1285796 0.132166 -0.1290027 0.07001823 0.1553737 -0.1125793 0.07001823 0.1493455 -0.1066505 0.1285796 0.1720558 -0.09636473 0.07001823 0.1654207 -0.09080404 0.1285796 0.1809588 -0.0695461 0.1285796 -0.04557704 -0.1420937 0.1851215 -0.04379642 -0.1330116 0.2157202 -0.08675003 -0.1226164 0.2156208 -0.09048038 -0.1302263 0.1851215 -0.1174383 -0.1075856 0.2155809 -0.1222529 -0.1145489 0.1851215 -0.1381093 -0.09347993 0.215382 -0.1435407 -0.09904062 0.1851215 -0.152961 -0.0783497 0.2153124 -0.1590092 -0.08354234 0.1851215 -0.1739603 -0.06300061 0.1851215 -0.1659526 -0.05664408 0.2164862 -0.04189646 -0.1248148 0.2337651 -0.03957867 -0.1167672 0.2488456 -0.07769775 -0.1085903 0.2488754 -0.08268147 -0.115474 0.2338148 -0.1054515 -0.09507155 0.2488158 -0.1118875 -0.1011396 0.2337054 -0.1331554 -0.08912289 0.2332379 -0.1448438 -0.07466912 0.233029 -0.1592977 -0.05161064 0.2344813 -0.1750844 -0.03455054 0.21766 -0.1676834 -0.03054171 0.2359237 -0.1548809 -0.02326005 0.2618471 -0.1729357 -0.01292455 0.2400619 -0.1753729 0.005160093 0.2447273 -0.1669573 0.009656369 0.2619864 -0.1724682 0.03871321 0.2620958 -0.1845147 0.0271641 0.2300447 -0.1825252 -0.008080065 0.2230814 -0.1922937 -0.02003705 0.1851215 -0.1854896 -0.04007142 0.1851215 -0.1859074 0.01291918 0.2274783 -0.195845 -2.68221e-6 0.1851215 -0.1945618 0.02675622 0.1903539 -0.1895084 0.05351519 0.1955764 -0.1789938 0.05762356 0.2280552 -0.1816797 0.075181 0.1916173 -0.1710358 0.07901084 0.2266626 -0.1669772 0.09924417 0.1876184 -0.1579348 0.0996719 0.2253097 -0.1986801 0.05171471 0.1285796 -0.190732 0.07403701 0.1285796 -0.1853304 0.08864003 0.1285796 -0.1526825 0.1120765 0.1850121 -0.1455203 0.1105148 0.2246034 -0.2033355 0.02581125 0.1285796 -0.2059319 0.05028223 0.0756784 -0.2109951 0.02497565 0.07457417 -0.2041612 -1.61842e-4 0.1285796 -0.2122684 -3.30955e-4 0.07346999 -0.2065784 0.05069011 0.06397008 -0.212149 0.02540338 0.06275647 -0.2008486 -0.02277261 0.1285796 -0.2093936 -0.02549827 0.07215696 -0.1933084 -0.04531383 0.1285796 -0.2012963 -0.05066561 0.07085382 -0.210846 -0.02545845 0.06108528 -0.2139297 1.16691e-4 0.06154286 -0.2109355 0.0258311 0.05094873 -0.2131438 5.64337e-4 0.04961574 -0.2103286 -0.02501082 0.05001366 -0.202291 -0.05059599 0.05040162 -0.2025297 -0.05103367 0.06062769 -0.1893393 -0.07478845 0.06041878 -0.1881555 -0.07433086 0.070436 -0.2091748 2.85804e-4 0.04015558 -0.2064391 -0.02476215 0.04035454 -0.1999832 -2.68221e-6 0.03070545 -0.2071455 0.02524423 0.04082208 -0.1984314 0.02388143 0.03070545 -0.1763577 -2.68221e-6 0.0177139 -0.1757808 0.02103638 0.01768404 -0.154493 0.01822125 0.008403003 -0.1536772 -2.68221e-6 0.008403003 -0.1346476 9.02548e-4 0.002235472 -0.1341999 0.01697778 0.00225538 -0.08275109 0.02152383 -0.003892183 -0.1512699 -0.01822662 0.008403003 -0.1327476 -0.01514285 0.002245426 -0.128122 -0.03117835 0.002245426 -0.1461569 -0.03644061 0.008403003 -0.1672059 -0.04211068 0.01773381 -0.1737912 -0.0210517 0.01772385 -0.1892199 -0.04762166 0.03070545 -0.1769844 -0.07005339 0.03070545 -0.1570992 -0.06191629 0.01773381 -0.1970089 -0.02380716 0.03070545 -0.1984811 -0.04980015 0.04055351 -0.08275109 -0.02024596 -0.003892183 -0.1151105 -0.05179965 0.002245426 -0.06128424 -0.0413348 -0.003892183 -0.03982734 -0.06242364 -0.003892183 -0.06234866 0.04122996 -0.003892183 -0.1263414 0.04692989 0.002265334 -0.1313549 0.03304308 0.002285242 -0.06336331 -0.09366893 0.00225538 -0.09913474 -0.07072985 0.002245426 -0.1144142 -0.08119469 0.008403003 -0.07333076 -0.1058348 0.008403003 -0.1117781 -0.1073867 0.0177139 -0.130191 -0.09383803 0.01777362 -0.1439386 -0.08010047 0.01773381 -0.1617845 -0.09086376 0.03070545 -0.1458386 -0.1063919 0.03070545 -0.1242424 -0.1217211 0.03070545 -0.08256208 -0.1215122 0.01769399 -0.09186309 -0.137299 0.03070545 -0.09667772 -0.1427403 0.04055351 -0.04853147 -0.1548166 0.04055351 -0.04641264 -0.1489078 0.03070545 -0.1301413 -0.1264163 0.04055351 -0.04180693 -0.1323252 0.01783329 -0.03712159 -0.1154342 0.008403003 -0.1529809 -0.1105798 0.04055351 -0.1693049 -0.09456425 0.04055351 -0.1853802 -0.07298797 0.04055351 -0.03209811 -0.1001747 0.00225538 -0.1323596 -0.1288236 0.05040162 -0.09809023 -0.1451575 0.05040162 -0.1324889 -0.1294702 0.06020992 -0.09836876 -0.1459434 0.06020992 -0.04959583 -0.1577014 0.05040162 -0.04942673 -0.158537 0.06020992 -0.1561343 -0.1130766 0.06020992 -0.1560845 -0.1124002 0.05040162 -0.1731745 -0.0969218 0.06020992 -0.1723986 -0.09623545 0.05040162 -0.188822 -0.07422143 0.05040162 -0.04924768 -0.1579402 0.07001823 -0.04737752 -0.1508376 0.1285796 -0.09403163 -0.1385921 0.1285796 -0.09771221 -0.1453068 0.07001823 -0.1271173 -0.1226164 0.1285796 -0.1321607 -0.1290027 0.07001823 -0.1553683 -0.1125793 0.07001823 -0.1493501 -0.1066505 0.1285796 -0.1720604 -0.09636473 0.07001823 -0.1654154 -0.09080404 0.1285796 -0.1809635 -0.0695461 0.1285796 0.06864088 0.121855 0.2621953 0.05057609 0.09312641 0.2856914 2.68221e-6 0.1047054 0.2865867 2.68221e-6 0.1181744 0.273814 2.68221e-6 0.12659 0.2614592 0.03985261 0.1388952 0.2074936 0.07523608 0.1363586 0.200968 0.09676265 0.1327674 0.1969889 0.1148175 0.1243419 0.2236982 0.07858842 0.1437894 0.1285796 0.1010699 0.1399397 0.1285796 0.1180106 0.1275749 0.1930099 0.1368314 0.120711 0.189011 0.1232331 0.1344685 0.1285796 2.68221e-6 0.1395816 0.21387 0.1428 0.1272963 0.1285796 0.1272022 0.1397109 0.07958775 0.1476743 0.132668 0.07922965 0.1598203 0.1175477 0.1285796 0.1660972 0.1223723 0.0788815 0.1274906 0.1396114 0.06820774 0.1480224 0.1327177 0.06781977 0.1754778 0.1143645 0.07846367 0.166505 0.1225712 0.06743186 0.1473858 0.1314842 0.05640995 0.1660972 0.1216461 0.05598217 0.1758955 0.1144938 0.06697428 0.1755076 0.1136283 0.05548483 0.1631129 0.1188608 0.04333883 0.1723741 0.1108729 0.04309016 0.1638789 0.1053719 0.03070545 0.1548962 0.1131708 0.03070545 0.1444214 0.1287785 0.0435577 0.1389701 0.1230885 0.03070545 0.1376372 0.1033127 0.01772385 0.1226263 0.1118478 0.01773381 0.1198808 0.09405153 0.008403003 0.1052579 0.1026462 0.008403003 0.1266252 0.1380795 0.05682772 0.1236808 0.1354334 0.04376655 0.1467094 0.09557348 0.01773381 0.1287242 0.08564585 0.008403003 0.1823217 0.1053221 0.0550372 0.1826599 0.1061776 0.0665664 0.1899216 0.09434002 0.06610882 0.1887279 0.09433007 0.05452984 0.1987451 0.07330089 0.0650444 0.198198 0.07311189 0.07667315 0.1894541 0.09365361 0.07767784 0.1981582 0.07270407 0.05340576 0.2049325 0.05108797 0.05227178 0.1853855 0.09152483 0.04261267 0.1948258 0.07139098 0.0420556 0.2020079 0.05020266 0.04148858 0.1933436 0.04777544 0.03070545 0.186052 0.06773024 0.03070545 0.1723144 0.04190641 0.01765424 0.1672013 0.05992144 0.01770395 0.1523795 0.03708183 0.008403003 0.1477738 0.05268955 0.008403003 0.1588951 0.07699143 0.01775372 0.1765919 0.08657097 0.03070545 0.1702851 0.09718501 0.03070545 0.1791086 0.1025468 0.04287129 0.152469 0.08730709 0.01774376 0.1411288 0.06736218 0.008403003 0.1352497 0.07698148 0.008403003 0.1183688 0.06083661 0.002245426 0.04195153 0.06094604 -0.003892183 0.09773749 0.08327829 0.00225538 0.07761359 0.09156465 0.00225538 0.05748963 0.1005473 0.002245426 0.0903365 0.1087441 0.008403003 0.1052778 0.1187414 0.01774376 0.08809828 0.1239539 0.01772385 0.09792649 0.1351847 0.03070545 0.1195824 0.1300916 0.03070545 0.1017265 0.1407454 0.04388594 0.07659894 0.1132702 0.008403003 0.06317967 0.1164734 0.008403003 0.07950359 0.144436 0.04400533 0.08061772 0.1471118 0.05730521 0.1037558 0.1434015 0.0570665 0.07601201 0.1386764 0.03070545 0.03975313 0.1471517 0.04405504 0.03800237 0.1413124 0.03070545 0.08103555 0.1486438 0.06864547 0.04051911 0.1514291 0.06874489 0.0403102 0.1498972 0.05740469 2.68221e-6 0.1508223 0.05751413 2.68221e-6 0.1479972 0.04410481 0.1044024 0.1449334 0.0684266 0.1041537 0.1450428 0.07978671 0.08083659 0.1487731 0.07998567 0.0690487 0.127555 0.0177139 0.03453063 0.1298827 0.01772385 0.03158617 0.1184728 0.008403003 2.68221e-6 0.1420784 0.03070545 2.68221e-6 0.1303403 0.01773381 2.68221e-6 0.1186022 0.008403003 0.02880084 0.1019897 0.002235472 2.68221e-6 0.1022682 0.002225577 0.04195153 0.06094604 -0.003892183 2.68221e-6 0.06362193 -0.003892183 -0.03452527 0.1298827 0.01772385 -0.03800696 0.1413124 0.03070545 -0.02879548 0.1019897 0.002235472 -0.03159075 0.1184728 0.008403003 -0.0631743 0.1164734 0.008403003 -0.06905329 0.127555 0.0177139 -0.07659357 0.1132702 0.008403003 -0.05748426 0.1005473 0.002245426 -0.04194617 0.06094604 -0.003892183 -0.08809292 0.1239539 0.01772385 -0.09033113 0.1087441 0.008403003 -0.07761818 0.09156465 0.00225538 -0.1052724 0.1187414 0.01774376 -0.09793108 0.1351847 0.03070545 -0.119577 0.1300916 0.03070545 -0.1017311 0.1407454 0.04388594 -0.1236854 0.1354334 0.04376655 -0.1389648 0.1230885 0.03070545 -0.144426 0.1287785 0.0435577 -0.1549008 0.1131708 0.03070545 -0.1631076 0.1188608 0.04333883 -0.1376418 0.1033127 0.01772385 -0.1226209 0.1118478 0.01773381 -0.1198754 0.09405153 0.008403003 -0.1052625 0.1026462 0.008403003 -0.1266298 0.1380795 0.05682772 -0.1473904 0.1314842 0.05640995 -0.1638835 0.1053719 0.03070545 -0.1723787 0.1108729 0.04309016 -0.1755023 0.1136283 0.05548483 -0.1660918 0.1216461 0.05598217 -0.1664997 0.1225712 0.06743186 -0.1480271 0.1327177 0.06781977 -0.1758902 0.1144938 0.06697428 -0.1754724 0.1143645 0.07846367 -0.1661018 0.1223723 0.0788815 -0.1598149 0.1175477 0.1285796 -0.1476789 0.132668 0.07922965 -0.1428046 0.1272963 0.1285796 -0.1274952 0.1396114 0.06820774 -0.104397 0.1449334 0.0684266 -0.1037604 0.1434015 0.0570665 -0.1271969 0.1397109 0.07958775 -0.1823263 0.1053221 0.0550372 -0.1826545 0.1061776 0.0665664 -0.1899163 0.09434002 0.06610882 -0.1887226 0.09433007 0.05452984 -0.1987497 0.07330089 0.0650444 -0.1981926 0.07311189 0.07667315 -0.1894587 0.09365361 0.07767784 -0.1981528 0.07270407 0.05340576 -0.2049272 0.05108797 0.05227178 -0.1853901 0.09152483 0.04261267 -0.1948204 0.07139098 0.0420556 -0.2020025 0.05020266 0.04148858 -0.1933382 0.04777544 0.03070545 -0.1860467 0.06773024 0.03070545 -0.1723091 0.04190641 0.01765424 -0.167196 0.05992144 0.01770395 -0.1523742 0.03708183 0.008403003 -0.1477783 0.05268955 0.008403003 -0.1588997 0.07699143 0.01775372 -0.1765965 0.08657097 0.03070545 -0.1702798 0.09718501 0.03070545 -0.1791033 0.1025468 0.04287129 -0.1524736 0.08730709 0.01774376 -0.1411334 0.06736218 0.008403003 -0.1352544 0.07698148 0.008403003 -0.1183733 0.06083661 0.002245426 -0.04194617 0.06094604 -0.003892183 -0.09774208 0.08327829 0.00225538 -0.1287288 0.08564585 0.008403003 -0.146704 0.09557348 0.01773381 2.68221e-6 6.43909e-4 -0.007164895 2.68221e-6 0.06362193 -0.003892183 0.04538345 0.03937971 0.3428701 0.03532648 0.02912378 0.327332 0.03634113 0.04879009 0.3253822 0.04730331 0.05707645 0.3428701 0.04041963 0.07011771 0.3168074 0.05415719 0.07707101 0.3428701 0.04987972 0.01705735 0.3428701 0.04049921 0.003081023 0.3272424 0.06041425 0.05469894 0.3661076 0.06185662 0.0680685 0.3661076 0.07284867 0.06738209 0.3853462 0.07391309 0.07718044 0.3853462 0.08396011 0.0787124 0.4025256 0.08467632 0.08531755 0.4025256 0.09444487 0.08940601 0.4187302 0.09483283 0.09298712 0.4187302 0.1067202 0.1019201 0.4377002 0.1067202 0.1019698 0.4377002 0.1067401 0.1020196 0.4377002 0.0962255 0.09630966 0.4187302 0.09535008 0.08487987 0.4187302 0.1067301 0.1018505 0.4377002 0.1067699 0.1017609 0.4377002 0.09806579 0.07900089 0.4187302 0.08723288 0.09143531 0.4025256 0.09090352 0.09957242 0.4025256 0.09809559 0.100975 0.4187302 0.08564126 0.07038629 0.4025256 0.09062498 0.05956333 0.4025256 0.08393025 0.09811013 0.3853462 0.07770311 0.08757567 0.3853462 0.07533556 0.05502724 0.3853462 0.08273655 0.03895193 0.3853462 0.07673817 0.09682691 0.3661076 0.06703931 0.08287048 0.3661076 0.06380635 0.0378279 0.3661076 0.07391309 0.01587361 0.3661076 0.06880003 0.09543424 0.3428701 0.06324928 -0.01198947 0.3428701 0.06048387 0.09455883 0.3166781 0.05134207 -0.04310548 0.3169367 0.08731245 0.1127927 0.3428701 0.09240561 0.1101766 0.3661076 0.1104107 0.1119771 0.3428701 0.1095552 0.1095697 0.3661076 0.09547942 0.1080179 0.3853462 0.1088489 0.1075703 0.3853462 0.09920972 0.1060881 0.4025256 0.1082123 0.1057897 0.4025256 0.1027212 0.1042677 0.4187302 0.1076154 0.1041085 0.4187302 0.1068395 0.1021389 0.4377002 0.1069092 0.1021389 0.4377002 0.1067699 0.1020892 0.4377002 0.1103908 0.1028651 0.4187302 0.1069589 0.102119 0.4377002 0.1133254 0.1035017 0.4025256 0.1115248 0.1018803 0.4187302 0.1069688 0.1020991 0.4377002 0.1127484 0.1000002 0.4187302 0.1069887 0.1020693 0.4377002 0.1134646 0.09823948 0.4187302 0.1069987 0.1020494 0.4377002 0.1141808 0.09516566 0.4187302 0.1070086 0.1019997 0.4377002 0.1070086 0.1019698 0.4377002 0.1138625 0.09289759 0.4187302 0.1121515 0.08839136 0.4187302 0.1069788 0.1019002 0.4377002 0.1154143 0.1017012 0.4025256 0.1176625 0.09822952 0.4025256 0.1194133 0.08436262 0.4025256 0.1165583 0.07686215 0.4025256 0.1189855 0.09499657 0.4025256 0.1202986 0.08932644 0.4025256 0.1195326 0.1015022 0.3853462 0.1228849 0.09634941 0.3853462 0.1251729 0.074992 0.3853462 0.1212436 0.06463658 0.3853462 0.1248446 0.0915547 0.3853462 0.116429 0.1041781 0.3853462 0.1267844 0.0831291 0.3853462 0.119075 0.1053122 0.3661076 0.1241483 0.1012834 0.3661076 0.1287142 0.0942505 0.3661076 0.1317283 0.06477582 0.3661076 0.126476 0.05093878 0.3661076 0.1314001 0.08686941 0.3661076 0.1337875 0.07619565 0.3661076 0.1225069 0.1065756 0.3428701 0.1297289 0.1010149 0.3428701 0.1357671 0.09170389 0.3428701 0.1401241 0.05089896 0.3409203 0.1336979 0.03208816 0.3396172 0.1396167 0.08090084 0.3428701 0.1425414 0.06782972 0.3428701 0.1115646 0.11521 0.3131467 0.08128422 0.1163042 0.3152556 0.1272022 0.1081771 0.3120824 0.1449685 0.08840131 0.3125797 0.1370602 0.1006667 0.3123012 0.1419644 0.01047205 0.3092473 0.1501314 0.03536087 0.3114258 0.1509768 0.07422602 0.3127488 0.153414 0.0570963 0.313097 0.1125295 0.1179257 0.2867161 0.0751267 0.119189 0.2889344 0.1315095 0.109341 0.2863878 0.113385 0.1203231 0.2624241 0.135777 0.1103258 0.2623843 0.1432675 0.1003683 0.2864375 0.149047 0.1000897 0.2623445 0.1527475 0.08559608 0.2869349 0.1602281 0.08290028 0.2622749 0.1601784 0.06855595 0.2871537 0.1688725 0.0630151 0.2621953 0.1633517 0.04745715 0.2863579 0.1593826 0.0219416 0.2847763 0.1483806 -0.006289541 0.2857014 0.1354189 -0.07095867 0.2484875 0.1202886 -0.08611875 0.2486467 0.1751893 0.1029546 0.1285796 0.1822122 0.1061279 0.07809561 0.04992949 -0.04681593 0.3138431 0.1548763 -0.02326005 0.2618471 0.09165954 -0.05962836 0.2845873 0.1483806 -0.006289541 0.2857014 0.1211242 -0.06711888 0.2639361 0.05134207 -0.04310548 0.3169367 0.1419644 0.01047205 0.3092473 0.06324928 -0.01198947 0.3428701 0.1336979 0.03208816 0.3396172 0.07391309 0.01587361 0.3661076 0.126476 0.05093878 0.3661076 0.08273655 0.03895193 0.3853462 0.1212436 0.06463658 0.3853462 0.09062498 0.05956333 0.4025256 0.1165583 0.07686215 0.4025256 0.09806579 0.07900089 0.4187302 0.1121515 0.08839136 0.4187302 0.1067699 0.1017609 0.4377002 0.1069788 0.1019002 0.4377002 0.1068992 0.1021091 0.4379887 0.04041963 0.1515584 0.0800752 0.04020076 0.1467438 0.1285796 2.68221e-6 0.1524935 0.08016473 2.68221e-6 0.1523543 0.06884437 2.68221e-6 0.1478182 0.1285796 -0.04051375 0.1514291 0.06874489 -0.04041427 0.1515584 0.0800752 -0.04020535 0.1467438 0.1285796 -0.07858306 0.1437894 0.1285796 -0.08084118 0.1487731 0.07998567 -0.04030483 0.1498972 0.05740469 -0.08061236 0.1471118 0.05730521 -0.08103018 0.1486438 0.06864547 -0.1041583 0.1450428 0.07978671 -0.07950818 0.144436 0.04400533 -0.07600665 0.1386764 0.03070545 -0.03974777 0.1471517 0.04405504 -0.1232278 0.1344685 0.1285796 -0.136836 0.120711 0.189011 -0.1148121 0.1243419 0.2236982 -0.1180053 0.1275749 0.1930099 -0.1010745 0.1399397 0.1285796 -0.09675729 0.1327674 0.1969889 -0.06864547 0.121855 0.2621953 -0.07523071 0.1363586 0.200968 -0.0398572 0.1388952 0.2074936 -0.1751939 0.1029546 0.1285796 -0.1822069 0.1061279 0.07809561 0.1317781 -0.05965822 0.008403003 2.68221e-6 6.43909e-4 -0.007164895 -0.03499281 0.06797897 0.3091776 -0.03029757 0.04519903 0.3181205 -0.01138728 0.02586096 0.3273021 -0.01693803 -0.001783251 0.3242084 -0.03554987 -0.002827763 0.3205477 -0.02393114 -0.05147135 0.316519 -0.04985451 -0.04681593 0.3138431 -0.03184938 -0.08345282 0.2906354 -0.06236851 -0.07561409 0.2893024 -0.07866263 -0.06959581 0.2867757 -0.02966094 0.02469712 0.3209158 -0.03725093 -0.106571 0.2639361 -0.07271403 -0.09955793 0.2639361 -0.09779185 -0.08750146 0.2639361 -0.09166413 -0.05962836 0.2845873 -0.1211288 -0.06711888 0.2639361 -0.1202833 -0.08611875 0.2486467 -0.1354135 -0.07095867 0.2484875 -0.1483852 -0.006289541 0.2857014 -0.159039 0.02094686 0.2846967 -0.1633563 0.04745715 0.2863579 -0.1687976 0.06331354 0.2621953 -0.1601233 0.06880462 0.2871438 -0.1602327 0.08290028 0.2622749 -0.1527521 0.08559608 0.2869349 -0.1490516 0.1000897 0.2623445 -0.1432721 0.1003683 0.2864375 -0.1357716 0.1103258 0.2623843 -0.1315141 0.109341 0.2863878 -0.1133896 0.1203231 0.2624241 -0.1125341 0.1179257 0.2867161 -0.07512134 0.119189 0.2889344 -0.08127886 0.1163042 0.3152556 -0.1115692 0.11521 0.3131467 -0.1104153 0.1119771 0.3428701 -0.08730709 0.1127927 0.3428701 -0.0924102 0.1101766 0.3661076 -0.1095598 0.1095697 0.3661076 -0.09548395 0.1080179 0.3853462 -0.1088436 0.1075703 0.3853462 -0.09921431 0.1060881 0.4025256 -0.1082169 0.1057897 0.4025256 -0.1027258 0.1042677 0.4187302 -0.1076101 0.1041085 0.4187302 -0.1069138 0.1021389 0.4377002 -0.1068441 0.1021389 0.4377002 -0.09810018 0.100975 0.4187302 -0.1067745 0.1020892 0.4377002 -0.1103854 0.1028651 0.4187302 -0.1069535 0.102119 0.4377002 -0.11332 0.1035017 0.4025256 -0.1115294 0.1018803 0.4187302 -0.1069734 0.1020991 0.4377002 -0.1069933 0.1020693 0.4377002 -0.112753 0.1000002 0.4187302 -0.1134692 0.09823948 0.4187302 -0.1070033 0.1020494 0.4377002 -0.1141754 0.09516566 0.4187302 -0.1070132 0.1019997 0.4377002 -0.1070033 0.1019698 0.4377002 -0.1138572 0.09289759 0.4187302 -0.1069834 0.1019002 0.4377002 -0.1121461 0.08839136 0.4187302 -0.115409 0.1017012 0.4025256 -0.1176671 0.09822952 0.4025256 -0.1193681 0.08425319 0.4025256 -0.1165629 0.07686215 0.4025256 -0.1189901 0.09499657 0.4025256 -0.1203032 0.08932644 0.4025256 -0.1195372 0.1015022 0.3853462 -0.1228796 0.09634941 0.3853462 -0.1250681 0.07471346 0.3853462 -0.1212382 0.06463658 0.3853462 -0.1248393 0.0915547 0.3853462 -0.1164336 0.1041781 0.3853462 -0.126789 0.0831291 0.3853462 -0.1190697 0.1053122 0.3661076 -0.1241529 0.1012834 0.3661076 -0.1287188 0.0942505 0.3661076 -0.1315737 0.06435805 0.3661076 -0.1264806 0.05093878 0.3661076 -0.1313947 0.08686941 0.3661076 -0.1337822 0.07619565 0.3661076 -0.1225115 0.1065756 0.3428701 -0.1297235 0.1010149 0.3428701 -0.1357716 0.09170389 0.3428701 -0.1399198 0.05029219 0.3408805 -0.1336926 0.03208816 0.3396172 -0.1395915 0.08100032 0.3428701 -0.1425459 0.06782972 0.3428701 -0.1272068 0.1081771 0.3120824 -0.1370648 0.1006667 0.3123012 -0.1449632 0.08840131 0.3125797 -0.1498674 0.03455513 0.3113561 -0.141969 0.01047205 0.3092473 -0.1509417 0.07441502 0.3127388 -0.1534087 0.0570963 0.313097 0.03690814 0.06833708 0.3101326 0.05151116 0.09330546 0.2861689 0.05331164 0.093584 0.2924757 0.03269034 0.04603463 0.319553 0.03197413 0.02571177 0.3221493 0.03737568 -0.001584291 0.3220299 -0.05058068 0.09312641 0.2856914 -0.05151575 0.09330546 0.2861689 -0.03690278 0.06833708 0.3101326 -0.05330628 0.093584 0.2924757 -0.03268498 0.04603463 0.319553 -0.03197872 0.02571177 0.3221493 -0.03738021 -0.001584291 0.3220299 -0.03533107 0.02912378 0.327332 -0.03634572 0.04879009 0.3253822 -0.04729795 0.05707645 0.3428701 -0.04538804 0.03937971 0.3428701 -0.04042422 0.07011771 0.3168074 -0.05415183 0.07707101 0.3428701 -0.04987436 0.01705735 0.3428701 -0.04050379 0.003081023 0.3272424 -0.06040889 0.05469894 0.3661076 -0.06186121 0.0680685 0.3661076 -0.07285326 0.06738209 0.3853462 -0.07391768 0.07718044 0.3853462 -0.0839647 0.0787124 0.4025256 -0.08468091 0.08531755 0.4025256 -0.0944395 0.08940601 0.4187302 -0.09483736 0.09298712 0.4187302 -0.1067247 0.1019698 0.4377002 -0.1067148 0.1019201 0.4377002 -0.1067447 0.1020196 0.4377002 -0.09622007 0.09630966 0.4187302 -0.09535467 0.08487987 0.4187302 -0.1067347 0.1018505 0.4377002 -0.09806042 0.07900089 0.4187302 -0.1067745 0.1017609 0.4377002 -0.08723747 0.09143531 0.4025256 -0.09089815 0.09957242 0.4025256 -0.0856359 0.07038629 0.4025256 -0.09061962 0.05956333 0.4025256 -0.08393484 0.09811013 0.3853462 -0.0777077 0.08757567 0.3853462 -0.07534015 0.05502724 0.3853462 -0.08274114 0.03895193 0.3853462 -0.07674276 0.09682691 0.3661076 -0.0670439 0.08287048 0.3661076 -0.06380099 0.0378279 0.3661076 -0.07390773 0.01587361 0.3661076 -0.06879466 0.09543424 0.3428701 -0.06324392 -0.01198947 0.3428701 -0.06048846 0.09455883 0.3166781 -0.05127698 -0.04311543 0.3169367 -0.1069038 0.1021091 0.4379887 -0.1317727 -0.05965822 0.008403003 -0.1548809 -0.02326005 0.2618471 -0.1483852 -0.006289541 0.2857014 -0.04985451 -0.04681593 0.3138431 -0.09166413 -0.05962836 0.2845873 -0.1211288 -0.06711888 0.2639361 -0.05127698 -0.04311543 0.3169367 -0.141969 0.01047205 0.3092473 -0.06324392 -0.01198947 0.3428701 -0.1336926 0.03208816 0.3396172 -0.07390773 0.01587361 0.3661076 -0.1264806 0.05093878 0.3661076 -0.08274114 0.03895193 0.3853462 -0.1212382 0.06463658 0.3853462 -0.09061962 0.05956333 0.4025256 -0.1165629 0.07686215 0.4025256 -0.09806042 0.07900089 0.4187302 -0.1121461 0.08839136 0.4187302 -0.1067745 0.1017609 0.4377002 -0.1069834 0.1019002 0.4377002 -0.1069038 0.1021091 0.4379887 0.1068992 0.1021091 0.4379887</float_array>
          <technique_common>
            <accessor source="#toro_head-mesh-positions-array" count="843" stride="3">
              <param name="X" type="float"/>
              <param name="Y" type="float"/>
              <param name="Z" type="float"/>
            </accessor>
          </technique_common>
        </source>
        <source id="toro_head-mesh-normals">
          <float_array id="toro_head-mesh-normals-array" count="2541">-0.1604483 0.568136 0.8071417 -0.003632605 0.474043 0.8804943 -0.003565073 0.3172177 0.9483461 -0.1682932 0.2858829 0.9433708 0.1923711 0.1055483 0.9756295 -0.003612339 0.08203154 0.9966232 0.1140103 -0.113963 0.9869216 -0.152601 -0.1531702 0.9763462 0.1924043 -0.4824804 0.8545135 0.1139855 -0.3883926 0.914417 0.1296798 -0.6706529 0.7303479 -0.003599703 -0.6863437 0.7272685 -0.003622353 -0.4119177 0.9112139 0.2472729 -0.6157592 0.7481289 0.3805692 -0.5059908 0.7740417 -0.003619313 -0.1453316 0.9893764 -0.06633061 0.0428304 0.9968781 0.1296651 -0.7725809 0.6215351 -0.003610968 -0.7882449 0.6153513 0.2551264 -0.7255224 0.6391618 0.4589579 -0.388397 0.7990654 0.404048 -0.6236056 0.6692245 0.5138367 -0.4511021 0.7297114 -0.003642439 -0.8509817 0.5251829 0.1375059 -0.8431488 0.5198002 -0.003613889 -0.8901821 0.4555906 0.1531855 -0.8823488 0.4449659 0.2786293 -0.8039474 0.5253898 0.3021515 -0.8431329 0.4447826 0.404084 -0.7490411 0.5250272 0.4275861 -0.7882616 0.4425088 0.1688659 -0.9215454 0.3496262 -0.003631472 -0.937229 0.3486958 -0.003625154 -0.9764232 0.215835 0.1845413 -0.9607396 0.2071815 0.3257099 -0.8823264 0.3397253 0.341354 -0.9137031 0.2205089 0.4746398 -0.8196083 0.3208728 0.4981606 -0.8352991 0.2326187 0.6157663 -0.7176889 0.3251993 0.6314498 -0.7412134 0.2277585 0.7412129 -0.5844087 0.3302576 0.749049 -0.6236133 0.2236785 0.8352962 -0.4903206 0.2487288 0.8117816 -0.4511101 0.3708242 0.5765594 -0.6706661 0.4666758 0.7020169 -0.5295029 0.4762341 0.7647436 -0.4275928 0.4820079 0.8588086 -0.3491913 0.3748508 0.8196207 -0.3491916 0.4541887 0.7020186 -0.4119108 0.5809469 0.8352975 -0.2864784 0.4692636 0.8666625 -0.2002281 0.4569518 0.8666613 -0.2315819 0.4418914 0.9372251 0.003634512 0.3487063 0.9450497 0.05855172 0.3216412 0.8980281 -0.2550848 0.3584375 0.9372171 -0.2472649 0.2459354 0.8980226 -0.3727139 0.2337517 0.9293856 -0.08262234 0.3597443 0.976419 -0.08263677 0.1994426 0.9764256 0.08203172 0.1996596 0.9450636 0.254524 0.2051158 0.9293811 0.2701985 0.2514829 0.8823425 0.4348341 0.179975 0.8666543 0.4505327 0.2143148 0.7490298 0.6387194 0.1760457 0.7412122 0.6543844 0.1496182 0.960744 0.2545194 0.1104132 0.9293835 0.3485965 0.1213539 0.8744978 0.4583738 0.1585786 0.576571 0.8033413 0.149026 0.5295243 0.8425458 0.09859383 0.9842595 0.1055625 0.1417386 0.9607407 0.2545193 0.1104421 0.984261 0.1212355 0.128578 0.9842674 -0.05909359 0.1665108 0.9921061 -0.04341948 0.1176452 0.9607424 0.2702006 -0.06297469 0.9895249 0.1443628 1.45915e-5 0.9607492 -0.2315603 0.1527771 0.9685824 -0.2237393 0.1085771 0.9058663 -0.3883848 0.1690073 0.9058587 -0.3962332 0.1497304 0.9764153 -0.2159007 2.30726e-5 0.9996156 -0.02772551 1.76436e-5 0.9607419 0.1604356 -0.2263522 0.9764263 -0.01205784 -0.2155141 0.9528982 -0.2002205 -0.2278086 0.8980198 -0.3883909 -0.2066715 0.913703 -0.4040704 0.04328912 0.843137 -0.537362 0.01903134 0.8352978 -0.5295156 0.1479554 0.8431274 -0.0120489 -0.5375789 0.819608 -0.1766982 -0.5449959 0.615729 -0.01205784 -0.7878658 0.8509738 0.1369072 -0.5070505 0.6314452 0.08987545 -0.7701944 0.4354726 -0.01991838 -0.8999816 0.4432586 0.04283565 -0.8953697 0.3414083 0.01927244 -0.9397175 0.3413551 -0.01990944 -0.9397236 0.2160438 -0.01208668 -0.9763089 0.2080615 0.01927661 -0.9779258 0.08261907 0.02714574 -0.9962114 0.3413526 -0.07475697 -0.9369578 0.2159147 -0.04341858 -0.9754465 0.2080785 -0.09828901 -0.9731612 0.3256751 -0.1375253 -0.9354264 0.4118976 -0.1767155 -0.8939306 0.4276047 -0.0904954 -0.8994248 0.576577 -0.2472552 -0.7787323 0.5451858 -0.3492182 -0.762115 0.3883944 -0.2472668 -0.8876987 0.6000806 -0.1296721 -0.7893595 0.7803965 -0.3413535 -0.5238885 0.08260804 -0.03561222 -0.9959456 0.1845421 -0.1375007 -0.9731587 0.06695604 -0.05908721 -0.9960048 -0.003624498 0.00361967 -0.9999869 0.04340255 -0.09831678 -0.9942083 -0.003627002 -0.1139808 -0.9934764 0.05910301 0.05064737 -0.9969663 0.1767022 0.08985877 -0.980154 0.192384 0.05850899 -0.979574 0.09829914 -0.2551025 -0.9619044 0.1610199 -0.1845415 -0.9695448 0.2472608 -0.2864548 -0.925638 0.1531834 -0.3805684 -0.9119772 0.2551133 -0.435418 -0.8633241 0.3178133 -0.3727079 -0.8718277 0.3570305 -0.3099964 -0.8811535 0.4981554 -0.4354348 -0.7498252 0.4354255 -0.5294971 -0.7280368 0.3570401 -0.6079481 -0.7091696 0.1845399 -0.4903258 -0.851778 0.2472422 -0.6784977 -0.6917457 0.3099973 -0.8509773 -0.4239569 0.1688582 -0.8980117 -0.4062784 0.1296287 -0.7255287 -0.6758732 -0.003625631 -0.9137011 -0.4063709 -0.003640055 -0.741231 -0.6712402 0.4511204 -0.7725709 -0.4467939 0.09046524 -0.5295391 -0.8434481 0.06694215 -0.41975 -0.9051679 0.5608709 -0.6785157 -0.4743841 0.6549586 -0.568718 -0.4975833 0.725515 -0.4668097 -0.5056843 0.04341793 -0.2708024 -0.9616554 -0.003630876 -0.5295284 -0.8482846 -0.003618597 -0.4197621 -0.9076269 -0.003662168 -0.278616 -0.9603957 0.4981632 -0.8509804 -0.1663301 0.3413523 -0.92154 -0.1850476 0.5042055 -0.8635838 9.81276e-6 0.3413497 -0.9372225 -0.07137447 0.1845445 -0.9685793 -0.1667259 0.1842979 -0.9828704 -2.6206e-5 -0.003614783 -0.9999453 -0.009827911 -0.003624916 -0.98426 -0.1766898 0.6314499 -0.7725725 0.06635516 0.6235789 -0.7569107 -0.1955398 0.7561872 -0.6543554 -5.52461e-6 0.741212 -0.6392853 -0.2047414 0.8196148 -0.5295206 -0.2187227 0.1845409 -0.9764226 0.1119979 -0.003626585 -0.992104 0.1253655 -0.003628075 -0.9921067 0.125345 0.1845439 -0.9685854 0.166691 0.3413562 -0.929378 0.1404724 0.3413529 -0.9372212 0.07137775 0.5060035 -0.8509793 0.1406944 0.5059996 -0.8588188 0.07996791 0.6314436 -0.7647326 0.1283095 0.6392889 -0.7568934 0.1357291 0.7490484 -0.6549688 0.09971117 0.7490542 -0.6471273 0.1419301 0.8352935 -0.5216825 0.173586 -0.1839578 -0.9607466 0.2076672 -0.1682765 -0.9215463 0.3499078 -0.3250982 -0.882333 0.3402934 -0.3407631 -0.9137 0.2214338 -0.4740504 -0.819611 0.3217361 -0.4975697 -0.8352942 0.2338972 -0.6151797 -0.7176845 0.3263174 -0.6308592 -0.7412112 0.2293964 -0.7406229 -0.5844014 0.3315911 -0.7484609 -0.623613 0.2256395 -0.8347086 -0.4903234 0.2506881 -0.8190303 -0.4511086 0.3545286 -0.1525939 -0.8823384 0.44519 -0.1369095 -0.8431207 0.5200033 -0.2780398 -0.8039323 0.5257252 -0.301562 -0.8431304 0.4451872 -0.4034931 -0.7490452 0.5254757 -0.4270108 -0.7882525 0.4430798 -0.5759754 -0.6706445 0.4674273 -0.7014213 -0.5295215 0.4770904 -0.7641552 -0.427594 0.4829394 -0.8582417 -0.3491918 0.3761466 -0.8190238 -0.3491931 0.4552628 -0.7014292 -0.4119106 0.5816587 -0.8347074 -0.2864643 0.4703209 -0.8660739 -0.2002268 0.4580669 -0.8660768 -0.2394234 0.4388479 -0.9366282 -0.00422126 0.3502996 -0.9444722 0.05851584 0.323339 -0.8974329 -0.2551016 0.3599131 -0.9444792 -0.247265 0.216377 -0.8974364 -0.3727129 0.2359941 -0.9287885 -0.07478404 0.3629868 -0.9758343 -0.0826255 0.2022885 -0.9758339 0.0820285 0.2025328 -0.9444714 0.2545144 0.2078372 -0.9287943 0.2702036 0.2536358 -0.8817504 0.4348465 0.1828245 -0.8660669 0.4505302 0.2166814 -0.7484642 0.6386938 0.1785264 -0.7406252 0.6543749 0.1525382 -0.9601553 0.2545186 0.1154213 -0.928793 0.3486033 0.1257751 -0.8739089 0.4583684 0.1618078 -0.5759698 0.8033506 0.1512836 -0.5289328 0.8425481 0.1016997 -0.9836806 0.1055445 0.1457154 -0.9601565 0.2545164 0.1154165 -0.9836756 0.121231 0.1329866 -0.9836803 -0.05909276 0.169945 -0.9915138 -0.04340869 0.1225403 -0.9601531 0.2701993 -0.07140481 -0.9895111 0.1444571 3.77105e-6 -0.9601576 -0.2315801 0.1564232 -0.967994 -0.2237402 0.1137012 -0.905275 -0.3883895 0.1721363 -0.9052687 -0.396235 0.1532527 -0.9758362 -0.2158998 0.03363263 -0.9993565 -0.02773141 0.02275025 -0.9601506 0.1604372 -0.228847 -0.9758303 -0.01204448 -0.218198 -0.9523131 -0.2002221 -0.2302412 -0.8974297 -0.388385 -0.20923 -0.913113 -0.4040736 0.05430811 -0.8425514 -0.5373554 0.03682845 -0.834707 -0.5295287 0.1512073 -0.8425524 -0.0120576 -0.5384794 -0.8190258 -0.176703 -0.5458689 -0.6150797 -0.01206904 -0.7883726 -0.8503814 0.1368994 -0.5080454 -0.6308605 0.08986294 -0.7706748 -0.4348763 -0.01991015 -0.9002702 -0.4505187 0.04280585 -0.8917402 -0.3486232 0.01931011 -0.9370641 -0.3486055 -0.01989072 -0.9370586 -0.2154282 -0.01206898 -0.9764451 -0.2074793 0.01931673 -0.9780488 -0.08203274 0.02713835 -0.9962602 -0.3407701 -0.07475203 -0.9371702 -0.2153162 -0.04341572 -0.9755788 -0.2074785 -0.09829735 -0.9732884 -0.3251001 -0.1375373 -0.9356247 -0.4113141 -0.1767107 -0.8942003 -0.4270085 -0.09046149 -0.8997114 -0.5759655 -0.2472768 -0.7791777 -0.5446184 -0.349186 -0.7625353 -0.3877993 -0.247274 -0.8879569 -0.5994868 -0.1296994 -0.789806 -0.779814 -0.3413534 -0.5247552 -0.08203011 -0.03557044 -0.9959949 -0.1840732 -0.1375268 -0.9732438 -0.06634157 -0.05910146 -0.9960451 -0.04281312 -0.09832078 -0.9942335 -0.05850946 0.05066281 -0.9970005 -0.1761147 0.08988142 -0.9802576 -0.191803 0.05849629 -0.9796886 -0.09771126 -0.2550986 -0.9619653 -0.1604256 -0.184537 -0.9696442 -0.2466813 -0.286477 -0.9257858 -0.1525942 -0.3805587 -0.9120802 -0.254521 -0.4354324 -0.8634917 -0.3173016 -0.3727245 -0.872007 -0.3564444 -0.309988 -0.8813938 -0.4975879 -0.4354421 -0.7501978 -0.4348445 -0.5295048 -0.7283783 -0.3564487 -0.6079337 -0.7094794 -0.1839565 -0.4903159 -0.8519098 -0.2466678 -0.6785305 -0.6919186 -0.3172234 -0.8509749 -0.4185825 -0.1682797 -0.898035 -0.4064667 -0.1368951 -0.7255325 -0.6744349 -0.4505131 -0.7725856 -0.4473809 -0.09769576 -0.529529 -0.8426474 -0.06635123 -0.4197537 -0.9052097 -0.5603999 -0.6783906 -0.4751193 -0.6543818 -0.5687256 -0.498333 -0.7249221 -0.4668207 -0.5065239 -0.04282695 -0.2708079 -0.9616804 -0.4975676 -0.8509759 -0.168127 -0.340762 -0.9215477 -0.1860944 -0.5037724 -0.8638365 -2.50542e-5 -0.3407659 -0.9372211 -0.07413041 -0.1839557 -0.9685854 -0.1673395 -0.1837244 -0.9829779 -1.62525e-5 -0.630856 -0.772575 0.07175302 -0.630858 -0.7568936 -0.1706762 -0.755934 -0.6546481 6.49411e-6 -0.7406231 -0.6392872 -0.2068558 -0.8190286 -0.5295242 -0.2208994 -0.1839519 -0.9764237 0.1129533 -0.1839582 -0.9685853 0.1673378 -0.3407626 -0.9293817 0.1418815 -0.3407612 -0.9372222 0.07413762 -0.5054113 -0.8509782 0.1428133 -0.5054123 -0.8588182 0.08360481 -0.6308594 -0.7647339 0.1311427 -0.6386957 -0.756891 0.1385064 -0.7484648 -0.6549659 0.1040205 -0.7484642 -0.6471278 0.1450073 -0.842405 -0.5219159 0.1340062 -0.003622472 0.6386985 0.7694487 -0.1369129 0.7014148 0.69948 -0.04282796 0.9444733 0.3257856 -0.003595948 0.7562895 0.6542273 -0.003623306 0.9052748 0.424811 0.06693679 0.983677 0.1670303 0.1453412 0.9758367 0.1631523 0.2002066 0.9679998 0.1513068 0.2707874 0.9523143 0.140612 0.1218212 0.9836747 0.1324532 0.208063 0.9758368 0.06672632 0.3099908 0.9444712 0.1089943 0.4432848 0.8817428 0.1613324 0.2943086 0.9444749 0.1461154 -0.003619074 0.9836732 0.1799278 0.4197592 0.8974304 0.1357241 0.2786291 0.9601545 0.02165979 0.4119175 0.9052685 0.1039856 0.5844137 0.7955029 0.1601122 0.5687252 0.8190244 0.07583332 0.2707814 0.9601579 -0.06909662 0.3962364 0.9131141 -0.09601855 0.7098504 0.693581 0.1227105 0.5666969 0.8239265 3.94949e-6 0.3805508 0.9052768 -0.1888259 0.5530459 0.8111848 -0.190051 0.7151668 0.6989538 -1.10995e-5 0.6941678 0.6857392 -0.2188445 0.5059927 0.7406212 -0.442099 0.6236096 0.615177 -0.4823572 0.4903313 0.4662201 -0.7363519 0.411915 0.5838172 -0.6996312 0.3648679 0.8425523 -0.3962033 0.3178537 0.6857408 -0.6547738 0.3021505 0.4270025 -0.8522759 0.2394521 0.505312 -0.8290492 0.2159262 0.301566 -0.9286733 0.1688789 0.3721148 -0.9126941 0.2629225 0.9444853 -0.1970269 0.255107 0.9052712 -0.3397124 0.3648709 0.3407665 -0.8664568 0.2551068 0.231068 -0.9388973 0.8039292 0.5681353 -0.1758414 0.8181799 0.5749624 1.31701e-5 0.8901817 0.4505233 -0.06786334 0.8666486 0.4505396 -0.2143231 0.9346826 0.3554837 -1.45575e-5 0.9293817 0.3486049 0.1213447 0.8901796 0.4505292 0.06785017 0.9137012 0.3564395 -0.195195 0.9450625 0.2701987 -0.183983 0.7647325 0.4113276 -0.4959779 0.8117761 0.3329404 -0.4797606 0.8431295 0.2466722 -0.4777925 0.6314513 0.1761085 -0.7551524 0.6079226 0.2545508 -0.7520865 0.4511189 0.105556 -0.8861997 0.4432871 0.176103 -0.878911 0.3413325 0.07416957 -0.9370118 0.3178196 0.1212331 -0.9403687 0.4197618 0.2310059 -0.877745 0.576573 0.317241 -0.752942 0.5452122 0.3799479 -0.7472506 0.7176828 0.4975764 -0.4871851 0.4040713 0.2701842 -0.8739147 0.3021541 0.1682395 -0.9382954 0.2786275 0.191795 -0.9410535 0.1531125 0.1055768 -0.9825528 0.03558826 0.08985817 -0.9953185 0.1138821 0.168302 -0.979135 0.08262193 0.1996291 -0.976382 0.05123364 0.2466613 -0.9677466 0.1453561 0.4034568 -0.9033794 0.192385 0.5759632 -0.7945151 0.1453395 0.6230171 -0.7685872 0.1688667 0.7955046 -0.581942 0.2315826 0.7563288 -0.6118305 0.1845527 0.9287865 -0.321397 0.1218113 0.4505137 -0.8844205 0.06693601 0.4897303 -0.8693009 0.1061373 0.9444743 -0.3109712 0.1139791 0.9758391 -0.1864055 0.1923804 0.9679927 -0.1611827 0.09831267 0.8268718 -0.5537309 0.04341435 0.9523032 -0.3020494 0.03556716 0.8425579 -0.5374302 0.1139804 0.9915167 -0.06247693 0.04339677 0.999058 1.03712e-5 0.04341727 0.9836765 -0.1746301 -0.003629684 0.9836737 -0.1799251 -0.003573715 0.9523095 -0.305113 0.1923827 0.9758346 -0.1036141 0.192387 0.9758343 0.1036084 0.1139808 0.9915161 0.06248426 0.08264315 0.6700746 -0.737679 0.02773469 0.6857333 -0.7273243 0.01991111 0.4975713 -0.8671945 -0.00362724 0.8425493 -0.5386072 -0.003594934 0.6857405 -0.7278373 -0.003634691 0.4975801 -0.8674106 0.01201397 0.2545084 -0.9669959 -0.003595292 0.2545393 -0.9670557 0.03557091 0.08988094 -0.9953171 -0.00362277 0.1055515 -0.9944073 -0.02714776 0.6857467 -0.7273339 -0.03496664 0.8425648 -0.5374589 -0.01144224 0.2545111 -0.9670022 -0.01931256 0.497571 -0.8672083 -0.06632471 0.4897236 -0.8693515 -0.08205837 0.6700741 -0.7377446 -0.12124 0.4505684 -0.8844711 -0.05064618 0.2466579 -0.9677783 -0.03497666 0.08988785 -0.9953376 -0.1525892 0.6230324 -0.7671684 -0.1447585 0.4034792 -0.9034653 -0.08204287 0.1996176 -0.9764332 -0.1917987 0.5759634 -0.7946569 -0.1683148 0.7954872 -0.5821259 -0.2310023 0.7563263 -0.6120527 -0.1839466 0.9287974 -0.3217128 -0.2545208 0.9052675 -0.3401617 -0.3172332 0.6857403 -0.6550751 -0.3642382 0.8425902 -0.3967018 -0.4113229 0.5838249 -0.6999729 -0.505398 0.7406204 -0.4427801 -0.3094062 0.4270085 -0.8496656 -0.2388776 0.5054612 -0.829124 -0.2153407 0.3015664 -0.9288091 -0.1760995 0.37211 -0.9113304 -0.2623629 0.9444707 -0.1978406 -0.3799695 0.9052673 -0.1900382 -0.4897348 0.4662116 -0.7367541 -0.6308292 0.6151764 -0.472877 -0.7014299 0.6857337 -0.1943334 -0.5524676 0.8111773 -0.1917576 -0.566302 0.8241979 -1.79186e-5 -0.3956462 0.9131112 -0.09844946 -0.7148796 0.6992477 1.66241e-5 -0.7092604 0.6935827 0.1260668 -0.5745031 0.8185024 -1.98111e-5 -0.5838131 0.7955065 0.1622704 -0.4113246 0.9052729 0.10627 -0.4191998 0.8974181 0.1375222 -0.2701979 0.9601552 -0.0713815 -0.1917946 0.9758372 -0.1046741 -0.1917965 0.9679977 -0.1618477 -0.2780423 0.9601539 0.02823203 -0.8033436 0.5681347 -0.1784998 -0.8179844 0.5752405 5.84312e-6 -0.8895908 0.450533 -0.07515484 -0.8660747 0.4505243 -0.2166625 -0.9346098 0.3556748 -2.95788e-6 -0.9287939 0.3486028 0.1257701 -0.8895923 0.4505281 0.07516664 -0.9131121 0.3564396 -0.1979323 -0.9444746 0.2702 -0.186975 -0.7719802 0.4113206 -0.4846256 -0.8111882 0.3329293 -0.480762 -0.842546 0.2466777 -0.4788178 -0.6308516 0.1761232 -0.75565 -0.607338 0.2545312 -0.7525654 -0.4505363 0.1055663 -0.8864947 -0.44269 0.1761125 -0.8792099 -0.3407512 0.07417434 -0.937223 -0.3172588 0.12123 -0.9405584 -0.419166 0.2309969 -0.8780321 -0.5759565 0.3172435 -0.7534128 -0.5446161 0.3799619 -0.747678 -0.7170973 0.497574 -0.4880488 -0.4034856 0.2701822 -0.8741859 -0.3015642 0.1682617 -0.9384813 -0.2780677 0.1917985 -0.9412183 -0.1524711 0.1056138 -0.9826486 -0.03498381 0.08987319 -0.9953387 -0.1133574 0.1682888 -0.9791982 -0.254526 0.2310352 -0.9390631 -0.3642833 0.3407639 -0.8667051 -0.03498619 0.08987247 -0.9953386 -0.003629565 0.1055561 -0.9944068 -0.003625214 0.003646433 -0.9999868 -0.003629803 0.1055719 -0.9944052 -0.8739092 0.2074775 0.4395861 -0.8268766 -0.03556352 0.5612579 -0.826867 -0.03557747 0.5612711 -0.87391 0.1996358 0.443201 -0.8268661 0.4818879 0.2899596 -0.826866 0.4583777 0.3258567 -0.7249394 -0.231584 0.6487155 -0.7249526 -0.2315934 0.6486974 -0.8268641 -0.03558123 0.5612754 -0.8660749 0.1996348 0.4583234 -0.8268694 -0.03557419 0.5612676 -0.8660805 0.2074659 0.4548215 -0.8268648 -0.03557968 0.5612743 -0.8660706 0.2153199 0.451175 -0.8268615 -0.03558605 0.5612788 -0.8660815 0.2309916 0.4433349 -0.8268687 -0.03558093 0.5612684 -0.8660716 0.2309813 0.4433597 -0.8582308 0.3486102 0.3767107 -0.8582298 0.3564438 0.3693097 -0.7249573 -0.2315977 0.6486906 -0.7249531 -0.2315743 0.6487036 -0.1369085 -0.6000806 0.7881367 -0.1369026 -0.60009 0.7881305 -0.8503894 0.3799657 0.3639561 -0.7484509 0.5995113 0.2835621 -0.748432 0.5917032 0.2995612 -0.7249501 -0.231593 0.6487003 -0.1369133 -0.6000758 0.7881395 -0.7406319 0.6230044 0.2516545 -0.8425474 0.411327 0.347741 -0.7249571 -0.231597 0.6486911 -0.1368913 -0.6000927 0.7881304 -0.7249622 0.6465188 0.237578 -0.8346912 0.4348757 0.3378963 -0.7249525 -0.2315935 0.6486976 -0.1369279 -0.600094 0.7881231 -0.7249215 0.6543993 0.215059 -0.1369174 -0.6000829 0.7881333 -0.7327721 0.6465479 0.2121815 -0.1369051 -0.6001042 0.7881193 -0.3407627 0.9209493 0.1890323 -0.3250782 0.9366341 0.1305403 0.2237442 0.9679945 0.1136894 0.2237412 0.9679924 0.1137126 -0.3250818 0.9287942 0.177942 0.2237452 0.9679943 0.1136891 -0.3015602 0.9366337 0.1782667 0.2237463 0.9679923 0.1137033 -0.285863 0.9444751 0.1620157 0.223745 0.9679964 0.1136718 -0.2780465 0.9444732 0.1751024 0.2237353 0.9679973 0.1136821 -0.7406251 0.5916443 0.3184832 0.5295232 0.8347081 0.1512202 0.5295155 0.8347114 0.1512292 0.5295221 0.8347118 0.1512047 0.7412093 0.6465364 0.1805532 0.7411955 0.6465533 0.1805492 0.8666519 0.4505441 0.2143003 0.8666658 0.450512 0.2143114 0.9215378 0.2937112 0.2539725 0.9215358 0.2937413 0.2539443 0.9372175 0.04282242 0.3461064 0.9372196 0.04280591 0.3461027 0.8744961 -0.2237555 0.4303372 0.8745004 -0.2315814 0.426168 0.6628099 -0.513831 0.5446659 0.6628005 -0.5138533 0.5446562 0.741214 0.6465421 0.1805134 0.8666567 0.4505329 0.2143042 0.8744935 -0.2394289 0.4218233 0.6628174 -0.5138362 0.5446519 0.9215332 0.2937166 0.2539829 0.9372264 0.027152 0.3476629 0.7412127 0.6543808 0.1496317 0.8666585 0.4505282 0.2143067 0.8745003 -0.2472675 0.4172624 0.6627931 -0.5138545 0.544664 0.9215424 0.2858886 0.2627306 0.5295217 0.8425471 0.09859687 0.9372186 0.01930683 0.3482077 0.5138356 0.850395 0.1131429 0.7333706 0.6622198 0.1537292 0.8744999 0.4426963 0.1981661 0.8744946 -0.2472578 0.4172803 0.6628174 -0.5138289 0.5446586 0.92938 0.2780291 0.2428019 0.9372221 0.01930594 0.3481984 0.5138348 0.8503904 0.1131817 0.7255323 0.6700602 0.1569145 0.8744984 0.4426838 0.1982008 0.8744953 -0.2472657 0.4172741 0.6628133 -0.5138311 0.5446615 0.9215445 0.2702006 0.2788322 0.9372234 0.01146411 0.3485412 0.2315859 0.9679961 0.09670269 -0.3564426 0.9131132 0.1979217 0.5060029 0.850391 0.1442092 0.8666632 0.4583704 0.1969556 0.7255171 0.6700679 0.1569526 0.6628068 -0.5138497 0.5446519 0.8745149 -0.2394064 0.4217919 0.9215318 0.2702065 0.2788685 0.9372144 -0.0120697 0.3485449 0.2315849 0.9679945 0.09672218 -0.3721231 0.9131156 0.1665667 0.5059989 0.8503907 0.1442245 0.2237464 0.9679954 0.1136767 0.5138296 0.8503932 0.1131839 0.7255308 0.6700604 0.156921 0.7255304 0.66222 0.1872712 0.858823 0.4662013 0.2123189 0.8666654 0.4583624 0.1969647 0.9293809 0.2623597 0.2596511 0.9293838 0.2623562 0.2596444 0.9372233 -0.01205223 0.3485217 0.8745073 -0.2394233 0.4217978 0.6706498 -0.5060051 0.5423907 0.6235972 -0.4981679 0.6024577 0.4981612 -0.6314408 0.5942374 0.7568883 0.638702 0.1384911 0.8117769 0.5759732 0.0962978 0.4589567 -0.3883937 0.7990677 0.7020112 -0.4119008 0.5809631 0.1923851 -0.4824689 0.8545243 0.6706586 -0.5059853 0.5423985 0.513832 -0.4511173 0.7297053 -0.1369316 -0.6000784 0.7881344 0.6628103 -0.51384 0.5446568 -0.136906 -0.6001018 0.788121 0.6628237 -0.5138229 0.5446566 -0.1369193 -0.6000735 0.7881403 0.6628158 -0.5138399 0.5446503 -0.1368915 -0.6000904 0.7881322 0.662797 -0.5138468 0.5446668 -0.1369084 -0.600073 0.7881426 0.6627977 -0.5138501 0.5446626 -0.1369226 -0.6001007 0.788119 0.6628158 -0.5138416 0.5446485 -0.1369131 -0.6000854 0.7881321 0.6627931 -0.5138554 0.5446631 0.09827601 0.3328972 0.937828 0.04340523 0.9990575 1.592e-5 0.05125808 0.9915165 0.1194478 -0.003630518 0.9993569 0.03567516 -0.003624796 0.9993559 -0.03570467 -0.003625214 0.9915187 0.1299146 -0.04282164 0.9990828 -1.43796e-5 -0.05063295 0.9987173 8.79168e-7 -0.05066758 0.991516 0.1197033 -0.1212316 0.9836748 0.1329921 -0.1133905 0.9915158 0.06355428 -0.04283285 0.983678 -0.1747654 -0.1133913 0.975838 -0.1867694 -0.1133919 0.991517 -0.06353324 -0.1917929 0.9758334 0.1047127 -0.1133897 0.9444731 -0.3084047 -0.09769082 0.82699 -0.5536645 -0.04283446 0.9522952 -0.3021576 -0.2937241 0.9444698 0.1473194 -0.4426915 0.8817474 0.1629289 -0.2702016 0.9523082 0.1417749 -0.3094014 0.9444724 0.1106468 -0.2074776 0.9758359 0.06853926 -0.199624 0.967998 0.1520867 0.04341232 0.9444686 0.3257216 -0.1447513 0.9758366 0.1636768 -0.06634879 0.9836757 0.1672725 -0.7562938 0.6387072 0.1416793 -0.8111844 0.5759785 0.1011381 0.2942943 -0.2080569 -0.9327933 -0.003622174 0.1055437 -0.9944081 0.03558069 0.08987247 -0.9953176 -0.003623425 0.003613412 -0.999987 0.1610168 0.568135 0.8070294 0.1688799 0.2858819 0.9432662 -0.1917484 0.1055296 0.9757541 -0.1212329 -0.1139765 0.9860589 0.1453605 -0.1453476 0.9786442 -0.105531 -0.3883661 0.9154425 -0.1839677 -0.4824792 0.8563702 -0.1290587 -0.6706461 0.7304641 -0.2467013 -0.615745 0.7483292 -0.379952 -0.506008 0.7743336 0.06695598 0.04282462 0.9968366 -0.1290684 -0.7725588 0.6216867 -0.2545084 -0.7255356 0.639393 -0.4034785 -0.6236062 0.6695675 -0.4583671 -0.3883919 0.7994069 -0.5132548 -0.4511352 0.7301004 -0.4975699 -0.6314569 0.5947155 -0.6230227 -0.4981553 0.6030622 -0.6700454 -0.5060077 0.5431347 -0.8739156 -0.2394166 0.4230265 -0.9366328 -0.01989555 0.3497472 -0.9287954 0.2623451 0.2617523 -0.9287896 0.262363 0.2617548 -0.8660746 0.4583639 0.1995431 -0.8582323 0.4662073 0.2146819 -0.7249405 0.6622177 0.1895495 -0.7249432 0.6700597 0.1596168 -0.5132623 0.8503848 0.1157916 -0.5054092 0.8503872 0.1462986 -0.2231512 0.9679937 0.1148557 -0.2309985 0.9679958 0.09810215 0.3727127 0.9131126 0.1652597 0.357026 0.9131187 0.196842 -0.230997 0.9679947 0.09811639 -0.2231751 0.9679931 0.1148144 0.3413488 0.9209558 0.1879406 0.3256648 0.9366323 0.1290832 -0.2231529 0.9679938 0.1148512 0.3256699 0.928795 0.1768593 -0.2231546 0.9679922 0.1148623 0.3021473 0.9366371 0.1772518 -0.2231547 0.9679938 0.1148476 0.2864665 0.9444741 0.1609523 -0.2231571 0.9679956 0.1148285 -0.2231298 0.9679995 0.114849 0.2786473 0.9444702 0.1741603 0.7490616 0.5916463 0.2980964 0.7412129 0.5916539 0.3170949 -0.5289319 0.8347091 0.1532701 -0.5289186 0.8347154 0.1532822 -0.5289335 0.8347109 0.1532558 -0.7406253 0.646542 0.1829143 -0.740626 0.6465359 0.1829331 -0.8660752 0.4505181 0.2166731 -0.86607 0.4505263 0.2166765 -0.9209784 0.2936567 0.256056 -0.9209506 0.2937305 0.2560712 -0.9366229 0.04282212 0.3477124 -0.9366302 0.04281264 0.347694 -0.8739138 -0.2237255 0.4315341 -0.8739032 -0.2316009 0.4273806 -0.6622014 -0.5138469 0.5453905 -0.6622181 -0.5138353 0.5453811 -0.7406246 0.6465426 0.1829153 -0.8660681 0.4505356 0.216665 -0.8739254 -0.2394073 0.4230113 -0.6622319 -0.5138317 0.5453677 -0.9209861 0.2936981 0.2559806 -0.9366297 0.02714818 0.3492678 -0.7406224 0.6543807 0.152527 -0.8660696 0.4505296 0.2166718 -0.8739104 -0.2472661 0.4184973 -0.6622167 -0.513849 0.5453699 -0.9209524 0.2858802 0.2648007 -0.5289376 0.8425435 0.1017126 -0.9366378 0.01930332 0.3497671 -0.5132557 0.8503849 0.1158205 -0.732771 0.6622266 0.1565331 -0.8739106 0.4426928 0.2007572 -0.8739156 -0.2472734 0.4184823 -0.6622256 -0.5138411 0.5453666 -0.9287921 0.2780335 0.2450361 -0.9366214 0.01930272 0.3498112 -0.5132396 0.8503929 0.1158322 -0.7249402 0.6700569 0.1596418 -0.8739098 0.4426889 0.200769 -0.8739101 -0.2472667 0.4184976 -0.6622235 -0.5138339 0.5453757 -0.9287878 0.2701922 0.2536717 -0.9366282 0.003603935 0.3503066 -0.5054144 0.8503903 0.1462624 -0.7249415 0.6700604 0.1596215 -0.8660717 0.4583688 0.1995443 -0.873916 -0.2472732 0.4184814 -0.6700521 -0.5138489 0.5357142 -0.920951 0.2702037 0.2807837 -0.9366415 -0.01204758 0.3500823 -0.748463 0.6386988 0.178513 -0.6073337 0.7014185 0.3730388 -0.6700546 0.5681365 0.4777529 -0.7327678 0.2466731 0.6341955 -0.6779136 -0.01989841 0.7348723 -0.6073538 -0.2237477 0.7622718 0.1374997 0.7014155 0.6993641 0.6079252 0.7014209 0.3720695 0.6706421 0.5681353 0.4769293 0.7412005 0.6387073 0.2065789 0.7333659 0.2466747 0.633503 0.6785055 -0.01989924 0.7343258 0.607913 -0.2237482 0.7618257 0.8274559 -0.03557735 0.5604025 0.8744961 0.2074779 0.4384173 0.8744845 0.1996412 0.4420638 0.8274552 -0.03557854 0.5604037 0.8196059 0.4818987 0.3098707 0.8274538 0.4583758 0.3243638 0.7255208 -0.2315771 0.6480676 0.7255204 -0.2315777 0.648068 0.8274608 -0.03556787 0.5603959 0.866677 0.1996308 0.4571855 0.8274499 -0.03558796 0.5604109 0.8666591 0.2074759 0.4537135 0.8274618 -0.03556638 0.5603944 0.8666578 0.2153068 0.4500526 0.8274652 -0.0355584 0.5603901 0.8666597 0.2309966 0.4422007 0.8666564 0.2309964 0.4422073 0.827452 -0.03559112 0.5604075 0.8588188 0.3486126 0.375366 0.8588121 0.3564479 0.3679494 0.7255405 -0.231597 0.6480384 0.7255352 -0.2315742 0.6480525 0.1375039 -0.600076 0.7880365 0.1374904 -0.6000883 0.7880295 0.8509771 0.3799644 0.3625812 0.7490468 0.5995036 0.2820007 0.7255244 -0.2315807 0.6480623 0.1375 -0.6000654 0.7880453 0.7412112 0.6230189 0.2499071 0.8431349 0.4113274 0.3463143 0.7255401 -0.2315947 0.6480398 0.1375072 -0.6000632 0.7880457 0.7255374 0.6465311 0.235782 0.8353024 0.4348401 0.3364285 0.7255309 -0.2315862 0.6480532 0.1375047 -0.600072 0.7880395 0.7176876 0.6543805 0.2381402 0.1375159 -0.6000641 0.7880436 0.7333797 0.6465277 0.2101339 0.1374953 -0.6000716 0.7880415 -0.1055621 0.3329501 0.937017 -0.2936971 -0.2080514 -0.9329827 -0.1839407 -0.4824932 0.856368 -0.6700593 -0.5059942 0.5431303 -0.7014216 -0.4119148 0.5816648 -0.4583736 -0.3883787 0.7994097 -0.5132539 -0.4511256 0.730107 0.1375228 -0.6000825 0.7880283 -0.6700572 -0.5138477 0.5357088 0.1374992 -0.6000636 0.7880468 -0.6622363 -0.5138257 0.545368 0.137503 -0.6000785 0.7880348 -0.6622281 -0.5138397 0.5453648 0.1374878 -0.6000887 0.7880297 -0.6622271 -0.5138286 0.5453765 0.1375136 -0.6000956 0.7880199 -0.6622093 -0.5138423 0.5453852 0.1375024 -0.6000821 0.7880322 -0.662235 -0.5138314 0.5453642 0.1375094 -0.6000973 0.7880194 -0.6622074 -0.5138433 0.5453866 -0.1055071 0.3328986 0.9370415 0.0983206 0.3329148 0.937817</float_array>
          <technique_common>
            <accessor source="#toro_head-mesh-normals-array" count="847" stride="3">
              <param name="X" type="float"/>
              <param name="Y" type="float"/>
              <param name="Z" type="float"/>
            </accessor>
          </technique_common>
        </source>
        <source id="toro_head-mesh-map-0">
          <float_array id="toro_head-mesh-map-0-array" count="9552">0.04901784 0.9943633 0.04033029 0.9966225 0.04033029 0.996604 0.04400366 0.996053 0.04901784 0.9943633 0.04033029 0.996604 0.04033029 0.996604 0.04106497 0.996604 0.04400366 0.996053 0.04033029 0.996604 0.04106497 0.996604 0.04033029 0.996604 0.04033029 0.996604 0.04106497 0.9965673 0.04106497 0.996604 0.04247921 0.9965857 0.04106497 0.996604 0.04106497 0.9965673 0.0428282 0.996402 0.04247921 0.9965857 0.04106497 0.9965673 0.04150575 0.9966225 0.0428282 0.996402 0.04106497 0.9965673 0.0428282 0.996402 0.04150575 0.9966225 0.04174453 0.9954653 0.04174453 0.9954653 0.04150575 0.9966225 0.04033029 0.9954469 0.04150575 0.9966225 0.04033029 0.9965857 0.04033029 0.9954469 0.04319554 0.9954102 0.0428282 0.996402 0.04174453 0.9954653 0.04319554 0.9954102 0.04380166 0.9954102 0.0428282 0.996402 0.04033029 0.996604 0.04033029 0.996604 0.04106497 0.9965673 0.04150575 0.9966225 0.04106497 0.9965673 0.04033029 0.996604 0.04033029 0.9965857 0.04150575 0.9966225 0.04033029 0.996604 0.04400366 0.996053 0.04106497 0.996604 0.0424425 0.9965857 0.0424425 0.9965857 0.04106497 0.996604 0.04247921 0.9965857 0.04196494 0.9942898 0.04174453 0.9954653 0.04033029 0.9954469 0.04319554 0.9954102 0.04174453 0.9954653 0.04196494 0.9942898 0.04033029 0.9943265 0.04196494 0.9942898 0.04033029 0.9954469 0.04385673 0.9943082 0.04319554 0.9954102 0.04196494 0.9942898 0.0428282 0.996402 0.04380166 0.9954102 0.04435265 0.9954102 0.04435265 0.9954102 0.04380166 0.9954102 0.04505062 0.9943082 0.04319554 0.9954102 0.04385673 0.9943082 0.04505062 0.9943082 0.04380166 0.9954102 0.04319554 0.9954102 0.04505062 0.9943082 0.04618936 0.9943082 0.04435265 0.9954102 0.04505062 0.9943082 0.124816 0.9552167 0.124816 0.9396767 0.1454587 0.9547531 0.124816 0.9396767 0.1468503 0.9394448 0.1454587 0.9547531 0.1454587 0.9547531 0.1468503 0.9394448 0.1693484 0.9549849 0.1468503 0.9394448 0.124816 0.9396767 0.124816 0.9239055 0.14801 0.9239055 0.1468503 0.9394448 0.124816 0.9239055 0.1723637 0.939213 0.1468503 0.9394448 0.14801 0.9239055 0.1468503 0.9394448 0.1723637 0.939213 0.1693484 0.9549849 0.1693484 0.9549849 0.1723637 0.939213 0.1844244 0.9549849 0.1751468 0.9232093 0.1723637 0.939213 0.14801 0.9239055 0.1888312 0.9394448 0.1723637 0.939213 0.1751468 0.9232093 0.1723637 0.939213 0.1888312 0.9394448 0.1844244 0.9549849 0.1932381 0.9239055 0.1888312 0.9394448 0.1751468 0.9232093 0.1491697 0.9083654 0.14801 0.9239055 0.124816 0.9239055 0.124816 0.9083654 0.1491697 0.9083654 0.124816 0.9239055 0.124816 0.9083654 0.124816 0.886563 0.1491697 0.9083654 0.124816 0.886563 0.1500974 0.886563 0.1491697 0.9083654 0.1491697 0.9083654 0.1500974 0.886563 0.1772342 0.9076692 0.1772342 0.9076692 0.1751468 0.9232093 0.14801 0.9239055 0.1491697 0.9083654 0.1772342 0.9076692 0.14801 0.9239055 0.1500974 0.886563 0.1793218 0.886563 0.1772342 0.9076692 0.1772342 0.9076692 0.1793218 0.886563 0.1964852 0.9083654 0.1964852 0.9083654 0.1932381 0.9239055 0.1751468 0.9232093 0.1772342 0.9076692 0.1964852 0.9083654 0.1751468 0.9232093 0.1793218 0.886563 0.1992686 0.886563 0.1964852 0.9083654 0.1964852 0.9083654 0.1992686 0.886563 0.2087782 0.9085972 0.1932381 0.9239055 0.1964852 0.9083654 0.2087782 0.9085972 0.1992686 0.886563 0.2122571 0.8872585 0.2087782 0.9085972 0.2087782 0.9085972 0.2122571 0.8872585 0.2178236 0.9095246 0.2122571 0.8872585 0.2215347 0.8881865 0.2178236 0.9095246 0.2178236 0.9095246 0.2215347 0.8881865 0.2287248 0.888882 0.2261736 0.9116125 0.2178236 0.9095246 0.2287248 0.888882 0.2087782 0.9085972 0.2178236 0.9095246 0.2057626 0.9236729 0.2057626 0.9236729 0.1932381 0.9239055 0.2087782 0.9085972 0.2178236 0.9095246 0.2129529 0.9243692 0.2057626 0.9236729 0.2178236 0.9095246 0.2261736 0.9116125 0.2129529 0.9243692 0.2261736 0.9116125 0.2226943 0.9266882 0.2129529 0.9243692 0.2261736 0.9116125 0.2345232 0.9139316 0.2226943 0.9266882 0.2345232 0.9139316 0.2261736 0.9116125 0.2287248 0.888882 0.2345232 0.9139316 0.2324358 0.929008 0.2226943 0.9266882 0.2226943 0.9266882 0.2324358 0.929008 0.228029 0.9531295 0.2324358 0.929008 0.2342914 0.9292398 0.228029 0.9531295 0.04899948 0.9922695 0.04912805 0.9922878 0.04850357 0.9941613 0.04912805 0.9922878 0.04910969 0.9924531 0.04850357 0.9941613 0.04929333 0.9916266 0.04910969 0.9924531 0.04912805 0.9922878 0.04934847 0.9911674 0.04929333 0.9916266 0.04912805 0.9922878 0.2368426 0.9148597 0.2342914 0.9292398 0.2324358 0.929008 0.2345232 0.9139316 0.2368426 0.9148597 0.2324358 0.929008 0.04920154 0.9911307 0.04912805 0.9922878 0.04899948 0.9922695 0.2368426 0.9148597 0.2345232 0.9139316 0.2373064 0.8895782 0.2345232 0.9139316 0.2359149 0.8895782 0.2373064 0.8895782 0.2359149 0.8895782 0.2345232 0.9139316 0.2287248 0.888882 0.04933011 0.9911307 0.04934847 0.9911674 0.04912805 0.9922878 0.04933011 0.9911307 0.04912805 0.9922878 0.04920154 0.9911307 0.04933011 0.9911307 0.04920154 0.9911307 0.04934847 0.9891287 0.04934847 0.9891287 0.04920154 0.9911307 0.04923826 0.9891287 0.04934847 0.9911674 0.04933011 0.9911307 0.04934847 0.9891287 0.04934847 0.9891287 0.04934847 0.9891287 0.04933011 0.9911307 0.04934847 0.9891287 0.04936683 0.9891287 0.04934847 0.9911674 0.04936683 0.9891287 0.04933011 0.9898083 0.04934847 0.9911674 0.04936683 0.9891287 0.04938519 0.9891287 0.04933011 0.9898083 0.04938519 0.9891287 0.04934847 0.989845 0.04933011 0.9898083 0.04938519 0.9891287 0.04940354 0.9891287 0.04934847 0.989845 0.04940354 0.9891287 0.04934847 0.9899001 0.04934847 0.989845 0.04936683 0.9891287 0.04936683 0.9861533 0.04938519 0.9891287 0.04936683 0.9891287 0.04934847 0.9891287 0.04936683 0.9861533 0.04936683 0.9861533 0.04938519 0.9862084 0.04938519 0.9891287 0.04938519 0.9862084 0.04940354 0.98619 0.04938519 0.9891287 0.04940354 0.9891287 0.04938519 0.9891287 0.04940354 0.98619 0.04940354 0.9891287 0.04942196 0.9891287 0.04934847 0.9899001 0.04942196 0.9891287 0.04936683 0.9899185 0.04934847 0.9899001 0.04934847 0.9891287 0.04934847 0.9891287 0.04936683 0.9863002 0.04934847 0.9891287 0.04936683 0.9863002 0.04936683 0.9861533 0.04936683 0.9861533 0.04936683 0.9863002 0.04938519 0.9838206 0.04936683 0.9863002 0.04936683 0.9838206 0.04938519 0.9838206 0.04936683 0.9863002 0.04934847 0.9864471 0.04936683 0.9838206 0.04934847 0.9864471 0.04936683 0.983839 0.04936683 0.9838206 0.04938519 0.9838206 0.04936683 0.9838206 0.04936683 0.983288 0.04936683 0.9838206 0.04934847 0.9833064 0.04936683 0.983288 0.04934847 0.9833064 0.04936683 0.9838206 0.04936683 0.983839 0.04934847 0.9864471 0.04927498 0.9864839 0.04936683 0.983839 0.04927498 0.9864839 0.04933011 0.983839 0.04936683 0.983839 0.2377703 0.8561791 0.2368426 0.8566427 0.2384662 0.8227799 0.2368426 0.8566427 0.2380023 0.8227799 0.2384662 0.8227799 0.04933011 0.983839 0.04927498 0.9833064 0.04936683 0.983839 0.2377703 0.8160531 0.2384662 0.8227799 0.2380023 0.8227799 0.04927498 0.9833064 0.04931175 0.9833064 0.04936683 0.983839 0.04931175 0.9833064 0.04934847 0.9833064 0.04936683 0.983839 0.04934847 0.9833064 0.04931175 0.9833064 0.04931175 0.9827737 0.04931175 0.9833064 0.04923826 0.9827737 0.04931175 0.9827737 0.04931175 0.9833064 0.04927498 0.9833064 0.0492199 0.9827737 0.04923826 0.9827737 0.04931175 0.9833064 0.0492199 0.9827737 0.2370746 0.8093271 0.2377703 0.8160531 0.2366106 0.8093271 0.2377703 0.8160531 0.2373064 0.8160531 0.2366106 0.8093271 0.2373064 0.8160531 0.2377703 0.8160531 0.2380023 0.8227799 0.2298845 0.8160531 0.2373064 0.8160531 0.2380023 0.8227799 0.2303484 0.8225473 0.2298845 0.8160531 0.2380023 0.8227799 0.04923826 0.9827737 0.0492199 0.9827737 0.04909133 0.982039 0.0492199 0.9827737 0.04905462 0.982039 0.04909133 0.982039 0.04905462 0.982039 0.0492199 0.9827737 0.04918318 0.9827737 0.04909133 0.982039 0.04905462 0.982039 0.04892605 0.9813044 0.04916477 0.982039 0.04909133 0.982039 0.04892605 0.9813044 0.04916477 0.982039 0.04931175 0.9827737 0.04923826 0.9827737 0.04909133 0.982039 0.04916477 0.982039 0.04923826 0.9827737 0.04901784 0.9813044 0.04916477 0.982039 0.04892605 0.9813044 0.04901784 0.9813044 0.04892605 0.9813044 0.04879748 0.980037 0.04887092 0.9800187 0.04901784 0.9813044 0.04879748 0.980037 0.04887092 0.9800187 0.04879748 0.980037 0.04795259 0.9786779 0.04879748 0.980037 0.04791587 0.9786779 0.04795259 0.9786779 0.04795259 0.9786779 0.04791587 0.9786779 0.04784238 0.9785494 0.04793423 0.9785494 0.04795259 0.9786779 0.04784238 0.9785494 0.04793423 0.9785494 0.04784238 0.9785494 0.04802602 0.9784575 0.04791587 0.9786779 0.04780566 0.978733 0.04784238 0.9785494 0.04780566 0.978733 0.04688727 0.9783473 0.04784238 0.9785494 0.04688727 0.9783473 0.04780566 0.978733 0.04593223 0.9781453 0.04780566 0.978733 0.04771381 0.9787881 0.04593223 0.9781453 0.04843014 0.9800187 0.04771381 0.9787881 0.04780566 0.978733 0.04861378 0.9800187 0.04843014 0.9800187 0.04780566 0.978733 0.04861378 0.9800187 0.04780566 0.978733 0.04791587 0.9786779 0.04879748 0.980037 0.04861378 0.9800187 0.04791587 0.9786779 0.04885256 0.9813227 0.04843014 0.9800187 0.04861378 0.9800187 0.04843014 0.9800187 0.04885256 0.9813227 0.04833829 0.9813411 0.04775053 0.980037 0.04843014 0.9800187 0.04833829 0.9813411 0.04843014 0.9800187 0.04775053 0.980037 0.04771381 0.9787881 0.04888927 0.9813044 0.04885256 0.9813227 0.04861378 0.9800187 0.04901784 0.9820574 0.04885256 0.9813227 0.04888927 0.9813044 0.04905462 0.982039 0.04901784 0.9820574 0.04888927 0.9813044 0.04688727 0.9783473 0.04593223 0.9781453 0.04718118 0.9782738 0.04718118 0.9782738 0.04802602 0.9784575 0.04784238 0.9785494 0.04688727 0.9783473 0.04718118 0.9782738 0.04784238 0.9785494 0.04718118 0.9782738 0.04593223 0.9781453 0.04532611 0.9781453 0.04488527 0.9781636 0.04718118 0.9782738 0.04532611 0.9781453 0.04802602 0.9784575 0.04718118 0.9782738 0.04033029 0.9779983 0.04718118 0.9782738 0.04488527 0.9781636 0.04033029 0.9779983 0.04488527 0.9781636 0.04258942 0.9780535 0.04033029 0.9779983 0.04258942 0.9780535 0.04033029 0.9780167 0.04033029 0.9779983 0.04874235 0.9783657 0.04802602 0.9784575 0.04033029 0.9779983 0.04874235 0.9783657 0.04846686 0.9787514 0.04802602 0.9784575 0.04846686 0.9787514 0.04800766 0.9785677 0.04802602 0.9784575 0.04033029 0.9780167 0.04258942 0.9780535 0.04310369 0.9781453 0.04310369 0.9781453 0.04258942 0.9780535 0.04470163 0.9781453 0.04488527 0.9781636 0.04532611 0.9781453 0.04470163 0.9781453 0.04258942 0.9780535 0.04488527 0.9781636 0.04470163 0.9781453 0.04470163 0.9781453 0.04565674 0.9784575 0.04310369 0.9781453 0.04565674 0.9784575 0.04470163 0.9781453 0.04532611 0.9781453 0.04565674 0.9784575 0.04376488 0.9784208 0.04310369 0.9781453 0.04565674 0.9784575 0.04561996 0.9800187 0.04376488 0.9784208 0.04561996 0.9800187 0.04565674 0.9784575 0.04640978 0.980037 0.04640978 0.980037 0.04565674 0.9784575 0.04708933 0.980037 0.04708933 0.980037 0.04784238 0.9813411 0.04640978 0.980037 0.04784238 0.9813411 0.04708933 0.9813411 0.04640978 0.980037 0.04640978 0.980037 0.04708933 0.9813411 0.04561996 0.9800187 0.04708933 0.9813411 0.04611587 0.9813595 0.04561996 0.9800187 0.04561996 0.9800187 0.04418736 0.9800003 0.04376488 0.9784208 0.04561996 0.9800187 0.04611587 0.9813595 0.04418736 0.9800003 0.04611587 0.9813595 0.04457306 0.9813227 0.04418736 0.9800003 0.04462814 0.982039 0.04457306 0.9813227 0.04611587 0.9813595 0.1790897 0.8000494 0.1514891 0.8002812 0.178394 0.7910035 0.0424425 0.9820574 0.042369 0.9813411 0.04457306 0.9813227 0.1514891 0.8002812 0.124816 0.8002812 0.1505614 0.7912361 0.124816 0.8002812 0.124816 0.7912361 0.1505614 0.7912361 0.04615259 0.9820758 0.04462814 0.982039 0.04611587 0.9813595 0.04615259 0.9820758 0.04611587 0.9813595 0.04708933 0.9813411 0.042167 0.980037 0.04418736 0.9800003 0.04457306 0.9813227 0.042369 0.9813411 0.042167 0.980037 0.04457306 0.9813227 0.04418736 0.9800003 0.042167 0.980037 0.04196494 0.9784208 0.04376488 0.9784208 0.04418736 0.9800003 0.04196494 0.9784208 0.04719954 0.9820574 0.04615259 0.9820758 0.04708933 0.9813411 0.04719954 0.9820574 0.04708933 0.9813411 0.04784238 0.9813411 0.04795259 0.9820758 0.04719954 0.9820574 0.04784238 0.9813411 0.04795259 0.9820758 0.04784238 0.9813411 0.04833829 0.9813411 0.04848521 0.9820574 0.04795259 0.9820758 0.04833829 0.9813411 0.04196494 0.9784208 0.04174453 0.9781453 0.04376488 0.9784208 0.04174453 0.9781453 0.04310369 0.9781453 0.04376488 0.9784208 0.04174453 0.9781453 0.04033029 0.9780167 0.04310369 0.9781453 0.04033029 0.980037 0.042167 0.980037 0.042369 0.9813411 0.04033029 0.9813411 0.04033029 0.980037 0.042369 0.9813411 0.04033029 0.9784208 0.04196494 0.9784208 0.042167 0.980037 0.04033029 0.980037 0.04033029 0.9784208 0.042167 0.980037 0.04033029 0.9781636 0.04174453 0.9781453 0.04196494 0.9784208 0.04033029 0.9784208 0.04033029 0.9781636 0.04196494 0.9784208 0.04174453 0.9781453 0.04033029 0.9781636 0.04033029 0.9780167 0.1990364 0.8095589 0.1983405 0.8005138 0.2115612 0.8002812 0.1990364 0.8095589 0.1797854 0.8090952 0.1983405 0.8005138 0.1990364 0.8095589 0.1997323 0.8160531 0.1797854 0.8090952 0.1997323 0.8160531 0.1797854 0.8158213 0.1797854 0.8090952 0.1797854 0.8090952 0.1797854 0.8158213 0.1524168 0.8095589 0.1797854 0.8158213 0.1521848 0.8158213 0.1524168 0.8095589 0.1521848 0.8158213 0.124816 0.8158213 0.1524168 0.8095589 0.124816 0.8158213 0.124816 0.8095589 0.1524168 0.8095589 0.2131848 0.8160531 0.1997323 0.8160531 0.1990364 0.8095589 0.2127211 0.8095589 0.2131848 0.8160531 0.1990364 0.8095589 0.2226943 0.8160531 0.2131848 0.8160531 0.2127211 0.8095589 0.2222304 0.8095589 0.2226943 0.8160531 0.2127211 0.8095589 0.2298845 0.8160531 0.2226943 0.8160531 0.2222304 0.8095589 0.2294207 0.8095589 0.2298845 0.8160531 0.2222304 0.8095589 0.124816 0.8158213 0.1521848 0.8158213 0.1521848 0.8220837 0.124816 0.8220837 0.124816 0.8158213 0.1521848 0.8220837 0.124816 0.8547874 0.124816 0.8220837 0.1521848 0.8220837 0.1510251 0.8547874 0.124816 0.8547874 0.1521848 0.8220837 0.1795536 0.8550192 0.1510251 0.8547874 0.1521848 0.8220837 0.1797854 0.8223155 0.1795536 0.8550192 0.1521848 0.8220837 0.1521848 0.8220837 0.1521848 0.8158213 0.1797854 0.8223155 0.1999645 0.855251 0.1795536 0.8550192 0.1797854 0.8223155 0.2006602 0.8225473 0.1999645 0.855251 0.1797854 0.8223155 0.1999645 0.855251 0.2006602 0.8225473 0.2134169 0.8225473 0.2127211 0.8554828 0.1999645 0.855251 0.2134169 0.8225473 0.2127211 0.8554828 0.2134169 0.8225473 0.2229263 0.8223155 0.2222304 0.8559473 0.2127211 0.8554828 0.2229263 0.8223155 0.2222304 0.8559473 0.2229263 0.8223155 0.2303484 0.8225473 0.2294207 0.8561791 0.2222304 0.8559473 0.2303484 0.8225473 0.1797854 0.8223155 0.1797854 0.8158213 0.2006602 0.8225473 0.1521848 0.8158213 0.1797854 0.8158213 0.1797854 0.8223155 0.1797854 0.8158213 0.1997323 0.8160531 0.2006602 0.8225473 0.2006602 0.8225473 0.1997323 0.8160531 0.2134169 0.8225473 0.1997323 0.8160531 0.2131848 0.8160531 0.2134169 0.8225473 0.2134169 0.8225473 0.2131848 0.8160531 0.2229263 0.8223155 0.2131848 0.8160531 0.2226943 0.8160531 0.2229263 0.8223155 0.2229263 0.8223155 0.2226943 0.8160531 0.2303484 0.8225473 0.2294207 0.8561791 0.2303484 0.8225473 0.2380023 0.8227799 0.2368426 0.8566427 0.2294207 0.8561791 0.2380023 0.8227799 0.2226943 0.8160531 0.2298845 0.8160531 0.2303484 0.8225473 0.2215347 0.8881865 0.2222304 0.8559473 0.2294207 0.8561791 0.2127211 0.8554828 0.2222304 0.8559473 0.2215347 0.8881865 0.2287248 0.888882 0.2215347 0.8881865 0.2294207 0.8561791 0.2287248 0.888882 0.2294207 0.8561791 0.2368426 0.8566427 0.2122571 0.8872585 0.2127211 0.8554828 0.2215347 0.8881865 0.1999645 0.855251 0.2127211 0.8554828 0.2122571 0.8872585 0.1992686 0.886563 0.1999645 0.855251 0.2122571 0.8872585 0.1795536 0.8550192 0.1999645 0.855251 0.1992686 0.886563 0.1793218 0.886563 0.1795536 0.8550192 0.1992686 0.886563 0.1510251 0.8547874 0.1795536 0.8550192 0.1793218 0.886563 0.1500974 0.886563 0.1510251 0.8547874 0.1793218 0.886563 0.124816 0.8547874 0.1510251 0.8547874 0.1500974 0.886563 0.124816 0.886563 0.124816 0.8547874 0.1500974 0.886563 0.2359149 0.8895782 0.2287248 0.888882 0.2368426 0.8566427 0.2359149 0.8895782 0.2368426 0.8566427 0.2377703 0.8561791 0.2373064 0.8895782 0.2359149 0.8895782 0.2377703 0.8561791 0.04923826 0.9891287 0.04927498 0.9864839 0.04934847 0.9891287 0.04927498 0.9864839 0.04934847 0.9864471 0.04934847 0.9891287 0.04934847 0.9891287 0.04934847 0.9864471 0.04936683 0.9863002 0.124816 0.8547874 0.124816 0.886563 0.09999853 0.886563 0.09999853 0.886563 0.124816 0.886563 0.1009262 0.9083654 0.124816 0.886563 0.124816 0.9083654 0.1009262 0.9083654 0.09999853 0.886563 0.1009262 0.9083654 0.0742532 0.9081336 0.07262963 0.8870266 0.09999853 0.886563 0.0742532 0.9081336 0.07262963 0.8870266 0.0742532 0.9081336 0.05314677 0.9083654 0.0510593 0.8872585 0.07262963 0.8870266 0.05314677 0.9083654 0.0510593 0.8872585 0.05314677 0.9083654 0.04085403 0.9085972 0.03830265 0.8872585 0.0510593 0.8872585 0.04085403 0.9085972 0.03830265 0.8872585 0.04085403 0.9085972 0.03157645 0.9097571 0.02832925 0.8886502 0.03830265 0.8872585 0.03157645 0.9097571 0.02832925 0.8886502 0.03157645 0.9097571 0.02090716 0.888882 0.03157645 0.9097571 0.02345848 0.9116125 0.02090716 0.888882 0.1009262 0.9083654 0.124816 0.9083654 0.124816 0.9239055 0.101854 0.9239055 0.1009262 0.9083654 0.124816 0.9239055 0.0742532 0.9081336 0.1009262 0.9083654 0.101854 0.9239055 0.1032456 0.9394448 0.101854 0.9239055 0.124816 0.9239055 0.124816 0.9396767 0.1032456 0.9394448 0.124816 0.9239055 0.1032456 0.9394448 0.07958781 0.939213 0.101854 0.9239055 0.07958781 0.939213 0.07657259 0.9239055 0.101854 0.9239055 0.07657259 0.9239055 0.0742532 0.9081336 0.101854 0.9239055 0.05314677 0.9083654 0.0742532 0.9081336 0.07657259 0.9239055 0.07958781 0.939213 0.06080073 0.9394448 0.07657259 0.9239055 0.06080073 0.9394448 0.05639392 0.9239055 0.07657259 0.9239055 0.05639392 0.9239055 0.05314677 0.9083654 0.07657259 0.9239055 0.05314677 0.9083654 0.05639392 0.9239055 0.04085403 0.9085972 0.03157645 0.9097571 0.04085403 0.9085972 0.04386919 0.9236729 0.05639392 0.9239055 0.04386919 0.9236729 0.04085403 0.9085972 0.04386919 0.9236729 0.05639392 0.9239055 0.06080073 0.9394448 0.03598326 0.9248328 0.03157645 0.9097571 0.04386919 0.9236729 0.02345848 0.9116125 0.03157645 0.9097571 0.03598326 0.9248328 0.02670568 0.9266882 0.02345848 0.9116125 0.03598326 0.9248328 0.0151087 0.9139316 0.02345848 0.9116125 0.02670568 0.9266882 0.02345848 0.9116125 0.0151087 0.9139316 0.02090716 0.888882 0.01696425 0.929008 0.0151087 0.9139316 0.02670568 0.9266882 0.01696425 0.929008 0.02670568 0.9266882 0.02137106 0.9531295 0.01534062 0.9292398 0.01696425 0.929008 0.02137106 0.9531295 0.03153252 0.9922878 0.03166109 0.9922695 0.03213864 0.9941613 0.03153252 0.9924531 0.03153252 0.9922878 0.03213864 0.9941613 0.03153252 0.9924531 0.03136724 0.9916266 0.03153252 0.9922878 0.03136724 0.9916266 0.0313121 0.9911674 0.03153252 0.9922878 0.01278924 0.9148597 0.0151087 0.9139316 0.01696425 0.929008 0.01534062 0.9292398 0.01278924 0.9148597 0.01696425 0.929008 0.03153252 0.9922878 0.03145903 0.9911307 0.03166109 0.9922695 0.0151087 0.9139316 0.01278924 0.9148597 0.0123254 0.8895782 0.01371705 0.8895782 0.0151087 0.9139316 0.0123254 0.8895782 0.0313121 0.9911674 0.0313121 0.9911307 0.03153252 0.9922878 0.03153252 0.9922878 0.0313121 0.9911307 0.03145903 0.9911307 0.03145903 0.9911307 0.0313121 0.9911307 0.0313121 0.9891287 0.03145903 0.9911307 0.0313121 0.9891287 0.03142231 0.9891287 0.0313121 0.9911307 0.0313121 0.9911674 0.0313121 0.9891287 0.0313121 0.9891287 0.0313121 0.9891287 0.0313121 0.9911307 0.03129374 0.9891287 0.0313121 0.9891287 0.0313121 0.9911674 0.03133046 0.9898083 0.03129374 0.9891287 0.0313121 0.9911674 0.03127539 0.9891287 0.03129374 0.9891287 0.03133046 0.9898083 0.0313121 0.989845 0.03127539 0.9891287 0.03133046 0.9898083 0.03123861 0.9891287 0.03127539 0.9891287 0.0313121 0.989845 0.03129374 0.9899001 0.03123861 0.9891287 0.0313121 0.989845 0.03127539 0.9861533 0.03129374 0.9891287 0.03127539 0.9891287 0.0313121 0.9891287 0.03129374 0.9891287 0.03127539 0.9861533 0.03125703 0.9862084 0.03127539 0.9861533 0.03127539 0.9891287 0.03125703 0.98619 0.03125703 0.9862084 0.03127539 0.9891287 0.03127539 0.9891287 0.03123861 0.9891287 0.03125703 0.98619 0.03123861 0.9891287 0.03123861 0.9891287 0.03129374 0.9899001 0.03129374 0.9899185 0.03123861 0.9891287 0.03129374 0.9899001 0.0313121 0.9891287 0.0313121 0.9891287 0.03129374 0.9863002 0.03129374 0.9863002 0.0313121 0.9891287 0.03127539 0.9861533 0.03129374 0.9863002 0.03127539 0.9861533 0.03127539 0.9838206 0.03127539 0.9838206 0.03129374 0.9863002 0.03127539 0.9838206 0.0313121 0.9864471 0.03129374 0.9863002 0.03127539 0.9838206 0.03129374 0.983839 0.0313121 0.9864471 0.03127539 0.9838206 0.03127539 0.9838206 0.03127539 0.9838206 0.03127539 0.983288 0.0313121 0.9833064 0.03127539 0.9838206 0.03127539 0.983288 0.03127539 0.9838206 0.0313121 0.9833064 0.03129374 0.983839 0.0313856 0.9864839 0.0313121 0.9864471 0.03129374 0.983839 0.03133046 0.983839 0.0313856 0.9864839 0.03129374 0.983839 0.01278924 0.8566427 0.01186156 0.8561791 0.01116573 0.8227799 0.01162964 0.8227799 0.01278924 0.8566427 0.01116573 0.8227799 0.0313856 0.9833064 0.03133046 0.983839 0.03129374 0.983839 0.01116573 0.8227799 0.01186156 0.8160531 0.01162964 0.8227799 0.03134882 0.9833064 0.0313856 0.9833064 0.03129374 0.983839 0.0313121 0.9833064 0.03134882 0.9833064 0.03129374 0.983839 0.03134882 0.9833064 0.0313121 0.9833064 0.03134882 0.9827737 0.03140395 0.9827737 0.03134882 0.9833064 0.03134882 0.9827737 0.03134882 0.9833064 0.03140395 0.9827737 0.03144067 0.9827737 0.0313856 0.9833064 0.03134882 0.9833064 0.03144067 0.9827737 0.01186156 0.8160531 0.01255732 0.8093271 0.01278924 0.8093271 0.0123254 0.8160531 0.01186156 0.8160531 0.01278924 0.8093271 0.01186156 0.8160531 0.0123254 0.8160531 0.01162964 0.8227799 0.0123254 0.8160531 0.01951551 0.8160531 0.01162964 0.8227799 0.01951551 0.8160531 0.01928359 0.8225473 0.01162964 0.8227799 0.03144067 0.9827737 0.03140395 0.9827737 0.03156924 0.982039 0.03160595 0.982039 0.03144067 0.9827737 0.03156924 0.982039 0.03144067 0.9827737 0.03160595 0.982039 0.03145903 0.9827737 0.03160595 0.982039 0.03156924 0.982039 0.03171616 0.9813044 0.03156924 0.982039 0.0314958 0.982039 0.03171616 0.9813044 0.0314958 0.982039 0.03156924 0.982039 0.03140395 0.9827737 0.03134882 0.9827737 0.0314958 0.982039 0.03140395 0.9827737 0.0314958 0.982039 0.03164273 0.9813044 0.03171616 0.9813044 0.03171616 0.9813044 0.03164273 0.9813044 0.03186309 0.980037 0.03164273 0.9813044 0.0317713 0.9800187 0.03186309 0.980037 0.03186309 0.980037 0.0317713 0.9800187 0.03268963 0.9786779 0.03274476 0.9786779 0.03186309 0.980037 0.03268963 0.9786779 0.03274476 0.9786779 0.03268963 0.9786779 0.03279983 0.9785494 0.03268963 0.9786779 0.03272634 0.9785494 0.03279983 0.9785494 0.03279983 0.9785494 0.03272634 0.9785494 0.03263455 0.9784575 0.03283655 0.978733 0.03274476 0.9786779 0.03279983 0.9785494 0.03375494 0.9783473 0.03283655 0.978733 0.03279983 0.9785494 0.03283655 0.978733 0.03375494 0.9783473 0.03470999 0.9781453 0.03294676 0.9787881 0.03283655 0.978733 0.03470999 0.9781453 0.03294676 0.9787881 0.03223043 0.9800187 0.03283655 0.978733 0.03223043 0.9800187 0.03204679 0.9800187 0.03283655 0.978733 0.03204679 0.9800187 0.03186309 0.980037 0.03274476 0.9786779 0.03283655 0.978733 0.03204679 0.9800187 0.03274476 0.9786779 0.03223043 0.9800187 0.03180801 0.9813227 0.03204679 0.9800187 0.03180801 0.9813227 0.03223043 0.9800187 0.03230392 0.9813411 0.03223043 0.9800187 0.03289169 0.980037 0.03230392 0.9813411 0.03289169 0.980037 0.03223043 0.9800187 0.03294676 0.9787881 0.03180801 0.9813227 0.0317713 0.9813044 0.03204679 0.9800187 0.03180801 0.9813227 0.03164273 0.9820574 0.0317713 0.9813044 0.03164273 0.9820574 0.03160595 0.982039 0.0317713 0.9813044 0.03470999 0.9781453 0.03375494 0.9783473 0.03347939 0.9782738 0.03347939 0.9782738 0.03375494 0.9783473 0.03279983 0.9785494 0.03263455 0.9784575 0.03347939 0.9782738 0.03279983 0.9785494 0.03470999 0.9781453 0.03347939 0.9782738 0.03533446 0.9781453 0.03347939 0.9782738 0.0357753 0.9781636 0.03533446 0.9781453 0.03347939 0.9782738 0.03263455 0.9784575 0.04033029 0.9779983 0.0357753 0.9781636 0.03347939 0.9782738 0.04033029 0.9779983 0.03807115 0.9780535 0.0357753 0.9781636 0.04033029 0.9779983 0.04033029 0.9780167 0.03807115 0.9780535 0.04033029 0.9779983 0.03263455 0.9784575 0.03189986 0.9783657 0.04033029 0.9779983 0.03219372 0.9787514 0.03189986 0.9783657 0.03263455 0.9784575 0.03263455 0.9785677 0.03219372 0.9787514 0.03263455 0.9784575 0.03807115 0.9780535 0.04033029 0.9780167 0.03753852 0.9781453 0.03807115 0.9780535 0.03753852 0.9781453 0.03595894 0.9781453 0.0357753 0.9781636 0.03807115 0.9780535 0.03595894 0.9781453 0.03533446 0.9781453 0.0357753 0.9781636 0.03595894 0.9781453 0.0345447 0.9784575 0.03595894 0.9781453 0.03753852 0.9781453 0.03595894 0.9781453 0.0345447 0.9784575 0.03533446 0.9781453 0.03706097 0.9784575 0.0345447 0.9784575 0.03753852 0.9781453 0.03511404 0.980037 0.0345447 0.9784575 0.03706097 0.9784575 0.0345447 0.9784575 0.03511404 0.980037 0.03467327 0.980037 0.0345447 0.9784575 0.03467327 0.980037 0.03366309 0.980037 0.03285491 0.9813595 0.03366309 0.980037 0.03467327 0.980037 0.03360801 0.9813411 0.03285491 0.9813595 0.03467327 0.980037 0.03360801 0.9813411 0.03467327 0.980037 0.03511404 0.980037 0.03458142 0.9813595 0.03360801 0.9813411 0.03511404 0.980037 0.03662014 0.980037 0.03511404 0.980037 0.03706097 0.9784575 0.03458142 0.9813595 0.03511404 0.980037 0.03662014 0.980037 0.03627121 0.9813411 0.03458142 0.9813595 0.03662014 0.980037 0.03627121 0.9813411 0.03623443 0.9820758 0.03458142 0.9813595 0.09999853 0.8002812 0.07309359 0.8005138 0.07355743 0.7912361 0.038365 0.9813595 0.038365 0.9820574 0.03627121 0.9813411 0.124816 0.8002812 0.09999853 0.8002812 0.09999853 0.791468 0.124816 0.7912361 0.124816 0.8002812 0.09999853 0.791468 0.03623443 0.9820758 0.0345447 0.9820758 0.03458142 0.9813595 0.03458142 0.9813595 0.0345447 0.9820758 0.03360801 0.9813411 0.03858542 0.9800187 0.038365 0.9813595 0.03627121 0.9813411 0.03662014 0.980037 0.03858542 0.9800187 0.03627121 0.9813411 0.03662014 0.980037 0.03706097 0.9784575 0.03876912 0.9784208 0.03858542 0.9800187 0.03662014 0.980037 0.03876912 0.9784208 0.0345447 0.9820758 0.03349781 0.9820574 0.03360801 0.9813411 0.03360801 0.9813411 0.03349781 0.9820574 0.03285491 0.9813595 0.03349781 0.9820574 0.03274476 0.9820758 0.03285491 0.9813595 0.03285491 0.9813595 0.03274476 0.9820758 0.03230392 0.9813411 0.03274476 0.9820758 0.03217536 0.9820574 0.03230392 0.9813411 0.03895276 0.9781453 0.03876912 0.9784208 0.03706097 0.9784575 0.03753852 0.9781453 0.03895276 0.9781453 0.03706097 0.9784575 0.04033029 0.9780167 0.03895276 0.9781453 0.03753852 0.9781453 0.04033029 0.980037 0.04033029 0.9813411 0.038365 0.9813595 0.03858542 0.9800187 0.04033029 0.980037 0.038365 0.9813595 0.04033029 0.9784208 0.04033029 0.980037 0.03858542 0.9800187 0.03876912 0.9784208 0.04033029 0.9784208 0.03858542 0.9800187 0.04033029 0.9781636 0.04033029 0.9784208 0.03876912 0.9784208 0.03895276 0.9781453 0.04033029 0.9781636 0.03876912 0.9784208 0.04033029 0.9781636 0.03895276 0.9781453 0.04033029 0.9780167 0.05175518 0.8005138 0.0510593 0.8095589 0.03853464 0.8002812 0.07262963 0.8095589 0.0510593 0.8095589 0.05175518 0.8005138 0.05059546 0.8160531 0.0510593 0.8095589 0.07262963 0.8095589 0.07193386 0.8158213 0.05059546 0.8160531 0.07262963 0.8095589 0.07193386 0.8158213 0.07262963 0.8095589 0.09976655 0.8095589 0.09976655 0.8158213 0.07193386 0.8158213 0.09976655 0.8095589 0.124816 0.8158213 0.09976655 0.8158213 0.09976655 0.8095589 0.124816 0.8095589 0.124816 0.8158213 0.09976655 0.8095589 0.05059546 0.8160531 0.03737479 0.8160531 0.0510593 0.8095589 0.03737479 0.8160531 0.03760683 0.8095589 0.0510593 0.8095589 0.03737479 0.8160531 0.02763336 0.8160531 0.03760683 0.8095589 0.02763336 0.8160531 0.02763336 0.8095589 0.03760683 0.8095589 0.02763336 0.8160531 0.01951551 0.8160531 0.02763336 0.8095589 0.01951551 0.8160531 0.01997947 0.8095589 0.02763336 0.8095589 0.09976655 0.8158213 0.124816 0.8158213 0.09976655 0.8225473 0.124816 0.8158213 0.124816 0.8220837 0.09976655 0.8225473 0.124816 0.8220837 0.124816 0.8547874 0.09976655 0.8225473 0.124816 0.8547874 0.09999853 0.8547874 0.09976655 0.8225473 0.09999853 0.8547874 0.07193386 0.8550192 0.09976655 0.8225473 0.07193386 0.8550192 0.07123804 0.8227799 0.09976655 0.8225473 0.09976655 0.8158213 0.09976655 0.8225473 0.07123804 0.8227799 0.07193386 0.8550192 0.05059546 0.855251 0.07123804 0.8227799 0.05059546 0.855251 0.04989957 0.8223155 0.07123804 0.8227799 0.04989957 0.8223155 0.05059546 0.855251 0.03714299 0.8227799 0.05059546 0.855251 0.03783881 0.8554828 0.03714299 0.8227799 0.03714299 0.8227799 0.03783881 0.8554828 0.02763336 0.8223155 0.03783881 0.8554828 0.02809721 0.8559473 0.02763336 0.8223155 0.02763336 0.8223155 0.02809721 0.8559473 0.01928359 0.8225473 0.02809721 0.8559473 0.01997947 0.8561791 0.01928359 0.8225473 0.07193386 0.8158213 0.07123804 0.8227799 0.04989957 0.8223155 0.07193386 0.8158213 0.09976655 0.8158213 0.07123804 0.8227799 0.05059546 0.8160531 0.07193386 0.8158213 0.04989957 0.8223155 0.05059546 0.8160531 0.04989957 0.8223155 0.03714299 0.8227799 0.03737479 0.8160531 0.05059546 0.8160531 0.03714299 0.8227799 0.03737479 0.8160531 0.03714299 0.8227799 0.02763336 0.8223155 0.02763336 0.8160531 0.03737479 0.8160531 0.02763336 0.8223155 0.02763336 0.8160531 0.02763336 0.8223155 0.01928359 0.8225473 0.01928359 0.8225473 0.01997947 0.8561791 0.01162964 0.8227799 0.01997947 0.8561791 0.01278924 0.8566427 0.01162964 0.8227799 0.01951551 0.8160531 0.02763336 0.8160531 0.01928359 0.8225473 0.02809721 0.8559473 0.02832925 0.8886502 0.01997947 0.8561791 0.02809721 0.8559473 0.03783881 0.8554828 0.02832925 0.8886502 0.02832925 0.8886502 0.02090716 0.888882 0.01997947 0.8561791 0.01997947 0.8561791 0.02090716 0.888882 0.01278924 0.8566427 0.03783881 0.8554828 0.03830265 0.8872585 0.02832925 0.8886502 0.03783881 0.8554828 0.05059546 0.855251 0.03830265 0.8872585 0.05059546 0.855251 0.0510593 0.8872585 0.03830265 0.8872585 0.05059546 0.855251 0.07193386 0.8550192 0.0510593 0.8872585 0.07193386 0.8550192 0.07262963 0.8870266 0.0510593 0.8872585 0.07193386 0.8550192 0.09999853 0.8547874 0.07262963 0.8870266 0.09999853 0.8547874 0.09999853 0.886563 0.07262963 0.8870266 0.09999853 0.8547874 0.124816 0.8547874 0.09999853 0.886563 0.02090716 0.888882 0.01371705 0.8895782 0.01278924 0.8566427 0.0151087 0.9139316 0.01371705 0.8895782 0.02090716 0.888882 0.01278924 0.8566427 0.01371705 0.8895782 0.01186156 0.8561791 0.01371705 0.8895782 0.0123254 0.8895782 0.01186156 0.8561791 0.0313856 0.9864839 0.03142231 0.9891287 0.0313121 0.9891287 0.0313121 0.9864471 0.0313856 0.9864839 0.0313121 0.9891287 0.0313121 0.9864471 0.0313121 0.9891287 0.03129374 0.9863002 0.04033029 0.9966408 0.04916477 0.9941062 0.04933011 0.993849 0.04033029 0.9966408 0.04033029 0.9966408 0.04933011 0.993849 0.04033029 0.9966592 0.04033029 0.9966408 0.04933011 0.993849 0.04033029 0.9966592 0.04933011 0.993849 0.04486691 0.9955021 0.04486691 0.9955021 0.04933011 0.993849 0.04940354 0.9943449 0.04940354 0.9943449 0.04933011 0.993849 0.04944032 0.9917368 0.04944032 0.9917368 0.04933011 0.993849 0.04942196 0.9916633 0.04944032 0.9944184 0.04940354 0.9943449 0.04944032 0.9917368 0.04944032 0.9902307 0.04944032 0.9944184 0.04944032 0.9917368 0.04944032 0.9902307 0.04944032 0.9917368 0.04945868 0.9891471 0.04945868 0.9891471 0.04944032 0.9917368 0.04942196 0.9916633 0.04942196 0.9916633 0.04944032 0.9891287 0.04945868 0.9891471 0.04942196 0.9891287 0.04944032 0.9891287 0.04942196 0.9916633 0.04945868 0.9861349 0.04944032 0.9902307 0.04945868 0.9891471 0.04945868 0.9891471 0.04944032 0.9891287 0.04945868 0.9861349 0.04033029 0.9966592 0.04033029 0.9966592 0.04486691 0.9955021 0.04944032 0.9891287 0.04942196 0.9891287 0.04944032 0.9862267 0.04944032 0.9891287 0.04944032 0.9862267 0.04945868 0.9861349 0.04945868 0.9861349 0.04944032 0.9862267 0.04945868 0.983839 0.04944032 0.9862267 0.04944032 0.983839 0.04945868 0.983839 0.04944032 0.9862267 0.04942196 0.9863185 0.04944032 0.983839 0.04942196 0.9891287 0.04942196 0.9863185 0.04944032 0.9862267 0.04942196 0.9863185 0.04944032 0.983839 0.04944032 0.983839 0.04945868 0.983839 0.04944032 0.983839 0.04945868 0.983288 0.04944032 0.983839 0.04944032 0.9833064 0.04945868 0.983288 0.04944032 0.9833064 0.04944032 0.983839 0.04944032 0.983839 0.04944032 0.983839 0.04942196 0.9863185 0.04942196 0.983839 0.04944032 0.983839 0.04942196 0.983839 0.04942196 0.9833064 0.04942196 0.9833064 0.04944032 0.9833064 0.04944032 0.983839 0.04944032 0.9833064 0.04942196 0.9833064 0.04944032 0.9827737 0.04942196 0.9833064 0.04942196 0.9827737 0.04944032 0.9827737 0.04942196 0.983839 0.04942196 0.9833064 0.04942196 0.9833064 0.04942196 0.9833064 0.04942196 0.9833064 0.04942196 0.9827737 0.04942196 0.9833064 0.04940354 0.9827737 0.04942196 0.9827737 0.04942196 0.9827737 0.04940354 0.9827737 0.04938519 0.9820207 0.04942196 0.9827737 0.04938519 0.9820207 0.04944032 0.9827737 0.04940354 0.9827737 0.04938519 0.9820207 0.04938519 0.9820207 0.04938519 0.9820207 0.04938519 0.9820207 0.04934847 0.9812676 0.04936683 0.9812676 0.04938519 0.9820207 0.04934847 0.9812676 0.04940354 0.9820207 0.04938519 0.9820207 0.04936683 0.9812676 0.04938519 0.9820207 0.04940354 0.9820207 0.04944032 0.9827737 0.04938519 0.9812676 0.04940354 0.9820207 0.04936683 0.9812676 0.04938519 0.9812676 0.04936683 0.9812676 0.04933011 0.9799636 0.04936683 0.9799452 0.04938519 0.9812676 0.04933011 0.9799636 0.04936683 0.9799452 0.04933011 0.9799636 0.04890769 0.9790269 0.04916477 0.9793024 0.04936683 0.9799452 0.04890769 0.9790269 0.04944032 0.9827737 0.04940354 0.9820207 0.04944032 0.9827554 0.04940354 0.9820207 0.04942196 0.9820023 0.04944032 0.9827554 0.04942196 0.9820023 0.04940354 0.9820207 0.04938519 0.9812676 0.04936683 0.9812676 0.04934847 0.9812676 0.04933011 0.9799636 0.04933011 0.9799636 0.04936683 0.9812676 0.04933011 0.9799636 0.04933011 0.9799636 0.04933011 0.9799636 0.04877912 0.9790269 0.04890769 0.9790269 0.04933011 0.9799636 0.04877912 0.9790269 0.04940354 0.9827737 0.04942196 0.9833064 0.04940354 0.9827554 0.04942196 0.9833064 0.04940354 0.983288 0.04940354 0.9827554 0.04940354 0.983288 0.04940354 0.983288 0.04940354 0.9827554 0.04940354 0.983288 0.04938519 0.982737 0.04940354 0.9827554 0.04940354 0.983288 0.04938519 0.983288 0.04938519 0.982737 0.04938519 0.9838206 0.04938519 0.983288 0.04940354 0.983288 0.04940354 0.9838206 0.04938519 0.9838206 0.04940354 0.983288 0.04940354 0.983288 0.04940354 0.983288 0.04940354 0.9838206 0.04938519 0.983288 0.04938519 0.9827554 0.04938519 0.982737 0.04938519 0.983288 0.04936683 0.983288 0.04938519 0.9827554 0.04936683 0.983288 0.04936683 0.9827737 0.04938519 0.9827554 0.04938519 0.982737 0.04938519 0.9827554 0.04936683 0.9820023 0.04938519 0.9827554 0.04929333 0.9820207 0.04936683 0.9820023 0.04929333 0.9820207 0.04938519 0.9827554 0.04936683 0.9827737 0.04936683 0.983288 0.04934847 0.9833064 0.04936683 0.9827737 0.04934847 0.9833064 0.04931175 0.9827737 0.04936683 0.9827737 0.04936683 0.9827737 0.04931175 0.9827737 0.04923826 0.982039 0.04923826 0.982039 0.04929333 0.9820207 0.04936683 0.9827737 0.04929333 0.9820207 0.04923826 0.982039 0.04909133 0.9813044 0.0492199 0.981286 0.04929333 0.9820207 0.04909133 0.9813044 0.0492199 0.981286 0.04909133 0.9813044 0.04896277 0.9800003 0.04912805 0.979982 0.0492199 0.981286 0.04896277 0.9800003 0.04912805 0.979982 0.04896277 0.9800003 0.04800766 0.9786779 0.04828315 0.9788616 0.04912805 0.979982 0.04800766 0.9786779 0.04828315 0.9788616 0.04800766 0.9786779 0.04800766 0.9785677 0.04846686 0.9787514 0.04828315 0.9788616 0.04800766 0.9785677 0.04931175 0.9827737 0.04916477 0.982039 0.04923826 0.982039 0.04923826 0.982039 0.04916477 0.982039 0.04909133 0.9813044 0.04916477 0.982039 0.04901784 0.9813044 0.04909133 0.9813044 0.04909133 0.9813044 0.04901784 0.9813044 0.04896277 0.9800003 0.04901784 0.9813044 0.04887092 0.9800187 0.04896277 0.9800003 0.04896277 0.9800003 0.04887092 0.9800187 0.04800766 0.9786779 0.04887092 0.9800187 0.04795259 0.9786779 0.04800766 0.9786779 0.04800766 0.9786779 0.04795259 0.9786779 0.04800766 0.9785677 0.04795259 0.9786779 0.04793423 0.9785494 0.04800766 0.9785677 0.04800766 0.9785677 0.04793423 0.9785494 0.04802602 0.9784575 0.0492199 0.981286 0.04912805 0.979982 0.04931175 0.9799452 0.04933011 0.981286 0.0492199 0.981286 0.04931175 0.9799452 0.04934847 0.9812676 0.04933011 0.981286 0.04931175 0.9799452 0.04934847 0.9812676 0.04936683 0.9820207 0.04933011 0.981286 0.04936683 0.9820207 0.04936683 0.9820023 0.04933011 0.981286 0.04931175 0.9799636 0.04934847 0.9812676 0.04931175 0.9799452 0.04931175 0.9799636 0.04931175 0.9799452 0.04854035 0.9790452 0.04854035 0.9790452 0.04828315 0.9788616 0.04846686 0.9787514 0.04866892 0.9790269 0.04931175 0.9799636 0.04854035 0.9790452 0.04866892 0.9790269 0.04854035 0.9790452 0.04890769 0.978935 0.04890769 0.978935 0.04854035 0.9790452 0.04846686 0.9787514 0.04890769 0.978935 0.04846686 0.9787514 0.04874235 0.9783657 0.04945868 0.9782922 0.04890769 0.978935 0.04874235 0.9783657 0.04949539 0.9794126 0.04890769 0.978935 0.04945868 0.9782922 0.04945868 0.9782922 0.04947704 0.9868696 0.04949539 0.9794126 0.04936683 0.9820023 0.04929333 0.9820207 0.04933011 0.981286 0.04929333 0.9820207 0.0492199 0.981286 0.04933011 0.981286 0.04931175 0.9799452 0.04912805 0.979982 0.04854035 0.9790452 0.04912805 0.979982 0.04828315 0.9788616 0.04854035 0.9790452 0.04945868 0.9782922 0.04874235 0.9783657 0.04033029 0.9779983 0.04890769 0.978935 0.04949539 0.9794126 0.04877912 0.9790269 0.04866892 0.9790269 0.04890769 0.978935 0.04877912 0.9790269 0.04933011 0.9799636 0.04931175 0.9799636 0.04866892 0.9790269 0.04877912 0.9790269 0.04933011 0.9799636 0.04866892 0.9790269 0.04890769 0.9790269 0.04877912 0.9790269 0.04949539 0.9794126 0.04949539 0.9794126 0.04947704 0.9868696 0.04916477 0.9793024 0.04890769 0.9790269 0.04949539 0.9794126 0.04916477 0.9793024 0.04945868 0.9943265 0.04947704 0.9868696 0.04945868 0.9782922 0.04947704 0.9868696 0.04945868 0.9943265 0.04940354 0.9795779 0.04916477 0.9793024 0.04947704 0.9868696 0.04940354 0.9795779 0.04940354 0.9795779 0.04938519 0.9799452 0.04916477 0.9793024 0.04944032 0.9872369 0.04938519 0.9799452 0.04940354 0.9795779 0.04944032 0.9872369 0.04945868 0.9879165 0.04938519 0.9799452 0.04945868 0.9879165 0.04940354 0.9812676 0.04938519 0.9799452 0.04945868 0.9879165 0.04945868 0.9883205 0.04940354 0.9812676 0.04945868 0.9883205 0.04942196 0.9820023 0.04940354 0.9812676 0.04944032 0.9870165 0.04944032 0.9872369 0.04940354 0.9795779 0.04940354 0.9795779 0.04945868 0.9943265 0.04944032 0.9870165 0.04944032 0.9870165 0.04945868 0.9943265 0.04949539 0.9944551 0.04940354 0.9812676 0.04942196 0.9820023 0.04938519 0.9812676 0.04940354 0.9812676 0.04938519 0.9812676 0.04936683 0.9799452 0.04938519 0.9799452 0.04940354 0.9812676 0.04936683 0.9799452 0.04938519 0.9799452 0.04936683 0.9799452 0.04916477 0.9793024 0.04951375 0.9946205 0.04945868 0.9883205 0.04945868 0.9879165 0.04945868 0.9883205 0.04951375 0.9946205 0.04951375 0.9946755 0.04947704 0.9887062 0.04945868 0.9883205 0.04951375 0.9946755 0.04942196 0.9820023 0.04945868 0.9883205 0.04947704 0.9887062 0.04951375 0.9945653 0.04951375 0.9946205 0.04945868 0.9879165 0.04951375 0.9945653 0.04945868 0.9879165 0.04944032 0.9872369 0.04492205 0.9956673 0.04951375 0.9946205 0.04951375 0.9945653 0.04492205 0.9956306 0.04492205 0.9956673 0.04951375 0.9945653 0.04951375 0.9946755 0.04947704 0.9945653 0.04947704 0.9887062 0.04490363 0.9956306 0.04947704 0.9945653 0.04951375 0.9946755 0.04492205 0.9956857 0.04490363 0.9956306 0.04951375 0.9946755 0.04951375 0.9946205 0.04492205 0.9956673 0.04492205 0.9956857 0.04951375 0.9946755 0.04951375 0.9946205 0.04492205 0.9956857 0.04492205 0.9956857 0.04492205 0.9956673 0.04033029 0.9966959 0.04490363 0.9956306 0.04492205 0.9956857 0.04033029 0.9966959 0.04492205 0.9956673 0.04033029 0.9967142 0.04033029 0.9966959 0.04033029 0.9967142 0.04492205 0.9956673 0.04492205 0.9956306 0.04947704 0.9945653 0.04947704 0.9889267 0.04947704 0.9887062 0.04947704 0.9887062 0.04947704 0.9889267 0.04944032 0.9827554 0.04947704 0.9889267 0.04945868 0.983288 0.04944032 0.9827554 0.04945868 0.9891471 0.04947704 0.9889267 0.04947704 0.9945653 0.04945868 0.9944735 0.04945868 0.9891471 0.04947704 0.9945653 0.04947704 0.9945653 0.04490363 0.9956306 0.04945868 0.9944735 0.04945868 0.983288 0.04944032 0.9833064 0.04944032 0.9827554 0.04944032 0.9833064 0.04944032 0.9827737 0.04944032 0.9827554 0.04947704 0.9889267 0.04945868 0.9891471 0.04945868 0.983839 0.04945868 0.983288 0.04947704 0.9889267 0.04945868 0.983839 0.04951375 0.9945653 0.04949539 0.9945286 0.04492205 0.9956306 0.04949539 0.9945286 0.04951375 0.9945653 0.04944032 0.9872369 0.04949539 0.9945286 0.04944032 0.9872369 0.04944032 0.9870165 0.04949539 0.9944551 0.04949539 0.9945286 0.04944032 0.9870165 0.04492205 0.9956306 0.04949539 0.9945286 0.04949539 0.9944551 0.04490363 0.9955939 0.04492205 0.9956306 0.04949539 0.9944551 0.04949539 0.9945286 0.04492205 0.9956306 0.04492205 0.9956306 0.04492205 0.9956306 0.04492205 0.9956306 0.04033029 0.9967142 0.04492205 0.9956306 0.04033029 0.9967327 0.04033029 0.9967142 0.04033029 0.9967327 0.04492205 0.9956306 0.04490363 0.9955939 0.04033029 0.9967327 0.04033029 0.9967327 0.04490363 0.9955939 0.04490363 0.9955939 0.04490363 0.9955388 0.04033029 0.9967327 0.04490363 0.9955388 0.04033029 0.996751 0.04033029 0.9967327 0.04945868 0.9943265 0.04490363 0.9955388 0.04490363 0.9955939 0.04949539 0.9944551 0.04945868 0.9943265 0.04490363 0.9955939 0.04945868 0.9937205 0.04490363 0.9955388 0.04945868 0.9943265 0.04033029 0.9967142 0.04033029 0.9967142 0.04492205 0.9956306 0.04033029 0.996751 0.04490363 0.9955388 0.04951375 0.9949143 0.04951375 0.9949143 0.04490363 0.9955388 0.04945868 0.9937205 0.04033029 0.9967327 0.03573852 0.9956306 0.04033029 0.9967142 0.03573852 0.9956306 0.03572016 0.9956306 0.04033029 0.9967142 0.04033029 0.9967142 0.04033029 0.9967142 0.03572016 0.9956306 0.04033029 0.996751 0.03575694 0.9955388 0.04033029 0.9967327 0.03575694 0.9955388 0.03573852 0.9955939 0.04033029 0.9967327 0.04033029 0.9967327 0.04033029 0.9967327 0.03573852 0.9955939 0.03573852 0.9956306 0.04033029 0.9967327 0.03573852 0.9955939 0.03573852 0.9956306 0.03573852 0.9955939 0.03116518 0.9944551 0.03116518 0.9945286 0.03573852 0.9956306 0.03116518 0.9944551 0.03573852 0.9956306 0.03116518 0.9945286 0.03572016 0.9956306 0.03116518 0.9945286 0.03116518 0.9944551 0.03120189 0.9870165 0.03118354 0.9943265 0.03120189 0.9870165 0.03116518 0.9944551 0.03118354 0.9943265 0.03116518 0.9944551 0.03573852 0.9955939 0.03575694 0.9955388 0.03118354 0.9943265 0.03573852 0.9955939 0.03575694 0.9955388 0.03118354 0.9937205 0.03118354 0.9943265 0.03122025 0.9872369 0.03116518 0.9945286 0.03120189 0.9870165 0.03122025 0.9872369 0.03120189 0.9870165 0.03125703 0.9795779 0.03118354 0.9943265 0.03125703 0.9795779 0.03120189 0.9870165 0.03118354 0.9943265 0.03116518 0.9868696 0.03125703 0.9795779 0.03127539 0.9799452 0.03122025 0.9872369 0.03125703 0.9795779 0.03120189 0.9879165 0.03122025 0.9872369 0.03127539 0.9799452 0.03125703 0.9812676 0.03120189 0.9879165 0.03127539 0.9799452 0.03118354 0.9883205 0.03120189 0.9879165 0.03125703 0.9812676 0.03123861 0.9820023 0.03118354 0.9883205 0.03125703 0.9812676 0.03123861 0.9820023 0.03125703 0.9812676 0.03127539 0.9812676 0.03125703 0.9820207 0.03123861 0.9820023 0.03127539 0.9812676 0.03125703 0.9820207 0.03127539 0.9812676 0.03129374 0.9812676 0.03125703 0.9820207 0.03125703 0.9820207 0.03129374 0.9812676 0.03129374 0.9812676 0.03127539 0.9812676 0.0313121 0.9799636 0.03127539 0.9812676 0.03129374 0.9799452 0.0313121 0.9799636 0.03125703 0.9812676 0.03127539 0.9799452 0.03129374 0.9799452 0.03127539 0.9812676 0.03125703 0.9812676 0.03129374 0.9799452 0.0313121 0.9799636 0.03129374 0.9799452 0.03175294 0.9790269 0.03129374 0.9799452 0.0314958 0.9793024 0.03175294 0.9790269 0.03127539 0.9799452 0.03125703 0.9795779 0.0314958 0.9793024 0.03129374 0.9799452 0.03127539 0.9799452 0.0314958 0.9793024 0.03116518 0.9868696 0.0314958 0.9793024 0.03125703 0.9795779 0.03123861 0.9820023 0.03125703 0.9820207 0.03120189 0.9827554 0.03125703 0.9820207 0.03122025 0.9827737 0.03120189 0.9827554 0.03125703 0.9820207 0.03125703 0.9820207 0.03122025 0.9827737 0.03125703 0.9820207 0.03129374 0.9812676 0.03129374 0.9812676 0.03127539 0.9820207 0.03125703 0.9820207 0.03129374 0.9812676 0.03127539 0.9820207 0.03125703 0.9827737 0.03125703 0.9820207 0.03125703 0.9827737 0.03123861 0.9827737 0.03125703 0.9820207 0.03125703 0.9820207 0.03123861 0.9827737 0.03122025 0.9827737 0.03123861 0.9827737 0.03123861 0.9833064 0.03122025 0.9827737 0.03123861 0.9833064 0.03122025 0.9833064 0.03122025 0.9827737 0.03122025 0.9827737 0.03122025 0.9833064 0.03120189 0.9827554 0.03123861 0.9833064 0.03123861 0.9833064 0.03123861 0.9827737 0.03125703 0.9827737 0.03123861 0.9833064 0.03123861 0.9827737 0.03123861 0.9833064 0.03123861 0.983839 0.03123861 0.9833064 0.03123861 0.983839 0.03122025 0.983839 0.03123861 0.9833064 0.03122025 0.9833064 0.03123861 0.9833064 0.03122025 0.983839 0.03122025 0.9863185 0.03122025 0.983839 0.03123861 0.983839 0.03122025 0.983839 0.03122025 0.9863185 0.03122025 0.983839 0.03122025 0.983839 0.03122025 0.9833064 0.03122025 0.983839 0.03122025 0.9863185 0.03122025 0.9862267 0.03122025 0.983839 0.03122025 0.9833064 0.03122025 0.983839 0.03120189 0.983288 0.03122025 0.9833064 0.03120189 0.983288 0.03120189 0.9827554 0.03120189 0.983288 0.03118354 0.9889267 0.03120189 0.9827554 0.03118354 0.9889267 0.03118354 0.9887062 0.03120189 0.9827554 0.03122025 0.983839 0.03120189 0.983839 0.03120189 0.983288 0.03122025 0.983839 0.03122025 0.9862267 0.03120189 0.983839 0.03118354 0.9889267 0.03120189 0.983288 0.03120189 0.983839 0.03123861 0.9833064 0.03125703 0.9827737 0.03125703 0.9827554 0.03125703 0.983288 0.03123861 0.9833064 0.03125703 0.9827554 0.03123861 0.9833064 0.03125703 0.983288 0.03123861 0.983839 0.03125703 0.983288 0.03125703 0.983288 0.03125703 0.9827554 0.03127539 0.982737 0.03125703 0.983288 0.03125703 0.9827554 0.03127539 0.983288 0.03125703 0.983288 0.03127539 0.982737 0.03127539 0.983288 0.03125703 0.9838206 0.03125703 0.983288 0.03125703 0.9838206 0.03125703 0.9838206 0.03125703 0.983288 0.03125703 0.983288 0.03125703 0.983288 0.03125703 0.9838206 0.03127539 0.9827554 0.03127539 0.983288 0.03127539 0.982737 0.03127539 0.983288 0.03127539 0.983288 0.03127539 0.9827554 0.03129374 0.9827737 0.03127539 0.983288 0.03127539 0.9827554 0.03127539 0.9827554 0.03127539 0.982737 0.03129374 0.9820023 0.03136724 0.9820207 0.03127539 0.9827554 0.03129374 0.9820023 0.03127539 0.9827554 0.03136724 0.9820207 0.03129374 0.9827737 0.0313121 0.9833064 0.03127539 0.983288 0.03129374 0.9827737 0.03134882 0.9827737 0.0313121 0.9833064 0.03129374 0.9827737 0.03134882 0.9827737 0.03129374 0.9827737 0.03142231 0.982039 0.03136724 0.9820207 0.03142231 0.982039 0.03129374 0.9827737 0.03142231 0.982039 0.03136724 0.9820207 0.03156924 0.9813044 0.03136724 0.9820207 0.03144067 0.981286 0.03156924 0.9813044 0.03156924 0.9813044 0.03144067 0.981286 0.0316978 0.9800003 0.03144067 0.981286 0.03151416 0.979982 0.0316978 0.9800003 0.0316978 0.9800003 0.03151416 0.979982 0.03265291 0.9786779 0.03151416 0.979982 0.03237742 0.9788616 0.03265291 0.9786779 0.03265291 0.9786779 0.03237742 0.9788616 0.03263455 0.9785677 0.03237742 0.9788616 0.03219372 0.9787514 0.03263455 0.9785677 0.0314958 0.982039 0.03134882 0.9827737 0.03142231 0.982039 0.0314958 0.982039 0.03142231 0.982039 0.03156924 0.9813044 0.03164273 0.9813044 0.0314958 0.982039 0.03156924 0.9813044 0.03164273 0.9813044 0.03156924 0.9813044 0.0316978 0.9800003 0.0317713 0.9800187 0.03164273 0.9813044 0.0316978 0.9800003 0.0317713 0.9800187 0.0316978 0.9800003 0.03265291 0.9786779 0.03268963 0.9786779 0.0317713 0.9800187 0.03265291 0.9786779 0.03268963 0.9786779 0.03265291 0.9786779 0.03263455 0.9785677 0.03272634 0.9785494 0.03268963 0.9786779 0.03263455 0.9785677 0.03272634 0.9785494 0.03263455 0.9785677 0.03263455 0.9784575 0.03151416 0.979982 0.03144067 0.981286 0.03134882 0.9799452 0.03144067 0.981286 0.03133046 0.981286 0.03134882 0.9799452 0.03133046 0.981286 0.0313121 0.9812676 0.03134882 0.9799452 0.03127539 0.9820207 0.0313121 0.9812676 0.03133046 0.981286 0.03129374 0.9820023 0.03127539 0.9820207 0.03133046 0.981286 0.0313121 0.9812676 0.03133046 0.9799636 0.03134882 0.9799452 0.03134882 0.9799452 0.03133046 0.9799636 0.03210186 0.9790452 0.03237742 0.9788616 0.03210186 0.9790452 0.03219372 0.9787514 0.03133046 0.9799636 0.03199166 0.9790269 0.03210186 0.9790452 0.03210186 0.9790452 0.03199166 0.9790269 0.03175294 0.978935 0.03210186 0.9790452 0.03175294 0.978935 0.03219372 0.9787514 0.03219372 0.9787514 0.03175294 0.978935 0.03189986 0.9783657 0.03175294 0.978935 0.03118354 0.9782922 0.03189986 0.9783657 0.03175294 0.978935 0.03116518 0.9794126 0.03118354 0.9782922 0.03116518 0.9868696 0.03118354 0.9782922 0.03116518 0.9794126 0.03136724 0.9820207 0.03129374 0.9820023 0.03133046 0.981286 0.03144067 0.981286 0.03136724 0.9820207 0.03133046 0.981286 0.03151416 0.979982 0.03134882 0.9799452 0.03210186 0.9790452 0.03237742 0.9788616 0.03151416 0.979982 0.03210186 0.9790452 0.03189986 0.9783657 0.03118354 0.9782922 0.04033029 0.9779983 0.03127539 0.9820207 0.03129374 0.9820023 0.03127539 0.982737 0.03125703 0.9827554 0.03127539 0.9820207 0.03127539 0.982737 0.03175294 0.978935 0.03199166 0.9790269 0.03186309 0.9790269 0.03116518 0.9794126 0.03175294 0.978935 0.03186309 0.9790269 0.03133046 0.9799636 0.03186309 0.9790269 0.03199166 0.9790269 0.03133046 0.9799636 0.0313121 0.9799636 0.03186309 0.9790269 0.03129374 0.9812676 0.0313121 0.9799636 0.03133046 0.9799636 0.03129374 0.9812676 0.03129374 0.9812676 0.03133046 0.9799636 0.0313121 0.9799636 0.03175294 0.9790269 0.03186309 0.9790269 0.03186309 0.9790269 0.03175294 0.9790269 0.03116518 0.9794126 0.03129374 0.9812676 0.03133046 0.9799636 0.03133046 0.9799636 0.0313121 0.9812676 0.03129374 0.9812676 0.03133046 0.9799636 0.03127539 0.9820207 0.03129374 0.9812676 0.0313121 0.9812676 0.03127539 0.9820207 0.03127539 0.9820207 0.0313121 0.9812676 0.03133046 0.9799636 0.03133046 0.9799636 0.03199166 0.9790269 0.03127539 0.9820207 0.03125703 0.9827554 0.03125703 0.9827737 0.03127539 0.9820207 0.03127539 0.9820207 0.03125703 0.9827737 0.03116518 0.9794126 0.03175294 0.9790269 0.0314958 0.9793024 0.03116518 0.9868696 0.03116518 0.9794126 0.0314958 0.9793024 0.03116518 0.9868696 0.03118354 0.9943265 0.03118354 0.9782922 0.03118354 0.9782922 0.03114682 0.9949143 0.03118354 0.9945286 0.03575694 0.9955388 0.04033029 0.996751 0.03114682 0.9949143 0.03575694 0.9955388 0.03114682 0.9949143 0.03118354 0.9937205 0.04448121 0.9959245 0.04288327 0.9964571 0.04378324 0.9961449 0.04519754 0.995649 0.04448121 0.9959245 0.04378324 0.9961449 0.04931175 0.9942715 0.04448121 0.9959245 0.04519754 0.995649 0.04925662 0.9942531 0.04931175 0.9942715 0.04519754 0.995649 0.04378324 0.9961449 0.04288327 0.9964571 0.04378324 0.9961265 0.04288327 0.9964571 0.04288327 0.9964571 0.04378324 0.9961265 0.04378324 0.9961449 0.04506897 0.9956673 0.04519754 0.995649 0.04506897 0.9956673 0.04613423 0.9953 0.04519754 0.995649 0.04519754 0.995649 0.04613423 0.9953 0.04925662 0.9942531 0.04506897 0.9956673 0.04613423 0.9952633 0.04613423 0.9953 0.04613423 0.9952633 0.04692405 0.9950062 0.04613423 0.9953 0.04613423 0.9952633 0.04708933 0.9949143 0.04692405 0.9950062 0.04708933 0.9949143 0.04762196 0.9947307 0.04692405 0.9950062 0.04708933 0.9949143 0.0479893 0.9945837 0.04762196 0.9947307 0.0479893 0.9945837 0.0482648 0.9944919 0.04762196 0.9947307 0.0479893 0.9945837 0.04903626 0.994198 0.0482648 0.9944919 0.04903626 0.994198 0.04903626 0.994198 0.0482648 0.9944919 0.04903626 0.994198 0.04905462 0.994198 0.0482648 0.9944919 0.04905462 0.994198 0.04909133 0.9942163 0.0482648 0.9944919 0.04903626 0.994198 0.0479893 0.9945837 0.0479893 0.9945837 0.0479893 0.9945837 0.0479893 0.9945837 0.04708933 0.9949143 0.04903626 0.994198 0.04903626 0.994198 0.0479893 0.9945837 0.04903626 0.994198 0.04903626 0.994198 0.0479893 0.9945837 0.04804444 0.994547 0.04903626 0.994198 0.0479893 0.9945837 0.0482648 0.9944919 0.04909133 0.9942163 0.04912805 0.9942163 0.04762196 0.9947307 0.0482648 0.9944919 0.04912805 0.9942163 0.04912805 0.9941796 0.04912805 0.9942163 0.04909133 0.9942163 0.04909133 0.9941796 0.04912805 0.9941796 0.04909133 0.9942163 0.04909133 0.9942163 0.04905462 0.994198 0.04909133 0.9941796 0.04804444 0.994547 0.0479893 0.9945837 0.04708933 0.9949143 0.04708933 0.9949143 0.0479893 0.9945837 0.04708933 0.9949143 0.04718118 0.9948592 0.04804444 0.994547 0.04708933 0.9949143 0.04912805 0.9941796 0.04916477 0.9941613 0.04912805 0.9942163 0.04916477 0.9941613 0.04916477 0.9942347 0.04912805 0.9942163 0.04762196 0.9947307 0.04912805 0.9942163 0.04916477 0.9942347 0.04692405 0.9950062 0.04762196 0.9947307 0.04916477 0.9942347 0.04718118 0.9948592 0.04708933 0.9949143 0.04613423 0.9952633 0.04628121 0.9951714 0.04718118 0.9948592 0.04613423 0.9952633 0.04613423 0.9952633 0.04708933 0.9949143 0.04613423 0.9952633 0.04708933 0.9949143 0.04708933 0.9949143 0.04613423 0.9952633 0.04916477 0.9941613 0.04920154 0.9941429 0.04916477 0.9942347 0.04920154 0.9941429 0.04920154 0.9942347 0.04916477 0.9942347 0.04692405 0.9950062 0.04916477 0.9942347 0.04920154 0.9942347 0.04613423 0.9953 0.04692405 0.9950062 0.04920154 0.9942347 0.04628121 0.9951714 0.04613423 0.9952633 0.04506897 0.9956673 0.04527097 0.9955388 0.04628121 0.9951714 0.04506897 0.9956673 0.04613423 0.9952633 0.04613423 0.9952633 0.04506897 0.9956673 0.04506897 0.9956673 0.04613423 0.9952633 0.04506897 0.9956673 0.04920154 0.9941429 0.04925662 0.9941245 0.04920154 0.9942347 0.04925662 0.9941245 0.04925662 0.9942531 0.04920154 0.9942347 0.04613423 0.9953 0.04920154 0.9942347 0.04925662 0.9942531 0.04527097 0.9955388 0.04506897 0.9956673 0.04378324 0.9961265 0.04405879 0.9959796 0.04527097 0.9955388 0.04378324 0.9961265 0.04506897 0.9956673 0.04506897 0.9956673 0.04378324 0.9961449 0.04378324 0.9961265 0.04506897 0.9956673 0.04378324 0.9961449 0.04925662 0.9941245 0.04931175 0.9941062 0.04925662 0.9942531 0.04931175 0.9941062 0.04931175 0.9942715 0.04925662 0.9942531 0.04405879 0.9959796 0.04378324 0.9961265 0.04312205 0.9962918 0.04378324 0.9961265 0.04288327 0.9964571 0.04312205 0.9962918 0.04923826 0.9940143 0.04925662 0.9941245 0.04920154 0.9941429 0.04925662 0.9941245 0.04923826 0.9940143 0.04931175 0.9941062 0.04918318 0.994051 0.04923826 0.9940143 0.04920154 0.9941429 0.0492199 0.9930776 0.04923826 0.9940143 0.04918318 0.994051 0.04916477 0.9933531 0.0492199 0.9930776 0.04918318 0.994051 0.04916477 0.9933531 0.04918318 0.994051 0.04914641 0.9940878 0.04914641 0.9935735 0.04916477 0.9933531 0.04914641 0.9940878 0.04914641 0.9935735 0.04914641 0.9940878 0.04910969 0.9941245 0.04910969 0.9937756 0.04914641 0.9935735 0.04910969 0.9941245 0.04910969 0.9937756 0.04910969 0.9941245 0.04909133 0.9941613 0.04907298 0.9939592 0.04910969 0.9937756 0.04909133 0.9941613 0.04909133 0.9941613 0.04905462 0.994198 0.04907298 0.9939592 0.04905462 0.994198 0.04905462 0.994198 0.04907298 0.9939592 0.04905462 0.994198 0.04909133 0.9941613 0.04909133 0.9941796 0.04909133 0.9941613 0.04910969 0.9941245 0.04909133 0.9941796 0.04905462 0.994198 0.04905462 0.994198 0.04909133 0.9941796 0.04907298 0.9939592 0.04905462 0.994198 0.04907298 0.9938123 0.04907298 0.9939592 0.04907298 0.9938123 0.04910969 0.9937756 0.04905462 0.994198 0.04905462 0.994198 0.04907298 0.9938123 0.04907298 0.9938123 0.04910969 0.9934817 0.04910969 0.9937756 0.04910969 0.9937756 0.04910969 0.9934817 0.04914641 0.9935735 0.04907298 0.9938123 0.04905462 0.994198 0.04907298 0.9938123 0.04910969 0.9934817 0.04907298 0.9938123 0.04907298 0.9938123 0.04905462 0.994198 0.04905462 0.994198 0.04907298 0.9938123 0.04907298 0.9938123 0.04905462 0.994198 0.04907298 0.9937939 0.04905462 0.994198 0.04905462 0.994198 0.04907298 0.9937939 0.04907298 0.9937939 0.04905462 0.994198 0.04907298 0.9937939 0.04905462 0.994198 0.04905462 0.994198 0.04907298 0.9937939 0.04907298 0.9937939 0.04905462 0.994198 0.04907298 0.9939225 0.04905462 0.994198 0.04905462 0.994198 0.04907298 0.9939225 0.04905462 0.994198 0.04905462 0.994198 0.04907298 0.9939225 0.04905462 0.994198 0.04905462 0.9940143 0.04907298 0.9939225 0.04905462 0.9940143 0.04905462 0.994198 0.04898113 0.994198 0.04905462 0.994198 0.04905462 0.994198 0.04898113 0.994198 0.04909133 0.9934817 0.04907298 0.9938123 0.04907298 0.9937939 0.04909133 0.9934817 0.04910969 0.9934817 0.04907298 0.9938123 0.04909133 0.9934633 0.04909133 0.9934817 0.04907298 0.9937939 0.04909133 0.9934633 0.04907298 0.9937939 0.04907298 0.9937939 0.04905462 0.993849 0.04905462 0.9940143 0.04898113 0.994198 0.04894441 0.994198 0.04905462 0.993849 0.04898113 0.994198 0.04909133 0.9934633 0.04909133 0.9934633 0.04907298 0.9937939 0.04909133 0.9934633 0.04907298 0.9937939 0.04907298 0.9939225 0.04909133 0.9936837 0.04907298 0.9939225 0.04905462 0.9940143 0.04905462 0.993849 0.04909133 0.9936837 0.04905462 0.9940143 0.04909133 0.9936837 0.04909133 0.9934633 0.04907298 0.9939225 0.04912805 0.9931327 0.04909133 0.9934817 0.04909133 0.9934633 0.04912805 0.9931144 0.04912805 0.9931327 0.04909133 0.9934633 0.04912805 0.9931144 0.04909133 0.9934633 0.04909133 0.9934633 0.04907298 0.9936837 0.04905462 0.993849 0.04894441 0.994198 0.04888927 0.9941796 0.04907298 0.9936837 0.04894441 0.994198 0.04910969 0.9930959 0.04912805 0.9931144 0.04909133 0.9934633 0.04910969 0.9930959 0.04909133 0.9934633 0.04909133 0.9936837 0.04912805 0.9931327 0.04912805 0.9931511 0.04909133 0.9934817 0.04912805 0.9931511 0.04910969 0.9934817 0.04909133 0.9934817 0.04910969 0.9934817 0.04912805 0.9931511 0.04914641 0.9935735 0.04912805 0.9934266 0.04909133 0.9936837 0.04905462 0.993849 0.04907298 0.9936837 0.04912805 0.9934266 0.04905462 0.993849 0.04912805 0.9934266 0.04910969 0.9930959 0.04909133 0.9936837 0.04914641 0.9935735 0.04912805 0.9931511 0.04916477 0.9933531 0.04912805 0.9931511 0.04914641 0.9927654 0.04916477 0.9933531 0.04914641 0.9927654 0.04912805 0.9931511 0.04912805 0.9931327 0.04914641 0.992747 0.04912805 0.9931327 0.04912805 0.9931144 0.04914641 0.992747 0.04914641 0.9927654 0.04912805 0.9931327 0.04914641 0.9927102 0.04914641 0.992747 0.04912805 0.9931144 0.04914641 0.9927102 0.04912805 0.9931144 0.04910969 0.9930959 0.04907298 0.9934817 0.04907298 0.9936837 0.04888927 0.9941796 0.0488342 0.9941796 0.04907298 0.9934817 0.04888927 0.9941796 0.04914641 0.9926919 0.04914641 0.9927102 0.04910969 0.9930959 0.04914641 0.9926919 0.04910969 0.9930959 0.04912805 0.9934266 0.04914641 0.9931511 0.04912805 0.9934266 0.04907298 0.9936837 0.04907298 0.9934817 0.04914641 0.9931511 0.04907298 0.9936837 0.04914641 0.9931511 0.04914641 0.9926919 0.04912805 0.9934266 0.04916477 0.9933531 0.04914641 0.9927654 0.0492199 0.9930776 0.04914641 0.9927654 0.04918318 0.9922878 0.0492199 0.9930776 0.04918318 0.9922878 0.04914641 0.9927654 0.04914641 0.992747 0.04918318 0.9922695 0.04914641 0.992747 0.04914641 0.9927102 0.04918318 0.9922695 0.04918318 0.9922878 0.04914641 0.992747 0.04918318 0.9922327 0.04918318 0.9922695 0.04914641 0.9927102 0.04918318 0.9922327 0.04914641 0.9927102 0.04914641 0.9926919 0.04909133 0.9932613 0.04907298 0.9934817 0.0488342 0.9941796 0.04876071 0.9941796 0.04909133 0.9932613 0.0488342 0.9941796 0.04916477 0.9922143 0.04918318 0.9922327 0.04914641 0.9926919 0.04916477 0.9922143 0.04914641 0.9926919 0.04914641 0.9931511 0.04918318 0.9928021 0.04914641 0.9931511 0.04907298 0.9934817 0.04909133 0.9932613 0.04918318 0.9928021 0.04907298 0.9934817 0.04918318 0.9928021 0.04916477 0.9922143 0.04914641 0.9931511 0.0492199 0.9930776 0.04918318 0.9922878 0.04925662 0.9927102 0.04923826 0.9940143 0.0492199 0.9930776 0.04925662 0.9927102 0.04929333 0.9939408 0.04923826 0.9940143 0.04925662 0.9927102 0.04918318 0.9922878 0.04923826 0.9916817 0.04925662 0.9927102 0.04918318 0.9922878 0.04918318 0.9922695 0.04923826 0.9916817 0.04918318 0.9922695 0.04918318 0.9922327 0.0492199 0.9916633 0.04918318 0.9922327 0.04916477 0.9922143 0.0492199 0.9916633 0.0492199 0.9916817 0.04918318 0.9922695 0.0492199 0.9916633 0.04918318 0.9922695 0.0492199 0.9916817 0.04923826 0.9916817 0.04909133 0.9932613 0.04876071 0.9941796 0.04870563 0.9941796 0.04909133 0.9930409 0.04909133 0.9932613 0.04870563 0.9941796 0.04916477 0.9922143 0.04920154 0.9916633 0.0492199 0.9916633 0.04916477 0.9922143 0.04918318 0.9928021 0.04920154 0.9916633 0.04909133 0.9932613 0.04909133 0.9930409 0.0492199 0.9924531 0.04918318 0.9928021 0.04909133 0.9932613 0.0492199 0.9924531 0.04918318 0.9928021 0.0492199 0.9924531 0.04920154 0.9916633 0.04923826 0.9940143 0.04929333 0.9939408 0.04931175 0.9941062 0.04929333 0.9939408 0.04925662 0.9927102 0.04927498 0.9925817 0.04927498 0.9925817 0.04925662 0.9927102 0.04923826 0.9916817 0.04931175 0.9939225 0.04929333 0.9939408 0.04927498 0.9925817 0.04931175 0.9941062 0.04929333 0.9939408 0.04931175 0.9939225 0.04925662 0.9914797 0.04927498 0.9925817 0.04923826 0.9916817 0.04925662 0.9914797 0.04923826 0.9916817 0.0492199 0.9916817 0.04927498 0.9925817 0.04925662 0.9914797 0.04934847 0.9921225 0.04927498 0.9925817 0.04934847 0.9921225 0.04931175 0.9939225 0.04931175 0.9939225 0.04934847 0.9921225 0.04933011 0.993849 0.04925662 0.9914797 0.04931175 0.9906715 0.04934847 0.9921225 0.04931175 0.9906715 0.04925662 0.9914797 0.04923826 0.9914797 0.04923826 0.9914797 0.0492199 0.9916817 0.0492199 0.9916633 0.04923826 0.9914797 0.04925662 0.9914797 0.0492199 0.9916817 0.04929333 0.9906348 0.04931175 0.9906715 0.04923826 0.9914797 0.04929333 0.9906348 0.04923826 0.9914797 0.04923826 0.9914797 0.04923826 0.9914797 0.04923826 0.9914797 0.0492199 0.9916633 0.04923826 0.9914797 0.0492199 0.9916633 0.04920154 0.9916633 0.04929333 0.9905797 0.04929333 0.9906348 0.04923826 0.9914797 0.04929333 0.9905797 0.04923826 0.9914797 0.0492199 0.9914797 0.0492199 0.9914797 0.04923826 0.9914797 0.04920154 0.9916633 0.0492199 0.9914797 0.04920154 0.9916633 0.0492199 0.9924531 0.04927498 0.9905246 0.04929333 0.9905797 0.0492199 0.9914797 0.04927498 0.9905246 0.0492199 0.9914797 0.0492199 0.992343 0.0492199 0.992343 0.0492199 0.9914797 0.0492199 0.9924531 0.04929333 0.9916266 0.04927498 0.9905246 0.0492199 0.992343 0.04929333 0.9916266 0.0492199 0.992343 0.04909133 0.9929674 0.04910969 0.9924531 0.04929333 0.9916266 0.04909133 0.9929674 0.04910969 0.9924531 0.04909133 0.9929674 0.04868727 0.9941796 0.04850357 0.9941613 0.04910969 0.9924531 0.04868727 0.9941796 0.04934847 0.9921225 0.04942196 0.9916633 0.04933011 0.993849 0.04934847 0.9921225 0.04931175 0.9906715 0.04942196 0.9916633 0.04931175 0.9906715 0.04936683 0.9899185 0.04942196 0.9916633 0.04936683 0.9899185 0.04931175 0.9906715 0.04929333 0.9906348 0.04934847 0.9899001 0.04929333 0.9906348 0.04929333 0.9905797 0.04934847 0.9899001 0.04936683 0.9899185 0.04929333 0.9906348 0.04934847 0.989845 0.04934847 0.9899001 0.04929333 0.9905797 0.04934847 0.989845 0.04929333 0.9905797 0.04927498 0.9905246 0.04933011 0.9898083 0.04934847 0.989845 0.04927498 0.9905246 0.04927498 0.9905246 0.04929333 0.9916266 0.04934847 0.9911674 0.04933011 0.9898083 0.04927498 0.9905246 0.04934847 0.9911674 0.04936683 0.9899185 0.04942196 0.9891287 0.04942196 0.9916633 0.04868727 0.9941796 0.04909133 0.9929674 0.04870563 0.9941796 0.04909133 0.9929674 0.04909133 0.9930409 0.04870563 0.9941796 0.04909133 0.9929674 0.0492199 0.992343 0.04909133 0.9930409 0.0492199 0.992343 0.0492199 0.9924531 0.04909133 0.9930409 0.2057626 0.9396767 0.2226943 0.9266882 0.228029 0.9531295 0.1988046 0.9549849 0.2057626 0.9396767 0.228029 0.9531295 0.1978769 0.9396767 0.2057626 0.9396767 0.1988046 0.9549849 0.1844244 0.9549849 0.1978769 0.9396767 0.1988046 0.9549849 0.2057626 0.9396767 0.1978769 0.9396767 0.2057626 0.9236729 0.2057626 0.9236729 0.1978769 0.9396767 0.1888312 0.9394448 0.1888312 0.9394448 0.1978769 0.9396767 0.1844244 0.9549849 0.2129529 0.9243692 0.2057626 0.9396767 0.2057626 0.9236729 0.2129529 0.9243692 0.2226943 0.9266882 0.2057626 0.9396767 0.1932381 0.9239055 0.2057626 0.9236729 0.1888312 0.9394448 0.04942196 0.9891287 0.04940354 0.9891287 0.04940354 0.9862818 0.04940354 0.9891287 0.04940354 0.98619 0.04940354 0.9862818 0.04940354 0.9862818 0.04940354 0.98619 0.04940354 0.9838206 0.04942196 0.9838206 0.04940354 0.9862818 0.04940354 0.9838206 0.04940354 0.983288 0.04942196 0.9838206 0.04940354 0.9838206 0.04942196 0.9838206 0.04940354 0.983288 0.04942196 0.983839 0.04940354 0.9862818 0.04942196 0.9838206 0.04942196 0.983839 0.04940354 0.983288 0.04942196 0.9833064 0.04942196 0.983839 0.04938519 0.9838206 0.04940354 0.9838206 0.04940354 0.98619 0.04938519 0.9862084 0.04938519 0.9838206 0.04940354 0.98619 0.04938519 0.9838206 0.04938519 0.9862084 0.04936683 0.9861533 0.04938519 0.9838206 0.04938519 0.9838206 0.04936683 0.9861533 0.04938519 0.983288 0.04938519 0.9838206 0.04938519 0.9838206 0.04936683 0.983288 0.04938519 0.983288 0.04938519 0.9838206 0.04942196 0.9863185 0.04940354 0.9862818 0.04942196 0.983839 0.04942196 0.9863185 0.04942196 0.9891287 0.04940354 0.9862818 0.03103661 0.9967142 0.03107333 0.9966959 0.03101825 0.9967327 0.03105497 0.9967327 0.03101825 0.9967327 0.03107333 0.9966959 0.03105497 0.9966959 0.03107333 0.9966959 0.03103661 0.9967142 0.03101825 0.9967327 0.03105497 0.9967327 0.03101825 0.9967327 0.01933622 0.9967327 0.01933622 0.9967327 0.0192995 0.9967327 0.0192995 0.9967327 0.0192995 0.9967327 0.01933622 0.9967327 0.01933622 0.9967327 0.0192995 0.9967327 0.01933622 0.9967327 0.0192995 0.9967327 0.01933622 0.9967327 0.0192995 0.996751 0.01933622 0.9967327 0.01933622 0.996751 0.0192995 0.996751 0.0192995 0.996751 0.01933622 0.996751 0.01931786 0.9967694 0.01933622 0.996751 0.01933622 0.9967694 0.01931786 0.9967694 0.01931786 0.9967694 0.01933622 0.9967694 0.01931786 0.9967694 0.01933622 0.9967694 0.01933622 0.9967694 0.01931786 0.9967694 0.01931786 0.9967694 0.01933622 0.9967694 0.01931786 0.9967694 0.01933622 0.9967694 0.01931786 0.9967694 0.01931786 0.9967694 0.01931786 0.9967877 0.01931786 0.9967694 0.01931786 0.9967694 0.03103661 0.9967877 0.03103661 0.9967877 0.03103661 0.9967694 0.03103661 0.9967877 0.03103661 0.9967877 0.03103661 0.9967877 0.04944032 0.9944184 0.04945868 0.9944735 0.04490363 0.9955755 0.04488527 0.9955571 0.04944032 0.9944184 0.04490363 0.9955755 0.04488527 0.9955571 0.04490363 0.9955755 0.04033029 0.9966775 0.04490363 0.9955755 0.04490363 0.9956306 0.04033029 0.9966775 0.04490363 0.9956306 0.04490363 0.9955755 0.04945868 0.9944735 0.04490363 0.9956306 0.04033029 0.9966959 0.04033029 0.9966775 0.04033029 0.9966775 0.04488527 0.9955571 0.04033029 0.9966775 0.04033029 0.9966959 0.04490363 0.9956306 0.04033029 0.9966959 0.04940354 0.9943449 0.04944032 0.9944184 0.04488527 0.9955571 0.04486691 0.9955021 0.04940354 0.9943449 0.04488527 0.9955571 0.04486691 0.9955021 0.04488527 0.9955571 0.04033029 0.9966775 0.04945868 0.9944735 0.04944032 0.9944184 0.04944032 0.9902307 0.04945868 0.9891471 0.04945868 0.9944735 0.04944032 0.9902307 0.04945868 0.9891471 0.04944032 0.9902307 0.04945868 0.9861349 0.04945868 0.983839 0.04945868 0.9891471 0.04945868 0.9861349 0.04033029 0.9966592 0.04486691 0.9955021 0.04033029 0.9966775 0.04033029 0.9966959 0.03573852 0.9956306 0.04033029 0.9966775 0.03573852 0.9956306 0.04033029 0.9966959 0.04033029 0.9966959 0.03573852 0.9956306 0.03575694 0.9955755 0.04033029 0.9966775 0.03575694 0.9955571 0.04033029 0.9966775 0.04033029 0.9966775 0.03575694 0.9955755 0.03575694 0.9955571 0.04033029 0.9966775 0.03122025 0.9944184 0.03575694 0.9955571 0.03575694 0.9955755 0.03118354 0.9944735 0.03122025 0.9944184 0.03575694 0.9955755 0.03575694 0.9955755 0.03573852 0.9956306 0.03118354 0.9944735 0.03573852 0.9956857 0.03573852 0.9956306 0.04033029 0.9966959 0.03573852 0.9956306 0.03573852 0.9956857 0.03114682 0.9946755 0.03116518 0.9945653 0.03573852 0.9956306 0.03114682 0.9946755 0.03573852 0.9956306 0.03116518 0.9945653 0.03118354 0.9944735 0.03120189 0.9891471 0.03118354 0.9944735 0.03116518 0.9945653 0.03118354 0.9889267 0.03120189 0.9891471 0.03116518 0.9945653 0.03116518 0.9945653 0.03114682 0.9946755 0.03118354 0.9887062 0.03118354 0.9889267 0.03116518 0.9945653 0.03118354 0.9887062 0.03118354 0.9883205 0.03118354 0.9887062 0.03114682 0.9946755 0.03114682 0.9946205 0.03118354 0.9883205 0.03114682 0.9946755 0.03114682 0.9946205 0.03114682 0.9946755 0.03573852 0.9956857 0.03118354 0.9883205 0.03114682 0.9946205 0.03120189 0.9879165 0.03114682 0.9946205 0.03112846 0.9945653 0.03120189 0.9879165 0.03114682 0.9946205 0.03573852 0.9956673 0.03112846 0.9945653 0.03573852 0.9956673 0.03114682 0.9946205 0.03573852 0.9956857 0.03573852 0.9956673 0.03572016 0.9956306 0.03112846 0.9945653 0.03573852 0.9956673 0.03573852 0.9956857 0.04033029 0.9966959 0.04033029 0.9967142 0.03573852 0.9956673 0.04033029 0.9966959 0.03573852 0.9956673 0.04033029 0.9967142 0.03572016 0.9956306 0.03120189 0.9879165 0.03112846 0.9945653 0.03122025 0.9872369 0.03112846 0.9945653 0.03116518 0.9945286 0.03122025 0.9872369 0.03116518 0.9945286 0.03112846 0.9945653 0.03572016 0.9956306 0.03120189 0.9891471 0.03118354 0.9889267 0.03120189 0.983839 0.03118354 0.9883205 0.03123861 0.9820023 0.03118354 0.9887062 0.03123861 0.9820023 0.03120189 0.9827554 0.03118354 0.9887062 0.03120189 0.9891471 0.03120189 0.983839 0.03120189 0.9861349 0.03122025 0.9862267 0.03120189 0.9861349 0.03120189 0.983839 0.03122025 0.9862267 0.03122025 0.9891287 0.03120189 0.9861349 0.03123861 0.9891287 0.03122025 0.9891287 0.03122025 0.9862267 0.03122025 0.9891287 0.03123861 0.9891287 0.03123861 0.9916633 0.03122025 0.9891287 0.03123861 0.9916633 0.03120189 0.9891471 0.03122025 0.9891287 0.03120189 0.9891471 0.03120189 0.9861349 0.03120189 0.9902307 0.03120189 0.9861349 0.03120189 0.9891471 0.03120189 0.9902307 0.03120189 0.9891471 0.03120189 0.9861349 0.03122025 0.9917368 0.03120189 0.9902307 0.03120189 0.9891471 0.03122025 0.9917368 0.03120189 0.9891471 0.03123861 0.9916633 0.03133046 0.993849 0.03122025 0.9917368 0.03123861 0.9916633 0.03122025 0.9944184 0.03120189 0.9902307 0.03122025 0.9917368 0.03123861 0.9943449 0.03122025 0.9944184 0.03122025 0.9917368 0.03133046 0.993849 0.03123861 0.9943449 0.03122025 0.9917368 0.03133046 0.993849 0.0357753 0.9955021 0.03123861 0.9943449 0.03133046 0.993849 0.04033029 0.9966592 0.0357753 0.9955021 0.04033029 0.9966592 0.04033029 0.9966592 0.0357753 0.9955021 0.03122025 0.9863185 0.03123861 0.9891287 0.03122025 0.9862267 0.03123861 0.9943449 0.0357753 0.9955021 0.03575694 0.9955571 0.03122025 0.9944184 0.03123861 0.9943449 0.03575694 0.9955571 0.03118354 0.9944735 0.03120189 0.9891471 0.03120189 0.9902307 0.03122025 0.9944184 0.03118354 0.9944735 0.03120189 0.9902307 0.03123861 0.9891287 0.03122025 0.9863185 0.03123861 0.9862818 0.03123861 0.9891287 0.03123861 0.9891287 0.03123861 0.9862818 0.03125703 0.98619 0.03123861 0.9891287 0.03123861 0.9862818 0.03125703 0.98619 0.03123861 0.9862818 0.03125703 0.9838206 0.03123861 0.9862818 0.03123861 0.9838206 0.03125703 0.9838206 0.03123861 0.9838206 0.03125703 0.983288 0.03125703 0.9838206 0.03125703 0.983288 0.03123861 0.9838206 0.03123861 0.983839 0.03123861 0.9838206 0.03123861 0.9862818 0.03123861 0.983839 0.03123861 0.9862818 0.03122025 0.9863185 0.03123861 0.983839 0.03125703 0.9838206 0.03125703 0.9838206 0.03125703 0.98619 0.03125703 0.9838206 0.03125703 0.9862084 0.03125703 0.98619 0.03125703 0.9862084 0.03125703 0.9838206 0.03127539 0.9861533 0.03125703 0.9838206 0.03127539 0.9838206 0.03127539 0.9861533 0.03125703 0.9838206 0.03127539 0.983288 0.03127539 0.9838206 0.03127539 0.983288 0.03127539 0.983288 0.03127539 0.9838206 0.03575694 0.9955571 0.0357753 0.9955021 0.04033029 0.9966775 0.0357753 0.9955021 0.04033029 0.9966592 0.04033029 0.9966775 0.04708933 0.980037 0.04565674 0.9784575 0.04668527 0.9786228 0.04775053 0.980037 0.04708933 0.980037 0.04668527 0.9786228 0.04668527 0.9786228 0.04565674 0.9784575 0.04532611 0.9781453 0.04708933 0.980037 0.04775053 0.980037 0.04784238 0.9813411 0.04775053 0.980037 0.04833829 0.9813411 0.04784238 0.9813411 0.04775053 0.980037 0.04668527 0.9786228 0.04771381 0.9787881 0.04668527 0.9786228 0.04532611 0.9781453 0.04593223 0.9781453 0.04771381 0.9787881 0.04668527 0.9786228 0.04593223 0.9781453 0.04848521 0.9820574 0.04833829 0.9813411 0.04885256 0.9813227 0.04901784 0.9820574 0.04848521 0.9820574 0.04885256 0.9813227 0.2294207 0.8095589 0.2277972 0.8002812 0.2345232 0.8002812 0.2366106 0.8093271 0.2294207 0.8095589 0.2345232 0.8002812 0.04901784 0.9820574 0.04905462 0.982039 0.04918318 0.9827737 0.2366106 0.8093271 0.2373064 0.8160531 0.2294207 0.8095589 0.2373064 0.8160531 0.2298845 0.8160531 0.2294207 0.8095589 0.2277972 0.8002812 0.2294207 0.8095589 0.2222304 0.8095589 0.2210707 0.8005138 0.2277972 0.8002812 0.2222304 0.8095589 0.2222304 0.8095589 0.2127211 0.8095589 0.2210707 0.8005138 0.2127211 0.8095589 0.2115612 0.8002812 0.2210707 0.8005138 0.2127211 0.8095589 0.1990364 0.8095589 0.2115612 0.8002812 0.04905462 0.982039 0.04888927 0.9813044 0.04892605 0.9813044 0.04892605 0.9813044 0.04888927 0.9813044 0.04879748 0.980037 0.04888927 0.9813044 0.04861378 0.9800187 0.04879748 0.980037 0.04951375 0.9949143 0.04945868 0.9782922 0.04947704 0.9945286 0.124816 0.8095589 0.124816 0.8002812 0.1514891 0.8002812 0.1524168 0.8095589 0.124816 0.8095589 0.1514891 0.8002812 0.1524168 0.8095589 0.1514891 0.8002812 0.1790897 0.8000494 0.1797854 0.8090952 0.1524168 0.8095589 0.1790897 0.8000494 0.1797854 0.8090952 0.1790897 0.8000494 0.1983405 0.8005138 0.124816 0.8002812 0.124816 0.8095589 0.09999853 0.8002812 0.124816 0.8095589 0.09976655 0.8095589 0.09999853 0.8002812 0.09999853 0.8002812 0.09976655 0.8095589 0.07309359 0.8005138 0.09976655 0.8095589 0.07262963 0.8095589 0.07309359 0.8005138 0.07309359 0.8005138 0.07262963 0.8095589 0.05175518 0.8005138 0.04936683 0.9820207 0.04940354 0.9827554 0.04938519 0.982737 0.04936683 0.9820023 0.04936683 0.9820207 0.04938519 0.982737 0.04940354 0.9827554 0.04936683 0.9820207 0.04940354 0.9827737 0.04936683 0.9820207 0.04938519 0.9820207 0.04940354 0.9827737 0.04938519 0.9820207 0.04936683 0.9820207 0.04934847 0.9812676 0.04934847 0.9812676 0.04938519 0.9820207 0.04934847 0.9812676 0.04934847 0.9812676 0.04934847 0.9812676 0.04931175 0.9799636 0.04933011 0.9799636 0.04934847 0.9812676 0.04931175 0.9799636 0.04944032 0.9827554 0.04942196 0.9820023 0.04947704 0.9887062 0.04033029 0.9966225 0.04901784 0.9943633 0.04033029 0.9966408 0.03162437 0.9943633 0.04033029 0.9966225 0.04033029 0.9966408 0.04033029 0.9966225 0.03162437 0.9943633 0.04033029 0.996604 0.03162437 0.9943633 0.03663855 0.996053 0.04033029 0.996604 0.0395956 0.996604 0.04033029 0.996604 0.03663855 0.996053 0.0395956 0.996604 0.04033029 0.996604 0.04033029 0.996604 0.0395956 0.9965673 0.04033029 0.996604 0.0395956 0.996604 0.0395956 0.996604 0.03818136 0.9965857 0.0395956 0.9965673 0.04033029 0.996604 0.04033029 0.996604 0.0395956 0.9965673 0.0395956 0.9965673 0.03917318 0.9966225 0.04033029 0.996604 0.03810787 0.996402 0.03917318 0.9966225 0.0395956 0.9965673 0.03818136 0.9965857 0.03810787 0.996402 0.0395956 0.9965673 0.03917318 0.9966225 0.03810787 0.996402 0.03895276 0.9954653 0.03917318 0.9966225 0.03895276 0.9954653 0.04033029 0.9954469 0.04033029 0.9965857 0.03917318 0.9966225 0.04033029 0.9954469 0.03917318 0.9966225 0.04033029 0.9965857 0.04033029 0.996604 0.03810787 0.996402 0.03757524 0.9954102 0.03895276 0.9954653 0.03685891 0.9954102 0.03757524 0.9954102 0.03810787 0.996402 0.0395956 0.996604 0.03663855 0.996053 0.03821808 0.9965857 0.0395956 0.996604 0.03821808 0.9965857 0.03818136 0.9965857 0.03895276 0.9954653 0.03871399 0.9942898 0.04033029 0.9954469 0.03895276 0.9954653 0.03757524 0.9954102 0.03871399 0.9942898 0.03871399 0.9942898 0.04033029 0.9943265 0.04033029 0.9954469 0.03757524 0.9954102 0.03698748 0.9943082 0.03871399 0.9942898 0.03757524 0.9954102 0.03685891 0.9954102 0.0355916 0.9943082 0.03698748 0.9943082 0.03757524 0.9954102 0.0355916 0.9943082 0.03685891 0.9954102 0.03630793 0.9954102 0.0355916 0.9943082 0.03685891 0.9954102 0.03810787 0.996402 0.03630793 0.9954102 0.03630793 0.9954102 0.03447121 0.9943082 0.0355916 0.9943082 0.124816 0.9396767 0.124816 0.9552167 0.1044054 0.9547531 0.1032456 0.9394448 0.124816 0.9396767 0.1044054 0.9547531 0.1032456 0.9394448 0.1044054 0.9547531 0.08260297 0.9549849 0.07958781 0.939213 0.1032456 0.9394448 0.08260297 0.9549849 0.07958781 0.939213 0.08260297 0.9549849 0.06497561 0.9549849 0.06080073 0.9394448 0.07958781 0.939213 0.06497561 0.9549849 0.05175518 0.9396767 0.06497561 0.9549849 0.05082738 0.9549849 0.05175518 0.9396767 0.06080073 0.9394448 0.06497561 0.9549849 0.04363721 0.9396767 0.05175518 0.9396767 0.05082738 0.9549849 0.05175518 0.9396767 0.04386919 0.9236729 0.06080073 0.9394448 0.05175518 0.9396767 0.04363721 0.9396767 0.04386919 0.9236729 0.04363721 0.9396767 0.05082738 0.9549849 0.02137106 0.9531295 0.02670568 0.9266882 0.04363721 0.9396767 0.02137106 0.9531295 0.04363721 0.9396767 0.03598326 0.9248328 0.04386919 0.9236729 0.03598326 0.9248328 0.04363721 0.9396767 0.02670568 0.9266882 0.03153252 0.9924531 0.03213864 0.9941613 0.0319733 0.9941796 0.03155088 0.9929674 0.03153252 0.9924531 0.0319733 0.9941796 0.03136724 0.9916266 0.03153252 0.9924531 0.03155088 0.9929674 0.03142231 0.992343 0.03136724 0.9916266 0.03155088 0.9929674 0.0313856 0.9905246 0.03136724 0.9916266 0.03142231 0.992343 0.03144067 0.9914797 0.0313856 0.9905246 0.03142231 0.992343 0.03136724 0.9905797 0.0313856 0.9905246 0.03144067 0.9914797 0.03142231 0.9914797 0.03136724 0.9905797 0.03144067 0.9914797 0.03134882 0.9906348 0.03136724 0.9905797 0.03142231 0.9914797 0.03142231 0.9914797 0.03134882 0.9906348 0.03142231 0.9914797 0.03134882 0.9906715 0.03134882 0.9906348 0.03142231 0.9914797 0.03140395 0.9914797 0.03134882 0.9906715 0.03142231 0.9914797 0.03134882 0.9906715 0.03140395 0.9914797 0.0313121 0.9921225 0.03140395 0.9914797 0.03136724 0.9925817 0.0313121 0.9921225 0.03134882 0.9906715 0.0313121 0.9921225 0.03123861 0.9916633 0.03123861 0.9916633 0.0313121 0.9921225 0.03133046 0.993849 0.0313121 0.9921225 0.03133046 0.9939225 0.03133046 0.993849 0.03136724 0.9925817 0.03133046 0.9939225 0.0313121 0.9921225 0.03129374 0.9899185 0.03134882 0.9906715 0.03123861 0.9916633 0.03134882 0.9906715 0.03129374 0.9899185 0.03134882 0.9906348 0.03134882 0.9906348 0.03129374 0.9899001 0.03136724 0.9905797 0.03129374 0.9899185 0.03129374 0.9899001 0.03134882 0.9906348 0.03129374 0.9899001 0.0313121 0.989845 0.03136724 0.9905797 0.03136724 0.9905797 0.0313121 0.989845 0.0313856 0.9905246 0.0313121 0.989845 0.03133046 0.9898083 0.0313856 0.9905246 0.03123861 0.9891287 0.03129374 0.9899185 0.03123861 0.9916633 0.03133046 0.9939225 0.03136724 0.9925817 0.03136724 0.9939408 0.03136724 0.9925817 0.0313856 0.9927102 0.03136724 0.9939408 0.0313856 0.9927102 0.03144067 0.9930776 0.03136724 0.9939408 0.03144067 0.9930776 0.03142231 0.9940143 0.03136724 0.9939408 0.03142231 0.9940143 0.03144067 0.9930776 0.03145903 0.994051 0.03144067 0.9930776 0.03147739 0.9933531 0.03145903 0.994051 0.03145903 0.994051 0.03147739 0.9933531 0.0314958 0.9940878 0.03147739 0.9933531 0.03151416 0.9935735 0.0314958 0.9940878 0.0314958 0.9940878 0.03151416 0.9935735 0.03153252 0.9941245 0.03151416 0.9935735 0.03155088 0.9937756 0.03153252 0.9941245 0.03153252 0.9941245 0.03155088 0.9937756 0.03156924 0.9941613 0.03155088 0.9937756 0.03156924 0.9939592 0.03156924 0.9941613 0.03156924 0.9941613 0.03156924 0.9939592 0.03160595 0.994198 0.03160595 0.994198 0.03156924 0.9941613 0.03160595 0.994198 0.03156924 0.9941796 0.03156924 0.9941613 0.03160595 0.994198 0.03156924 0.9941613 0.03156924 0.9941796 0.03153252 0.9941245 0.03160595 0.994198 0.03156924 0.9941796 0.03160595 0.994198 0.03160595 0.994198 0.03156924 0.9939592 0.0315876 0.9938123 0.0315876 0.9938123 0.03156924 0.9939592 0.03155088 0.9937756 0.03160595 0.994198 0.03160595 0.994198 0.0315876 0.9938123 0.03155088 0.9934817 0.0315876 0.9938123 0.03155088 0.9937756 0.03155088 0.9934817 0.03155088 0.9937756 0.03151416 0.9935735 0.03160595 0.994198 0.0315876 0.9938123 0.0315876 0.9938123 0.0315876 0.9938123 0.03155088 0.9934817 0.0315876 0.9938123 0.03160595 0.994198 0.03160595 0.994198 0.0315876 0.9938123 0.03160595 0.994198 0.0315876 0.9938123 0.03160595 0.994198 0.0315876 0.9938123 0.0315876 0.9937939 0.03160595 0.994198 0.03160595 0.994198 0.0315876 0.9937939 0.0315876 0.9937939 0.03160595 0.994198 0.03160595 0.994198 0.0315876 0.9937939 0.03160595 0.994198 0.0315876 0.9937939 0.0315876 0.9939225 0.03160595 0.994198 0.03160595 0.994198 0.0315876 0.9939225 0.03160595 0.994198 0.0315876 0.9939225 0.03160595 0.994198 0.0315876 0.9939225 0.03160595 0.9940143 0.03160595 0.994198 0.03160595 0.994198 0.03160595 0.9940143 0.03160595 0.994198 0.03160595 0.9940143 0.03166109 0.994198 0.03160595 0.994198 0.0315876 0.9938123 0.03155088 0.9934817 0.0315876 0.9937939 0.03155088 0.9934817 0.03155088 0.9934817 0.0315876 0.9938123 0.03155088 0.9934817 0.03155088 0.9934633 0.0315876 0.9937939 0.0315876 0.9937939 0.03155088 0.9934633 0.0315876 0.9937939 0.03160595 0.9940143 0.0315876 0.993849 0.03166109 0.994198 0.0315876 0.993849 0.03171616 0.994198 0.03166109 0.994198 0.03155088 0.9934633 0.03156924 0.9934633 0.0315876 0.9937939 0.0315876 0.9937939 0.03156924 0.9934633 0.0315876 0.9939225 0.03155088 0.9936837 0.0315876 0.993849 0.03160595 0.9940143 0.0315876 0.9939225 0.03155088 0.9936837 0.03160595 0.9940143 0.03156924 0.9934633 0.03155088 0.9936837 0.0315876 0.9939225 0.03155088 0.9934817 0.03153252 0.9931327 0.03155088 0.9934633 0.03153252 0.9931327 0.03153252 0.9931144 0.03155088 0.9934633 0.03155088 0.9934633 0.03153252 0.9931144 0.03156924 0.9934633 0.0315876 0.993849 0.0315876 0.9936837 0.03171616 0.994198 0.0315876 0.9936837 0.0317713 0.9941796 0.03171616 0.994198 0.03153252 0.9931144 0.03153252 0.9930959 0.03156924 0.9934633 0.03156924 0.9934633 0.03153252 0.9930959 0.03155088 0.9936837 0.03153252 0.9931511 0.03153252 0.9931327 0.03155088 0.9934817 0.03155088 0.9934817 0.03153252 0.9931511 0.03155088 0.9934817 0.03153252 0.9931511 0.03155088 0.9934817 0.03151416 0.9935735 0.03153252 0.9934266 0.0315876 0.9936837 0.0315876 0.993849 0.03155088 0.9936837 0.03153252 0.9934266 0.0315876 0.993849 0.03153252 0.9930959 0.03153252 0.9934266 0.03155088 0.9936837 0.03153252 0.9931511 0.03151416 0.9935735 0.03147739 0.9933531 0.0314958 0.9927654 0.03153252 0.9931511 0.03147739 0.9933531 0.03153252 0.9931511 0.0314958 0.9927654 0.03153252 0.9931327 0.03153252 0.9931327 0.0314958 0.992747 0.03153252 0.9931144 0.0314958 0.9927654 0.0314958 0.992747 0.03153252 0.9931327 0.0314958 0.992747 0.03151416 0.9927102 0.03153252 0.9931144 0.03153252 0.9931144 0.03151416 0.9927102 0.03153252 0.9930959 0.0315876 0.9936837 0.0315876 0.9934817 0.0317713 0.9941796 0.0315876 0.9934817 0.03182637 0.9941796 0.0317713 0.9941796 0.03151416 0.9927102 0.03151416 0.9926919 0.03153252 0.9930959 0.03153252 0.9930959 0.03151416 0.9926919 0.03153252 0.9934266 0.03151416 0.9931511 0.0315876 0.9934817 0.0315876 0.9936837 0.03153252 0.9934266 0.03151416 0.9931511 0.0315876 0.9936837 0.03151416 0.9926919 0.03151416 0.9931511 0.03153252 0.9934266 0.0314958 0.9927654 0.03147739 0.9933531 0.03144067 0.9930776 0.03145903 0.9922878 0.0314958 0.9927654 0.03144067 0.9930776 0.0314958 0.9927654 0.03145903 0.9922878 0.0314958 0.992747 0.0314958 0.992747 0.03147739 0.9922695 0.03151416 0.9927102 0.03145903 0.9922878 0.03147739 0.9922695 0.0314958 0.992747 0.03147739 0.9922695 0.03147739 0.9922327 0.03151416 0.9927102 0.03151416 0.9927102 0.03147739 0.9922327 0.03151416 0.9926919 0.0315876 0.9934817 0.03156924 0.9932613 0.03182637 0.9941796 0.03156924 0.9932613 0.03189986 0.9941796 0.03182637 0.9941796 0.03147739 0.9922327 0.03147739 0.9922143 0.03151416 0.9926919 0.03151416 0.9926919 0.03147739 0.9922143 0.03151416 0.9931511 0.03147739 0.9928021 0.03156924 0.9932613 0.0315876 0.9934817 0.03151416 0.9931511 0.03147739 0.9928021 0.0315876 0.9934817 0.03147739 0.9922143 0.03147739 0.9928021 0.03151416 0.9931511 0.03144067 0.9930776 0.0313856 0.9927102 0.03145903 0.9922878 0.0313856 0.9927102 0.03142231 0.9916817 0.03145903 0.9922878 0.03147739 0.9922327 0.03147739 0.9922695 0.03142231 0.9916817 0.03145903 0.9922878 0.03142231 0.9916817 0.03142231 0.9916817 0.03147739 0.9922695 0.03145903 0.9922878 0.03142231 0.9916817 0.03144067 0.9916633 0.03147739 0.9922327 0.03142231 0.9916817 0.03147739 0.9922143 0.03147739 0.9922327 0.03144067 0.9916633 0.03189986 0.9941796 0.03156924 0.9932613 0.03156924 0.9930409 0.03195494 0.9941796 0.03189986 0.9941796 0.03156924 0.9930409 0.03144067 0.9916633 0.03147739 0.9922143 0.03144067 0.9916633 0.03156924 0.9932613 0.03147739 0.9928021 0.03144067 0.9924531 0.03156924 0.9930409 0.03156924 0.9932613 0.03144067 0.9924531 0.03147739 0.9922143 0.03144067 0.9916633 0.03144067 0.9924531 0.03147739 0.9928021 0.03147739 0.9922143 0.03144067 0.9924531 0.03142231 0.9916817 0.0313856 0.9927102 0.03136724 0.9925817 0.03140395 0.9914797 0.03142231 0.9916817 0.03136724 0.9925817 0.03142231 0.9916817 0.03142231 0.9916817 0.03140395 0.9914797 0.03144067 0.9916633 0.03142231 0.9916817 0.03142231 0.9914797 0.03142231 0.9914797 0.03142231 0.9916817 0.03140395 0.9914797 0.03142231 0.9914797 0.03144067 0.9916633 0.03142231 0.9914797 0.03144067 0.9916633 0.03144067 0.9916633 0.03142231 0.9914797 0.03195494 0.9941796 0.03156924 0.9930409 0.03155088 0.9929674 0.0319733 0.9941796 0.03195494 0.9941796 0.03155088 0.9929674 0.03144067 0.9914797 0.03144067 0.9916633 0.03142231 0.9914797 0.03144067 0.9924531 0.03144067 0.9916633 0.03144067 0.9914797 0.03156924 0.9930409 0.03144067 0.9924531 0.03142231 0.992343 0.03155088 0.9929674 0.03156924 0.9930409 0.03142231 0.992343 0.03142231 0.992343 0.03144067 0.9924531 0.03144067 0.9914797 0.04933011 0.9940878 0.04933011 0.9940694 0.04933011 0.9942715 0.04933011 0.9940694 0.04916477 0.9941062 0.04933011 0.9942715 0.04916477 0.9941062 0.04901784 0.9943633 0.04933011 0.9942715 0.04901784 0.9943633 0.04400366 0.996053 0.04933011 0.9942715 0.04400366 0.996053 0.04422408 0.9960163 0.04933011 0.9942715 0.04400366 0.996053 0.0424425 0.9965857 0.04422408 0.9960163 0.0424425 0.9965857 0.04258942 0.9965673 0.04422408 0.9960163 0.04258942 0.9965673 0.0424425 0.9965857 0.04247921 0.9965857 0.04258942 0.9965673 0.04258942 0.9965673 0.04247921 0.9965857 0.04247921 0.9965857 0.0428282 0.996402 0.04258942 0.9965673 0.04933011 0.993849 0.04933011 0.9940694 0.04933011 0.9940878 0.04933011 0.993849 0.04916477 0.9941062 0.04933011 0.9940694 0.04901784 0.9943633 0.04916477 0.9941062 0.04033029 0.9966408 0.04258942 0.9965673 0.04288327 0.9964571 0.04422408 0.9960163 0.04288327 0.9964571 0.04448121 0.9959245 0.04422408 0.9960163 0.04422408 0.9960163 0.04448121 0.9959245 0.04933011 0.9942715 0.04448121 0.9959245 0.04931175 0.9942715 0.04933011 0.9942715 0.04288327 0.9964571 0.04288327 0.9964571 0.04258942 0.9965673 0.04258942 0.9965673 0.04288327 0.9964571 0.04258942 0.9965673 0.04933011 0.9940878 0.04931175 0.9942715 0.04931175 0.9941062 0.04312205 0.9962918 0.04288327 0.9964571 0.04258942 0.9965673 0.0428282 0.996402 0.04312205 0.9962918 0.04258942 0.9965673 0.04933011 0.9940878 0.04931175 0.9941062 0.04931175 0.9939225 0.04931175 0.9939225 0.04933011 0.993849 0.04933011 0.9940878 0.04933011 0.9942715 0.04931175 0.9942715 0.04933011 0.9940878 0.03147739 0.9941062 0.04033029 0.9966408 0.03133046 0.993849 0.04033029 0.9966408 0.04033029 0.9966408 0.03133046 0.993849 0.04033029 0.9966408 0.04033029 0.9966592 0.03133046 0.993849 0.03133046 0.993849 0.03133046 0.9940694 0.03147739 0.9941062 0.03133046 0.9940694 0.03133046 0.9942715 0.03147739 0.9941062 0.03133046 0.9940694 0.03133046 0.9940878 0.03133046 0.9942715 0.03133046 0.993849 0.03133046 0.9940878 0.03133046 0.9940694 0.03133046 0.9942715 0.03162437 0.9943633 0.03147739 0.9941062 0.03663855 0.996053 0.03162437 0.9943633 0.03133046 0.9942715 0.03641813 0.9960163 0.03663855 0.996053 0.03133046 0.9942715 0.03821808 0.9965857 0.03663855 0.996053 0.03641813 0.9960163 0.03807115 0.9965673 0.03821808 0.9965857 0.03641813 0.9960163 0.03821808 0.9965857 0.03807115 0.9965673 0.03818136 0.9965857 0.03807115 0.9965673 0.03807115 0.9965673 0.03818136 0.9965857 0.03810787 0.996402 0.03818136 0.9965857 0.03807115 0.9965673 0.03162437 0.9943633 0.04033029 0.9966408 0.03147739 0.9941062 0.03807115 0.9965673 0.03641813 0.9960163 0.0377773 0.9964571 0.03641813 0.9960163 0.03617936 0.9959245 0.0377773 0.9964571 0.03641813 0.9960163 0.03133046 0.9942715 0.03617936 0.9959245 0.0377773 0.9964571 0.03617936 0.9959245 0.03546303 0.995649 0.03687733 0.9961449 0.0377773 0.9964571 0.03546303 0.995649 0.03546303 0.995649 0.03617936 0.9959245 0.03134882 0.9942715 0.03133046 0.9942715 0.03134882 0.9942715 0.03617936 0.9959245 0.03133046 0.9942715 0.03133046 0.9940878 0.03134882 0.9942715 0.0313856 0.9942531 0.03546303 0.995649 0.03134882 0.9942715 0.03687733 0.9961449 0.03687733 0.9961265 0.0377773 0.9964571 0.03687733 0.9961265 0.0377773 0.9964571 0.0377773 0.9964571 0.03807115 0.9965673 0.0377773 0.9964571 0.0377773 0.9964571 0.03807115 0.9965673 0.03807115 0.9965673 0.0377773 0.9964571 0.0355916 0.9956673 0.03687733 0.9961449 0.03546303 0.995649 0.03450798 0.9953 0.0355916 0.9956673 0.03546303 0.995649 0.03450798 0.9953 0.03546303 0.995649 0.0313856 0.9942531 0.03452634 0.9952633 0.0355916 0.9956673 0.03450798 0.9953 0.03373652 0.9950062 0.03452634 0.9952633 0.03450798 0.9953 0.03357124 0.9949143 0.03452634 0.9952633 0.03373652 0.9950062 0.03303861 0.9947307 0.03357124 0.9949143 0.03373652 0.9950062 0.03267127 0.9945837 0.03357124 0.9949143 0.03303861 0.9947307 0.03239578 0.9944919 0.03267127 0.9945837 0.03303861 0.9947307 0.03267127 0.9945837 0.03239578 0.9944919 0.03162437 0.994198 0.03162437 0.994198 0.03267127 0.9945837 0.03162437 0.994198 0.03162437 0.994198 0.03239578 0.9944919 0.03160595 0.994198 0.03239578 0.9944919 0.03156924 0.9942163 0.03160595 0.994198 0.03267127 0.9945837 0.03267127 0.9945837 0.03162437 0.994198 0.03267127 0.9945837 0.03267127 0.9945837 0.03357124 0.9949143 0.03162437 0.994198 0.03267127 0.9945837 0.03162437 0.994198 0.03261619 0.994547 0.03267127 0.9945837 0.03162437 0.994198 0.03162437 0.994198 0.03261619 0.994547 0.03162437 0.994198 0.03239578 0.9944919 0.03303861 0.9947307 0.03153252 0.9942163 0.03156924 0.9942163 0.03239578 0.9944919 0.03153252 0.9942163 0.03153252 0.9942163 0.03153252 0.9941796 0.03156924 0.9942163 0.03153252 0.9941796 0.03156924 0.9941796 0.03156924 0.9942163 0.03156924 0.9942163 0.03156924 0.9941796 0.03160595 0.994198 0.03267127 0.9945837 0.03261619 0.994547 0.03357124 0.9949143 0.03267127 0.9945837 0.03357124 0.9949143 0.03357124 0.9949143 0.03261619 0.994547 0.03347939 0.9948592 0.03357124 0.9949143 0.0314958 0.9941613 0.03153252 0.9941796 0.03153252 0.9942163 0.0314958 0.9942347 0.0314958 0.9941613 0.03153252 0.9942163 0.03153252 0.9942163 0.03303861 0.9947307 0.0314958 0.9942347 0.03303861 0.9947307 0.03373652 0.9950062 0.0314958 0.9942347 0.03357124 0.9949143 0.03347939 0.9948592 0.03452634 0.9952633 0.03347939 0.9948592 0.03437942 0.9951714 0.03452634 0.9952633 0.03357124 0.9949143 0.03452634 0.9952633 0.03452634 0.9952633 0.03357124 0.9949143 0.03357124 0.9949143 0.03452634 0.9952633 0.03145903 0.9941429 0.0314958 0.9941613 0.0314958 0.9942347 0.03144067 0.9942347 0.03145903 0.9941429 0.0314958 0.9942347 0.0314958 0.9942347 0.03373652 0.9950062 0.03144067 0.9942347 0.03373652 0.9950062 0.03450798 0.9953 0.03144067 0.9942347 0.03452634 0.9952633 0.03437942 0.9951714 0.0355916 0.9956673 0.03437942 0.9951714 0.0353896 0.9955388 0.0355916 0.9956673 0.03452634 0.9952633 0.0355916 0.9956673 0.0355916 0.9956673 0.03452634 0.9952633 0.03452634 0.9952633 0.0355916 0.9956673 0.03140395 0.9941245 0.03145903 0.9941429 0.03144067 0.9942347 0.0313856 0.9942531 0.03140395 0.9941245 0.03144067 0.9942347 0.03144067 0.9942347 0.03450798 0.9953 0.0313856 0.9942531 0.0355916 0.9956673 0.0353896 0.9955388 0.03687733 0.9961265 0.0353896 0.9955388 0.03660178 0.9959796 0.03687733 0.9961265 0.0355916 0.9956673 0.03687733 0.9961265 0.03687733 0.9961449 0.0355916 0.9956673 0.0355916 0.9956673 0.03687733 0.9961449 0.03140395 0.9941245 0.0313856 0.9942531 0.03134882 0.9941062 0.0313856 0.9942531 0.03134882 0.9942715 0.03134882 0.9941062 0.03687733 0.9961265 0.03660178 0.9959796 0.0377773 0.9964571 0.03660178 0.9959796 0.03774052 0.9962918 0.0377773 0.9964571 0.03145903 0.9941429 0.03140395 0.9941245 0.03142231 0.9940143 0.03145903 0.994051 0.03145903 0.9941429 0.03142231 0.9940143 0.03140395 0.9941245 0.03134882 0.9941062 0.03136724 0.9939408 0.03142231 0.9940143 0.03140395 0.9941245 0.03136724 0.9939408 0.03133046 0.9940878 0.03134882 0.9941062 0.03134882 0.9942715 0.03807115 0.9965673 0.0377773 0.9964571 0.03774052 0.9962918 0.03810787 0.996402 0.03807115 0.9965673 0.03774052 0.9962918 0.03133046 0.9939225 0.03136724 0.9939408 0.03134882 0.9941062 0.03133046 0.9940878 0.03133046 0.9939225 0.03134882 0.9941062 0.03133046 0.9939225 0.03133046 0.9940878 0.03133046 0.993849 0.0314958 0.9941613 0.03145903 0.9941429 0.03145903 0.994051 0.0314958 0.9940878 0.0314958 0.9941613 0.03145903 0.994051 0.03153252 0.9941796 0.0314958 0.9941613 0.0314958 0.9940878 0.03153252 0.9941245 0.03153252 0.9941796 0.0314958 0.9940878 0.03156924 0.9941796 0.03153252 0.9941796 0.03153252 0.9941245 0.03156924 0.9941796 0.03160595 0.994198 0.03160595 0.994198 0.03160595 0.994198 0.03160595 0.994198 0.03160595 0.994198 0.03160595 0.994198 0.03160595 0.994198 0.03160595 0.994198 0.03160595 0.994198 0.03160595 0.994198 0.03160595 0.994198 0.03160595 0.994198 0.03160595 0.994198 0.03160595 0.994198 0.03160595 0.994198 0.03162437 0.994198 0.03160595 0.994198 0.03160595 0.994198 0.03162437 0.994198 0.03162437 0.994198 0.03160595 0.994198 0.03160595 0.994198 0.03160595 0.994198 0.03160595 0.994198 0.03160595 0.994198 0.03160595 0.994198 0.03160595 0.994198 0.03160595 0.994198 0.03160595 0.994198 0.03160595 0.994198 0.03162437 0.994198 0.03162437 0.994198 0.03160595 0.994198 0.03162437 0.994198 0.03162437 0.994198 0.03160595 0.994198 0.03160595 0.994198 0.03160595 0.994198 0.03160595 0.994198 0.03160595 0.994198 0.03160595 0.994198 0.03160595 0.994198 0.03160595 0.994198 0.03160595 0.994198 0.03366309 0.980037 0.03289169 0.980037 0.0339753 0.9786228 0.0345447 0.9784575 0.03366309 0.980037 0.0339753 0.9786228 0.0345447 0.9784575 0.0339753 0.9786228 0.03533446 0.9781453 0.03289169 0.980037 0.03366309 0.980037 0.03285491 0.9813595 0.03230392 0.9813411 0.03289169 0.980037 0.03285491 0.9813595 0.0339753 0.9786228 0.03289169 0.980037 0.03294676 0.9787881 0.0339753 0.9786228 0.03294676 0.9787881 0.03470999 0.9781453 0.03533446 0.9781453 0.0339753 0.9786228 0.03470999 0.9781453 0.03230392 0.9813411 0.03217536 0.9820574 0.03180801 0.9813227 0.03217536 0.9820574 0.03164273 0.9820574 0.03180801 0.9813227 0.0218349 0.8002812 0.01997947 0.8095589 0.0151087 0.8002812 0.01997947 0.8095589 0.01278924 0.8093271 0.0151087 0.8002812 0.03160595 0.982039 0.03164273 0.9820574 0.03145903 0.9827737 0.0123254 0.8160531 0.01278924 0.8093271 0.01997947 0.8095589 0.01951551 0.8160531 0.0123254 0.8160531 0.01997947 0.8095589 0.01997947 0.8095589 0.0218349 0.8002812 0.02763336 0.8095589 0.0218349 0.8002812 0.02902513 0.8005138 0.02763336 0.8095589 0.03760683 0.8095589 0.02763336 0.8095589 0.02902513 0.8005138 0.03853464 0.8002812 0.03760683 0.8095589 0.02902513 0.8005138 0.0510593 0.8095589 0.03760683 0.8095589 0.03853464 0.8002812 0.0317713 0.9813044 0.03160595 0.982039 0.03171616 0.9813044 0.0317713 0.9813044 0.03171616 0.9813044 0.03186309 0.980037 0.03204679 0.9800187 0.0317713 0.9813044 0.03186309 0.980037 0.03101825 0.9967327 0.03105497 0.9967327 0.03107333 0.9966959 0.03107333 0.9966959 0.03103661 0.9967142 0.03101825 0.9967327 0.03107333 0.9966959 0.03105497 0.9966959 0.03103661 0.9967142 0.03101825 0.9967327 0.03101825 0.9967327 0.03105497 0.9967327 0.0192995 0.9967327 0.01933622 0.9967327 0.01933622 0.9967327 0.0192995 0.9967327 0.0192995 0.9967327 0.01933622 0.9967327 0.0192995 0.9967327 0.01933622 0.9967327 0.01933622 0.9967327 0.01933622 0.9967327 0.0192995 0.9967327 0.0192995 0.996751 0.01933622 0.996751 0.01933622 0.9967327 0.0192995 0.996751 0.01933622 0.996751 0.0192995 0.996751 0.01931786 0.9967694 0.01933622 0.9967694 0.01933622 0.996751 0.01931786 0.9967694 0.01933622 0.9967694 0.01931786 0.9967694 0.01931786 0.9967694 0.01933622 0.9967694 0.01933622 0.9967694 0.01931786 0.9967694 0.01933622 0.9967694 0.01931786 0.9967694 0.01931786 0.9967694 0.01931786 0.9967694 0.01933622 0.9967694 0.01931786 0.9967694 0.01931786 0.9967694 0.01931786 0.9967694 0.01931786 0.9967877 0.03103661 0.9967877 0.03103661 0.9967694 0.03103661 0.9967877 0.03103661 0.9967877 0.03103661 0.9967877 0.03103661 0.9967877 0.0313856 0.9905246 0.03133046 0.9898083 0.0313121 0.9911674 0.03136724 0.9916266 0.0313856 0.9905246 0.0313121 0.9911674 0.04905462 0.994198 0.04905462 0.994198 0.04909133 0.9941796 0.04905462 0.994198 0.04905462 0.994198 0.04905462 0.994198 0.04905462 0.994198 0.04905462 0.994198 0.04905462 0.994198 0.04905462 0.994198 0.04905462 0.994198 0.04905462 0.994198 0.04905462 0.994198 0.04905462 0.994198 0.04905462 0.994198 0.04905462 0.994198 0.04905462 0.994198 0.04903626 0.994198 0.04905462 0.994198 0.04903626 0.994198 0.04903626 0.994198 0.04905462 0.994198 0.04905462 0.994198 0.04905462 0.994198 0.04905462 0.994198 0.04905462 0.994198 0.04905462 0.994198 0.04905462 0.994198 0.04905462 0.994198 0.04905462 0.994198 0.04905462 0.994198 0.04903626 0.994198 0.04903626 0.994198 0.04905462 0.994198 0.04903626 0.994198 0.04903626 0.994198 0.04905462 0.994198 0.04905462 0.994198 0.04905462 0.994198 0.04905462 0.994198 0.04905462 0.994198 0.04905462 0.994198 0.04905462 0.994198 0.04905462 0.994198 0.04905462 0.994198 0.04910969 0.9941245 0.04912805 0.9941796 0.04909133 0.9941796 0.04910969 0.9941245 0.04914641 0.9940878 0.04912805 0.9941796 0.04914641 0.9940878 0.04916477 0.9941613 0.04912805 0.9941796 0.04914641 0.9940878 0.04918318 0.994051 0.04916477 0.9941613 0.04918318 0.994051 0.04920154 0.9941429 0.04916477 0.9941613</float_array>
          <technique_common>
            <accessor source="#toro_head-mesh-map-0-array" count="4776" stride="2">
              <param name="S" type="float"/>
              <param name="T" type="float"/>
            </accessor>
          </technique_common>
        </source>
        <source id="toro_head-mesh-colors-Col" name="Col">
          <float_array id="toro_head-mesh-colors-Col-array" count="19104">0 0 0 0 0 0 0 0 0 0 0 0 0 0 0 0 0 0 0 0 0 0 0 0 0 0 0 0 0 0 0 0 0 0 0 0 0 0 0 0 0 0 0 0 0 0 0 0 0 0 0 0 0 0 0 0 0 0 0 0 0 0 0 0 0 0 0 0 0 0 0 0 0 0 0 0 0 0 0 0 0 0 0 0 0 0 0 0 0 0 0 0 0 0 0 0 0 0 0 0 0 0 0 0 0 0 0 0 0 0 0 0 0 0 0 0 0 0 0 0 0 0 0 0 0 0 0 0 0 0 0 0 0 0 0 0 0 0 0 0 0 0 0 0 0 0 0 0 0 0 0 0 0 0 0 0 0 0 0 0 0 0 0 0 0 0 0 0 0 0 0 0 0 0 0 0 0 0 0 0 0 0 0 0 0 0 0 0 0 0 0 0 0 0 0 0 0 0 0 0 0 0 0 0 0 0 0 0 0 0 0 0 0 0 0 0 0 0 0 0 0 0 0 0 0 0 0 0 0 0 0 0 0 0 0 0 0 0 0 0 0 0 0 0 0 0 0 0 0 0 0 0 0 0 0 0 0 0 0 0 0 0 0 0 0 0 0 0 0 0 0 0 0 0 0 0 0 0 0 0 0 0 0 0 0 0 0 0 0 0 0 0 0 0 0 0 0 0 0 0 0 0 0 0 0 0 0 0 0 0 0 0 0 0 0 0 0 0 0 0 0 0 0 0 0 0 0 0 0 0 0 0 0 0 0 0 0 0 0 0 0 0 0 0 0 0 0 0 0 0 0 0 0 0 0 0 0 0 0 0 0 0 0 0 0 0 0 0 0 0 0 0 0 0 0 0 0 0 0 0 0 0 0 0 0 0 0 0 0 0 0 0 0 0 0 0 0 0 0 0 0 0 0 0 0 0 0 0 0 0 0 0 0 0 0 0 0 0 0 0 0 0 0 0 0 0 0 0 0 0 0 0 0 0 0 0 0 0 0 0 0 0 0 0 0 0 0 0 0 0 0 0 0 0 0 0 0 0 0 0 0 0 0 0 0 0 0 0 0 0 0 0 0 0 0 0 0 0 0 0 0 0 0 0 0 0 0 0 0 0 0 0 0 0 0 0 0 0 0 0 0 0 0 0 0 0 0 0 0 0 0 0 0 0 0 0 0 0 0 0 0 0 0 0 0 0 0 0 0 0 0 0 0 0 0 0 0 0 0 0 0 0 0 0 0 0 0 0 0 0 0 0 0 0 0 0 0 0 0 0 0 0 0 0 0 0 0 0 0 0 0 0 0 0 0 0 0 0 0 0 0 0 0 0 0 0 0 0 0 0 0 0 0 0 0 0 0 0 0 0 0 0 0 0 0 0 0 0 0 0 0 0 0 0 0 0 0 0 0 0 0 0 0 0 0 0 0 0 0 0 0 0 0 0 0 0 0 0 0 0 0 0 0 0 0 0 0 0 0 0 0 0 0 0 0 0 0 0 0 0 0 0 0 0 0 0 0 0 0 0 0 0 0 0 0 0 0 0 0 0 0 0 0 0 0 0 0 0 0 0 0 0 0 0 0 0 0 0 0 0 0 0 0 0 0 0 0 0 0 0 0 0 0 0 0 0 0 0 0 0 0 0 0 0 0 0 0 0 0 0 0 0 0 0 0 0 0 0 0 0 0 0 0 0 0 0 0 0 0 0 0 0 0 0 0 0 0 0 0 0 0 0 0 0 0 0 0 0 0 0 0 0 0 0 0 0 0 0 0 0 0 0 0 0 0 0 0 0 0 0 0 0 0 0 0 0 0 0 0 0 0 0 0 0 0 0 0 0 0 0 0 0 0 0 0 0 0 0 0 0 0 0 0 0 0 0 0 0 0 0 0 0 0 0 0 0 0 0 0 0 0 0 0 0 0 0 0 0 0 0 0 0 0 0 0 0 0 0 0 0 0 0 0 0 0 0 0 0 0 0 0 0 0 0 0 0 0 0 0 0 0 0 0 0 0 0 0 0 0 0 0 0 0 0 0 0 0 0 0 0 0 0 0 0 0 0 0 0 0 0 0 0 0 0 0 0 0 0 0 0 0 0 0 0 0 0 0 0 0 0 0 0 0 0 0 0 0 0 0 0 0 0 0 0 0 0 0 0 0 0 0 0 0 0 0 0 0 0 0 0 0 0 0 0 0 0 0 0 0 0 0 0 0 0 0 0 0 0 0 0 0 0 0 0 0 0 0 0 0 0 0 0 0 0 0 0 0 0 0 0 0 0 0 0 0 0 0 0 0 0 0 0 0 0 0 0 0 0 0 0 0 0 0 0 0 0 0 0 0 0 0 0 0 0 0 0 0 0 0 0 0 0 0 0 0 0 0 0 0 0 0 0 0 0 0 0 0 0 0 0 0 0 0 0 0 0 0 0 0 0 0 0 0 0 0 0 0 0 0 0 0 0 0 0 0 0 0 0 0 0 0 0 0 0 0 0 0 0 0 0 0 0 0 0 0 0 0 0 0 0 0 0 0 0 0 0 0 0 0 0 0 0 0 0 0 0 0 0 0 0 0 0 0 0 0 0 0 0 0 0 0 0 0 0 0 0 0 0 0 0 0 0 0 0 0 0 0 0 0 0 0 0 0 0 0 0 0 0 0 0 0 0 0 0 0 0 0 0 0 0 0 0 0 0 0 0 0 0 0 0 0 0 0 0 0 0 0 0 0 0 0 0 0 0 0 0 0 0 0 0 0 0 0 0 0 0 0 0 0 0 0 0 0 0 0 0 0 0 0 0 0 0 0 0 0 0 0 0 0 0 0 0 0 0 0 0 0 0 0 0 0 0 0 0 0 0 0 0 0 0 0 0 0 0 0 0 0 0 0 0 0 0 0 0 0 0 0 0 0 0 0 0 0 0 0 0 0 0 0 0 0 0 0 0 0 0 0 0 0 0 0 0 0 0 0 0 0 0 0 0 0 0 0 0 0 0 0 0 0 0 0 0 0 0 0 0 0 0 0 0 0 0 0 0 0 0 0 0 0 0 0 0 0 0 0 0 0 0 0 0 0 0 0 0 0 0 0 0 0 0 0 0 0 0 0 0 0 0 0 0 0 0 0 0 0 0 0 0 0 0 0 0 0 0 0 0 0 0 0 0 0 0 0 0 0 0 0 0 0 0 0 0 0 0 0 0 0 0 0 0 0 0 0 0 0 0 0 0 0 0 0 0 0 0 0 0 0 0 0 0 0 0 0 0 0 0 0 0 0 0 0 0 0 0 0 0 0 0 0 0 0 0 0 0 0 0 0 0 0 0 0 0 0 0 0 0 0 0 0 0 0 0 0 0 0 0 0 0 0 0 0 0 0 0 0 0 0 0 0 0 0 0 0 0 0 0 0 0 0 0 0 0 0 0 0 0 0 0 0 0 0 0 0 0 0 0 0 0 0 0 0 0 0 0 0 0 0 0 0 0 0 0 0 0 0 0 0 0 0 0 0 0 0 0 0 0 0 0 0 0 0 0 0 0 0 0 0 0 0 0 0 0 0 0 0 0 0 0 0 0 0 0 0 0 0 0 0 0 0 0 0 0 0 0 0 0 0 0 0 0 0 0 0 0 0 0 0 0 0 0 0 0 0 0 0 0 0 0 0 0 0 0 0 0 0 0 0 0 0 0 0 0 0 0 0 0 0 0 0 0 0 0 0 0 0 0 0 0 0 0 0 0 0 0 0 0 0 0 0 0 0 0 0 0 0 0 0 0 0 0 0 0 0 0 0 0 0 0 0 0 0 0 0 0 0 0 0 0 0 0 0 0 0 0 0 0 0 0 0 0 0 0 0 0 0 0 0 0 0 0 0 0 0 0 0 0 0 0 0 0 0 0 0 0 0 0 0 0 0 0 0 0 0 0 0 0 0 0 0 0 0 0 0 0 0 0 0 0 0 0 0 0 0 0 0 0 0 0 0 0 0 0 0 0 0 0 0 0 0 0 0 0 0 0 0 0 0 0 0 0 0 0 0 0 0 0 0 0 0 0 0 0 0 0 0 0 0 0 0 0 0 0 0 0 0 0 0 0 0 0 0 0 0 0 0 0 0 0 0 0 0 0 0 0 0 0 0 0 0 0 0 0 0 0 0 0 0 0 0 0 0 0 0 0 0 0 0 0 0 0 0 0 0 0 0 0 0 0 0 0 0 0 0 0 0 0 0 0 0 0 0 0 0 0 0 0 0 0 0 0 0 0 0 0 0 0 0 0 0 0 0 0 0 0 0 0 0 0 0 0 0 0 0 0 0 0 0 0 0 0 0 0 0 0 0 0 0 0 0 0 0 0 0 0 0 0 0 0 0 0 0 0 0 0 0 0 0 0 0 0 0 0 0 0 0 0 0 0 0 0 0 0 0 0 0 0 0 0 0 0 0 0 0 0 0 0 0 0 0 0 0 0 0 0 0 0 0 0 0 0 0 0 0 0 0 0 0 0 0 0 0 0 0 0 0 0 0 0 0 0 0 0 0 0 0 0 0 0 0 0 0 0 0 0 0 0 0 0 0 0 0 0 0 0 0 0 0 0 0 0 0 0 0 0 0 0 0 0 0 0 0 0 0 0 0 0 0 0 0 0 0 0 0 0 0 0 0 0 0 0 0 0 0 0 0 0 0 0 0 0 0 0 0 0 0 0 0 0 0 0 0 0 0 0 0 0 0 0 0 0 0 0 0 0 0 0 0 0 0 0 0 0 0 0 0 0 0 0 0 0 0 0 0 0 0 0 0 0 0 0 0 0 0 0 0 0 0 0 0 0 0 0 0 0 0 0 0 0 0 0 0 0 0 0 0 0 0 0 0 0 0 0 0 0 0 0 0 0 0 0 0 0 0 0 0 0 0 0 0 0 0 0 0 0 0 0 0 0 0 0 0 0 0 0 0 0 0 0 0 0 0 0 0 0 0 0 0 0 0 0 0 0 0 0 0 0 0 0 0 0 0 0 0 0 0 0 0 0 0 0 0 0 0 0 0 0 0 0 0 0 0 0 0 0 0 0 0 0 0 0 0 0 0 0 0 0 0 0 0 0 0 0 0 0 0 0 0 0 0 0 0 0 0 0 0 0 0 0 0 0 0 0 0 0 0 0 0 0 0 0 0 0 0 0 0 0 0 0 0 0 0 0 0 0 0 0 0 0 0 0 0 0 0 0 0 0 0 0 0 0 0 0 0 0 0 0 0 0 0 0 0 0 0 0 0 0 0 0 0 0 0 0 0 0 0 0 0 0 0 0 0 0 0 0 0 0 0 0 0 0 0 0 0 0 0 0 0 0 0 0 0 0 0 0 0 0 0 0 0 0 0 0 0 0 0 0 0 0 0 0 0 0 0 0 0 0 0 0 0 0 0 0 0 0 0 0 0 0 0 0 0 0 0 0 0 0 0 0 0 0 0 0 0 0 0 0 0 0 0 0 0 0 0 0 0 0 0 0 0 0 0 0 0 0 0 0 0 0 0 0 0 0 0 0 0 0 0 0 0 0 0 0 0 0 0 0 0 0 0 0 0 0 0 0 0 0 0 0 0 0 0 0 0 0 0 0 0 0 0 0 0 0 0 0 0 0 0 0 0 0 0 0 0 0 0 0 0 0 0 0 0 0 0 0 0 0 0 0 0 0 0 0 0 0 0 0 0 0 0 0 0 0 0 0 0 0 0 0 0 0 0 0 0 0 0 0 0 0 0 0 0 0 0 0 0 0 0 0 0 0 0 0 0 0 0 0 0 0 0 0 0 0 0 0 0 0 0 0 0 0 0 0 0 0 0 0 0 0 0 0 0 0 0 0 0 0 0 0 0 0 0 0 0 0 0 0 0 0 0 0 0 0 0 0 0 0 0 0 0 0 0 0 0 0 0 0 0 0 0 0 0 0 0 0 0 0 0 0 0 0 0 0 0 0 0 0 0 0 0 0 0 0 0 0 0 0 0 0 0 0 0 0 0 0 0 0 0 0 0 0 0 0 0 0 0 0 0 0 0 0 0 0 0 0 0 0 0 0 0 0 0 0 0 0 0 0 0 0 0 0 0 0 0 0 0 0 0 0 0 0 0 0 0 0 0 0 0 0 0 0 0 0 0 0 0 0 0 0 0 0 0 0 0 0 0 0 0 0 0 0 0 0 0 0 0 0 0 0 0 0 0 0 0 0 0 0 0 0 0 0 0 0 0 0 0 0 0 0 0 0 0 0 0 0 0 0 0 0 0 0 0 0 0 0 0 0 0 0 0 0 0 0 0 0 0 0 0 0 0 0 0 0 0 0 0 0 0 0 0 0 0 0 0 0 0 0 0 0 0 0 0 0 0 0 0 0 0 0 0 0 0 0 0 0 0 0 0 0 0 0 0 0 0 0 0 0 0 0 0 0 0 0 0 0 0 0 0 0 0 0 0 0 0 0 0 0 0 0 0 0 0 0 0 0 0 0 0 0 0 0 0 0 0 0 0 0 0 0 0 0 0 0 0 0 0 0 0 0 0 0 0 0 0 0 0 0 0 0 0 0 0 0 0 0 0 0 0 0 0 0 0 0 0 0 0 0 0 0 0 0 0 0 0 0 0 0 0 0 0 0 0 0 0 0 0 0 0 0 0 0 0 0 0 0 0 0 0 0 0 0 0 0 0 0 0 0 0 0 0 0 0 0 0 0 0 0 0 0 0 0 0 0 0 0 0 0 0 0 0 0 0 0 0 0 0 0 0 0 0 0 0 0 0 0 0 0 0 0 0 0 0 0 0 0 0 0 0 0 0 0 0 0 0 0 0 0 0 0 0 0 0 0 0 0 0 0 0 0 0 0 0 0 0 0 0 0 0 0 0 0 0 0 0 0 0 0 0 0 0 0 0 0 0 0 0 0 0 0 0 0 0 0 0 0 0 0 0 0 0 0 0 0 0 0 0 0 0 0 0 0 0 0 0 0 0 0 0 0 0 0 0 0 0 0 0 0 0 0 0 0 0 0 0 0 0 0 0 0 0 0 0 0 0 0 0 0 0 0 0 0 0 0 0 0 0 0 0 0 0 0 0 0 0 0 0 0 0 0 0 0 0 0 0 0 0 0 0 0 0 0 0 0 0 0 0 0 0 0 0 0 0 0 0 0 0 0 0 0 0 0 0 0 0 0 0 0 0 0 0 0 0 0 0 0 0 0 0 0 0 0 0 0 0 0 0 0 0 0 0 0 0 0 0 0 0 0 0 0 0 0 0 0 0 0 0 0 0 0 0 0 0 0 0 0 0 0 0 0 0 0 0 0 0 0 0 0 0 0 0 0 0 0 0 0 0 0 0 0 0 0 0 0 0 0 0 0 0 0 0 0 0 0 0 0 0 0 0 0 0 0 0 0 0 0 0 0 0 0 0 0 0 0 0 0 0 0 0 0 0 0 0 0 0 0 0 0 0 0 0 0 0 0 0 0 0 0 0 0 0 0 0 0 0 0 0 0 0 0 0 0 0 0 0 0 0 0 0 0 0 0 0 0 0 0 0 0 0 0 0 0 0 0 0 0 0 0 0 0 0 0 0 0 0 0 0 0 0 0 0 0 0 0 0 0 0 0 0 0 0 0 0 0 0 0 0 0 0 0 0 0 0 0 0 0 0 0 0 0 0 0 0 0 0 0 0 0 0 0 0 0 0 0 0 0 0 0 0 0 0 0 0 0 0 0 0 0 0 0 0 0 0 0 0 0 0 0 0 0 0 0 0 0 0 0 0 0 0 0 0 0 0 0 0 0 0 0 0 0 0 0 0 0 0 0 0 0 0 0 0 0 0 0 0 0 0 0 0 0 0 0 0 0 0 0 0 0 0 0 0 0 0 0 0 0 0 0 0 0 0 0 0 0 0 0 0 0 0 0 0 0 0 0 0 0 0 0 0 0 0 0 0 0 0 0 0 0 0 0 0 0 0 0 0 0 0 0 0 0 0 0 0 0 0 0 0 0 0 0 0 0 0 0 0 0 0 0 0 0 0 0 0 0 0 0 0 0 0 0 0 0 0 0 0 0 0 0 0 0 0 0 0 0 0 0 0 0 0 0 0 0 0 0 0 0 0 0 0 0 0 0 0 0 0 0 0 0 0 0 0 0 0 0 0 0 0 0 0 0 0 0 0 0 0 0 0 0 0 0 0 0 0 0 0 0 0 0 0 0 0 0 0 0 0 0 0 0 0 0 0 0 0 0 0 0 0 0 0 0 0 0 0 0 0 0 0 0 0 0 0 0 0 0 0 0 0 0 0 0 0 0 0 0 0 0 0 0 0 0 0 0 0 0 0 0 0 0 0 0 0 0 0 0 0 0 0 0 0 0 0 0 0 0 0 0 0 0 0 0 0 0 0 0 0 0 0 0 0 0 0 0 0 0 0 0 0 0 0 0 0 0 0 0 0 0 0 0 0 0 0 0 0 0 0 0 0 0 0 0 0 0 0 0 0 0 0 0 0 0 0 0 0 0 0 0 0 0 0 0 0 0 0 0 0 0 0 0 0 0 0 0 0 0 0 0 0 0 0 0 0 0 0 0 0 0 0 0 0 0 0 0 0 0 0 0 0 0 0 0 0 0 0 0 0 0 0 0 0 0 0 0 0 0 0 0 0 0 0 0 0 0 0 0 0 0 0 0 0 0 0 0 0 0 0 0 0 0 0 0 0 0 0 0 0 0 0 0 0 0 0 0 0 0 0 0 0 0 0 0 0 0 0 0 0 0 0 0 0 0 0 0 0 0 0 0 0 0 0 0 0 0 0 0 0 0 0 0 0 0 0 0 0 0 0 0 0 0 0 0 0 0 0 0 0 0 0 0 0 0 0 0 0 0 0 0 0 0 0 0 0 0 0 0 0 0 0 0 0 0 0 0 0 0 0 0 0 0 0 0 0 0 0 0 0 0 0 0 0 0 0 0 0 0 0 0 0 0 0 0 0 0 0 0 0 0 0 0 0 0 0 0 0 0 0 0 0 0 0 0 0 0 0 0 0 0 0 0 0 0 0 0 0 0 0 0 0 0 0 0 0 0 0 0 0 0 0 0 0 0 0 0 0 0 0 0 0 0 0 0 0 0 0 0 0 0 0 0 0 0 0 0 0 0 0 0 0 0 0 0 0 0 0 0 0 0 0 0 0 0 0 0 0 0 0 0 0 0 0 0 0 0 0 0 0 0 0 0 0 0 0 0 0 0 0 0 0 0 0 0 0 0 0 0 0 0 0 0 0 0 0 0 0 0 0 0 0 0 0 0 0 0 0 0 0 0 0 0 0 0 0 0 0 0 0 0 0 0 0 0 0 0 0 0 0 0 0 0 0 0 0 0 0 0 0 0 0 0 0 0 0 0 0 0 0 0 0 0 0 0 0 0 0 0 0 0 0 0 0 0 0 0 0 0 0 0 0 0 0 0 0 0 0 0 0 0 0 0 0 0 0 0 0 0 0 0 0 0 0 0 0 0 0 0 0 0 0 0 0 0 0 0 0 0 0 0 0 0 0 0 0 0 0 0 0 0 0 0 0 0 0 0 0 0 0 0 0 0 0 0 0 0 0 0 0 0 0 0 0 0 0 0 0 0 0 0 0 0 0 0 0 0 0 0 0 0 0 0 0 0 0 0 0 0 0 0 0 0 0 0 0 0 0 0 0 0 0 0 0 0 0 0 0 0 0 0 0 0 0 0 0 0 0 0 0 0 0 0 0 0 0 0 0 0 0 0 0 0 0 0 0 0 0 0 0 0 0 0 0 0 0 0 0 0 0 0 0 0 0 0 0 0 0 0 0 0 0 0 0 0 0 0 0 0 0 0 0 0 0 0 0 0 0 0 0 0 0 0 0 0 0 0 0 0 0 0 0 0 0 0 0 0 0 0 0 0 0 0 0 0 0 0 0 0 0 0 0 0 0 0 0 0 0 0 0 0 0 0 0 0 0 0 0 0 0 0 0 0 0 0 0 0 0 0 0 0 0 0 0 0 0 0 0 0 0 0 0 0 0 0 0 0 0 0 0 0 0 0 0 0 0 0 0 0 0 0 0 0 0 0 0 0 0 0 0 0 0 0 0 0 0 0 0 0 0 0 0 0 0 0 0 0 0 0 0 0 0 0 0 0 0 0 0 0 0 0 0 0 0 0 0 0 0 0 0 0 0 0 0 0 0 0 0 0 0 0 0 0 0 0 0 0 0 0 0 0 0 0 0 0 0 0 0 0 0 0 0 0 0 0 0 0 0 0 0 0 0 0 0 0 0 0 0 0 0 0 0 0 0 0 0 0 0 0 0 0 0 0 0 0 0 0 0 0 0 0 0 0 0 0 0 0 0 0 0 0 0 0 0 0 0 0 0 0 0 0 0 0 0 0 0 0 0 0 0 0 0 0 0 0 0 0 0 0 0 0 0 0 0 0 0 0 0 0 0 0 0 0 0 0 0 0 0 0 0 0 0 0 0 0 0 0 0 0 0 0 0 0 0 0 0 0 0 0 0 0 0 0 0 0 0 0 0 0 0 0 0 0 0 0 0 0 0 0 0 0 0 0 0 0 0 0 0 0 0 0 0 0 0 0 0 0 0 0 0 0 0 0 0 0 0 0 0 0 0 0 0 0 0 0 0 0 0 0 0 0 0 0 0 0 0 0 0 0 0 0 0 0 0 0 0 0 0 0 0 0 0 0 0 0 0 0 0 0 0 0 0 0 0 0 0 0 0 0 0 0 0 0 0 0 0 0 0 0 0 0 0 0 0 0 0 0 0 0 0 0 0 0 0 0 0 0 0 0 0 0 0 0 0 0 0 0 0 0 0 0 0 0 0 0 0 0 0 0 0 0 0 0 0 0 0 0 0 0 0 0 0 0 0 0 0 0 0 0 0 0 0 0 0 0 0 0 0 0 0 0 0 0 0 0 0 0 0 0 0 0 0 0 0 0 0 0 0 0 0 0 0 0 0 0 0 0 0 0 0 0 0 0 0 0 0 0 0 0 0 0 0 0 0 0 0 0 0 0 0 0 0 0 0 0 0 0 0 0 0 0 0 0 0 0 0 0 0 0 0 0 0 0 0 0 0 0 0 0 0 0 0 0 0 0 0 0 0 0 0 0 0 0 0 0 0 0 0 0 0 0 0 0 0 0 0 0 0 0 0 0 0 0 0 0 0 0 0 0 0 0 0 0 0 0 0 0 0 0 0 0 0 0 0 0 0 0 0 0 0 0 0 0 0 0 0 0 0 0 0 0 0 0 0 0 0 0 0 0 0 0 0 0 0 0 0 0 0 0 0 0 0 0 0 0 0 0 0 0 0 0 0 0 0 0 0 0 0 0 0 0 0 0 0 0 0 0 0 0 0 0 0 0 0 0 0 0 0 0 0 0 0 0 0 0 0 0 0 0 0 0 0 0 0 0 0 0 0 0 0 0 0 0 0 0 0 0 0 0 0 0 0 0 0 0 0 0 0 0 0 0 0 0 0 0 0 0 0 0 0 0 0 0 0 0 0 0 0 0 0 0 0 0 0 0 0 0 0 0 0 0 0 0 0 0 0 0 0 0 0 0 0 0 0 0 0 0 0 0 0 0 0 0 0 0 0 0 0 0 0 0 0 0 0 0 0 0 0 0 0 0 0 0 0 0 0 0 0 0 0 0 0 0 0 0 0 0 0 0 0 0 0 0 0 0 0 0 0 0 0 0 0 0 0 0 0 0 0 0 0 0 0 0 0 0 0 0 0 0 0 0 0 0 0 0 0 0 0 0 0 0 0 0 0 0 0 0 0 0 0 0 0 0 0 0 0 0 0 0 0 0 0 0 0 0 0 0 0 0 0 0 0 0 0 0 0 0 0 0 0 0 0 0 0 0 0 0 0 0 0 0 0 0 0 0 0 0 0 0 0 0 0 0 0 0 0 0 0 0 0 0 0 0 0 0 0 0 0 0 0 0 0 0 0 0 0 0 0 0 0 0 0 0 0 0 0 0 0 0 0 0 0 0 0 0 0 0 0 0 0 0 0 0 0 0 0 0 0 0 0 0 0 0 0 0 0 0 0 0 0 0 0 0 0 0 0 0 0 0 0 0 0 0 0 0 0 0 0 0 0 0 0 0 0 0 0 0 0 0 0 0 0 0 0 0 0 0 0 0 0 0 0 0 0 0 0 0 0 0 0 0 0 0 0 0 0 0 0 0 0 0 0 0 0 0 0 0 0 0 0 0 0 0 0 0 0 0 0 0 0 0 0 0 0 0 0 0 0 0 0 0 0 0 0 0 0 0 0 0 0 0 0 0 0 0 0 0 0 0 0 0 0 0 0 0 0 0 0 0 0 0 0 0 0 0 0 0 0 0 0 0 0 0 0 0 0 0 0 0 0 0 0 0 0 0 0 0 0 0 0 0 0 0 0 0 0 0 0 0 0 0 0 0 0 0 0 0 0 0 0 0 0 0 0 0 0 0 0 0 0 0 0 0 0 0 0 0 0 0 0 0 0 0 0 0 0 0 0 0 0 0 0 0 0 0 0 0 0 0 0 0 0 0 0 0 0 0 0 0 0 0 0 0 0 0 0 0 0 0 0 0 0 0 0 0 0 0 0 0 0 0 0 0 0 0 0 0 0 0 0 0 0 0 0 0 0 0 0 0 0 0 0 0 0 0 0 0 0 0 0 0 0 0 0 0 0 0 0 0 0 0 0 0 0 0 0 0 0 0 0 0 0 0 0 0 0 0 0 0 0 0 0 0 0 0 0 0 0 0 0 0 0 0 0 0 0 0 0 0 0 0 0 0 0 0 0 0 0 0 0 0 0 0 0 0 0 0 0 0 0 0 0 0 0 0 0 0 0 0 0 0 0 0 0 0 0 0 0 0 0 0 0 0 0 0 0 0 0 0 0 0 0 0 0 0 0 0 0 0 0 0 0 0 0 0 0 0 0 0 0 0 0 0 0 0 0 0 0 0 0 0 0 0 0 0 0 0 0 0 0 0 0 0 0 0 0 0 0 0 0 0 0 0 0 0 0 0 0 0 0 0 0 0 0 0 0 0 0 0 0 0 0 0 0 0 0 0 0 0 0 0 0 0 0 0 0 0 0 0 0 0 0 0 0 0 0 0 0 0 0 0 0 0 0 0 0 0 0 0 0 0 0 0 0 0 0 0 0 0 0 0 0 0 0 0 0 0 0 0 0 0 0 0 0 0 0 0 0 0 0 0 0 0 0 0 0 0 0 0 0 0 0 0 0 0 0 0 0 0 0 0 0 0 0 0 0 0 0 0 0 0 0 0 0 0 0 0 0 0 0 0 0 0 0 0 0 0 0 0 0 0 0 0 0 0 0 0 0 0 0 0 0 0 0 0 0 0 0 0 0 0 0 0 0 0 0 0 0 0 0 0 0 0 0 0 0 0 0 0 0 0 0 0 0 0 0 0 0 0 0 0 0 0 0 0 0 0 0 0 0 0 0 0 0 0 0 0 0 0 0 0 0 0 0 0 0 0 0 0 0 0 0 0 0 0 0 0 0 0 0 0 0 0 0 0 0 0 0 0 0 0 0 0 0 0 0 0 0 0 0 0 0 0 0 0 0 0 0 0 0 0 0 0 0 0 0 0 0 0 0 0 0 0 0 0 0 0 0 0 0 0 0 0 0 0 0 0 0 0 0 0 0 0 0 0 0 0 0 0 0 0 0 0 0 0 0 0 0 0 0 0 0 0 0 0 0 0 0 0 0 0 0 0 0 0 0 0 0 0 0 0 0 0 0 0 0 0 0 0 0 0 0 0 0 0 0 0 0 0 0 0 0 0 0 0 0 0 0 0 0 0 0 0 0 0 0 0 0 0 0 0 0 0 0 0 0 0 0 0 0 0 0 0 0 0 0 0 0 0 0 0 0 0 0 0 0 0 0 0 0 0 0 0 0 0 0 0 0 0 0 0 0 0 0 0 0 0 0 0 0 0 0 0 0 0 0 0 0 0 0 0 0 0 0 0 0 0 0 0 0 0 0 0 0 0 0 0 0 0 0 0 0 0 0 0 0 0 0 0 0 0 0 0 0 0 0 0 0 0 0 0 0 0 0 0 0 0 0 0 0 0 0 0 0 0 0 0 0 0 0 0 0 0 0 0 0 0 0 0 0 0 0 0 0 0 0 0 0 0 0 0 0 0 0 0 0 0 0 0 0 0 0 0 0 0 0 0 0 0 0 0 0 0 0 0 0 0 0 0 0 0 0 0 0 0 0 0 0 0 0 0 0 0 0 0 0 0 0 0 0 0 0 0 0 0 0 0 0 0 0 0 0 0 0 0 0 0 0 0 0 0 0 0 0 0 0 0 0 0 0 0 0 0 0 0 0 0 0 0 0 0 0 0 0 0 0 0 0 0 0 0 0 0 0 0 0 0 0 0 0 0 0 0 0 0 0 0 0 0 0 0 0 0 0 0 0 0 0 0 0 0 0 0 0 0 0 0 0 0 0 0 0 0 0 0 0 0 0 0 0 0 0 0 0 0 0 0 0 0 0 0 0 0 0 0 0 0 0 0 0 0 0 0 0 0 0 0 0 0 0 0 0 0 0 0 0 0 0 0 0 0 0 0 0 0 0 0 0 0 0 0 0 0 0 0 0 0 0 0 0 0 0 0 0 0 0 0 0 0 0 0 0 0 0 0 0 0 0 0 0 0 0 0 0 0 0 0 0 0 0 0 0 0 0 0 0 0 0 0 0 0 0 0 0 0 0 0 0 0 0 0 0 0 0 0 0 0 0 0 0 0 0 0 0 0 0 0 0 0 0 0 0 0 0 0 0 0 0 0 0 0 0 0 0 0 0 0 0 0 0 0 0 0 0 0 0 0 0 0 0 0 0 0 0 0 0 0 0 0 0 0 0 0 0 0 0 0 0 0 0 0 0 0 0 0 0 0 0 0 0 0 0 0 0 0 0 0 0 0 0 0 0 0 0 0 0 0 0 0 0 0 0 0 0 0 0 0 0 0 0 0 0 0 0 0 0 0 0 0 0 0 0 0 0 0 0 0 0 0 0 0 0 0 0 0 0 0 0 0 0 0 0 0 0 0 0 0 0 0 0 0 0 0 0 0 0 0 0 0 0 0 0 0 0 0 0 0 0 0 0 0 0 0 0 0 0 0 0 0 0 0 0 0 0 0 0 0 0 0 0 0 0 0 0 0 0 0 0 0 0 0 0 0 0 0 0 0 0 0 0 0 0 0 0 0 0 0 0 0 0 0 0 0 0 0 0 0 0 0 0 0 0 0 0 0 0 0 0 0 0 0 0 0 0 0 0 0 0 0 0 0 0 0 0 0 0 0 0 0 0 0 0 0 0 0 0 0 0 0 0 0 0 0 0 0 0 0 0 0 0 0 0 0 0 0 0 0 0 0 0 0 0 0 0 0 0 0 0 0 0 0 0 0 0 0 0 0 0 0 0 0 0 0 0 0 0 0 0 0 0 0 0 0 0 0 0 0 0 0 0 0 0 0 0 0 0 0 0 0 0 0 0 0 0 0 0 0 0 0 0 0 0 0 0 0 0 0 0 0 0 0 0 0 0 0 0 0 0 0 0 0 0 0 0 0 0 0 0 0 0 0 0 0 0 0 0 0 0 0 0 0 0 0 0 0 0 0 0 0 0 0 0 0 0 0 0 0 0 0 0 0 0 0 0 0 0 0 0 0 0 0 0 0 0 0 0 0 0 0 0 0 0 0 0 0 0 0 0 0 0 0 0 0 0 0 0 0 0 0 0 0 0 0 0 0 0 0 0 0 0 0 0 0 0 0 0 0 0 0 0 0 0 0 0 0 0 0 0 0 0 0 0 0 0 0 0 0 0 0 0 0 0 0 0 0 0 0 0 0 0 0 0 0 0 0 0 0 0 0 0 0 0 0 0 0 0 0 0 0 0 0 0 0 0 0 0 0 0 0 0 0 0 0 0 0 0 0 0 0 0 0 0 0 0 0 0 0 0 0 0 0 0 0 0 0 0 0 0 0 0 0 0 0 0 0 0 0 0 0 0 0 0 0 0 0 0 0 0 0 0 0 0 0 0 0 0 0 0 0 0 0 0 0 0 0 0 0 0 0 0 0 0 0 0 0 0 0 0 0 0 0 0 0 0 0 0 0 0 0 0 0 0 0 0 0 0 0 0 0 0 0 0 0 0 0 0 0 0 0 0 0 0 0 0 0 0 0 0 0 0 0 0 0 0 0 0 0 0 0 0 0 0 0 0 0 0 0 0 0 0 0 0 0 0 0 0 0 0 0 0 0 0 0 0 0 0 0 0 0 0 0 0 0 0 0 0 0 0 0 0 0 0 0 0 0 0 0 0 0 0 0 0 0 0 0 0 0 0 0 0 0 0 0 0 0 0 0 0 0 0 0 0 0 0 0 0 0 0 0 0 0 0 0 0 0 0 0 0 0 0 0 0 0 0 0 0 0 0 0 0 0 0 0 0 0 0 0 0 0 0 0 0 0 0 0 0 0 0 0 0 0 0 0 0 0 0 0 0 0 0 0 0 0 0 0 0 0 0 0 0 0 0 0 0 0 0 0 0 0 0 0 0 0 0 0 0 0 0 0 0 0 0 0 0 0 0 0 0 0 0 0 0 0 0 0 0 0 0 0 0 0 0 0 0 0 0 0 0 0 0 0 0 0 0 0 0 0 0 0 0 0 0 0 0 0 0 0 0 0 0 0 0 0 0 0 0 0 0 0 0 0 0 0 0 0 0 0 0 0 0 0 0 0 0 0 0 0 0 0 0 0 0 0 0 0 0 0 0 0 0 0 0 0 0 0 0 0 0 0 0 0 0 0 0 0 0 0 0 0 0 0 0 0 0 0 0 0 0 0 0 0 0 0 0 0 0 0 0 0 0 0 0 0 0 0 0 0 0 0 0 0 0 0 0 0 0 0 0 0 0 0 0 0 0 0 0 0 0 0 0 0 0 0 0 0 0 0 0 0 0 0 0 0 0 0 0 0 0 0 0 0 0 0 0 0 0 0 0 0 0 0 0 0 0 0 0 0 0 0 0 0 0 0 0 0 0 0 0 0 0 0 0 0 0 0 0 0 0 0 0 0 0 0 0 0 0 0 0 0 0 0 0 0 0 0 0 0 0 0 0 0 0 0 0 0 0 0 0 0 0 0 0 0 0 0 0 0 0 0 0 0 0 0 0 0 0 0 0 0 0 0 0 0 0 0 0 0 0 0 0 0 0 0 0 0 0 0 0 0 0 0 0 0 0 0 0 0 0 0 0 0 0 0 0 0 0 0 0 0 0 0 0 0 0 0 0 0 0 0 0 0 0 0 0 0 0 0 0 0 0 0 0 0 0 0 0 0 0 0 0 0 0 0 0 0 0 0 0 0 0 0 0 0 0 0 0 0 0 0 0 0 0 0 0 0 0 0 0 0 0 0 0 0 0 0 0 0 0 0 0 0 0 0 0 0 0 0 0 0 0 0 0 0 0 0 0 0 0 0 0 0 0 0 0 0 0 0 0 0 0 0 0 0 0 0 0 0 0 0 0 0 0 0 0 0 0 0 0 0 0 0 0 0 0 0 0 0 0 0 0 0 0 0 0 0 0 0 0 0 0 0 0 0 0 0 0 0 0 0 0 0 0 0 0 0 0 0 0 0 0 0 0 0 0 0 0 0 0 0 0 0 0 0 0 0 0 0 0 0 0 0 0 0 0 0 0 0 0 0 0 0 0 0 0 0 0 0 0 0 0 0 0 0 0 0 0 0 0 0 0 0 0 0 0 0 0 0 0 0 0 0 0 0 0 0 0 0 0 0 0 0 0 0 0 0 0 0 0 0 0 0 0 0 0 0 0 0 0 0 0 0 0 0 0 0 0 0 0 0 0 0 0 0 0 0 0 0 0 0 0 0 0 0 0 0 0 0 0 0 0 0 0 0 0 0 0 0 0 0 0 0 0 0 0 0 0 0 0 0 0 0 0 0 0 0 0 0 0 0 0 0 0 0 0 0 0 0 0 0 0 0 0 0 0 0 0 0 0 0 0 0 0 0 0 0 0 0 0 0 0 0 0 0 0 0 0 0 0 0 0 0 0 0 0 0 0 0 0 0 0 0 0 0 0 0 0 0 0 0 0 0 0 0 0 0 0 0 0 0 0 0 0 0 0 0 0 0 0 0 0 0 0 0 0 0 0 0 0 0 0 0 0 0 0 0 0 0 0 0 0 0 0 0 0 0 0 0 0 0 0 0 0 0 0 0 0 0 0 0 0 0 0 0 0 0 0 0 0 0 0 0 0 0 0 0 0 0 0 0 0 0 0 0 0 0 0 0 0 0 0 0 0 0 0 0 0 0 0 0 0 0 0 0 0 0 0 0 0 0 0 0 0 0 0 0 0 0 0 0 0 0 0 0 0 0 0 0 0 0 0 0 0 0 0 0 0 0 0 0 0 0 0 0 0 0 0 0 0 0 0 0 0 0 0 0 0 0 0 0 0 0 0 0 0 0 0 0 0 0 0 0 0 0 0 0 0 0 0 0 0 0 0 0 0 0 0 0 0 0 0 0 0 0 0 0 0 0 0 0 0 0 0 0 0 0 0 0 0 0 0 0 0 0 0 0 0 0 0 0 0 0 0 0 0 0 0 0 0 0 0 0 0 0 0 0 0 0 0 0 0 0 0 0 0 0 0 0 0 0 0 0 0 0 0 0 0 0 0 0 0 0 0 0 0 0 0 0 0 0 0 0 0 0 0 0 0 0 0 0 0 0 0 0 0 0 0 0 0 0 0 0 0 0 0 0 0 0 0 0 0 0 0 0 0 0 0 0 0 0 0 0 0 0 0 0 0 0 0 0 0 0 0 0 0 0 0 0 0 0 0 0 0 0 0 0 0 0 0 0 0 0 0 0 0 0 0 0 0 0 0 0 0 0 0 0 0 0 0 0 0 0 0 0 0 0 0 0 0 0 0 0 0 0 0 0 0 0 0 0 0 0 0 0 0 0 0 0 0 0 0 0 0 0 0 0 0 0 0 0 0 0 0 0 0 0 0 0 0 0 0 0 0 0 0 0 0 0 0 0 0 0 0 0 0 0 0 0 0 0 0 0 0 0 0 0 0 0 0 0 0 0 0 0 0 0 0 0 0 0 0 0 0 0 0 0 0 0 0 0 0 0 0 0 0 0 0 0 0 0 0 0 0 0 0 0 0 0 0 0 0 0 0 0 0 0 0 0 0 0 0 0 0 0 0 0 0 0 0 0 0 0 0 0 0 0 0 0 0 0 0 0 0 0 0 0 0 0 0 0 0 0 0 0 0 0 0 0 0 0 0 0 0 0 0 0 0 0 0 0 0 0 0 0 0 0 0 0 0 0 0 0 0 0 0 0 0 0 0 0 0 0 0 0 0 0 0 0 0 0 0 0 0 0 0 0 0 0 0 0 0 0 0 0 0 0 0 0 0 0 0 0 0 0 0 0 0 0 0 0 0 0 0 0 0 0 0 0 0 0 0 0 0 0 0 0 0 0 0 0 0 0 0 0 0 0 0 0 0 0 0 0 0 0 0 0 0 0 0 0 0 0 0 0 0 0 0 0 0 0 0 0 0 0 0 0 0 0 0 0 0 0 0 0 0 0 0 0 0 0 0 0 0 0 0 0 0 0 0 0 0 0 0 0 0 0 0 0 0 0 0 0 0 0 0 0 0 0 0 0 0 0 0 0 0 0 0 0 0 0 0 0 0 0 0 0 0 0 0 0 0 0 0 0 0 0 0 0 0 0 0 0 0 0 0 0 0 0 0 0 0 0 0 0 0 0 0 0 0 0 0 0 0 0 0 0 0 0 0 0 0 0 0 0 0 0 0 0 0 0 0 0 0 0 0 0 0 0 0 0 0 0 0 0 0 0 0 0 0 0 0 0 0 0 0 0 0 0 0 0 0 0 0 0 0 0 0 0 0 0 0 0 0 0 0 0 0 0 0 0 0 0 0 0 0 0 0 0 0 0 0 0 0 0 0 0 0 0 0 0 0 0 0 0 0 0 0 0 0 0 0 0 0 0 0 0 0 0 0 0 0 0 0 0 0 0 0 0 0 0 0 0 0 0 0 0 0 0 0 0 0 0 0 0 0 0 0 0 0 0 0 0 0 0 0 0 0 0 0 0 0 0 0 0 0 0 0 0 0 0 0 0 0 0 0 0 0 0 0 0 0 0 0 0 0 0 0 0 0 0 0 0 0 0 0 0 0 0 0 0 0 0 0 0 0 0 0 0 0 0 0 0 0 0 0 0 0 0 0 0 0 0 0 0 0 0 0 0 0 0 0 0 0 0 0 0 0 0 0 0 0 0 0 0 0 0 0 0 0 0 0 0 0 0 0 0 0 0 0 0 0 0 0 0 0 0 0 0 0 0 0 0 0 0 0 0 0 0 0 0 0 0 0 0 0 0 0 0 0 0 0 0 0 0 0 0 0 0 0 0 0 0 0 0 0 0 0 0 0 0 0 0 0 0 0 0 0 0 0 0 0 0 0 0 0 0 0 0 0 0 0 0 0 0 0 0 0 0 0 0 0 0 0 0 0 0 0 0 0 0 0 0 0 0 0 0 0 0 0 0 0 0 0 0 0 0 0 0 0 0 0 0 0 0 0 0 0 0 0 0 0 0 0 0 0 0 0 0 0 0 0 0 0 0 0 0 0 0 0 0 0 0 0 0 0 0 0 0 0 0 0 0 0 0 0 0 0 0 0 0 0 0 0 0 0 0 0 0 0 0 0 0 0 0 0 0 0 0 0 0 0 0 0 0 0 0 0 0 0 0 0 0 0 0 0 0 0 0 0 0 0 0 0 0 0 0 0 0 0 0 0 0 0 0 0 0 0 0 0 0 0 0 0 0 0 0 0 0 0 0 0 0 0 0 0 0 0 0 0 0 0 0 0 0 0 0 0 0 0 0 0 0 0 0 0 0 0 0 0 0 0 0 0 0 0 0 0 0 0 0 0 0 0 0 0 0 0 0 0 0 0 0 0 0 0 0 0 0 0 0 0 0 0 0 0 0 0 0 0 0 0 0 0 0 0 0 0 0 0 0 0 0 0 0 0 0 0 0 0 0 0 0 0 0 0 0 0 0 0 0 0 0 0 0 0 0 0 0 0 0 0 0 0 0 0 0 0 0 0 0 0 0 0 0 0 0 0 0 0 0 0 0 0 0 0 0 0 0 0 0 0 0 0 0 0 0 0 0 0 0 0 0 0 0 0 0 0 0 0 0 0 0 0 0 0 0 0 0 0 0 0 0 0 0 0 0 0 0 0 0 0 0 0 0 0 0 0 0 0 0 0 0 0 0 0 0 0 0 0 0 0 0 0 0 0 0 0 0 0 0 0 0 0 0 0 0 0 0 0 0 0 0 0 0 0 0 0 0 0 0 0 0 0 0 0 0 0 0 0 0 0 0 0 0 0 0 0 0 0 0 0 0 0 0 0 0 0 0 0 0 0 0 0 0 0 0 0 0 0 0 0 0 0 0 0 0 0 0 0 0 0 0 0 0 0 0 0 0 0 0 0 0 0 0 0 0 0 0 0 0 0 0 0 0 0 0 0 0 0 0 0 0 0 0 0 0 0 0 0 0 0 0 0 0 0 0 0 0 0 0 0 0 0 0 0 0 0 0 0 0 0 0 0 0 0 0 0 0 0 0 0 0 0 0 0 0 0 0 0 0 0 0 0 0 0 0 0 0 0 0 0 0 0 0 0 0 0 0 0 0 0 0 0 0 0 0 0 0 0 0 0 0 0 0 0 0 0 0 0 0 0 0 0 0 0 0 0 0 0 0 0 0 0 0 0 0 0 0 0 0 0 0 0 0 0 0 0 0 0 0 0 0 0 0 0 0 0 0 0 0 0 0 0 0 0 0 0 0 0 0 0 0 0 0 0 0 0 0 0 0 0 0 0 0 0 0 0 0 0 0 0 0 0 0 0 0 0 0 0 0 0 0 0 0 0 0 0 0 0 0 0 0 0 0 0 0 0 0 0 0 0 0 0 0 0 0 0 0 0 0 0 0 0 0 0 0 0 0 0 0 0 0 0 0 0 0 0 0 0 0 0 0 0 0 0 0 0 0 0 0 0 0 0 0 0 0 0 0 0 0 0 0 0 0 0 0 0 0 0 0 0 0 0 0 0 0 0 0 0 0 0 0 0 0 0 0 0 0 0 0 0 0 0 0 0 0 0 0 0 0 0 0 0 0 0 0 0 0 0 0 0 0 0 0 0 0 0 0 0 0 0 0 0 0 0 0 0 0 0 0 0 0 0 0 0 0 0 0 0 0 0 0 0 0 0 0 0 0 0 0 0 0 0 0 0 0 0 0 0 0 0 0 0 0 0 0 0 0 0 0 0 0 0 0 0 0 0 0 0 0 0 0 0 0 0 0 0 0 0 0 0 0 0 0 0 0 0 0 0 0 0 0 0 0 0 0 0 0 0 0 0 0 0 0 0 0 0 0 0 0 0 0 0 0 0 0 0 0 0 0 0 0 0 0 0 0 0 0 0 0 0 0 0 0 0 0 0 0 0 0 0 0 0 0 0 0 0 0 0 0 0 0 0 0 0 0 0 0 0 0 0 0 0 0 0 0 0 0 0 0 0 0 0 0 0 0 0 0 0 0 0 0 0 0 0 0 0 0 0 0 0 0 0 0 0 0 0 0 0 0 0 0 0 0 0 0 0 0 0 0 0 0 0 0 0 0 0 0 0 0 0 0 0 0 0 0 0 0 0 0 0 0 0 0 0 0 0 0 0 0 0 0 0 0 0 0 0 0 0 0 0 0 0 0 0 0 0 0 0 0 0 0 0 0 0 0 0 0 0 0 0 0 0 0 0 0 0 0 0 0 0 0 0 0 0 0 0 0 0 0 0 0 0 0 0 0 0 0 0 0 0 0 0 0 0 0 0 0 0 0 0 0 0 0 0 0 0 0 0 0 0 0 0 0 0 0 0 0 0 0 0 0 0 0 0 0 0 0 0 0 0 0 0 0 0 0 0 0 0 0 0 0 0 0 0 0 0 0 0 0 0 0 0 0 0 0 0 0 0 0 0 0 0 0 0 0 0 0 0 0 0 0 0 0 0 0 0 0 0 0 0 0 0 0 0 0 0 0 0 0 0 0 0 0 0 0 0 0 0 0 0 0 0 0 0 0 0 0 0 0 0 0 0 0 0 0 0 0 0 0 0 0 0 0 0 0 0 0 0 0 0 0 0 0 0 0 0 0 0 0 0 0 0 0 0 0 0 0 0 0 0 0 0 0 0 0 0 0 0 0 0 0 0 0 0 0 0 0 0 0 0 0 0 0 0 0 0 0 0 0 0 0 0 0 0 0 0 0 0 0 0 0 0 0 0 0 0 0 0 0 0 0 0 0 0 0 0 0 0 0 0 0 0 0 0 0 0 0 0 0 0 0 0 0 0 0 0 0 0 0 0 0 0 0 0 0 0 0 0 0 0 0 0 0 0 0 0 0 0 0 0 0 0 0 0 0 0 0 0 0 0 0 0 0 0 0 0 0 0 0 0 0 0 0 0 0 0 0 0 0 0 0 0 0 0 0 0 0 0 0 0 0 0 0 0 0 0 0 0 0 0 0 0 0 0 0 0 0 0 0 0 0 0 0 0 0 0 0 0 0 0 0 0 0 0 0 0 0 0 0 0 0 0 0 0 0 0 0 0 0 0 0 0 0 0 0 0 0 0 0 0 0 0 0 0 0 0 0 0 0 0 0 0 0 0 0 0 0 0 0 0 0 0 0 0 0 0 0 0 0 0 0 0 0 0 0 0 0 0 0 0 0 0 0 0 0 0 0 0 0 0 0 0 0 0 0 0 0 0 0 0 0 0 0 0 0 0 0 0 0 0 0 0 0 0 0 0 0 0 0 0 0 0 0 0 0 0 0 0 0 0 0 0 0 0 0 0 0 0 0 0 0 0 0 0 0 0 0 0 0 0 0 0 0 0 0 0 0 0 0 0 0 0 0 0 0 0 0 0 0 0 0 0 0 0 0 0 0 0 0 0 0 0 0 0 0 0 0 0 0 0 0 0 0 0 0 0 0 0 0 0 0 0 0 0 0 0 0 0 0 0 0 0 0 0 0 0 0 0 0 0 0 0 0 0 0 0 0 0 0 0 0 0 0 0 0 0 0 0 0 0 0 0 0 0 0 0 0 0 0 0 0 0 0 0 0 0 0 0 0 0 0 0 0 0 0 0 0 0 0 0 0 0 0 0 0 0 0 0 0 0 0 0 0 0 0 0 0 0 0 0 0 0 0 0 0 0 0 0 0 0 0 0 0 0 0 0 0 0 0 0 0 0 0 0 0 0 0 0 0 0 0 0 0 0 0 0 0 0 0 0 0 0 0 0 0 0 0 0 0 0 0 0 0 0 0 0 0 0 0 0 0 0 0 0 0 0 0 0 0 0 0 0 0 0 0 0 0 0 0 0 0 0 0 0 0 0 0 0 0 0 0 0 0 0 0 0 0 0 0 0 0 0 0 0 0 0 0 0 0 0 0 0 0 0 0 0 0 0 0 0 0 0 0 0 0 0 0 0 0 0 0 0 0 0 0 0 0 0 0 0 0 0 0 0 0 0 0 0 0 0 0 0 0 0 0 0 0 0 0 0 0 0 0 0 0 0 0 0 0 0 0 0 0 0 0 0 0 0 0 0 0 0 0 0 0 0 0 0 0 0 0 0 0 0 0 0 0 0 0 0 0 0 0 0 0 0 0 0 0 0 0 0 0 0 0 0 0 0 0 0 0 0 0 0 0 0 0 0 0 0 0 0 0 0 0 0 0 0 0 0 0 0 0 0 0 0 0 0 0 0 0 0 0 0 0 0 0 0 0 0 0 0 0 0 0 0 0 0 0 0 0 0 0 0 0 0 0 0 0 0 0 0 0 0 0 0 0 0 0 0 0 0 0 0 0 0 0 0 0 0 0 0 0 0 0 0 0 0 0 0 0 0 0 0 0 0 0 0 0 0 0 0 0 0 0 0 0 0 0 0 0 0 0 0 0 0 0 0 0 0 0 0 0 0 0 0 0 0 0 0 0 0 0 0 0 0 0 0 0 0 0 0 0 0 0 0 0 0 0 0 0 0 0 0 0 0 0 0 0 0 0 0 0 0 0 0 0 0 0 0 0 0 0 0 0 0 0 0 0 0 0 0 0 0 0 0 0 0 0 0 0 0 0 0 0 0 0 0 0 0 0 0 0 0 0 0 0 0 0 0 0 0 0 0 0 0 0 0 0 0 0 0 0 0 0 0 0 0 0 0 0 0 0 0 0 0 0 0 0 0 0 0 0 0 0 0 0 0 0 0 0 0 0 0 0 0 0 0 0 0 0 0 0 0 0 0 0 0 0 0 0 0 0 0 0 0 0 0 0 0 0 0 0 0 0 0 0 0 0 0 0 0 0 0 0 0 0 0 0 0 0 0 0 0 0 0 0 0 0 0 0 0 0 0 0 0 0 0 0 0 0 0 0 0 0 0 0 0 0 0 0 0 0 0 0 0 0 0 0 0 0 0 0 0 0 0 0 0 0 0 0 0 0 0 0 0 0 0 0 0 0 0 0 0 0 0 0 0 0 0 0 0 0 0 0 0 0 0 0 0 0 0 0 0 0 0 0 0 0 0 0 0 0 0 0 0 0 0 0 0 0 0 0 0 0 0 0 0 0 0 0 0 0 0 0 0 0 0 0 0 0 0 0 0 0 0 0 0 0 0 0 0 0 0 0 0 0 0 0 0 0 0 0 0 0 0 0 0 0 0 0 0 0 0 0 0 0 0 0 0 0 0 0 0 0 0 0 0 0 0 0 0 0 0 0 0 0 0 0 0 0 0 0 0 0 0 0 0 0 0 0 0 0 0 0 0 0 0 0 0 0 0 0 0 0 0 0 0 0 0 0 0 0 0 0 0 0 0 0 0 0 0 0 0 0 0 0 0 0 0 0 0 0 0 0 0 0 0 0 0 0 0 0 0 0 0 0 0 0 0 0 0 0 0 0 0 0 0 0 0 0 0 0 0 0 0 0 0 0 0 0 0 0 0 0 0 0 0 0 0 0 0 0 0 0 0 0 0 0 0 0 0 0 0 0 0 0 0 0 0 0 0 0 0 0 0 0 0 0 0 0 0 0 0 0 0 0 0 0 0 0 0 0 0 0 0 0 0 0 0 0 0 0 0 0 0 0 0 0 0 0 0 0 0 0 0 0 0 0 0 0 0 0 0 0 0 0 0 0 0 0 0 0 0 0 0 0 0 0 0 0 0 0 0 0 0 0 0 0 0 0 0 0 0 0 0 0 0 0 0 0 0 0 0 0 0 0 0 0 0 0 0 0 0 0 0 0 0 0 0 0 0 0 0 0 0 0 0 0 0 0 0 0 0 0 0 0 0 0 0 0 0 0 0 0 0 0 0 0 0 0 0 0 0 0 0 0 0 0 0 0 0 0 0 0 0 0 0 0 0 0 0 0 0 0 0 0 0 0 0 0 0 0 0 0 0 0 0 0 0 0 0 0 0 0 0 0 0 0 0 0 0 0 0 0 0 0 0 0 0 0 0 0 0 0 0 0 0 0 0 0 0 0 0 0 0 0 0 0 0 0 0 0 0 0 0 0 0 0 0 0 0 0 0 0 0 0 0 0 0 0 0 0 0 0 0 0 0 0 0 0 0 0 0 0 0 0 0 0 0 0 0 0 0 0 0 0 0 0 0 0 0 0 0 0 0 0 0 0 0 0 0 0 0 0 0 0 0 0 0 0 0 0 0 0 0 0 0 0 0 0 0 0 0 0 0 0 0 0 0 0 0 0 0 0 0 0 0 0 0 0 0 0 0 0 0 0 0 0 0 0 0 0 0 0 0 0 0 0 0 0 0 0 0 0 0 0 0 0 0 0 0 0 0 0 0 0 0 0 0 0 0 0 0 0 0 0 0 0 0 0 0 0 0 0 0 0 0 0 0 0 0 0 0 0 0 0 0 0 0 0 0 0 0 0 0 0 0 0 0 0 0 0 0 0 0 0 0 0 0 0 0 0 0 0 0 0 0 0 0 0 0 0 0 0 0 0 0 0 0 0 0 0 0 0 0 0 0 0 0 0 0 0 0 0 0 0 0 0 0 0 0 0 0 0 0 0 0 0 0 0 0 0 0 0 0 0 0 0 0 0 0 0 0 0 0 0 0 0 0 0 0 0 0 0 0 0 0 0 0 0 0 0 0 0 0 0 0 0 0 0 0 0 0 0 0 0 0 0 0 0 0 0 0 0 0 0 0 0 0 0 0 0 0 0 0 0 0 0 0 0 0 0 0 0 0 0 0 0 0 0 0 0 0 0 0 0 0 0 0 0 0 0 0 0 0 0 0 0 0 0 0 0 0 0 0 0 0 0 0 0 0 0 0 0 0 0 0 0 0 0 0 0 0 0 0 0 0 0 0 0 0 0 0 0 0 0 0 0 0 0 0 0 0 0 0 0 0 0 0 0 0 0 0 0 0 0 0 0 0 0 0 0 0 0 0 0 0 0 0 0 0 0 0 0 0 0 0 0 0 0 0 0 0 0 0 0 0 0 0 0 0 0 0 0 0 0 0 0 0 0 0 0 0 0 0 0 0 0 0 0 0 0 0 0 0 0 0 0 0 0 0 0 0 0 0 0 0 0 0 0 0 0 0 0 0 0 0 0 0 0 0 0 0 0 0 0 0 0 0 0 0 0 0 0 0 0 0 0 0 0 0 0 0 0 0 0 0 0 0 0 0 0 0 0 0 0 0 0 0 0 0 0 0 0 0 0 0 0 0 0 0 0 0 0 0 0 0 0 0 0 0 0 0 0 0 0 0 0 0 0 0 0 0 0 0 0 0 0 0 0 0 0 0 0 0 0 0 0 0 0 0 0 0 0 0 0 0 0 0 0 0 0 0 0 0 0 0 0 0 0 0 0 0 0 0 0 0 0 0 0 0 0 0 0 0 0 0 0 0 0 0 0 0 0 0 0 0 0 0 0 0 0 0 0 0 0 0 0 0 0 0 0 0 0 0 0 0 0 0 0 0 0 0 0 0 0 0 0 0 0 0 0 0 0 0 0 0 0 0 0 0 0 0 0 0 0 0 0 0 0 0 0 0 0 0 0 0 0 0 0 0 0 0 0 0 0 0 0 0 0 0 0 0 0 0 0 0 0 0 0 0 0 0 0 0 0 0 0 0 0 0 0 0 0 0 0 0 0 0 0 0 0 0 0 0 0 0 0 0 0 0 0 0 0 0 0 0 0 0 0 0 0 0 0 0 0 0 0 0 0 0 0 0 0 0 0 0 0 0 0 0 0 0 0 0 0 0 0 0 0 0 0 0 0 0 0 0 0 0 0 0 0 0 0 0 0 0 0 0 0 0 0 0 0 0 0 0 0 0 0 0 0 0 0 0 0 0 0 0 0 0 0 0 0 0 0 0 0 0 0 0 0 0 0 0 0 0 0 0 0 0 0 0 0 0 0 0 0 0 0 0 0 0 0 0 0 0 0 0 0 0 0 0 0 0 0 0 0 0 0 0 0 0 0 0 0 0 0 0 0 0 0 0 0 0 0 0 0 0 0 0 0 0 0 0 0 0 0 0 0 0 0 0 0 0 0 0 0 0 0 0 0 0 0 0 0 0 0 0 0 0 0 0 0 0 0 0 0 0 0 0 0 0 0 0 0 0 0 0 0 0 0 0 0 0 0 0 0 0 0 0 0 0 0 0 0 0 0 0 0 0 0 0 0 0 0 0 0 0 0 0 0 0 0 0 0 0 0 0 0 0 0 0 0 0 0 0 0 0 0 0 0 0 0 0 0 0 0 0 0 0 0 0 0 0 0 0 0 0 0 0 0 0 0 0 0 0 0 0 0 0 0 0 0 0 0 0 0 0 0 0 0 0 0 0 0 0 0 0 0 0 0 0 0 0 0 0 0 0 0 0 0 0 0 0 0 0 0 0 0 0 0 0 0 0 0 0 0 0 0 0 0 0 0 0 0 0 0 0 0 0 0 0 0 0 0 0 0 0 0 0 0 0 0 0 0 0 0 0 0 0 0 0 0 0 0 0 0 0 0 0 0 0 0 0 0 0 0 0 0 0 0 0 0 0 0 0 0 0 0 0 0 0 0 0 0 0 0 0 0 0 0 0 0 0 0 0 0 0 0 0 0 0 0 0 0 0 0 0 0 0 0 0 0 0 0 0 0 0 0 0 0 0 0 0 0 0 0 0 0 0 0 0 0 0 0 0 0 0 0 0 0 0 0 0 0 0 0 0 0 0 0 0 0 0 0 0 0 0 0 0 0 0 0 0 0 0 0 0 0 0 0 0 0 0 0 0 0 0 0 0 0 0 0 0 0 0 0 0 0 0 0 0 0 0 0 0 0 0 0 0 0 0 0 0 0 0 0 0 0 0 0 0 0 0 0 0 0 0 0 0 0 0 0 0 0 0 0 0 0 0 0 0 0 0 0 0 0 0 0 0 0 0 0 0 0 0 0 0 0 0 0 0 0 0 0 0 0 0 0 0 0 0 0 0 0 0 0 0 0 0 0 0 0 0 0 0 0 0 0 0 0 0 0 0 0 0 0 0 0 0 0 0 0 0 0 0 0 0 0 0 0 0 0 0 0 0 0 0 0 0 0 0 0 0 0 0 0 0 0 0 0 0 0 0 0 0 0 0 0 0 0 0 0 0 0 0 0 0 0 0 0 0 0 0 0 0 0 0 0 0 0 0 0 0 0 0 0 0 0 0 0 0 0 0 0 0 0 0 0 0 0 0 0 0 0 0 0 0 0 0 0 0 0 0 0 0 0 0 0 0 0 0 0 0 0 0 0 0 0 0 0 0 0 0 0 0 0 0 0 0 0 0 0 0 0 0 0 0 0 0 0 0 0 0 0 0 0 0 0 0 0 0 0 0 0 0 0 0 0 0 0 0 0 0 0 0 0 0 0 0 0 0 0 0 0 0 0 0 0 0 0 0 0 0 0 0 0 0 0 0 0 0 0 0 0 0 0 0 0 0 0 0 0 0 0 0 0 0 0 0 0 0 0 0 0 0 0 0 0 0 0 0 0 0 0 0 0 0 0 0 0 0 0 0 0 0 0 0 0 0 0 0 0 0 0 0 0 0 0 0 0 0 0 0 0 0 0 0 0 0 0 0 0 0 0 0 0 0 0 0 0 0 0 0 0 0 0 0 0 0 0 0 0 0 0 0 0 0 0 0 0 0 0 0 0 0 0 0 0 0 0 0 0 0 0 0 0 0 0 0 0 0 0 0 0 0 0 0 0 0 0 0 0 0 0 0 0 0 0 0 0 0 0 0 0 0 0 0 0 0 0 0 0 0 0 0 0 0 0 0 0 0 0 0 0 0 0 0 0 0 0 0 0 0 0 0 0 0 0 0 0 0 0 0 0 0 0 0 0 0 0 0 0 0 0 0 0 0 0 0 0 0 0 0 0 0 0 0 0 0 0 0 0 0 0 0 0 0 0 0 0 0 0 0 0 0 0 0 0 0 0 0 0 0 0 0 0 0 0 0 0 0 0 0 0 0 0 0 0 0 0 0 0 0 0 0 0 0 0 0 0 0 0 0 0 0 0 0 0 0 0 0 0 0 0 0 0 0 0 0 0 0 0 0 0 0 0 0 0 0 0 0 0 0 0 0 0 0 0 0 0 0 0 0 0 0 0 0 0 0 0 0 0 0 0 0 0 0 0 0 0 0 0 0 0 0 0 0 0 0 0 0 0 0 0 0 0 0 0 0 0 0 0 0 0 0 0 0 0 0 0 0 0 0 0 0 0 0 0 0 0 0 0 0 0 0 0 0 0 0 0 0 0 0 0 0 0 0 0 0 0 0 0 0 0 0 0 0 0 0 0 0 0 0 0 0 0 0 0 0 0 0 0 0 0 0 0 0 0 0 0 0 0 0 0 0 0 0 0 0 0 0 0 0 0 0 0 0 0 0 0 0 0 0 0 0 0 0 0 0 0 0 0 0 0 0 0 0 0 0 0 0 0 0 0 0 0 0 0 0 0 0 0 0 0 0 0 0 0 0 0 0 0 0 0 0 0 0 0 0 0 0 0 0 0 0 0 0 0 0 0 0 0 0 0 0 0 0 0 0 0 0 0 0 0 0 0 0 0 0 0 0 0 0 0 0 0 0 0 0 0 0 0 0 0 0 0 0 0 0 0 0 0 0 0 0 0 0 0 0 0 0 0 0 0 0 0 0 0 0 0 0 0 0 0 0 0 0 0 0 0 0 0 0 0 0 0 0 0 0 0 0 0 0 0 0 0 0 0 0 0 0 0 0 0 0 0 0 0 0 0 0 0 0 0 0 0 0 0 0 0 0 0 0 0 0 0 0 0 0 0 0 0 0 0 0 0 0 0 0 0 0 0 0 0 0 0 0 0 0 0 0 0 0 0 0 0 0 0 0 0 0 0 0 0 0 0 0 0 0 0 0 0 0 0 0 0 0 0 0 0 0 0 0 0 0 0 0 0 0 0 0 0 0 0 0 0 0 0 0 0 0 0 0 0 0 0 0 0 0 0 0 0 0 0 0 0 0 0 0 0 0 0 0 0 0 0 0 0 0 0 0 0 0 0 0 0 0 0 0 0 0 0 0 0 0 0 0 0 0 0 0 0 0 0 0 0 0 0 0 0 0 0 0 0 0 0 0 0 0 0 0 0 0 0 0 0 0 0 0 0 0 0 0 0 0 0 0 0 0 0 0 0 0 0 0 0 0 0 0 0 0 0 0 0 0 0 0 0 0 0 0 0 0 0 0 0 0 0 0 0 0 0 0 0 0 0 0 0 0 0 0 0 0 0 0 0 0 0 0 0 0 0 0 0 0 0 0 0 0 0 0 0 0 0 0 0 0 0 0 0 0 0 0 0 0 0 0 0 0 0 0 0 0 0 0 0 0 0 0 0 0 0 0 0 0 0 0 0 0 0 0 0 0 0 0 0 0 0 0 0 0 0 0 0 0 0 0 0 0 0 0 0 0 0 0 0 0 0 0 0 0 0 0 0 0 0 0 0 0 0 0 0 0 0 0 0 0 0 0 0 0 0 0 0 0 0 0 0 0 0 0 0 0 0 0 0 0 0 0 0 0 0 0 0 0 0 0 0 0 0 0 0 0 0 0 0 0 0 0 0 0 0 0 0 0 0 0 0 0 0 0 0 0 0 0 0 0 0 0 0 0 0 0 0 0 0 0 0 0 0 0 0 0 0 0 0 0 0 0 0 0 0 0 0 0 0 0 0 0 0 0 0 0 0 0 0 0 0 0 0 0 0 0 0 0 0 0 0 0 0 0 0 0 0 0 0 0 0 0 0 0 0 0 0 0 0 0 0 0 0 0 0 0 0 0 0 0 0 0 0 0 0 0 0 0 0 0 0 0 0 0 0 0 0 0 0 0 0 0 0 0 0 0 0 0 0 0 0 0 0 0 0 0 0 0 0 0 0 0 0 0 0 0 0 0 0 0 0 0 0 0 0 0 0 0 0 0 0 0 0 0 0 0 0 0 0 0 0 0 0 0 0 0 0 0 0 0 0 0 0 0 0 0 0 0 0 0 0 0 0 0 0 0 0 0 0 0 0 0 0 0 0 0 0 0 0 0 0 0 0 0 0 0 0 0 0 0 0 0 0 0 0 0 0 0 0 0 0 0 0 0 0 0 0 0 0 0 0 0 0 0 0 0 0 0 0 0 0 0 0 0 0 0 0 0 0 0 0 0 0 0 0 0 0 0 0 0 0 0 0 0 0 0 0 0 0 0 0 0 0 0 0 0 0 0 0 0 0 0 0 0 0 0 0 0 0 0 0 0 0 0 0 0 0 0 0 0 0 0 0 0 0 0 0 0 0 0 0 0 0 0 0 0 0 0 0 0 0 0 0 0 0 0 0 0 0 0 0 0 0 0 0 0 0 0 0 0 0 0 0 0 0 0 0 0 0 0 0 0 0 0 0 0 0 0 0 0 0 0 0 0 0 0 0 0 0 0 0 0 0 0 0 0 0 0 0 0 0 0 0 0 0 0 0 0 0 0 0 0 0 0 0 0 0 0 0 0 0 0 0 0 0 0 0 0 0 0 0 0 0 0 0 0 0 0 0 0 0 0 0 0 0 0 0 0 0 0 0 0 0 0 0 0 0 0 0 0 0 0 0 0 0 0 0 0 0 0 0 0 0 0 0 0 0 0 0 0 0 0 0 0 0 0 0 0 0 0 0 0 0 0 0 0 0 0 0 0 0 0 0 0 0 0 0 0 0 0 0 0 0 0 0 0 0 0 0 0 0 0 0 0 0 0 0 0 0 0 0 0 0 0 0 0 0 0 0 0 0 0 0 0 0 0 0 0 0 0 0 0 0 0 0 0 0 0 0 0 0 0 0 0 0 0 0 0 0 0 0 0 0 0 0 0 0 0 0 0 0 0 0 0 0 0 0 0 0 0 0 0 0 0 0 0 0 0 0 0 0 0 0 0 0 0 0 0 0 0 0 0 0 0 0 0 0 0 0 0 0 0 0 0 0 0 0 0 0 0 0 0 0 0 0 0 0 0 0 0 0 0 0 0 0 0 0 0 0 0 0 0 0 0 0 0 0 0 0 0 0 0 0 0 0 0 0 0 0 0 0 0 0 0 0 0 0 0 0 0 0 0 0 0 0 0 0 0 0 0 0 0 0 0 0 0 0 0 0 0 0 0 0 0 0 0 0 0 0 0 0 0 0 0 0 0 0 0 0 0 0 0 0 0 0 0 0 0 0 0 0 0 0 0 0 0 0 0 0 0 0 0 0 0 0 0 0 0 0 0 0 0 0 0 0 0 0 0 0 0 0 0 0 0 0 0 0 0 0 0 0 0 0 0 0 0 0 0 0 0 0 0 0 0 0 0 0 0 0 0 0 0 0 0 0 0 0 0 0 0 0 0 0 0 0 0 0 0 0 0 0 0 0 0 0 0 0 0 0 0 0 0 0 0 0 0 0 0 0 0 0 0 0 0 0 0 0 0 0 0 0 0 0 0 0 0 0 0 0 0 0 0 0 0 0 0 0 0 0 0 0 0 0 0 0 0 0 0 0 0 0 0 0 0 0 0 0 0 0 0 0 0 0 0 0 0 0 0 0 0 0 0 0 0 0 0 0 0 0 0 0 0 0 0 0 0 0 0 0 0 0 0 0 0 0 0 0 0 0 0 0 0 0 0 0 0 0 0 0 0 0 0 0 0 0 0 0 0 0 0 0 0 0 0 0 0 0 0 0 0 0 0 0 0 0 0 0 0 0 0 0 0 0 0 0 0 0 0 0 0 0 0 0 0 0 0 0 0 0 0 0 0 0 0 0 0 0 0 0 0 0 0 0 0 0 0 0 0 0 0 0 0 0 0 0 0 0 0 0 0 0 0 0 0 0 0 0 0 0 0 0 0 0 0 0 0 0 0 0 0 0 0 0 0 0 0 0 0 0 0 0 0 0 0 0 0 0 0 0 0 0 0 0 0 0 0 0 0 0 0 0 0 0 0 0 0 0 0 0 0 0 0 0 0 0 0 0 0 0 0 0 0 0 0 0 0 0 0 0 0 0 0 0 0 0 0 0 0 0 0 0 0 0 0 0 0 0 0 0 0 0 0 0 0 0 0 0 0 0 0 0 0 0 0 0 0 0 0 0 0 0 0 0 0 0 0 0 0 0 0 0 0 0 0 0 0 0 0 0 0 0 0 0 0 0 0 0 0 0 0 0 0 0 0 0 0 0 0 0 0 0 0 0 0 0 0 0 0 0 0 0 0 0 0 0 0 0 0 0 0 0 0 0 0 0 0 0 0 0 0 0 0 0 0 0 0 0 0 0 0 0 0 0 0 0 0 0 0 0 0 0 0 0 0 0 0 0 0 0 0 0 0 0 0 0 0 0 0 0 0 0 0 0 0 0 0 0 0 0 0 0 0 0 0 0 0 0 0 0 0 0 0 0 0 0 0 0 0 0 0 0 0 0 0 0 0 0 0 0 0 0 0 0 0 0 0 0 0 0 0 0 0 0 0 0 0 0 0 0 0 0 0 0 0 0 0 0 0 0 0 0 0 0 0 0 0 0 0 0 0 0 0 0 0 0 0 0 0 0 0 0 0 0 0 0 0 0 0 0 0 0 0 0 0 0 0 0 0 0 0 0 0 0 0 0 0 0 0 0 0 0 0 0 0 0 0 0 0 0 0 0 0 0 0 0 0 0 0 0 0 0 0 0 0 0 0 0 0 0 0 0 0 0 0 0 0 0 0 0 0 0 0 0 0 0 0 0 0 0 0 0 0 0 0 0 0 0 0 0 0 0 0 0 0 0 0 0 0 0 0 0 0 0 0 0 0 0 0 0 0 0 0 0 0 0 0 0 0 0 0 0 0 0 0 0 0 0 0 0 0 0 0 0 0 0 0 0 0 0 0 0 0 0 0 0 0 0 0 0 0 0 0 0 0 0 0 0 0 0 0 0 0 0 0 0 0 0 0 0 0 0 0 0 0 0 0 0 0 0 0 0 0 0 0 0 0 0 0 0 0 0 0 0 0 0 0 0 0 0 0 0 0 0 0 0 0 0 0 0 0 0 0 0 0 0 0 0 0 0 0 0 0 0 0 0 0 0 0 0 0 0 0 0 0 0 0 0 0 0 0 0 0 0 0 0 0 0 0 0 0 0 0 0 0 0 0 0 0 0 0 0 0 0 0 0 0 0 0 0 0 0 0 0 0 0 0 0 0 0 0 0 0 0 0 0 0 0 0 0 0 0 0 0 0 0 0 0 0 0 0 0 0 0 0 0 0 0 0 0 0 0 0 0 0 0 0 0 0 0 0 0 0 0 0 0 0 0 0 0 0 0 0 0 0 0 0 0 0 0 0 0 0 0 0 0 0 0 0 0 0 0 0 0 0 0 0 0 0 0 0 0 0 0 0 0 0 0 0 0 0 0 0 0 0 0 0 0 0 0 0 0 0 0 0 0 0 0 0 0 0 0 0 0 0 0 0 0 0 0 0 0 0 0 0 0 0 0 0 0 0 0 0 0 0 0 0 0 0 0 0 0 0 0 0 0 0 0 0 0 0 0 0 0 0 0 0 0 0 0 0 0 0 0 0 0 0 0 0 0 0 0 0 0 0 0 0 0 0 0 0 0 0 0 0 0 0 0 0 0 0 0 0 0 0 0 0 0 0 0 0 0 0 0 0 0 0 0 0 0 0 0 0 0 0 0 0 0 0 0 0 0 0 0 0 0 0 0 0 0 0 0 0 0 0 0 0 0 0 0 0 0 0 0 0 0 0 0 0 0 0 0 0 0 0 0 0 0 0 0 0 0 0 0 0 0 0 0 0 0 0 0 0 0 0 0 0 0 0 0 0 0 0 0 0 0 0 0 0 0 0 0 0 0 0 0 0 0 0 0 0 0 0 0 0 0 0 0 0 0 0 0 0 0 0 0 0 0 0 0 0 0 0 0 0 0 0 0 0 0 0 0 0 0 0 0 0 0 0 0 0 0 0 0 0 0 0 0 0 0 0 0 0 0 0 0 0 0 0 0 0 0 0 0 0 0 0 0 0 0 0 0 0 0 0 0 0 0 0 0 0 0 0 0 0 0 0 0 0 0 0 0 0 0 0 0 0 0 0 0 0 0 0 0 0 0 0 0 0 0 0 0 0 0 0 0 0 0 0 0 0 0 0 0 0 0 0 0 0 0 0 0 0 0 0 0 0 0 0 0 0 0 0 0 0 0 0 0 0 0 0 0 0 0 0 0 0 0 0 0 0 0 0 0 0 0 0 0 0 0 0 0 0 0 0 0 0 0 0 0 0 0 0 0 0 0 0 0 0 0 0 0 0 0 0 0 0 0 0 0 0 0 0 0 0 0 0 0 0 0 0 0 0 0 0 0 0 0 0 0 0 0 0 0 0 0 0 0 0 0 0 0 0 0 0 0 0 0 0 0 0 0 0 0 0 0 0 0 0 0 0 0 0 0 0 0 0 0 0 0 0 0 0 0 0 0 0 0 0 0 0 0 0 0 0 0 0 0 0 0 0 0 0 0 0 0 0 0 0 0 0 0 0 0 0 0 0 0 0 0 0 0 0 0 0 0 0 0 0 0 0 0 0 0 0 0 0 0 0 0 0 0 0 0 0 0 0 0 0 0 0 0 0 0 0 0 0 0 0 0 0 0 0 0 0 0 0 0 0 0 0 0 0 0 0 0 0 0 0 0 0 0 0 0 0 0 0 0 0 0 0 0 0 0 0 0 0 0 0 0 0 0 0 0 0 0 0 0 0 0 0 0 0 0 0 0 0 0 0 0 0 0 0 0 0 0 0 0 0 0 0 0 0 0 0 0 0 0 0 0 0 0 0 0 0 0 0 0 0 0 0 0 0 0 0 0 0 0 0 0 0 0 0 0 0 0 0 0 0 0 0 0 0 0 0 0 0 0 0 0 0 0 0 0 0 0 0 0 0 0 0 0 0 0 0 0 0 0 0 0 0 0 0 0 0 0 0 0 0 0 0 0 0 0 0 0 0 0 0 0 0 0 0 0 0 0 0 0 0 0 0 0 0 0 0 0 0 0 0 0 0 0 0 0 0 0 0 0 0 0 0 0 0 0 0 0 0 0 0 0 0 0 0 0 0 0 0 0 0 0 0 0 0 0 0 0 0 0 0 0 0 0 0 0 0 0 0 0 0 0 0 0 0 0 0 0 0 0 0 0 0 0 0 0 0 0 0 0 0 0 0 0 0 0 0 0 0 0 0 0 0 0 0 0 0 0 0 0 0 0 0 0 0 0 0 0 0 0 0 0 0 0 0 0 0 0 0 0 0 0 0 0 0 0 0 0 0 0 0 0 0 0 0 0 0 0 0 0 0 0 0 0 0 0 0 0 0 0 0 0 0 0 0 0 0 0 0 0 0 0 0 0 0 0 0 0 0 0 0 0 0 0 0 0 0 0 0 0 0 0 0 0 0 0 0 0 0 0 0 0 0 0 0 0 0 0 0 0 0 0 0 0 0 0 0 0 0 0 0 0 0 0 0 0 0 0 0 0 0 0 0 0 0 0 0 0 0 0 0 0 0 0 0 0 0 0 0 0 0 0 0 0 0 0 0 0 0 0 0 0 0 0 0 0 0 0 0 0 0 0 0 0 0 0 0 0 0 0 0 0 0 0 0 0 0 0 0 0 0 0 0 0 0 0 0 0 0 0 0 0 0 0 0 0 0 0 0 0 0 0 0 0 0 0 0 0 0 0 0 0 0 0 0 0 0 0 0 0 0 0 0 0 0 0 0 0 0 0 0 0 0 0 0 0 0 0 0 0 0 0 0 0 0 0 0 0 0 0 0 0 0 0 0 0 0 0 0 0 0 0 0 0 0 0 0 0 0 0 0 0 0 0 0 0 0 0 0 0 0 0 0 0 0 0 0 0 0 0 0 0 0 0 0 0 0 0 0 0 0 0 0 0 0 0 0 0 0 0 0 0 0 0 0 0 0 0 0 0 0 0 0 0 0 0 0 0 0 0 0 0 0 0 0 0 0 0 0 0 0 0 0 0 0 0 0 0 0 0 0 0 0 0 0 0 0 0 0 0 0 0 0 0 0 0 0 0 0 0 0 0 0 0 0 0 0 0 0 0 0 0 0 0 0 0 0 0 0 0 0 0 0 0 0 0 0 0 0 0 0 0 0 0 0 0 0 0 0 0 0 0 0 0 0 0 0 0 0 0 0 0 0 0 0 0 0 0 0 0 0 0 0 0 0 0 0 0 0 0 0 0 0 0 0 0 0 0 0 0 0 0 0 0 0 0 0 0 0 0 0 0 0 0 0 0 0 0 0 0 0 0 0 0 0 0 0 0 0 0 0 0 0 0 0 0 0 0 0 0 0 0 0 0 0 0 0 0 0 0 0 0 0 0 0 0 0 0 0 0 0 0 0 0 0 0 0 0 0 0 0 0 0 0 0 0 0 0 0 0 0 0 0 0 0 0 0 0 0 0 0 0 0 0 0 0 0 0 0 0 0 0 0 0 0 0 0 0 0 0 0 0 0 0 0 0 0 0 0 0 0 0 0 0 0 0 0 0 0 0 0 0 0 0 0 0 0 0 0 0 0 0 0 0 0 0 0 0 0 0 0 0 0 0 0 0 0 0 0 0 0 0 0 0 0 0 0 0 0 0 0 0 0 0 0 0 0 0 0 0 0 0 0 0 0 0 0 0 0 0 0 0 0 0 0 0 0 0 0 0 0 0 0 0 0 0 0 0 0 0 0 0 0 0 0 0 0 0 0 0 0 0 0 0 0 0 0 0 0 0 0 0 0 0 0 0 0 0 0 0 0 0 0 0 0 0 0 0 0 0 0 0 0 0 0 0 0 0 0 0 0 0 0 0 0 0 0 0 0 0 0 0 0 0 0 0 0 0 0 0 0 0 0 0 0 0 0 0 0 0 0 0 0 0 0 0 0 0 0 0 0 0 0 0 0 0 0 0 0 0 0 0 0 0 0 0 0 0 0 0 0 0 0 0 0 0 0 0 0 0 0 0 0 0 0 0 0 0 0 0 0 0 0 0 0 0 0 0 0 0 0 0 0 0 0 0 0 0 0 0 0 0 0 0 0 0 0 0 0 0 0 0 0 0 0 0 0 0 0 0 0 0 0 0 0 0 0 0 0 0 0 0 0 0 0 0 0 0 0 0 0 0 0 0 0 0 0 0 0 0 0 0 0 0 0 0 0 0 0 0 0 0 0 0 0 0 0 0 0 0 0 0 0 0 0 0 0 0 0 0 0 0 0 0 0 0 0 0 0 0 0 0 0 0 0 0 0 0 0 0 0 0 0 0 0 0 0 0 0 0 0 0 0 0 0 0 0 0 0 0 0 0 0 0 0 0 0 0 0 0 0 0 0 0 0 0 0 0 0 0 0 0 0 0 0 0 0 0 0 0 0 0 0 0 0 0 0 0 0 0 0 0 0 0 0 0 0 0 0 0 0 0 0 0 0 0 0 0 0 0 0 0 0 0 0 0 0 0 0 0 0 0 0 0 0 0 0 0 0 0 0 0 0 0 0 0 0 0 0 0 0 0 0 0 0 0 0 0 0 0 0 0 0 0 0 0 0 0 0 0 0 0 0 0 0 0 0 0 0 0 0 0 0 0 0 0 0 0 0 0 0 0 0 0 0 0 0 0 0 0 0 0 0 0 0 0 0 0 0 0 0 0 0 0 0 0 0 0 0 0 0 0 0 0 0 0 0 0 0 0 0 0 0 0 0 0 0 0 0 0 0 0 0 0 0 0 0 0 0 0 0 0 0 0 0 0 0 0 0 0 0 0 0 0 0 0 0 0 0 0 0 0 0 0 0 0 0 0 0 0 0 0 0 0 0 0 0 0 0 0 0 0 0 0 0 0 0 0 0 0 0 0 0 0 0 0 0 0 0 0 0 0 0 0 0 0 0 0 0 0 0 0 0 0 0 0 0 0 0 0 0 0 0 0 0 0 0 0 0 0 0 0 0 0 0 0 0 0 0 0 0 0 0 0 0 0 0 0 0 0 0 0 0 0 0 0 0 0 0 0 0 0 0 0 0 0 0 0 0 0 0 0 0 0 0 0 0 0 0 0 0 0 0 0 0 0 0 0 0 0 0 0 0 0 0 0 0 0 0 0 0 0 0 0 0 0 0 0 0 0 0 0 0 0 0 0 0 0 0 0 0 0 0 0 0 0 0 0 0 0 0 0 0 0 0 0 0 0 0 0 0 0 0 0 0 0 0 0 0 0 0 0 0 0 0 0 0 0 0 0 0 0 0 0 0 0 0 0 0 0 0 0 0 0 0 0 0 0 0 0 0 0 0 0 0 0 0 0 0 0 0 0 0 0 0 0 0 0 0 0 0 0 0 0 0 0 0 0 0 0 0 0 0 0 0 0 0 0 0 0 0 0 0 0 0 0 0 0 0 0 0 0 0 0 0 0 0 0 0 0 0 0 0 0 0 0 0 0 0 0 0 0 0 0 0 0 0 0 0 0 0 0 0 0 0 0 0 0 0 0 0 0 0 0 0 0 0 0 0 0 0 0 0 0 0 0 0 0 0 0 0 0 0 0 0 0 0 0 0 0 0 0 0 0 0 0 0 0 0 0 0 0 0 0 0 0 0 0 0 0 0 0 0 0 0 0 0 0 0 0 0 0 0 0 0 0 0 0 0 0 0 0 0 0 0 0 0 0 0 0 0 0 0 0 0 0 0 0 0 0 0 0 0 0 0 0 0 0 0 0 0 0 0 0 0 0 0 0 0 0 0 0 0 0 0 0 0 0 0 0 0 0 0 0 0 0 0 0 0 0 0 0 0 0 0 0 0 0 0 0 0 0 0 0 0 0 0 0 0 0 0 0 0 0 0 0 0 0 0 0 0 0 0 0 0 0 0 0 0 0 0 0 0 0 0 0 0 0 0 0 0 0 0 0 0 0 0 0 0 0 0 0 0 0 0 0 0 0 0 0 0 0 0 0 0 0 0 0 0 0 0 0 0 0 0 0 0 0 0 0 0 0 0 0 0 0 0 0 0 0 0 0 0 0 0 0 0 0 0 0 0 0 0 0 0 0 0 0 0 0 0 0 0 0 0 0 0 0 0 0 0 0 0 0 0 0 0 0 0 0 0 0 0 0 0 0 0 0 0 0 0 0 0 0 0 0 0 0 0 0 0 0 0 0 0 0 0 0 0 0 0 0 0 0 0 0 0 0 0 0 0 0 0 0 0 0 0 0 0 0 0 0 0 0 0 0 0 0 0 0 0 0 0 0 0 0 0 0 0 0 0 0 0 0 0 0 0 0 0 0 0 0 0 0 0 0 0 0 0 0 0 0 0 0 0 0 0 0 0 0 0 0 0 0 0 0 0 0 0 0 0 0 0 0 0 0 0 0 0 0 0 0 0 0 0 0 0 0 0 0 0 0 0 0 0 0 0 0 0 0 0 0 0 0 0 0 0 0 0 0 0 0 0 0 0 0 0 0 0 0 0 0 0 0 0 0 0 0 0 0 0 0 0 0 0 0 0 0 0 0 0 0 0 0 0 0 0 0 0 0 0 0 0 0 0 0 0 0 0 0 0 0 0 0 0 0 0 0 0 0 0 0 0 0 0 0 0 0 0 0 0 0 0 0 0 0 0 0 0 0 0 0 0 0 0 0 0 0 0 0 0 0 0 0 0 0 0 0 0 0 0 0 0 0 0 0 0 0 0 0 0 0 0 0 0 0 0 0 0 0 0 0 0 0 0 0 0 0 0 0 0 0 0 0 0 0 0 0 0 0 0 0 0 0 0 0 0 0 0 0 0 0 0 0 0 0 0 0 0 0 0 0 0 0 0 0 0 0 0 0 0 0 0 0 0 0 0 0 0 0 0 0 0 0 0 0 0 0 0 0 0 0 0 0 0 0 0 0 0 0 0 0 0 0 0 0 0 0 0 0 0 0 0 0 0 0 0 0 0 0 0 0 0 0 0 0 0 0 0 0 0 0 0 0 0 0 0 0 0 0 0 0 0 0 0 0 0 0 0 0 0 0 0 0 0 0 0 0 0 0 0 0 0 0 0 0 0 0 0 0 0 0 0 0 0 0 0 0 0 0 0 0 0 0 0 0 0 0 0 0 0 0 0 0 0 0 0 0 0 0 0 0 0 0 0 0 0 0 0 0 0 0 0 0 0 0 0 0 0 0 0 0 0 0 0 0 0 0 0 0 0 0 0 0 0 0 0 0 0 0 0 0 0 0 0 0 0 0 0 0 0 0 0 0 0 0 0 0 0 0 0 0 0 0 0 0 0 0 0 0 0 0 0 0 0 0 0 0 0 0 0 0 0 0 0 0 0 0 0 0 0 0 0 0 0 0 0 0 0 0 0 0 0 0 0 0 0 0 0 0 0 0 0 0 0 0 0 0 0 0 0 0 0 0 0 0 0 0 0 0 0 0 0 0 0 0 0 0 0 0 0 0 0 0 0 0 0 0 0 0 0 0 0 0</float_array>
          <technique_common>
            <accessor source="#toro_head-mesh-colors-Col-array" count="4776" stride="4">
              <param name="R" type="float"/>
              <param name="G" type="float"/>
              <param name="B" type="float"/>
              <param name="A" type="float"/>
            </accessor>
          </technique_common>
        </source>
        <vertices id="toro_head-mesh-vertices">
          <input semantic="POSITION" source="#toro_head-mesh-positions"/>
        </vertices>
        <triangles material="CH_toro_face_high_001-material" count="1592">
          <input semantic="VERTEX" source="#toro_head-mesh-vertices" offset="0"/>
          <input semantic="NORMAL" source="#toro_head-mesh-normals" offset="1"/>
          <input semantic="TEXCOORD" source="#toro_head-mesh-map-0" offset="2" set="0"/>
          <input semantic="COLOR" source="#toro_head-mesh-colors-Col" offset="3" set="0"/>
          <p>2 0 0 0 1 1 1 1 0 2 2 2 3 3 3 3 2 0 4 4 0 2 5 5 0 2 6 6 4 4 7 7 3 3 8 8 5 5 9 9 4 4 10 10 0 2 11 11 5 5 12 12 6 6 13 13 4 4 14 14 7 7 15 15 4 4 16 16 6 6 17 17 8 8 18 18 7 7 19 19 6 6 20 20 9 9 21 21 8 8 22 22 6 6 23 23 8 8 24 24 9 9 25 25 10 10 26 26 10 10 27 27 9 9 28 28 11 11 29 29 9 9 30 30 12 12 31 31 11 11 32 32 13 13 33 33 8 8 34 34 10 10 35 35 13 13 36 36 14 14 37 37 8 8 38 38 5 5 39 39 15 15 40 40 6 6 41 41 9 9 42 42 6 6 43 43 15 15 44 44 12 12 45 45 9 9 46 46 15 15 47 47 3 3 48 48 4 4 49 49 16 16 50 50 16 16 51 51 4 4 52 52 7 7 53 53 17 17 54 54 10 10 55 55 11 11 56 56 13 13 57 57 10 10 58 58 17 17 59 59 18 18 60 60 17 17 61 61 11 11 62 62 19 19 63 63 13 13 64 64 17 17 65 65 8 8 66 66 14 14 67 67 20 20 68 68 20 20 69 69 14 14 70 70 21 21 71 71 13 13 72 72 19 19 73 73 21 21 74 74 14 14 75 75 13 13 76 76 21 21 77 77 22 22 78 78 20 20 79 79 21 21 80 80 18 18 81 81 23 23 82 82 17 17 83 83 23 23 84 84 24 24 85 85 17 17 86 86 17 17 87 87 24 24 88 88 19 19 89 89 24 24 90 90 23 23 91 91 25 25 92 92 26 26 93 93 24 24 94 94 25 25 95 95 27 27 96 96 24 24 97 97 26 26 98 98 24 24 99 99 27 27 100 100 19 19 101 101 19 19 102 102 27 27 103 103 21 21 104 104 28 28 105 105 27 27 106 106 26 26 107 107 29 29 108 108 27 27 109 109 28 28 110 110 27 27 111 111 29 29 112 112 21 21 113 113 30 30 114 114 29 29 115 115 28 28 116 116 31 31 117 117 26 26 118 118 25 25 119 119 32 32 120 120 31 31 121 121 25 25 122 122 32 32 123 123 33 33 124 124 31 31 125 125 33 33 126 126 34 34 127 127 31 31 128 128 31 31 129 129 34 34 130 130 35 35 131 131 35 35 132 132 28 28 133 133 26 26 134 134 31 31 135 135 35 35 136 136 26 26 137 137 34 34 138 138 36 36 139 139 35 35 140 140 35 35 141 141 36 36 142 142 37 37 143 143 37 37 144 144 30 30 145 145 28 28 146 146 35 35 147 147 37 37 148 148 28 28 149 149 36 36 150 150 38 38 151 151 37 37 152 152 37 37 153 153 38 38 154 154 39 39 155 155 30 30 156 156 37 37 157 157 39 39 158 158 38 38 159 159 40 40 160 160 39 39 161 161 39 39 162 162 40 40 163 163 41 41 164 164 40 40 165 165 42 42 166 166 41 41 167 167 41 41 168 168 42 42 169 169 43 43 170 170 44 44 171 171 41 41 172 172 43 43 173 173 39 39 174 174 41 41 175 175 45 45 176 176 45 45 177 177 30 30 178 178 39 39 179 179 41 41 180 180 46 46 181 181 45 45 182 182 41 41 183 183 44 44 184 184 46 46 185 185 44 44 186 186 47 47 187 187 46 46 188 188 44 44 189 189 48 48 190 190 47 47 191 191 48 48 192 192 44 44 193 193 43 43 194 194 48 48 195 195 49 49 196 196 47 47 197 197 47 47 198 198 49 49 199 199 50 50 200 200 49 49 201 201 51 51 202 202 50 50 203 203 51 51 204 204 52 52 205 205 50 50 206 206 52 52 207 207 53 53 208 208 50 50 209 209 54 54 210 210 53 53 211 211 52 52 212 212 55 55 213 213 54 54 214 214 52 52 215 215 56 56 216 216 51 51 217 217 49 49 218 218 48 48 219 219 56 56 220 220 49 49 221 221 56 56 222 222 52 52 223 223 51 51 224 224 56 56 225 225 48 48 226 226 57 57 227 227 48 48 228 228 58 58 229 229 57 57 230 230 58 58 231 231 48 48 232 232 43 43 233 233 59 59 234 234 55 55 235 235 52 52 236 236 59 59 237 237 52 52 238 238 56 56 239 239 59 59 240 240 56 56 241 241 60 60 242 242 60 60 243 243 56 56 244 244 57 57 245 245 55 55 246 246 59 59 247 247 61 61 248 248 60 60 249 249 61 61 250 250 59 59 251 251 61 61 252 252 62 62 253 253 55 55 254 254 62 62 255 255 63 63 256 256 55 55 257 257 62 62 258 258 64 64 259 259 63 63 260 260 64 64 261 261 65 65 262 262 63 63 263 263 64 64 264 264 66 66 265 265 65 65 266 266 66 66 267 267 67 67 268 268 65 65 269 269 62 62 270 270 68 68 271 271 64 64 272 272 62 62 273 273 61 61 274 274 68 68 275 275 68 68 276 276 69 69 277 277 64 64 278 278 69 69 279 279 70 70 280 280 64 64 281 281 66 66 282 282 64 64 283 283 70 70 284 284 66 66 285 285 71 71 286 286 67 67 287 287 71 71 288 288 72 72 289 289 67 67 290 290 61 61 291 291 60 60 292 292 73 73 293 293 61 61 294 294 73 73 295 295 68 68 296 296 68 68 297 297 73 73 298 298 74 74 299 299 73 73 300 300 75 75 301 301 74 74 302 302 73 73 303 303 76 76 304 304 75 75 305 305 76 76 306 306 77 77 307 307 75 75 308 308 74 74 309 309 75 75 310 310 78 78 311 311 75 75 312 312 79 79 313 313 78 78 314 314 79 79 315 315 75 75 316 316 77 77 317 317 76 76 318 318 80 80 319 319 77 77 320 320 80 80 321 321 81 81 322 322 77 77 323 323 80 80 324 324 82 82 325 325 81 81 326 326 82 82 327 327 83 83 328 328 81 81 329 329 81 81 330 330 84 84 331 331 77 77 332 332 84 84 333 333 81 81 334 334 83 83 335 335 84 84 336 336 85 85 337 337 77 77 338 338 85 85 339 339 79 79 340 340 77 77 341 341 79 79 342 342 85 85 343 343 86 86 344 344 85 85 345 345 87 87 346 346 86 86 347 347 85 85 348 348 84 84 349 349 88 88 350 350 87 87 351 351 85 85 352 352 88 88 353 353 88 88 354 354 84 84 355 355 89 89 356 356 84 84 357 357 90 90 358 358 89 89 359 359 90 90 360 360 84 84 361 361 83 83 362 362 91 91 363 363 90 90 364 364 83 83 365 365 92 92 366 366 91 91 367 367 83 83 368 368 87 87 369 369 88 88 370 370 93 93 371 371 88 88 372 372 94 94 373 373 93 93 374 374 94 94 375 375 88 88 376 376 89 89 377 377 93 93 378 378 94 94 379 379 95 95 380 380 96 96 381 381 93 93 382 382 95 95 383 383 96 96 384 384 86 86 385 385 87 87 386 386 93 93 387 387 96 96 388 388 87 87 389 389 97 97 390 390 96 96 391 391 95 95 392 392 97 97 393 393 95 95 394 394 98 98 395 395 99 99 396 396 97 97 397 397 98 98 398 398 99 99 399 399 98 98 400 400 100 100 401 401 98 98 402 402 101 101 403 403 100 100 404 404 100 100 405 405 101 101 406 406 102 102 407 407 103 103 408 408 100 100 409 409 102 102 410 410 103 103 411 411 102 102 412 412 104 104 413 413 101 101 414 414 105 105 415 415 102 102 416 416 105 105 417 417 106 106 418 418 102 102 419 419 106 106 420 420 105 105 421 421 107 107 422 422 105 105 423 423 108 108 424 424 107 107 425 425 109 109 426 426 108 108 427 427 105 105 428 428 110 110 429 429 109 109 430 430 105 105 431 431 110 110 432 432 105 105 433 433 101 101 434 434 98 98 435 435 110 110 436 436 101 101 437 437 111 111 438 438 109 109 439 439 110 110 440 440 109 109 441 441 111 111 442 442 112 112 443 443 113 113 444 444 109 109 445 445 112 112 446 446 109 109 447 447 113 113 448 448 108 108 449 449 114 114 450 450 111 111 451 451 110 110 452 452 115 115 453 453 111 111 454 454 114 114 455 455 94 94 456 456 115 115 457 457 114 114 458 458 106 106 459 459 107 107 460 460 116 116 461 461 116 116 462 462 104 104 463 463 102 102 464 464 106 106 465 465 116 116 466 466 102 102 467 467 116 116 468 468 107 107 469 469 117 117 470 470 118 118 471 471 116 116 472 472 117 117 473 473 104 104 474 474 116 116 475 475 119 119 476 476 116 116 477 477 118 118 478 478 119 119 479 479 118 118 480 480 120 120 481 481 119 119 482 482 120 120 483 483 121 121 484 484 119 119 485 485 122 122 486 486 104 104 487 487 119 119 488 488 122 122 489 489 123 123 490 490 104 104 491 491 123 123 492 492 124 124 493 493 104 104 494 494 121 121 495 495 120 120 496 496 125 125 497 497 125 125 498 498 120 120 499 499 126 126 500 500 118 118 501 501 117 117 502 502 126 126 503 503 120 120 504 504 118 118 505 505 126 126 506 506 126 126 507 507 127 127 508 508 125 125 509 509 127 127 510 510 126 126 511 511 117 117 512 512 127 127 513 513 128 128 514 514 125 125 515 515 127 127 516 516 129 129 517 517 128 128 518 518 129 129 519 519 127 127 520 520 130 130 521 521 130 130 522 522 127 127 523 523 131 131 524 524 131 131 525 525 132 132 526 526 130 130 527 527 132 132 528 528 133 133 529 529 130 130 530 530 130 130 531 531 133 133 532 532 129 129 533 533 133 133 534 534 134 134 535 535 129 129 536 536 129 129 537 537 135 135 538 538 128 128 539 539 129 129 540 540 134 134 541 541 135 135 542 542 134 134 543 543 136 136 544 544 135 135 545 545 137 137 546 546 136 136 547 547 134 134 548 548 137 137 549 549 138 138 550 550 136 136 551 551 138 138 552 552 139 139 553 553 136 136 554 554 138 138 555 555 140 140 556 556 139 139 557 557 140 140 558 558 141 141 559 559 139 139 560 560 142 142 561 561 137 137 562 562 134 134 563 563 142 142 564 564 134 134 565 565 133 133 566 566 143 143 567 567 135 135 568 568 136 136 569 569 139 139 570 570 143 143 571 571 136 136 572 572 135 135 573 573 143 143 574 574 144 144 575 575 128 128 576 576 135 135 577 577 144 144 578 578 145 145 579 579 142 142 580 580 133 133 581 581 145 145 582 582 133 133 583 583 132 132 584 584 146 146 585 585 145 145 586 586 132 132 587 587 146 146 588 588 132 132 589 589 112 112 590 590 147 147 591 591 146 146 592 592 112 112 593 593 144 144 594 594 148 148 595 595 128 128 596 596 148 148 597 597 125 125 598 598 128 128 599 599 148 148 600 600 121 121 601 601 125 125 602 602 149 149 603 603 143 143 604 604 139 139 605 605 141 141 606 606 149 149 607 607 139 139 608 608 150 150 609 609 144 144 610 610 143 143 611 611 149 149 612 612 150 150 613 613 143 143 614 614 151 151 615 615 148 148 616 616 144 144 617 617 150 150 618 618 151 151 619 619 144 144 620 620 148 148 621 621 151 151 622 622 121 121 623 623 152 152 624 624 142 142 625 625 145 145 626 626 152 152 627 627 153 153 628 628 142 142 629 629 152 152 630 630 154 154 631 631 153 153 632 632 154 154 633 633 155 155 634 634 153 153 635 635 153 153 636 636 155 155 637 637 156 156 638 638 155 155 639 639 157 157 640 640 156 156 641 641 157 157 642 642 158 158 643 643 156 156 644 644 158 158 645 645 159 159 646 646 156 156 647 647 160 160 648 648 154 154 649 649 152 152 650 650 161 161 651 651 160 160 652 652 152 152 653 653 162 162 654 654 160 160 655 655 161 161 656 656 163 163 657 657 162 162 658 658 161 161 659 659 91 91 660 660 162 162 661 661 163 163 662 662 164 164 663 663 91 91 664 664 163 163 665 665 158 158 666 666 157 157 667 667 165 165 668 668 166 166 669 669 158 158 670 670 165 165 671 671 167 167 672 672 166 166 673 673 165 165 674 674 168 168 675 675 167 167 676 676 165 165 677 677 169 169 678 678 168 168 679 679 165 165 680 680 170 170 681 681 169 169 682 682 165 165 683 683 165 165 684 684 157 157 685 685 170 170 686 686 171 171 687 687 169 169 688 688 170 170 689 689 172 172 690 690 171 171 691 691 170 170 692 692 171 171 693 693 172 172 694 694 173 173 695 695 174 174 696 696 171 171 697 697 173 173 698 698 174 174 699 699 173 173 700 700 175 175 701 701 176 176 702 702 174 174 703 703 175 175 704 704 176 176 705 705 175 175 706 706 92 92 707 707 177 177 708 708 176 176 709 709 92 92 710 710 170 170 711 711 155 155 712 712 172 172 713 713 157 157 714 714 155 155 715 715 170 170 716 716 155 155 717 717 154 154 718 718 172 172 719 719 172 172 720 720 154 154 721 721 173 173 722 722 154 154 723 723 160 160 724 724 173 173 725 725 173 173 726 726 160 160 727 727 175 175 728 728 160 160 729 729 162 162 730 730 175 175 731 731 175 175 732 732 162 162 733 733 92 92 734 734 177 177 735 735 92 92 736 736 83 83 737 737 82 82 738 738 177 177 739 739 83 83 740 740 162 162 741 741 91 91 742 742 92 92 743 743 42 42 744 744 176 176 745 745 177 177 746 746 174 174 747 747 176 176 748 748 42 42 749 749 43 43 750 750 42 42 751 751 177 177 752 752 43 43 753 753 177 177 754 754 82 82 755 755 40 40 756 756 174 174 757 757 42 42 758 758 171 171 759 759 174 174 760 760 40 40 761 761 38 38 762 762 171 171 763 763 40 40 764 764 169 169 765 765 171 171 766 766 38 38 767 767 36 36 768 768 169 169 769 769 38 38 770 770 168 168 771 771 169 169 772 772 36 36 773 773 34 34 774 774 168 168 775 775 36 36 776 776 167 167 777 777 168 168 778 778 34 34 779 779 33 33 780 780 167 167 781 781 34 34 782 782 58 58 783 783 43 43 784 784 82 82 785 785 58 58 786 786 82 82 787 787 80 80 788 788 57 57 789 789 58 58 790 790 80 80 791 791 57 57 792 792 80 80 793 793 60 60 794 794 80 80 795 795 76 76 796 796 60 60 797 797 60 60 798 798 76 76 799 799 73 73 800 800 167 167 801 801 33 33 802 802 178 178 803 803 178 178 804 804 33 33 805 805 179 179 806 806 33 33 807 807 32 32 808 808 179 179 809 809 178 178 810 810 179 179 811 811 180 180 812 812 181 181 813 813 178 178 814 814 180 180 815 815 181 181 816 816 180 180 817 817 182 182 818 818 183 183 819 819 181 181 820 820 182 182 821 821 183 183 822 822 182 182 823 823 184 184 824 824 185 185 825 825 183 183 826 826 184 184 827 827 185 185 828 828 184 184 829 829 186 186 830 830 187 187 831 831 185 185 832 832 186 186 833 833 187 187 834 834 186 186 835 835 188 188 836 836 186 186 837 837 189 189 838 838 188 188 839 839 179 179 840 840 32 32 841 841 25 25 842 842 190 190 843 843 179 179 844 844 25 25 845 845 180 180 846 846 179 179 847 847 190 190 848 848 191 191 849 849 190 190 850 850 25 25 851 851 23 23 852 852 191 191 853 853 25 25 854 854 191 191 855 855 192 192 856 856 190 190 857 857 192 192 858 858 193 193 859 859 190 190 860 860 193 193 861 861 180 180 862 862 190 190 863 863 182 182 864 864 180 180 865 865 193 193 866 866 192 192 867 867 194 194 868 868 193 193 869 869 194 194 870 870 195 195 871 871 193 193 872 872 195 195 873 873 182 182 874 874 193 193 875 875 182 182 876 876 195 195 877 877 184 184 878 878 186 186 879 879 184 184 880 880 196 196 881 881 195 195 882 882 196 196 883 883 184 184 884 884 196 196 885 885 195 195 886 886 194 194 887 887 197 197 888 888 186 186 889 889 196 196 890 890 189 189 891 891 186 186 892 892 197 197 893 893 198 198 894 894 189 189 895 895 197 197 896 896 199 199 897 897 189 189 898 898 198 198 899 899 189 189 900 900 199 199 901 901 188 188 902 902 200 200 903 903 199 199 904 904 198 198 905 905 200 200 906 906 198 198 907 907 201 201 908 908 202 202 909 909 200 200 910 910 201 201 911 911 203 203 912 912 202 202 913 913 201 201 914 914 204 204 915 915 203 203 916 916 201 201 917 917 204 204 918 918 205 205 919 919 203 203 920 920 205 205 921 921 206 206 922 922 203 203 923 923 207 207 924 924 199 199 925 925 200 200 926 926 202 202 927 927 207 207 928 928 200 200 929 929 203 203 930 930 207 207 931 931 202 202 932 932 199 199 933 933 207 207 934 934 208 208 935 935 209 209 936 936 199 199 937 937 208 208 938 938 206 206 939 939 210 210 940 940 203 203 941 941 203 203 942 942 210 210 943 943 207 207 944 944 207 207 945 945 210 210 946 946 211 211 947 947 207 207 948 948 211 211 949 949 208 208 950 950 210 210 951 951 206 206 952 952 212 212 953 953 212 212 954 954 211 211 955 955 210 210 956 956 213 213 957 957 212 212 958 958 206 206 959 959 214 214 960 960 213 213 961 961 206 206 962 962 215 215 963 963 213 213 964 964 214 214 965 965 216 216 966 966 215 215 967 967 214 214 968 968 217 217 969 969 215 215 970 970 216 216 971 971 218 218 972 972 217 217 973 973 216 216 974 974 219 219 975 975 213 213 976 976 215 215 977 977 212 212 978 978 213 213 979 979 219 219 980 980 220 220 981 981 219 219 982 982 215 215 983 983 221 221 984 984 220 220 985 985 215 215 986 986 215 215 987 987 217 217 988 988 221 221 989 989 222 222 990 990 217 217 991 991 218 218 992 992 223 223 993 993 222 222 994 994 218 218 995 995 211 211 996 996 212 212 997 997 224 224 998 998 224 224 999 999 212 212 1000 1000 219 219 1001 1001 224 224 1002 1002 219 219 1003 1003 225 225 1004 1004 226 226 1005 1005 224 224 1006 1006 225 225 1007 1007 227 227 1008 1008 224 224 1009 1009 226 226 1010 1010 228 228 1011 1011 227 227 1012 1012 226 226 1013 1013 226 226 1014 1014 225 225 1015 1015 229 229 1016 1016 230 230 1017 1017 226 226 1018 1018 229 229 1019 1019 226 226 1020 1020 230 230 1021 1021 228 228 1022 1022 231 231 1023 1023 227 227 1024 1024 228 228 1025 1025 232 232 1026 1026 231 231 1027 1027 228 228 1028 1028 233 233 1029 1029 231 231 1030 1030 232 232 1031 1031 234 234 1032 1032 233 233 1033 1033 232 232 1034 1034 235 235 1035 1035 232 232 1036 1036 228 228 1037 1037 232 232 1038 1038 235 235 1039 1039 234 234 1040 1040 236 236 1041 1041 235 235 1042 1042 228 228 1043 1043 230 230 1044 1044 236 236 1045 1045 228 228 1046 1046 236 236 1047 1047 230 230 1048 1048 237 237 1049 1049 238 238 1050 1050 236 236 1051 1051 237 237 1052 1052 236 236 1053 1053 238 238 1054 1054 239 239 1055 1055 235 235 1056 1056 236 236 1057 1057 239 239 1058 1058 235 235 1059 1059 239 239 1060 1060 240 240 1061 1061 241 241 1062 1062 235 235 1063 1063 240 240 1064 1064 235 235 1065 1065 241 241 1066 1066 234 234 1067 1067 241 241 1068 1068 242 242 1069 1069 234 234 1070 1070 242 242 1071 1071 243 243 1072 1072 234 234 1073 1073 239 239 1074 1074 238 238 1075 1075 244 244 1076 1076 245 245 1077 1077 239 239 1078 1078 244 244 1079 1079 239 239 1080 1080 245 245 1081 1081 240 240 1082 1082 245 245 1083 1083 244 244 1084 1084 246 246 1085 1085 244 244 1086 1086 247 247 1087 1087 246 246 1088 1088 247 247 1089 1089 244 244 1090 1090 238 238 1091 1091 237 237 1092 1092 247 247 1093 1093 238 238 1094 1094 247 247 1095 1095 248 248 1096 1096 246 246 1097 1097 246 246 1098 1098 248 248 1099 1099 249 249 1100 1100 248 248 1101 1101 250 250 1102 1102 249 249 1103 1103 249 249 1104 1104 250 250 1105 1105 251 251 1106 1106 252 252 1107 1107 249 249 1108 1108 251 251 1109 1109 252 252 1110 1110 251 251 1111 1111 253 253 1112 1112 251 251 1113 1113 254 254 1114 1114 253 253 1115 1115 253 253 1116 1116 254 254 1117 1117 255 255 1118 1118 256 256 1119 1119 252 252 1120 1120 253 253 1121 1121 257 257 1122 1122 256 256 1123 1123 253 253 1124 1124 256 256 1125 1125 257 257 1126 1126 258 258 1127 1127 259 259 1128 1128 256 256 1129 1129 258 258 1130 1130 259 259 1131 1131 260 260 1132 1132 256 256 1133 1133 260 260 1134 1134 261 261 1135 1135 256 256 1136 1136 261 261 1137 1137 249 249 1138 1138 252 252 1139 1139 256 256 1140 1140 261 261 1141 1141 252 252 1142 1142 260 260 1143 1143 262 262 1144 1144 261 261 1145 1145 262 262 1146 1146 260 260 1147 1147 263 263 1148 1148 260 260 1149 1149 264 264 1150 1150 263 263 1151 1151 264 264 1152 1152 260 260 1153 1153 259 259 1154 1154 262 262 1155 1155 265 265 1156 1156 261 261 1157 1157 262 262 1158 1158 266 266 1159 1159 265 265 1160 1160 266 266 1161 1161 245 245 1162 1162 265 265 1163 1163 258 258 1164 1164 257 257 1165 1165 267 267 1166 1166 267 267 1167 1167 257 257 1168 1168 253 253 1169 1169 255 255 1170 1170 267 267 1171 1171 253 253 1172 1172 258 258 1173 1173 267 267 1174 1174 268 268 1175 1175 267 267 1176 1176 269 269 1177 1177 268 268 1178 1178 267 267 1179 1179 255 255 1180 1180 119 119 1181 1181 269 269 1182 1182 267 267 1183 1183 119 119 1184 1184 270 270 1185 1185 269 269 1186 1186 119 119 1187 1187 121 121 1188 1188 270 270 1189 1189 119 119 1190 1190 255 255 1191 1191 271 271 1192 1192 119 119 1193 1193 272 272 1194 1194 271 271 1195 1195 255 255 1196 1196 273 273 1197 1197 272 272 1198 1198 255 255 1199 1199 270 270 1200 1200 121 121 1201 1201 274 274 1202 1202 270 270 1203 1203 274 274 1204 1204 275 275 1205 1205 269 269 1206 1206 270 270 1207 1207 275 275 1208 1208 268 268 1209 1209 269 269 1210 1210 275 275 1211 1211 276 276 1212 1212 275 275 1213 1213 274 274 1214 1214 275 275 1215 1215 276 276 1216 1216 268 268 1217 1217 277 277 1218 1218 276 276 1219 1219 274 274 1220 1220 278 278 1221 1221 276 276 1222 1222 277 277 1223 1223 276 276 1224 1224 278 278 1225 1225 279 279 1226 1226 276 276 1227 1227 279 279 1228 1228 280 280 1229 1229 281 281 1230 1230 280 280 1231 1231 279 279 1232 1232 282 282 1233 1233 281 281 1234 1234 279 279 1235 1235 282 282 1236 1236 279 279 1237 1237 278 278 1238 1238 283 283 1239 1239 282 282 1240 1240 278 278 1241 1241 284 284 1242 1242 278 278 1243 1243 277 277 1244 1244 283 283 1245 1245 278 278 1246 1246 284 284 1247 1247 285 285 1248 1248 283 283 1249 1249 284 284 1250 1250 285 285 1251 1251 286 286 1252 1252 283 283 1253 1253 287 287 1254 1254 286 286 1255 1255 285 285 1256 1256 288 288 1257 1257 287 287 1258 1258 285 285 1259 1259 140 140 1260 1260 287 287 1261 1261 288 288 1262 1262 141 141 1263 1263 140 140 1264 1264 288 288 1265 1265 286 286 1266 1266 289 289 1267 1267 283 283 1268 1268 283 283 1269 1269 289 289 1270 1270 282 282 1271 1271 290 290 1272 1272 288 288 1273 1273 285 285 1274 1274 284 284 1275 1275 290 290 1276 1276 285 285 1277 1277 284 284 1278 1278 277 277 1279 1279 291 291 1280 1280 290 290 1281 1281 284 284 1282 1282 291 291 1283 1283 289 289 1284 1284 292 292 1285 1285 282 282 1286 1286 282 282 1287 1287 292 292 1288 1288 281 281 1289 1289 292 292 1290 1290 293 293 1291 1291 281 281 1292 1292 281 281 1293 1293 293 293 1294 1294 263 263 1295 1295 293 293 1296 1296 294 294 1297 1297 263 263 1298 1298 295 295 1299 1299 291 291 1300 1300 277 277 1301 1301 274 274 1302 1302 295 295 1303 1303 277 277 1304 1304 121 121 1305 1305 295 295 1306 1306 274 274 1307 1307 149 149 1308 1308 141 141 1309 1309 288 288 1310 1310 290 290 1311 1311 149 149 1312 1312 288 288 1313 1313 150 150 1314 1314 149 149 1315 1315 290 290 1316 1316 291 291 1317 1317 150 150 1318 1318 290 290 1319 1319 151 151 1320 1320 150 150 1321 1321 291 291 1322 1322 295 295 1323 1323 151 151 1324 1324 291 291 1325 1325 151 151 1326 1326 295 295 1327 1327 121 121 1328 1328 289 289 1329 1329 296 296 1330 1330 292 292 1331 1331 297 297 1332 1332 296 296 1333 1333 289 289 1334 1334 298 298 1335 1335 296 296 1336 1336 297 297 1337 1337 299 299 1338 1338 298 298 1339 1339 297 297 1340 1340 299 299 1341 1341 297 297 1342 1342 300 300 1343 1343 301 301 1344 1344 299 299 1345 1345 300 300 1346 1346 158 158 1347 1347 301 301 1348 1348 300 300 1349 1349 159 159 1350 1350 158 158 1351 1351 300 300 1352 1352 298 298 1353 1353 302 302 1354 1354 296 296 1355 1355 302 302 1356 1356 303 303 1357 1357 296 296 1358 1358 302 302 1359 1359 304 304 1360 1360 303 303 1361 1361 304 304 1362 1362 305 305 1363 1363 303 303 1364 1364 304 304 1365 1365 242 242 1366 1366 305 305 1367 1367 242 242 1368 1368 306 306 1369 1369 305 305 1370 1370 301 301 1371 1371 158 158 1372 1372 307 307 1373 1373 158 158 1374 1374 166 166 1375 1375 307 307 1376 1376 166 166 1377 1377 167 167 1378 1378 307 307 1379 1379 167 167 1380 1380 308 308 1381 1381 307 307 1382 1382 308 308 1383 1383 309 309 1384 1384 307 307 1385 1385 309 309 1386 1386 310 310 1387 1387 307 307 1388 1388 301 301 1389 1389 307 307 1390 1390 310 310 1391 1391 309 309 1392 1392 311 311 1393 1393 310 310 1394 1394 311 311 1395 1395 312 312 1396 1396 310 310 1397 1397 312 312 1398 1398 311 311 1399 1399 313 313 1400 1400 311 311 1401 1401 314 314 1402 1402 313 313 1403 1403 313 313 1404 1404 314 314 1405 1405 315 315 1406 1406 314 314 1407 1407 316 316 1408 1408 315 315 1409 1409 315 315 1410 1410 316 316 1411 1411 243 243 1412 1412 316 316 1413 1413 317 317 1414 1414 243 243 1415 1415 299 299 1416 1416 310 310 1417 1417 312 312 1418 1418 299 299 1419 1419 301 301 1420 1420 310 310 1421 1421 298 298 1422 1422 299 299 1423 1423 312 312 1424 1424 298 298 1425 1425 312 312 1426 1426 313 313 1427 1427 302 302 1428 1428 298 298 1429 1429 313 313 1430 1430 302 302 1431 1431 313 313 1432 1432 315 315 1433 1433 304 304 1434 1434 302 302 1435 1435 315 315 1436 1436 304 304 1437 1437 315 315 1438 1438 243 243 1439 1439 243 243 1440 1440 317 317 1441 1441 234 234 1442 1442 317 317 1443 1443 233 233 1444 1444 234 234 1445 1445 242 242 1446 1446 304 304 1447 1447 243 243 1448 1448 316 316 1449 1449 187 187 1450 1450 317 317 1451 1451 316 316 1452 1452 314 314 1453 1453 187 187 1454 1454 187 187 1455 1455 188 188 1456 1456 317 317 1457 1457 317 317 1458 1458 188 188 1459 1459 233 233 1460 1460 314 314 1461 1461 185 185 1462 1462 187 187 1463 1463 314 314 1464 1464 311 311 1465 1465 185 185 1466 1466 311 311 1467 1467 183 183 1468 1468 185 185 1469 1469 311 311 1470 1470 309 309 1471 1471 183 183 1472 1472 309 309 1473 1473 181 181 1474 1474 183 183 1475 1475 309 309 1476 1476 308 308 1477 1477 181 181 1478 1478 308 308 1479 1479 178 178 1480 1480 181 181 1481 1481 308 308 1482 1482 167 167 1483 1483 178 178 1484 1484 188 188 1485 1485 209 209 1486 1486 233 233 1487 1487 199 199 1488 1488 209 209 1489 1489 188 188 1490 1490 233 233 1491 1491 209 209 1492 1492 231 231 1493 1493 209 209 1494 1494 208 208 1495 1495 231 231 1496 1496 231 231 1497 1497 208 208 1498 1498 211 211 1499 1499 227 227 1500 1500 231 231 1501 1501 211 211 1502 1502 227 227 1503 1503 211 211 1504 1504 224 224 1505 1505 320 318 1506 1506 319 319 1507 1507 318 320 1508 1508 321 321 1509 1509 320 318 1510 1510 318 320 1511 1511 322 322 1512 1512 321 321 1513 1513 318 320 1514 1514 322 322 1515 1515 318 320 1516 1516 323 323 1517 1517 323 323 1518 1518 318 320 1519 1519 324 324 1520 1520 324 324 1521 1521 318 320 1522 1522 325 325 1523 1523 325 325 1524 1524 318 320 1525 1525 326 326 1526 1526 327 327 1527 1527 324 324 1528 1528 325 325 1529 1529 328 328 1530 1530 327 327 1531 1531 325 325 1532 1532 328 328 1533 1533 325 325 1534 1534 329 329 1535 1535 329 329 1536 1536 325 325 1537 1537 326 326 1538 1538 326 326 1539 1539 330 330 1540 1540 329 329 1541 1541 71 71 1542 1542 330 330 1543 1543 326 326 1544 1544 331 331 1545 1545 328 328 1546 1546 329 329 1547 1547 329 329 1548 1548 330 330 1549 1549 331 331 1550 1550 332 332 1551 1551 322 322 1552 1552 323 323 1553 1553 330 330 1554 1554 71 71 1555 1555 333 333 1556 1556 330 330 1557 1557 333 333 1558 1558 331 331 1559 1559 331 331 1560 1560 333 333 1561 1561 334 334 1562 1562 333 333 1563 1563 335 335 1564 1564 334 334 1565 1565 333 333 1566 1566 336 336 1567 1567 335 335 1568 1568 71 71 1569 1569 336 336 1570 1570 333 333 1571 1571 336 336 1572 1572 337 337 1573 1573 335 335 1574 1574 334 334 1575 1575 335 335 1576 1576 338 338 1577 1577 335 335 1578 1578 339 339 1579 1579 338 338 1580 1580 339 339 1581 1581 335 335 1582 1582 337 337 1583 1583 337 337 1584 1584 336 336 1585 1585 340 340 1586 1586 337 337 1587 1587 340 340 1588 1588 341 341 1589 1589 341 341 1590 1590 339 339 1591 1591 337 337 1592 1592 339 339 1593 1593 341 341 1594 1594 342 342 1595 1595 341 341 1596 1596 343 343 1597 1597 342 342 1598 1598 340 340 1599 1599 344 344 1600 1600 341 341 1601 1601 341 341 1602 1602 344 344 1603 1603 343 343 1604 1604 344 344 1605 1605 345 345 1606 1606 343 343 1607 1607 343 343 1608 1608 345 345 1609 1609 346 346 1610 1610 343 343 1611 1611 346 346 1612 1612 342 342 1613 1613 345 345 1614 1614 347 347 1615 1615 346 346 1616 1616 346 346 1617 1617 347 347 1618 1618 348 348 1619 1619 349 349 1620 1620 346 346 1621 1621 348 348 1622 1622 350 350 1623 1623 346 346 1624 1624 349 349 1625 1625 346 346 1626 1626 350 350 1627 1627 342 342 1628 1628 351 351 1629 1629 350 350 1630 1630 349 349 1631 1631 351 351 1632 1632 349 349 1633 1633 352 352 1634 1634 353 353 1635 1635 351 351 1636 1636 352 352 1637 1637 353 353 1638 1638 352 352 1639 1639 354 354 1640 1640 355 355 1641 1641 353 353 1642 1642 354 354 1643 1643 342 342 1644 1644 350 350 1645 1645 356 356 1646 1646 350 350 1647 1647 357 357 1648 1648 356 356 1649 1649 357 357 1650 1650 350 350 1651 1651 351 351 1652 1652 349 349 1653 1653 348 348 1654 1654 358 358 1655 1655 352 352 1656 1656 349 349 1657 1657 358 358 1658 1658 352 352 1659 1659 358 358 1660 1660 359 359 1661 1661 354 354 1662 1662 352 352 1663 1663 359 359 1664 1664 345 345 1665 1665 344 344 1666 1666 360 360 1667 1667 344 344 1668 1668 361 361 1669 1669 360 360 1670 1670 361 361 1671 1671 362 362 1672 1672 360 360 1673 1673 362 362 1674 1674 363 363 1675 1675 360 360 1676 1676 362 362 1677 1677 364 364 1678 1678 363 363 1679 1679 365 365 1680 1680 364 364 1681 1681 362 362 1682 1682 366 366 1683 1683 365 365 1684 1684 362 362 1685 1685 362 362 1686 1686 361 361 1687 1687 366 366 1688 1688 364 364 1689 1689 367 367 1690 1690 363 363 1691 1691 364 364 1692 1692 78 78 1693 1693 367 367 1694 1694 78 78 1695 1695 368 368 1696 1696 367 367 1697 1697 363 363 1698 1698 367 367 1699 1699 369 369 1700 1700 367 367 1701 1701 370 370 1702 1702 369 369 1703 1703 370 370 1704 1704 367 367 1705 1705 368 368 1706 1706 78 78 1707 1707 79 79 1708 1708 368 368 1709 1709 79 79 1710 1710 86 86 1711 1711 368 368 1712 1712 368 368 1713 1713 86 86 1714 1714 371 371 1715 1715 371 371 1716 1716 370 370 1717 1717 368 368 1718 1718 370 370 1719 1719 371 371 1720 1720 372 372 1721 1721 373 373 1722 1722 370 370 1723 1723 372 372 1724 1724 373 373 1725 1725 372 372 1726 1726 374 374 1727 1727 375 375 1728 1728 373 373 1729 1729 374 374 1730 1730 375 375 1731 1731 374 374 1732 1732 376 376 1733 1733 377 377 1734 1734 375 375 1735 1735 376 376 1736 1736 377 377 1737 1737 376 376 1738 1738 124 124 1739 1739 123 123 1740 1740 377 377 1741 1741 124 124 1742 1742 86 86 1743 1743 96 96 1744 1744 371 371 1745 1745 371 371 1746 1746 96 96 1747 1747 372 372 1748 1748 96 96 1749 1749 97 97 1750 1750 372 372 1751 1751 372 372 1752 1752 97 97 1753 1753 374 374 1754 1754 97 97 1755 1755 99 99 1756 1756 374 374 1757 1757 374 374 1758 1758 99 99 1759 1759 376 376 1760 1760 99 99 1761 1761 100 100 1762 1762 376 376 1763 1763 376 376 1764 1764 100 100 1765 1765 124 124 1766 1766 100 100 1767 1767 103 103 1768 1768 124 124 1769 1769 124 124 1770 1770 103 103 1771 1771 104 104 1772 1772 373 373 1773 1773 375 375 1774 1774 378 378 1775 1775 379 379 1776 1776 373 373 1777 1777 378 378 1778 1778 380 380 1779 1779 379 379 1780 1780 378 378 1781 1781 380 380 1782 1782 381 381 1783 1783 379 379 1784 1784 381 381 1785 1785 369 369 1786 1786 379 379 1787 1787 382 382 1788 1788 380 380 1789 1789 378 378 1790 1790 382 382 1791 1791 378 378 1792 1792 383 383 1793 1793 383 383 1794 1794 377 377 1795 1795 123 123 1796 1796 384 384 1797 1797 382 382 1798 1798 383 383 1799 1799 384 384 1800 1800 383 383 1801 1801 385 385 1802 1802 385 385 1803 1803 383 383 1804 1804 123 123 1805 1805 385 385 1806 1806 123 123 1807 1807 122 122 1808 1808 386 386 1809 1809 385 385 1810 1810 122 122 1811 1811 387 387 1812 1812 385 385 1813 1813 386 386 1814 1814 386 386 1815 1815 388 388 1816 1816 387 387 1817 1817 369 369 1818 1818 370 370 1819 1819 379 379 1820 1820 370 370 1821 1821 373 373 1822 1822 379 379 1823 1823 378 378 1824 1824 375 375 1825 1825 383 383 1826 1826 375 375 1827 1827 377 377 1828 1828 383 383 1829 1829 386 386 1830 1830 122 122 1831 1831 119 119 1832 1832 385 385 1833 1833 387 387 1834 1834 359 359 1835 1835 384 384 1836 1836 385 385 1837 1837 359 359 1838 1838 358 358 1839 1839 382 382 1840 1840 384 384 1841 1841 359 359 1842 1842 358 358 1843 1843 384 384 1844 1844 354 354 1845 1845 359 359 1846 1846 387 387 1847 1847 387 387 1848 1848 388 388 1849 1849 355 355 1850 1850 354 354 1851 1851 387 387 1852 1852 355 355 1853 1853 389 389 1854 1854 388 388 1855 1855 386 386 1856 1856 388 388 1857 1857 389 389 1858 1858 390 390 1859 1859 355 355 1860 1860 388 388 1861 1861 390 390 1862 1862 390 390 1863 1863 391 391 1864 1864 355 355 1865 1865 392 392 1866 1866 391 391 1867 1867 390 390 1868 1868 392 392 1869 1869 393 393 1870 1870 391 391 1871 1871 393 393 1872 1872 394 394 1873 1873 391 391 1874 1874 393 393 1875 1875 395 395 1876 1876 394 394 1877 1877 395 395 1878 1878 357 357 1879 1879 394 394 1880 1880 396 396 1881 1881 392 392 1882 1882 390 390 1883 1883 390 390 1884 1884 389 389 1885 1885 396 396 1886 1886 396 396 1887 1887 389 389 1888 1888 397 397 1889 1889 394 394 1890 1890 357 357 1891 1891 351 351 1892 1892 394 394 1893 1893 351 351 1894 1894 353 353 1895 1895 391 391 1896 1896 394 394 1897 1897 353 353 1898 1898 391 391 1899 1899 353 353 1900 1900 355 355 1901 1901 398 398 1902 1902 395 395 1903 1903 393 393 1904 1904 395 395 1905 1905 398 398 1906 1906 399 399 1907 1907 400 400 1908 1908 395 395 1909 1909 399 399 1910 1910 357 357 1911 1911 395 395 1912 1912 400 400 1913 1913 401 401 1914 1914 398 398 1915 1915 393 393 1916 1916 401 401 1917 1917 393 393 1918 1918 392 392 1919 1919 402 402 1920 1920 398 398 1921 1921 401 401 1922 1922 403 403 1923 1923 402 402 1924 1924 401 401 1925 1925 399 399 1926 1926 404 404 1927 1927 400 400 1928 1928 405 405 1929 1929 404 404 1930 1930 399 399 1931 1931 406 406 1932 1932 405 405 1933 1933 399 399 1934 1934 398 398 1935 1935 402 402 1936 1936 406 406 1937 1937 399 399 1938 1938 398 398 1939 1939 406 406 1940 1940 406 406 1941 1941 402 402 1942 1942 407 407 1943 1943 405 405 1944 1944 406 406 1945 1945 407 407 1946 1946 402 402 1947 1947 408 408 1948 1948 407 407 1949 1949 408 408 1950 1950 402 402 1951 1951 403 403 1952 1952 404 404 1953 1953 409 409 1954 1954 400 400 1955 1955 400 400 1956 1956 409 409 1957 1957 356 356 1958 1958 409 409 1959 1959 338 338 1960 1960 356 356 1961 1961 410 410 1962 1962 409 409 1963 1963 404 404 1964 1964 411 411 1965 1965 410 410 1966 1966 404 404 1967 1967 404 404 1968 1968 405 405 1969 1969 411 411 1970 1970 338 338 1971 1971 339 339 1972 1972 356 356 1973 1973 339 339 1974 1974 342 342 1975 1975 356 356 1976 1976 409 409 1977 1977 410 410 1978 1978 334 334 1979 1979 338 338 1980 1980 409 409 1981 1981 334 334 1982 1982 401 401 1983 1983 412 412 1984 1984 403 403 1985 1985 412 412 1986 1986 401 401 1987 1987 392 392 1988 1988 412 412 1989 1989 392 392 1990 1990 396 396 1991 1991 397 397 1992 1992 412 412 1993 1993 396 396 1994 1994 413 413 1995 1995 412 412 1996 1996 397 397 1997 1997 414 414 1998 1998 413 413 1999 1999 397 397 2000 2000 412 412 2001 2001 413 413 2002 2002 403 403 2003 2003 403 403 2004 2004 413 413 2005 2005 415 415 2006 2006 413 413 2007 2007 416 416 2008 2008 415 415 2009 2009 416 416 2010 2010 413 413 2011 2011 414 414 2012 2012 417 417 2013 2013 416 416 2014 2014 414 414 2015 2015 414 414 2016 2016 418 418 2017 2017 417 417 2018 2018 418 418 2019 2019 419 419 2020 2020 417 417 2021 2021 389 389 2022 2022 418 418 2023 2023 414 414 2024 2024 397 397 2025 2025 389 389 2026 2026 414 414 2027 2027 420 420 2028 2028 418 418 2029 2029 389 389 2030 2030 415 415 2031 2031 408 408 2032 2032 403 403 2033 2033 419 419 2034 2034 418 418 2035 2035 421 421 2036 2036 421 421 2037 2037 418 418 2038 2038 420 420 2039 2039 416 416 2040 2040 422 422 2041 2041 415 415 2042 2042 422 422 2043 2043 423 423 2044 2044 415 415 2045 2045 408 408 2046 2046 415 415 2047 2047 423 423 2048 2048 419 419 2049 2049 424 424 2050 2050 417 417 2051 2051 424 424 2052 2052 425 425 2053 2053 417 417 2054 2054 416 416 2055 2055 417 417 2056 2056 425 425 2057 2057 422 422 2058 2058 416 416 2059 2059 425 425 2060 2060 422 422 2061 2061 425 425 2062 2062 426 426 2063 2063 427 427 2064 2064 422 422 2065 2065 426 426 2066 2066 422 422 2067 2067 427 427 2068 2068 423 423 2069 2069 427 427 2070 2070 426 426 2071 2071 428 428 2072 2072 429 429 2073 2073 428 428 2074 2074 426 426 2075 2075 429 429 2076 2076 426 426 2077 2077 425 425 2078 2078 424 424 2079 2079 429 429 2080 2080 425 425 2081 2081 424 424 2082 2082 430 430 2083 2083 429 429 2084 2084 431 431 2085 2085 427 427 2086 2086 428 428 2087 2087 431 431 2088 2088 428 428 2089 2089 432 432 2090 2090 429 429 2091 2091 432 432 2092 2092 428 428 2093 2093 429 429 2094 2094 433 433 2095 2095 432 432 2096 2096 434 434 2097 2097 431 431 2098 2098 432 432 2099 2099 435 435 2100 2100 431 431 2101 2101 434 434 2102 2102 436 436 2103 2103 435 435 2104 2104 434 434 2105 2105 437 437 2106 2106 435 435 2107 2107 436 436 2108 2108 438 438 2109 2109 437 437 2110 2110 436 436 2111 2111 438 438 2112 2112 436 436 2113 2113 439 439 2114 2114 440 440 2115 2115 438 438 2116 2116 439 439 2117 2117 440 440 2118 2118 439 439 2119 2119 441 441 2120 2120 442 442 2121 2121 440 440 2122 2122 441 441 2123 2123 441 441 2124 2124 439 439 2125 2125 443 443 2126 2126 439 439 2127 2127 444 444 2128 2128 443 443 2129 2129 436 436 2130 2130 434 434 2131 2131 444 444 2132 2132 439 439 2133 2133 436 436 2134 2134 444 444 2135 2135 443 443 2136 2136 444 444 2137 2137 445 445 2138 2138 444 444 2139 2139 446 446 2140 2140 445 445 2141 2141 434 434 2142 2142 432 432 2143 2143 446 446 2144 2144 444 444 2145 2145 434 434 2146 2146 446 446 2147 2147 433 433 2148 2148 446 446 2149 2149 432 432 2150 2150 438 438 2151 2151 440 440 2152 2152 447 447 2153 2153 440 440 2154 2154 448 448 2155 2155 447 447 2156 2156 440 440 2157 2157 442 442 2158 2158 448 448 2159 2159 442 442 2160 2160 441 441 2161 2161 449 449 2162 2162 450 450 2163 2163 442 442 2164 2164 449 449 2165 2165 450 450 2166 2166 451 451 2167 2167 442 442 2168 2168 451 451 2169 2169 452 452 2170 2170 442 442 2171 2171 442 442 2172 2172 452 452 2173 2173 448 448 2174 2174 452 452 2175 2175 453 453 2176 2176 448 448 2177 2177 453 453 2178 2178 454 454 2179 2179 448 448 2180 2180 448 448 2181 2181 454 454 2182 2182 447 447 2183 2183 455 455 2184 2184 453 453 2185 2185 452 452 2186 2186 451 451 2187 2187 455 455 2188 2188 452 452 2189 2189 455 455 2190 2190 456 456 2191 2191 453 453 2192 2192 456 456 2193 2193 457 457 2194 2194 453 453 2195 2195 454 454 2196 2196 453 453 2197 2197 457 457 2198 2198 458 458 2199 2199 457 457 2200 2200 456 456 2201 2201 457 457 2202 2202 458 458 2203 2203 459 459 2204 2204 459 459 2205 2205 454 454 2206 2206 457 457 2207 2207 458 458 2208 2208 460 460 2209 2209 459 459 2210 2210 454 454 2211 2211 459 459 2212 2212 461 461 2213 2213 454 454 2214 2214 461 461 2215 2215 447 447 2216 2216 461 461 2217 2217 462 462 2218 2218 447 447 2219 2219 462 462 2220 2220 463 463 2221 2221 447 447 2222 2222 459 459 2223 2223 464 464 2224 2224 461 461 2225 2225 459 459 2226 2226 460 460 2227 2227 464 464 2228 2228 462 462 2229 2229 461 461 2230 2230 464 464 2231 2231 455 455 2232 2232 451 451 2233 2233 465 465 2234 2234 466 466 2235 2235 455 455 2236 2236 465 465 2237 2237 455 455 2238 2238 466 466 2239 2239 456 456 2240 2240 467 467 2241 2241 466 466 2242 2242 465 465 2243 2243 468 468 2244 2244 467 467 2245 2245 465 465 2246 2246 469 469 2247 2247 467 467 2248 2248 468 468 2249 2249 469 469 2250 2250 470 470 2251 2251 467 467 2252 2252 470 470 2253 2253 471 471 2254 2254 467 467 2255 2255 466 466 2256 2256 467 467 2257 2257 471 471 2258 2258 472 472 2259 2259 469 469 2260 2260 468 468 2261 2261 229 229 2262 2262 469 469 2263 2263 472 472 2264 2264 473 473 2265 2265 229 229 2266 2266 472 472 2267 2267 472 472 2268 2268 468 468 2269 2269 474 474 2270 2270 475 475 2271 2271 472 472 2272 2272 474 474 2273 2273 472 472 2274 2274 475 475 2275 2275 473 473 2276 2276 230 230 2277 2277 229 229 2278 2278 473 473 2279 2279 237 237 2280 2280 230 230 2281 2281 473 473 2282 2282 237 237 2283 2283 473 473 2284 2284 476 476 2285 2285 475 475 2286 2286 476 476 2287 2287 473 473 2288 2288 476 476 2289 2289 475 475 2290 2290 477 477 2291 2291 475 475 2292 2292 478 478 2293 2293 477 477 2294 2294 477 477 2295 2295 478 478 2296 2296 479 479 2297 2297 478 478 2298 2298 480 480 2299 2299 479 479 2300 2300 479 479 2301 2301 480 480 2302 2302 481 481 2303 2303 480 480 2304 2304 482 482 2305 2305 481 481 2306 2306 481 481 2307 2307 482 482 2308 2308 273 273 2309 2309 482 482 2310 2310 272 272 2311 2311 273 273 2312 2312 247 247 2313 2313 237 237 2314 2314 476 476 2315 2315 247 247 2316 2316 476 476 2317 2317 477 477 2318 2318 248 248 2319 2319 247 247 2320 2320 477 477 2321 2321 248 248 2322 2322 477 477 2323 2323 479 479 2324 2324 250 250 2325 2325 248 248 2326 2326 479 479 2327 2327 250 250 2328 2328 479 479 2329 2329 481 481 2330 2330 251 251 2331 2331 250 250 2332 2332 481 481 2333 2333 251 251 2334 2334 481 481 2335 2335 273 273 2336 2336 254 254 2337 2337 251 251 2338 2338 273 273 2339 2339 254 254 2340 2340 273 273 2341 2341 255 255 2342 2342 480 480 2343 2343 478 478 2344 2344 483 483 2345 2345 478 478 2346 2346 484 484 2347 2347 483 483 2348 2348 484 484 2349 2349 485 485 2350 2350 483 483 2351 2351 486 486 2352 2352 485 485 2353 2353 484 484 2354 2354 474 474 2355 2355 486 486 2356 2356 484 484 2357 2357 485 485 2358 2358 487 487 2359 2359 483 483 2360 2360 483 483 2361 2361 487 487 2362 2362 488 488 2363 2363 482 482 2364 2364 488 488 2365 2365 272 272 2366 2366 487 487 2367 2367 489 489 2368 2368 488 488 2369 2369 488 488 2370 2370 489 489 2371 2371 490 490 2372 2372 488 488 2373 2373 490 490 2374 2374 272 272 2375 2375 272 272 2376 2376 490 490 2377 2377 271 271 2378 2378 490 490 2379 2379 491 491 2380 2380 271 271 2381 2381 490 490 2382 2382 492 492 2383 2383 491 491 2384 2384 433 433 2385 2385 491 491 2386 2386 492 492 2387 2387 475 475 2388 2388 474 474 2389 2389 484 484 2390 2390 478 478 2391 2391 475 475 2392 2392 484 484 2393 2393 480 480 2394 2394 483 483 2395 2395 488 488 2396 2396 482 482 2397 2397 480 480 2398 2398 488 488 2399 2399 271 271 2400 2400 491 491 2401 2401 119 119 2402 2402 486 486 2403 2403 474 474 2404 2404 468 468 2405 2405 465 465 2406 2406 486 486 2407 2407 468 468 2408 2408 490 490 2409 2409 489 489 2410 2410 493 493 2411 2411 492 492 2412 2412 490 490 2413 2413 493 493 2414 2414 494 494 2415 2415 493 493 2416 2416 489 489 2417 2417 494 494 2418 2418 443 443 2419 2419 493 493 2420 2420 441 441 2421 2421 443 443 2422 2422 494 494 2423 2423 449 449 2424 2424 441 441 2425 2425 494 494 2426 2426 443 443 2427 2427 445 445 2428 2428 493 493 2429 2429 493 493 2430 2430 445 445 2431 2431 492 492 2432 2432 449 449 2433 2433 494 494 2434 2434 487 487 2435 2435 485 485 2436 2436 449 449 2437 2437 487 487 2438 2438 450 450 2439 2439 449 449 2440 2440 485 485 2441 2441 486 486 2442 2442 450 450 2443 2443 485 485 2444 2444 487 487 2445 2445 494 494 2446 2446 489 489 2447 2447 486 486 2448 2448 465 465 2449 2449 451 451 2450 2450 450 450 2451 2451 486 486 2452 2452 451 451 2453 2453 492 492 2454 2454 445 445 2455 2455 446 446 2456 2456 433 433 2457 2457 492 492 2458 2458 446 446 2459 2459 433 433 2460 2460 429 429 2461 2461 491 491 2462 2462 491 495 2463 2463 496 496 2464 2464 495 497 2465 2465 424 424 2466 2466 419 419 2467 2467 496 498 2468 2468 424 424 2469 2469 496 498 2470 2470 430 430 2471 2471 499 499 2472 2472 498 500 2473 2473 497 501 2474 2474 500 502 2475 2475 499 499 2476 2476 497 501 2477 2477 501 503 2478 2478 499 499 2479 2479 500 502 2480 2480 502 504 2481 2481 501 503 2482 2482 500 502 2483 2483 497 501 2484 2484 498 500 2485 2485 503 505 2486 2486 498 500 2487 2487 504 506 2488 2488 503 505 2489 2489 497 501 2490 2490 505 507 2491 2491 500 502 2492 2492 505 507 2493 2493 506 508 2494 2494 500 502 2495 2495 500 502 2496 2496 506 508 2497 2497 502 504 2498 2498 505 507 2499 2499 507 509 2500 2500 506 508 2501 2501 507 509 2502 2502 508 510 2503 2503 506 508 2504 2504 507 509 2505 2505 509 511 2506 2506 508 510 2507 2507 509 511 2508 2508 510 512 2509 2509 508 510 2510 2510 509 511 2511 2511 511 513 2512 2512 510 512 2513 2513 511 513 2514 2514 512 514 2515 2515 510 512 2516 2516 511 513 2517 2517 513 515 2518 2518 512 514 2519 2519 513 515 2520 2520 514 516 2521 2521 512 514 2522 2522 514 516 2523 2523 515 517 2524 2524 512 514 2525 2525 515 517 2526 2526 516 518 2527 2527 512 514 2528 2528 513 515 2529 2529 511 513 2530 2530 517 519 2531 2531 517 519 2532 2532 511 513 2533 2533 509 511 2534 2534 518 520 2535 2535 513 515 2536 2536 517 519 2537 2537 519 521 2538 2538 518 520 2539 2539 517 519 2540 2540 520 522 2541 2541 519 521 2542 2542 517 519 2543 2543 512 514 2544 2544 516 518 2545 2545 521 523 2546 2546 510 512 2547 2547 512 514 2548 2548 521 523 2549 2549 522 524 2550 2550 521 523 2551 2551 516 518 2552 2552 523 525 2553 2553 522 524 2554 2554 516 518 2555 2555 516 518 2556 2556 515 517 2557 2557 523 525 2558 2558 520 522 2559 2559 517 519 2560 2560 524 526 2561 2561 524 526 2562 2562 517 519 2563 2563 509 511 2564 2564 525 527 2565 2565 520 522 2566 2566 524 526 2567 2567 522 524 2568 2568 526 528 2569 2569 521 523 2570 2570 526 528 2571 2571 527 529 2572 2572 521 523 2573 2573 510 512 2574 2574 521 523 2575 2575 527 529 2576 2576 508 510 2577 2577 510 512 2578 2578 527 529 2579 2579 525 527 2580 2580 524 526 2581 2581 528 530 2582 2582 529 531 2583 2583 525 527 2584 2584 528 530 2585 2585 528 530 2586 2586 524 526 2587 2587 507 509 2588 2588 524 526 2589 2589 509 511 2590 2590 507 509 2591 2591 526 528 2592 2592 530 532 2593 2593 527 529 2594 2594 530 532 2595 2595 531 533 2596 2596 527 529 2597 2597 508 510 2598 2598 527 529 2599 2599 531 533 2600 2600 506 508 2601 2601 508 510 2602 2602 531 533 2603 2603 529 531 2604 2604 528 530 2605 2605 532 534 2606 2606 533 535 2607 2607 529 531 2608 2608 532 534 2609 2609 528 530 2610 2610 507 509 2611 2611 505 507 2612 2612 532 534 2613 2613 528 530 2614 2614 505 507 2615 2615 530 532 2616 2616 534 536 2617 2617 531 533 2618 2618 534 536 2619 2619 502 504 2620 2620 531 533 2621 2621 506 508 2622 2622 531 533 2623 2623 502 504 2624 2624 533 535 2625 2625 532 534 2626 2626 503 505 2627 2627 535 537 2628 2628 533 535 2629 2629 503 505 2630 2630 532 534 2631 2631 505 507 2632 2632 497 501 2633 2633 503 505 2634 2634 532 534 2635 2635 497 501 2636 2636 534 536 2637 2637 536 538 2638 2638 502 504 2639 2639 536 538 2640 2640 501 503 2641 2641 502 504 2642 2642 535 537 2643 2643 503 505 2644 2644 537 539 2645 2645 503 505 2646 2646 504 506 2647 2647 537 539 2648 2648 538 540 2649 2649 534 536 2650 2650 530 532 2651 2651 534 536 2652 2652 538 540 2653 2653 536 538 2654 2654 539 541 2655 2655 538 540 2656 2656 530 532 2657 2657 540 542 2658 2658 538 540 2659 2659 539 541 2660 2660 541 543 2661 2661 540 542 2662 2662 539 541 2663 2663 541 543 2664 2664 539 541 2665 2665 542 544 2666 2666 543 545 2667 2667 541 543 2668 2668 542 544 2669 2669 543 545 2670 2670 542 544 2671 2671 544 546 2672 2672 545 547 2673 2673 543 545 2674 2674 544 546 2675 2675 545 547 2676 2676 544 546 2677 2677 546 548 2678 2678 547 549 2679 2679 545 547 2680 2680 546 548 2681 2681 546 548 2682 2682 548 550 2683 2683 547 549 2684 2684 548 550 2685 2685 549 551 2686 2686 547 549 2687 2687 548 550 2688 2688 546 548 2689 2689 523 525 2690 2690 546 548 2691 2691 544 546 2692 2692 523 525 2693 2693 550 552 2694 2694 548 550 2695 2695 523 525 2696 2696 547 549 2697 2697 549 551 2698 2698 551 553 2699 2699 547 549 2700 2700 551 553 2701 2701 545 547 2702 2702 549 551 2703 2703 552 554 2704 2704 551 553 2705 2705 551 553 2706 2706 553 555 2707 2707 545 547 2708 2708 545 547 2709 2709 553 555 2710 2710 543 545 2711 2711 551 553 2712 2712 552 554 2713 2713 554 556 2714 2714 553 555 2715 2715 551 553 2716 2716 554 556 2717 2717 552 554 2718 2718 555 557 2719 2719 554 556 2720 2720 554 556 2721 2721 555 557 2722 2722 556 558 2723 2723 555 557 2724 2724 557 559 2725 2725 556 558 2726 2726 556 558 2727 2727 557 559 2728 2728 558 560 2729 2729 557 559 2730 2730 559 561 2731 2731 558 560 2732 2732 558 560 2733 2733 559 561 2734 2734 560 562 2735 2735 559 561 2736 2736 561 563 2737 2737 560 562 2738 2738 561 563 2739 2739 562 564 2740 2740 560 562 2741 2741 562 564 2742 2742 563 565 2743 2743 560 562 2744 2744 563 565 2745 2745 562 564 2746 2746 564 566 2747 2747 562 564 2748 2748 565 567 2749 2749 564 566 2750 2750 566 568 2751 2751 554 556 2752 2752 556 558 2753 2753 566 568 2754 2754 553 555 2755 2755 554 556 2756 2756 567 569 2757 2757 566 568 2758 2758 556 558 2759 2759 567 569 2760 2760 556 558 2761 2761 558 560 2762 2762 568 570 2763 2763 563 565 2764 2764 564 566 2765 2765 569 571 2766 2766 568 570 2767 2767 564 566 2768 2768 570 572 2769 2769 567 569 2770 2770 558 560 2771 2771 570 572 2772 2772 558 560 2773 2773 560 562 2774 2774 571 573 2775 2775 560 562 2776 2776 563 565 2777 2777 568 570 2778 2778 571 573 2779 2779 563 565 2780 2780 571 573 2781 2781 570 572 2782 2782 560 562 2783 2783 572 574 2784 2784 566 568 2785 2785 567 569 2786 2786 573 575 2787 2787 572 574 2788 2788 567 569 2789 2789 573 575 2790 2790 567 569 2791 2791 570 572 2792 2792 574 576 2793 2793 568 570 2794 2794 569 571 2795 2795 575 577 2796 2796 574 576 2797 2797 569 571 2798 2798 576 578 2799 2799 573 575 2800 2800 570 572 2801 2801 576 578 2802 2802 570 572 2803 2803 571 573 2804 2804 572 574 2805 2805 577 579 2806 2806 566 568 2807 2807 577 579 2808 2808 553 555 2809 2809 566 568 2810 2810 553 555 2811 2811 577 579 2812 2812 543 545 2813 2813 578 580 2814 2814 571 573 2815 2815 568 570 2816 2816 574 576 2817 2817 578 580 2818 2818 568 570 2819 2819 578 580 2820 2820 576 578 2821 2821 571 573 2822 2822 543 545 2823 2823 577 579 2824 2824 541 543 2825 2825 577 579 2826 2826 579 581 2827 2827 541 543 2828 2828 579 581 2829 2829 577 579 2830 2830 572 574 2831 2831 580 582 2832 2832 572 574 2833 2833 573 575 2834 2834 580 582 2835 2835 579 581 2836 2836 572 574 2837 2837 581 583 2838 2838 580 582 2839 2839 573 575 2840 2840 581 583 2841 2841 573 575 2842 2842 576 578 2843 2843 582 584 2844 2844 574 576 2845 2845 575 577 2846 2846 583 585 2847 2847 582 584 2848 2848 575 577 2849 2849 584 586 2850 2850 581 583 2851 2851 576 578 2852 2852 584 586 2853 2853 576 578 2854 2854 578 580 2855 2855 585 587 2856 2856 578 580 2857 2857 574 576 2858 2858 582 584 2859 2859 585 587 2860 2860 574 576 2861 2861 585 587 2862 2862 584 586 2863 2863 578 580 2864 2864 541 543 2865 2865 579 581 2866 2866 540 542 2867 2867 579 581 2868 2868 586 588 2869 2869 540 542 2870 2870 586 588 2871 2871 579 581 2872 2872 580 582 2873 2873 587 589 2874 2874 580 582 2875 2875 581 583 2876 2876 587 589 2877 2877 586 588 2878 2878 580 582 2879 2879 588 590 2880 2880 587 589 2881 2881 581 583 2882 2882 588 590 2883 2883 581 583 2884 2884 584 586 2885 2885 589 591 2886 2886 582 584 2887 2887 583 585 2888 2888 590 592 2889 2889 589 591 2890 2890 583 585 2891 2891 591 593 2892 2892 588 590 2893 2893 584 586 2894 2894 591 593 2895 2895 584 586 2896 2896 585 587 2897 2897 592 594 2898 2898 585 587 2899 2899 582 584 2900 2900 589 591 2901 2901 592 594 2902 2902 582 584 2903 2903 592 594 2904 2904 591 593 2905 2905 585 587 2906 2906 540 542 2907 2907 586 588 2908 2908 593 595 2909 2909 538 540 2910 2910 540 542 2911 2911 593 595 2912 2912 594 596 2913 2913 538 540 2914 2914 593 595 2915 2915 586 588 2916 2916 595 597 2917 2917 593 595 2918 2918 586 588 2919 2919 587 589 2920 2920 595 597 2921 2921 587 589 2922 2922 588 590 2923 2923 596 598 2924 2924 588 590 2925 2925 591 593 2926 2926 596 598 2927 2927 597 599 2928 2928 587 589 2929 2929 596 598 2930 2930 587 589 2931 2931 597 599 2932 2932 595 597 2933 2933 589 591 2934 2934 590 592 2935 2935 598 600 2936 2936 599 601 2937 2937 589 591 2938 2938 598 600 2939 2939 591 593 2940 2940 600 602 2941 2941 596 598 2942 2942 591 593 2943 2943 592 594 2944 2944 600 602 2945 2945 589 591 2946 2946 599 601 2947 2947 601 603 2948 2948 592 594 2949 2949 589 591 2950 2950 601 603 2951 2951 592 594 2952 2952 601 603 2953 2953 600 602 2954 2954 538 540 2955 2955 594 596 2956 2956 536 538 2957 2957 594 596 2958 2958 593 595 2959 2959 602 604 2960 2960 602 604 2961 2961 593 595 2962 2962 595 597 2963 2963 603 605 2964 2964 594 596 2965 2965 602 604 2966 2966 536 538 2967 2967 594 596 2968 2968 603 605 2969 2969 604 606 2970 2970 602 604 2971 2971 595 597 2972 2972 604 606 2973 2973 595 597 2974 2974 597 599 2975 2975 602 604 2976 2976 604 606 2977 2977 605 607 2978 2978 602 604 2979 2979 605 607 2980 2980 603 605 2981 2981 603 605 2982 2982 605 607 2983 2983 318 320 2984 2984 604 606 2985 2985 606 608 2986 2986 605 607 2987 2987 606 608 2988 2988 604 606 2989 2989 607 609 2990 2990 607 609 2991 2991 597 599 2992 2992 596 598 2993 2993 607 609 2994 2994 604 606 2995 2995 597 599 2996 2996 608 610 2997 2997 606 608 2998 2998 607 609 2999 2999 608 610 3000 3000 607 609 3001 3001 609 611 3002 3002 609 611 3003 3003 607 609 3004 3004 596 598 3005 3005 609 611 3006 3006 596 598 3007 3007 600 602 3008 3008 610 612 3009 3009 608 610 3010 3010 609 611 3011 3011 610 612 3012 3012 609 611 3013 3013 611 613 3014 3014 611 613 3015 3015 609 611 3016 3016 600 602 3017 3017 611 613 3018 3018 600 602 3019 3019 601 603 3020 3020 612 614 3021 3021 610 612 3022 3022 611 613 3023 3023 612 614 3024 3024 611 613 3025 3025 613 615 3026 3026 613 615 3027 3027 611 613 3028 3028 601 603 3029 3029 54 54 3030 3030 612 614 3031 3031 613 615 3032 3032 54 54 3033 3033 613 615 3034 3034 614 616 3035 3035 53 53 3036 3036 54 54 3037 3037 614 616 3038 3038 53 53 3039 3039 614 616 3040 3040 615 617 3041 3041 50 50 3042 3042 53 53 3043 3043 615 617 3044 3044 605 607 3045 3045 326 326 3046 3046 318 320 3047 3047 605 607 3048 3048 606 608 3049 3049 326 326 3050 3050 606 608 3051 3051 72 72 3052 3052 326 326 3053 3053 72 72 3054 3054 606 608 3055 3055 608 610 3056 3056 67 67 3057 3057 608 610 3058 3058 610 612 3059 3059 67 67 3060 3060 72 72 3061 3061 608 610 3062 3062 65 65 3063 3063 67 67 3064 3064 610 612 3065 3065 65 65 3066 3066 610 612 3067 3067 612 614 3068 3068 63 63 3069 3069 65 65 3070 3070 612 614 3071 3071 612 614 3072 3072 54 54 3073 3073 55 55 3074 3074 63 63 3075 3075 612 614 3076 3076 55 55 3077 3077 72 72 3078 3078 71 71 3079 3079 326 326 3080 3080 615 617 3081 3081 614 616 3082 3082 598 600 3083 3083 614 616 3084 3084 599 601 3085 3085 598 600 3086 3086 614 616 3087 3087 613 615 3088 3088 599 601 3089 3089 613 615 3090 3090 601 603 3091 3091 599 601 3092 3092 616 618 3093 3093 47 47 3094 3094 50 50 3095 3095 22 22 3096 3096 616 618 3097 3097 50 50 3098 3098 617 619 3099 3099 616 618 3100 3100 22 22 3101 3101 21 21 3102 3102 617 619 3103 3103 22 22 3104 3104 616 618 3105 3105 617 619 3106 3106 45 45 3107 3107 45 45 3108 3108 617 619 3109 3109 29 29 3110 3110 29 29 3111 3111 617 619 3112 3112 21 21 3113 3113 46 46 3114 3114 616 618 3115 3115 45 45 3116 3116 46 46 3117 3117 47 47 3118 3118 616 618 3119 3119 30 30 3120 3120 45 45 3121 3121 29 29 3122 3122 71 71 3123 3123 66 66 3124 3124 618 620 3125 3125 66 66 3126 3126 70 70 3127 3127 618 620 3128 3128 618 620 3129 3129 70 70 3130 3130 366 366 3131 3131 619 621 3132 3132 618 620 3133 3133 366 366 3134 3134 361 361 3135 3135 619 621 3136 3136 366 366 3137 3137 619 621 3138 3138 361 361 3139 3139 340 340 3140 3140 618 620 3141 3141 619 621 3142 3142 340 340 3143 3143 361 361 3144 3144 344 344 3145 3145 340 340 3146 3146 365 365 3147 3147 366 366 3148 3148 70 70 3149 3149 69 69 3150 3150 365 365 3151 3151 70 70 3152 3152 365 365 3153 3153 69 69 3154 3154 68 68 3155 3155 74 74 3156 3156 365 365 3157 3157 68 68 3158 3158 364 364 3159 3159 365 365 3160 3160 74 74 3161 3161 78 78 3162 3162 364 364 3163 3163 74 74 3164 3164 336 336 3165 3165 618 620 3166 3166 340 340 3167 3167 336 336 3168 3168 71 71 3169 3169 618 620 3170 3170 622 622 3171 3171 621 623 3172 3172 620 624 3173 3173 623 625 3174 3174 620 624 3175 3175 621 623 3176 3176 624 626 3177 3177 621 623 3178 3178 622 622 3179 3179 620 624 3180 3180 623 625 3181 3181 625 627 3182 3182 623 625 3183 3183 626 628 3184 3184 625 627 3185 3185 627 629 3186 3186 625 627 3187 3187 626 628 3188 3188 628 630 3189 3189 627 629 3190 3190 626 628 3191 3191 627 629 3192 3192 628 630 3193 3193 629 631 3194 3194 628 630 3195 3195 630 632 3196 3196 629 631 3197 3197 629 631 3198 3198 630 632 3199 3199 631 633 3200 3200 630 632 3201 3201 632 634 3202 3202 631 633 3203 3203 631 633 3204 3204 632 634 3205 3205 633 635 3206 3206 632 634 3207 3207 634 636 3208 3208 633 635 3209 3209 633 635 3210 3210 634 636 3211 3211 635 637 3212 3212 634 636 3213 3213 636 638 3214 3214 635 637 3215 3215 637 639 3216 3216 635 637 3217 3217 636 638 3218 3218 638 640 3219 3219 637 639 3220 3220 636 638 3221 3221 639 641 3222 3222 637 639 3223 3223 638 640 3224 3224 327 327 3225 3225 411 411 3226 3226 640 642 3227 3227 641 643 3228 3228 327 327 3229 3229 640 642 3230 3230 641 643 3231 3231 640 642 3232 3232 642 644 3233 3233 640 642 3234 3234 405 405 3235 3235 642 644 3236 3236 405 405 3237 3237 640 642 3238 3238 411 411 3239 3239 405 405 3240 3240 643 645 3241 3241 642 644 3242 3242 644 646 3243 3243 641 643 3244 3244 642 644 3245 3245 643 645 3246 3246 405 405 3247 3247 407 407 3248 3248 324 324 3249 3249 327 327 3250 3250 641 643 3251 3251 323 323 3252 3252 324 324 3253 3253 641 643 3254 3254 323 323 3255 3255 641 643 3256 3256 644 646 3257 3257 411 411 3258 3258 327 327 3259 3259 328 328 3260 3260 410 410 3261 3261 411 411 3262 3262 328 328 3263 3263 410 410 3264 3264 328 328 3265 3265 331 331 3266 3266 334 334 3267 3267 410 410 3268 3268 331 331 3269 3269 332 332 3270 3270 323 323 3271 3271 644 646 3272 3272 643 645 3273 3273 645 647 3274 3274 642 644 3275 3275 645 647 3276 3276 643 645 3277 3277 407 407 3278 3278 645 647 3279 3279 646 648 3280 3280 642 644 3281 3281 647 649 3282 3282 644 646 3283 3283 642 644 3284 3284 646 648 3285 3285 647 649 3286 3286 642 644 3287 3287 648 650 3288 3288 647 649 3289 3289 646 648 3290 3290 649 651 3291 3291 648 650 3292 3292 646 648 3293 3293 646 648 3294 3294 645 647 3295 3295 649 651 3296 3296 650 652 3297 3297 645 647 3298 3298 407 407 3299 3299 645 647 3300 3300 650 652 3301 3301 651 653 3302 3302 652 654 3303 3303 645 647 3304 3304 651 653 3305 3305 645 647 3306 3306 652 654 3307 3307 649 651 3308 3308 653 655 3309 3309 649 651 3310 3310 652 654 3311 3311 462 462 3312 3312 653 655 3313 3313 652 654 3314 3314 652 654 3315 3315 651 653 3316 3316 463 463 3317 3317 462 462 3318 3318 652 654 3319 3319 463 463 3320 3320 437 437 3321 3321 463 463 3322 3322 651 653 3323 3323 654 656 3324 3324 437 437 3325 3325 651 653 3326 3326 654 656 3327 3327 651 653 3328 3328 650 652 3329 3329 437 437 3330 3330 654 656 3331 3331 435 435 3332 3332 654 656 3333 3333 655 657 3334 3334 435 435 3335 3335 654 656 3336 3336 656 658 3337 3337 655 657 3338 3338 656 658 3339 3339 654 656 3340 3340 650 652 3341 3341 656 658 3342 3342 423 423 3343 3343 655 657 3344 3344 656 658 3345 3345 650 652 3346 3346 407 407 3347 3347 408 408 3348 3348 656 658 3349 3349 407 407 3350 3350 656 658 3351 3351 408 408 3352 3352 423 423 3353 3353 435 435 3354 3354 655 657 3355 3355 431 431 3356 3356 655 657 3357 3357 427 427 3358 3358 431 431 3359 3359 427 427 3360 3360 655 657 3361 3361 423 423 3362 3362 653 655 3363 3363 462 462 3364 3364 464 464 3365 3365 437 437 3366 3366 438 438 3367 3367 463 463 3368 3368 438 438 3369 3369 447 447 3370 3370 463 463 3371 3371 653 655 3372 3372 464 464 3373 3373 657 659 3374 3374 460 460 3375 3375 657 659 3376 3376 464 464 3377 3377 460 460 3378 3378 658 660 3379 3379 657 659 3380 3380 222 222 3381 3381 658 660 3382 3382 460 460 3383 3383 658 660 3384 3384 222 222 3385 3385 659 661 3386 3386 658 660 3387 3387 659 661 3388 3388 660 662 3389 3389 658 660 3390 3390 660 662 3391 3391 657 659 3392 3392 661 663 3393 3393 657 659 3394 3394 660 662 3395 3395 661 663 3396 3396 653 655 3397 3397 657 659 3398 3398 662 664 3399 3399 661 663 3400 3400 660 662 3401 3401 662 664 3402 3402 660 662 3403 3403 659 661 3404 3404 663 665 3405 3405 662 664 3406 3406 659 661 3407 3407 648 650 3408 3408 661 663 3409 3409 662 664 3410 3410 664 666 3411 3411 648 650 3412 3412 662 664 3413 3413 663 665 3414 3414 664 666 3415 3415 662 664 3416 3416 663 665 3417 3417 665 667 3418 3418 664 666 3419 3419 663 665 3420 3420 322 322 3421 3421 665 667 3422 3422 322 322 3423 3423 332 332 3424 3424 665 667 3425 3425 458 458 3426 3426 222 222 3427 3427 460 460 3428 3428 664 666 3429 3429 665 667 3430 3430 647 649 3431 3431 648 650 3432 3432 664 666 3433 3433 647 649 3434 3434 649 651 3435 3435 653 655 3436 3436 661 663 3437 3437 648 650 3438 3438 649 651 3439 3439 661 663 3440 3440 222 222 3441 3441 458 458 3442 3442 666 668 3443 3443 217 217 3444 3444 222 222 3445 3445 666 668 3446 3446 221 221 3447 3447 217 217 3448 3448 666 668 3449 3449 221 221 3450 3450 666 668 3451 3451 471 471 3452 3452 666 668 3453 3453 667 669 3454 3454 471 471 3455 3455 667 669 3456 3456 466 466 3457 3457 471 471 3458 3458 466 466 3459 3459 667 669 3460 3460 456 456 3461 3461 667 669 3462 3462 666 668 3463 3463 456 456 3464 3464 666 668 3465 3465 458 458 3466 3466 456 456 3467 3467 471 471 3468 3468 470 470 3469 3469 221 221 3470 3470 470 470 3471 3471 220 220 3472 3472 221 221 3473 3473 220 220 3474 3474 470 470 3475 3475 219 219 3476 3476 470 470 3477 3477 225 225 3478 3478 219 219 3479 3479 470 470 3480 3480 469 469 3481 3481 225 225 3482 3482 469 469 3483 3483 229 229 3484 3484 225 225 3485 3485 647 649 3486 3486 665 667 3487 3487 644 646 3488 3488 665 667 3489 3489 332 332 3490 3490 644 646 3491 3491 131 131 3492 3492 127 127 3493 3493 668 670 3494 3494 113 113 3495 3495 131 131 3496 3496 668 670 3497 3497 668 670 3498 3498 127 127 3499 3499 117 117 3500 3500 131 131 3501 3501 113 113 3502 3502 132 132 3503 3503 113 113 3504 3504 112 112 3505 3505 132 132 3506 3506 113 113 3507 3507 668 670 3508 3508 108 108 3509 3509 668 670 3510 3510 117 117 3511 3511 107 107 3512 3512 108 108 3513 3513 668 670 3514 3514 107 107 3515 3515 147 147 3516 3516 112 112 3517 3517 111 111 3518 3518 115 115 3519 3519 147 147 3520 3520 111 111 3521 3521 164 164 3522 3522 147 147 3523 3523 115 115 3524 3524 89 89 3525 3525 164 164 3526 3526 115 115 3527 3527 115 115 3528 3528 94 94 3529 3529 89 89 3530 3530 89 89 3531 3531 90 90 3532 3532 164 164 3533 3533 90 90 3534 3534 91 91 3535 3535 164 164 3536 3536 147 147 3537 3537 164 164 3538 3538 163 163 3539 3539 146 146 3540 3540 147 147 3541 3541 163 163 3542 3542 163 163 3543 3543 161 161 3544 3544 146 146 3545 3545 161 161 3546 3546 145 145 3547 3547 146 146 3548 3548 161 161 3549 3549 152 152 3550 3550 145 145 3551 3551 94 94 3552 3552 114 114 3553 3553 95 95 3554 3554 95 95 3555 3555 114 114 3556 3556 98 98 3557 3557 114 114 3558 3558 110 110 3559 3559 98 98 3560 3560 421 671 3561 3561 386 672 3562 3562 669 673 3563 3563 159 159 3564 3564 140 140 3565 3565 138 138 3566 3566 156 156 3567 3567 159 159 3568 3568 138 138 3569 3569 156 156 3570 3570 138 138 3571 3571 137 137 3572 3572 153 153 3573 3573 156 156 3574 3574 137 137 3575 3575 153 153 3576 3576 137 137 3577 3577 142 142 3578 3578 140 140 3579 3579 159 159 3580 3580 287 287 3581 3581 159 159 3582 3582 300 300 3583 3583 287 287 3584 3584 287 287 3585 3585 300 300 3586 3586 286 286 3587 3587 300 300 3588 3588 297 297 3589 3589 286 286 3590 3590 286 286 3591 3591 297 297 3592 3592 289 289 3593 3593 381 381 3594 3594 360 360 3595 3595 363 363 3596 3596 369 369 3597 3597 381 381 3598 3598 363 363 3599 3599 360 360 3600 3600 381 381 3601 3601 345 345 3602 3602 381 381 3603 3603 347 347 3604 3604 345 345 3605 3605 347 347 3606 3606 381 381 3607 3607 380 380 3608 3608 348 348 3609 3609 347 347 3610 3610 380 380 3611 3611 348 348 3612 3612 380 380 3613 3613 382 382 3614 3614 358 358 3615 3615 348 348 3616 3616 382 382 3617 3617 356 356 3618 3618 357 357 3619 3619 400 400 3620 3620 1 1 3621 3621 2 0 3622 3622 320 318 3623 3623 670 674 3624 3624 1 1 3625 3625 320 318 3626 3626 1 1 3627 3627 670 674 3628 3628 0 2 3629 3629 670 674 3630 3630 671 675 3631 3631 0 2 3632 3632 672 676 3633 3633 0 2 3634 3634 671 675 3635 3635 672 676 3636 3636 5 5 3637 3637 0 2 3638 3638 673 677 3639 3639 5 5 3640 3640 672 676 3641 3641 672 676 3642 3642 674 678 3643 3643 673 677 3644 3644 15 15 3645 3645 5 5 3646 3646 673 677 3647 3647 673 677 3648 3648 675 679 3649 3649 15 15 3650 3650 676 680 3651 3651 675 679 3652 3652 673 677 3653 3653 674 678 3654 3654 676 680 3655 3655 673 677 3656 3656 675 679 3657 3657 676 680 3658 3658 677 681 3659 3659 675 679 3660 3660 677 681 3661 3661 11 11 3662 3662 12 12 3663 3663 675 679 3664 3664 11 11 3665 3665 675 679 3666 3666 12 12 3667 3667 15 15 3668 3668 676 680 3669 3669 678 682 3670 3670 677 681 3671 3671 679 683 3672 3672 678 682 3673 3673 676 680 3674 3674 672 676 3675 3675 671 675 3676 3676 680 684 3677 3677 672 676 3678 3678 680 684 3679 3679 674 678 3680 3680 677 681 3681 3681 681 685 3682 3682 11 11 3683 3683 677 681 3684 3684 678 682 3685 3685 681 685 3686 3686 681 685 3687 3687 18 18 3688 3688 11 11 3689 3689 678 682 3690 3690 682 686 3691 3691 681 685 3692 3692 678 682 3693 3693 679 683 3694 3694 683 687 3695 3695 682 686 3696 3696 678 682 3697 3697 683 687 3698 3698 679 683 3699 3699 684 688 3700 3700 683 687 3701 3701 679 683 3702 3702 676 680 3703 3703 684 688 3704 3704 684 688 3705 3705 685 689 3706 3706 683 687 3707 3707 23 23 3708 3708 18 18 3709 3709 681 685 3710 3710 191 191 3711 3711 23 23 3712 3712 681 685 3713 3713 191 191 3714 3714 681 685 3715 3715 682 686 3716 3716 192 192 3717 3717 191 191 3718 3718 682 686 3719 3719 192 192 3720 3720 682 686 3721 3721 683 687 3722 3722 194 194 3723 3723 192 192 3724 3724 683 687 3725 3725 686 690 3726 3726 683 687 3727 3727 685 689 3728 3728 686 690 3729 3729 194 194 3730 3730 683 687 3731 3731 687 691 3732 3732 686 690 3733 3733 685 689 3734 3734 686 690 3735 3735 196 196 3736 3736 194 194 3737 3737 686 690 3738 3738 687 691 3739 3739 196 196 3740 3740 687 691 3741 3741 685 689 3742 3742 201 201 3743 3743 198 198 3744 3744 687 691 3745 3745 201 201 3746 3746 687 691 3747 3747 197 197 3748 3748 196 196 3749 3749 197 197 3750 3750 687 691 3751 3751 198 198 3752 3752 204 204 3753 3753 201 201 3754 3754 688 692 3755 3755 689 693 3756 3756 204 204 3757 3757 688 692 3758 3758 205 205 3759 3759 204 204 3760 3760 689 693 3761 3761 690 694 3762 3762 205 205 3763 3763 689 693 3764 3764 691 695 3765 3765 205 205 3766 3766 690 694 3767 3767 692 696 3768 3768 691 695 3769 3769 690 694 3770 3770 693 697 3771 3771 691 695 3772 3772 692 696 3773 3773 694 698 3774 3774 693 697 3775 3775 692 696 3776 3776 695 699 3777 3777 693 697 3778 3778 694 698 3779 3779 696 700 3780 3780 695 699 3781 3781 694 698 3782 3782 697 701 3783 3783 695 699 3784 3784 696 700 3785 3785 698 702 3786 3786 697 701 3787 3787 696 700 3788 3788 697 701 3789 3789 698 702 3790 3790 699 703 3791 3791 698 702 3792 3792 700 704 3793 3793 699 703 3794 3794 697 701 3795 3795 699 703 3796 3796 659 661 3797 3797 659 661 3798 3798 699 703 3799 3799 663 665 3800 3800 699 703 3801 3801 701 705 3802 3802 663 665 3803 3803 700 704 3804 3804 701 705 3805 3805 699 703 3806 3806 223 223 3807 3807 697 701 3808 3808 659 661 3809 3809 697 701 3810 3810 223 223 3811 3811 695 699 3812 3812 695 699 3813 3813 218 218 3814 3814 693 697 3815 3815 223 223 3816 3816 218 218 3817 3817 695 699 3818 3818 218 218 3819 3819 216 216 3820 3820 693 697 3821 3821 693 697 3822 3822 216 216 3823 3823 691 695 3824 3824 216 216 3825 3825 214 214 3826 3826 691 695 3827 3827 222 222 3828 3828 223 223 3829 3829 659 661 3830 3830 701 705 3831 3831 700 704 3832 3832 702 706 3833 3833 700 704 3834 3834 703 707 3835 3835 702 706 3836 3836 703 707 3837 3837 704 708 3838 3838 702 706 3839 3839 704 708 3840 3840 705 709 3841 3841 702 706 3842 3842 705 709 3843 3843 704 708 3844 3844 706 710 3845 3845 704 708 3846 3846 707 711 3847 3847 706 710 3848 3848 706 710 3849 3849 707 711 3850 3850 708 712 3851 3851 707 711 3852 3852 709 713 3853 3853 708 712 3854 3854 708 712 3855 3855 709 713 3856 3856 710 714 3857 3857 709 713 3858 3858 711 715 3859 3859 710 714 3860 3860 710 714 3861 3861 711 715 3862 3862 712 716 3863 3863 711 715 3864 3864 713 717 3865 3865 712 716 3866 3866 712 716 3867 3867 713 717 3868 3868 714 718 3869 3869 715 719 3870 3870 712 716 3871 3871 714 718 3872 3872 716 720 3873 3873 712 716 3874 3874 715 719 3875 3875 712 716 3876 3876 716 720 3877 3877 710 714 3878 3878 717 721 3879 3879 716 720 3880 3880 715 719 3881 3881 714 718 3882 3882 713 717 3883 3883 718 722 3884 3884 718 722 3885 3885 713 717 3886 3886 711 715 3887 3887 719 723 3888 3888 714 718 3889 3889 718 722 3890 3890 720 724 3891 3891 718 722 3892 3892 711 715 3893 3893 720 724 3894 3894 711 715 3895 3895 709 713 3896 3896 719 723 3897 3897 718 722 3898 3898 721 725 3899 3899 718 722 3900 3900 720 724 3901 3901 721 725 3902 3902 722 726 3903 3903 719 723 3904 3904 721 725 3905 3905 722 726 3906 3906 721 725 3907 3907 723 727 3908 3908 721 725 3909 3909 724 728 3910 3910 723 727 3911 3911 723 727 3912 3912 724 728 3913 3913 725 729 3914 3914 726 730 3915 3915 723 727 3916 3916 725 729 3917 3917 726 730 3918 3918 725 729 3919 3919 727 731 3920 3920 728 732 3921 3921 726 730 3922 3922 727 731 3923 3923 728 732 3924 3924 727 731 3925 3925 729 733 3926 3926 727 731 3927 3927 730 734 3928 3928 729 733 3929 3929 729 733 3930 3930 730 734 3931 3931 731 735 3932 3932 730 734 3933 3933 732 736 3934 3934 731 735 3935 3935 721 725 3936 3936 733 737 3937 3937 724 728 3938 3938 720 724 3939 3939 733 737 3940 3940 721 725 3941 3941 733 737 3942 3942 734 738 3943 3943 724 728 3944 3944 724 728 3945 3945 734 738 3946 3946 725 729 3947 3947 730 734 3948 3948 735 739 3949 3949 732 736 3950 3950 735 739 3951 3951 736 740 3952 3952 732 736 3953 3953 734 738 3954 3954 737 741 3955 3955 725 729 3956 3956 725 729 3957 3957 737 741 3958 3958 727 731 3959 3959 738 742 3960 3960 735 739 3961 3961 730 734 3962 3962 727 731 3963 3963 738 742 3964 3964 730 734 3965 3965 737 741 3966 3966 738 742 3967 3967 727 731 3968 3968 733 737 3969 3969 739 743 3970 3970 734 738 3971 3971 739 743 3972 3972 740 744 3973 3973 734 738 3974 3974 734 738 3975 3975 740 744 3976 3976 737 741 3977 3977 735 739 3978 3978 741 745 3979 3979 736 740 3980 3980 741 745 3981 3981 742 746 3982 3982 736 740 3983 3983 740 744 3984 3984 743 747 3985 3985 737 741 3986 3986 737 741 3987 3987 743 747 3988 3988 738 742 3989 3989 744 748 3990 3990 739 743 3991 3991 733 737 3992 3992 720 724 3993 3993 744 748 3994 3994 733 737 3995 3995 744 748 3996 3996 720 724 3997 3997 709 713 3998 3998 745 749 3999 3999 741 745 4000 4000 735 739 4001 4001 738 742 4002 4002 745 749 4003 4003 735 739 4004 4004 743 747 4005 4005 745 749 4006 4006 738 742 4007 4007 744 748 4008 4008 709 713 4009 4009 707 711 4010 4010 746 750 4011 4011 744 748 4012 4012 707 711 4013 4013 744 748 4014 4014 746 750 4015 4015 739 743 4016 4016 739 743 4017 4017 747 751 4018 4018 740 744 4019 4019 746 750 4020 4020 747 751 4021 4021 739 743 4022 4022 747 751 4023 4023 748 752 4024 4024 740 744 4025 4025 740 744 4026 4026 748 752 4027 4027 743 747 4028 4028 741 745 4029 4029 749 753 4030 4030 742 746 4031 4031 749 753 4032 4032 750 754 4033 4033 742 746 4034 4034 748 752 4035 4035 751 755 4036 4036 743 747 4037 4037 743 747 4038 4038 751 755 4039 4039 745 749 4040 4040 752 756 4041 4041 749 753 4042 4042 741 745 4043 4043 745 749 4044 4044 752 756 4045 4045 741 745 4046 4046 751 755 4047 4047 752 756 4048 4048 745 749 4049 4049 746 750 4050 4050 707 711 4051 4051 704 708 4052 4052 753 757 4053 4053 746 750 4054 4054 704 708 4055 4055 746 750 4056 4056 753 757 4057 4057 747 751 4058 4058 747 751 4059 4059 754 758 4060 4060 748 752 4061 4061 753 757 4062 4062 754 758 4063 4063 747 751 4064 4064 754 758 4065 4065 755 759 4066 4066 748 752 4067 4067 748 752 4068 4068 755 759 4069 4069 751 755 4070 4070 749 753 4071 4071 756 760 4072 4072 750 754 4073 4073 756 760 4074 4074 757 761 4075 4075 750 754 4076 4076 755 759 4077 4077 758 762 4078 4078 751 755 4079 4079 751 755 4080 4080 758 762 4081 4081 752 756 4082 4082 759 763 4083 4083 756 760 4084 4084 749 753 4085 4085 752 756 4086 4086 759 763 4087 4087 749 753 4088 4088 758 762 4089 4089 759 763 4090 4090 752 756 4091 4091 704 708 4092 4092 703 707 4093 4093 753 757 4094 4094 703 707 4095 4095 760 764 4096 4096 753 757 4097 4097 755 759 4098 4098 754 758 4099 4099 761 765 4100 4100 753 757 4101 4101 760 764 4102 4102 761 765 4103 4103 754 758 4104 4104 753 757 4105 4105 761 765 4106 4106 762 766 4107 4107 755 759 4108 4108 761 765 4109 4109 758 762 4110 4110 755 759 4111 4111 762 766 4112 4112 757 761 4113 4113 756 760 4114 4114 763 767 4115 4115 764 768 4116 4116 757 761 4117 4117 763 767 4118 4118 765 769 4119 4119 758 762 4120 4120 762 766 4121 4121 756 760 4122 4122 759 763 4123 4123 766 770 4124 4124 763 767 4125 4125 756 760 4126 4126 766 770 4127 4127 758 762 4128 4128 765 769 4129 4129 766 770 4130 4130 759 763 4131 4131 758 762 4132 4132 766 770 4133 4133 760 764 4134 4134 703 707 4135 4135 700 704 4136 4136 698 702 4137 4137 760 764 4138 4138 700 704 4139 4139 761 765 4140 4140 760 764 4141 4141 698 702 4142 4142 762 766 4143 4143 761 765 4144 4144 696 700 4145 4145 696 700 4146 4146 761 765 4147 4147 698 702 4148 4148 694 698 4149 4149 762 766 4150 4150 696 700 4151 4151 765 769 4152 4152 762 766 4153 4153 694 698 4154 4154 764 768 4155 4155 763 767 4156 4156 689 693 4157 4157 688 692 4158 4158 764 768 4159 4159 689 693 4160 4160 692 696 4161 4161 765 769 4162 4162 694 698 4163 4163 766 770 4164 4164 765 769 4165 4165 692 696 4166 4166 763 767 4167 4167 766 770 4168 4168 690 694 4169 4169 689 693 4170 4170 763 767 4171 4171 690 694 4172 4172 690 694 4173 4173 766 770 4174 4174 692 696 4175 4175 769 771 4176 4176 768 772 4177 4177 767 773 4178 4178 768 772 4179 4179 319 319 4180 4180 767 773 4181 4181 319 319 4182 4182 2 0 4183 4183 767 773 4184 4184 2 0 4185 4185 3 3 4186 4186 767 773 4187 4187 3 3 4188 4188 770 774 4189 4189 767 773 4190 4190 3 3 4191 4191 16 16 4192 4192 770 774 4193 4193 16 16 4194 4194 771 775 4195 4195 770 774 4196 4196 771 775 4197 4197 16 16 4198 4198 7 7 4199 4199 772 776 4200 4200 771 775 4201 4201 7 7 4202 4202 7 7 4203 4203 8 8 4204 4204 772 776 4205 4205 318 320 4206 4206 768 772 4207 4207 769 771 4208 4208 318 320 4209 4209 319 319 4210 4210 768 772 4211 4211 2 0 4212 4212 319 319 4213 4213 320 318 4214 4214 771 775 4215 4215 498 500 4216 4216 770 774 4217 4217 498 500 4218 4218 499 499 4219 4219 770 774 4220 4220 770 774 4221 4221 499 499 4222 4222 767 773 4223 4223 499 499 4224 4224 501 503 4225 4225 767 773 4226 4226 504 506 4227 4227 498 500 4228 4228 771 775 4229 4229 772 776 4230 4230 504 506 4231 4231 771 775 4232 4232 769 771 4233 4233 501 503 4234 4234 536 538 4235 4235 537 539 4236 4236 504 506 4237 4237 772 776 4238 4238 8 8 4239 4239 537 539 4240 4240 772 776 4241 4241 769 771 4242 4242 536 538 4243 4243 603 605 4244 4244 603 605 4245 4245 318 320 4246 4246 769 771 4247 4247 767 773 4248 4248 501 503 4249 4249 769 771 4250 4250 773 777 4251 4251 320 318 4252 4252 663 665 4253 4253 320 318 4254 4254 321 321 4255 4255 663 665 4256 4256 321 321 4257 4257 322 322 4258 4258 663 665 4259 4259 663 665 4260 4260 774 778 4261 4261 773 777 4262 4262 774 778 4263 4263 775 779 4264 4264 773 777 4265 4265 774 778 4266 4266 776 780 4267 4267 775 779 4268 4268 663 665 4269 4269 776 780 4270 4270 774 778 4271 4271 775 779 4272 4272 670 674 4273 4273 773 777 4274 4274 671 675 4275 4275 670 674 4276 4276 775 779 4277 4277 777 781 4278 4278 671 675 4279 4279 775 779 4280 4280 680 684 4281 4281 671 675 4282 4282 777 781 4283 4283 778 782 4284 4284 680 684 4285 4285 777 781 4286 4286 680 684 4287 4287 778 782 4288 4288 674 678 4289 4289 778 782 4290 4290 779 783 4291 4291 674 678 4292 4292 676 680 4293 4293 674 678 4294 4294 779 783 4295 4295 670 674 4296 4296 320 318 4297 4297 773 777 4298 4298 778 782 4299 4299 777 781 4300 4300 780 784 4301 4301 777 781 4302 4302 781 785 4303 4303 780 784 4304 4304 777 781 4305 4305 775 779 4306 4306 781 785 4307 4307 780 784 4308 4308 781 785 4309 4309 782 786 4310 4310 783 787 4311 4311 780 784 4312 4312 782 786 4313 4313 782 786 4314 4314 781 785 4315 4315 784 788 4316 4316 775 779 4317 4317 784 788 4318 4318 781 785 4319 4319 775 779 4320 4320 776 780 4321 4321 784 788 4322 4322 785 789 4323 4323 782 786 4324 4324 784 788 4325 4325 783 787 4326 4326 786 790 4327 4327 780 784 4328 4328 786 790 4329 4329 787 791 4330 4330 780 784 4331 4331 778 782 4332 4332 780 784 4333 4333 787 791 4334 4334 779 783 4335 4335 778 782 4336 4336 787 791 4337 4337 788 792 4338 4338 783 787 4339 4339 782 786 4340 4340 789 793 4341 4341 788 792 4342 4342 782 786 4343 4343 789 793 4344 4344 782 786 4345 4345 785 789 4346 4346 790 794 4347 4347 788 792 4348 4348 789 793 4349 4349 791 795 4350 4350 790 794 4351 4351 789 793 4352 4352 792 796 4353 4353 790 794 4354 4354 791 795 4355 4355 793 797 4356 4356 792 796 4357 4357 791 795 4358 4358 794 798 4359 4359 792 796 4360 4360 793 797 4361 4361 795 799 4362 4362 794 798 4363 4363 793 797 4364 4364 794 798 4365 4365 795 799 4366 4366 796 800 4367 4367 797 801 4368 4368 794 798 4369 4369 796 800 4370 4370 796 800 4371 4371 795 799 4372 4372 798 802 4373 4373 795 799 4374 4374 799 803 4375 4375 798 802 4376 4376 800 804 4377 4377 794 798 4378 4378 797 801 4379 4379 794 798 4380 4380 800 804 4381 4381 792 796 4382 4382 801 805 4383 4383 800 804 4384 4384 797 801 4385 4385 802 806 4386 4386 800 804 4387 4387 801 805 4388 4388 803 807 4389 4389 802 806 4390 4390 801 805 4391 4391 795 799 4392 4392 793 797 4393 4393 804 808 4394 4394 799 803 4395 4395 795 799 4396 4396 804 808 4397 4397 804 808 4398 4398 805 809 4399 4399 799 803 4400 4400 805 809 4401 4401 716 720 4402 4402 799 803 4403 4403 799 803 4404 4404 716 720 4405 4405 798 802 4406 4406 800 804 4407 4407 802 806 4408 4408 806 810 4409 4409 800 804 4410 4410 806 810 4411 4411 792 796 4412 4412 802 806 4413 4413 807 811 4414 4414 806 810 4415 4415 808 812 4416 4416 805 809 4417 4417 804 808 4418 4418 809 813 4419 4419 808 812 4420 4420 804 808 4421 4421 804 808 4422 4422 793 797 4423 4423 809 813 4424 4424 793 797 4425 4425 791 795 4426 4426 809 813 4427 4427 806 810 4428 4428 807 811 4429 4429 810 814 4430 4430 807 811 4431 4431 811 815 4432 4432 810 814 4433 4433 806 810 4434 4434 810 814 4435 4435 790 794 4436 4436 792 796 4437 4437 806 810 4438 4438 790 794 4439 4439 812 816 4440 4440 808 812 4441 4441 809 813 4442 4442 813 817 4443 4443 812 816 4444 4444 809 813 4445 4445 809 813 4446 4446 791 795 4447 4447 813 817 4448 4448 791 795 4449 4449 789 793 4450 4450 813 817 4451 4451 810 814 4452 4452 811 815 4453 4453 814 818 4454 4454 811 815 4455 4455 815 819 4456 4456 814 818 4457 4457 810 814 4458 4458 814 818 4459 4459 788 792 4460 4460 790 794 4461 4461 810 814 4462 4462 788 792 4463 4463 816 820 4464 4464 812 816 4465 4465 813 817 4466 4466 785 789 4467 4467 816 820 4468 4468 813 817 4469 4469 813 817 4470 4470 789 793 4471 4471 785 789 4472 4472 814 818 4473 4473 815 819 4474 4474 786 790 4475 4475 815 819 4476 4476 817 821 4477 4477 786 790 4478 4478 814 818 4479 4479 786 790 4480 4480 783 787 4481 4481 788 792 4482 4482 814 818 4483 4483 783 787 4484 4484 816 820 4485 4485 785 789 4486 4486 818 822 4487 4487 785 789 4488 4488 784 788 4489 4489 818 822 4490 4490 786 790 4491 4491 817 821 4492 4492 787 791 4493 4493 817 821 4494 4494 819 823 4495 4495 787 791 4496 4496 812 816 4497 4497 816 820 4498 4498 705 709 4499 4499 706 710 4500 4500 812 816 4501 4501 705 709 4502 4502 816 820 4503 4503 818 822 4504 4504 702 706 4505 4505 705 709 4506 4506 816 820 4507 4507 702 706 4508 4508 776 780 4509 4509 818 822 4510 4510 784 788 4511 4511 779 783 4512 4512 787 791 4513 4513 819 823 4514 4514 676 680 4515 4515 779 783 4516 4516 819 823 4517 4517 701 705 4518 4518 702 706 4519 4519 818 822 4520 4520 776 780 4521 4521 701 705 4522 4522 818 822 4523 4523 701 705 4524 4524 776 780 4525 4525 663 665 4526 4526 808 812 4527 4527 812 816 4528 4528 706 710 4529 4529 708 712 4530 4530 808 812 4531 4531 706 710 4532 4532 805 809 4533 4533 808 812 4534 4534 708 712 4535 4535 710 714 4536 4536 805 809 4537 4537 708 712 4538 4538 716 720 4539 4539 805 809 4540 4540 710 714 4541 4541 716 720 4542 4542 717 721 4543 4543 798 802 4544 4544 798 802 4545 4545 717 721 4546 4546 820 824 4547 4547 820 824 4548 4548 717 721 4549 4549 715 719 4550 4550 820 824 4551 4551 715 719 4552 4552 714 718 4553 4553 820 824 4554 4554 714 718 4555 4555 719 723 4556 4556 820 824 4557 4557 796 800 4558 4558 798 802 4559 4559 820 824 4560 4560 797 801 4561 4561 796 800 4562 4562 820 824 4563 4563 719 723 4564 4564 722 726 4565 4565 820 824 4566 4566 722 726 4567 4567 723 727 4568 4568 820 824 4569 4569 723 727 4570 4570 726 730 4571 4571 820 824 4572 4572 801 805 4573 4573 797 801 4574 4574 820 824 4575 4575 803 807 4576 4576 801 805 4577 4577 820 824 4578 4578 726 730 4579 4579 728 732 4580 4580 820 824 4581 4581 728 732 4582 4582 729 733 4583 4583 820 824 4584 4584 729 733 4585 4585 731 735 4586 4586 280 280 4587 4587 264 264 4588 4588 821 825 4589 4589 276 276 4590 4590 280 280 4591 4591 821 825 4592 4592 276 276 4593 4593 821 825 4594 4594 268 268 4595 4595 264 264 4596 4596 280 280 4597 4597 281 281 4598 4598 263 263 4599 4599 264 264 4600 4600 281 281 4601 4601 821 825 4602 4602 264 264 4603 4603 259 259 4604 4604 821 825 4605 4605 259 259 4606 4606 258 258 4607 4607 268 268 4608 4608 821 825 4609 4609 258 258 4610 4610 263 263 4611 4611 294 294 4612 4612 262 262 4613 4613 294 294 4614 4614 266 266 4615 4615 262 262 4616 4616 294 294 4617 4617 306 306 4618 4618 266 266 4619 4619 306 306 4620 4620 240 240 4621 4621 266 266 4622 4622 245 245 4623 4623 266 266 4624 4624 240 240 4625 4625 241 241 4626 4626 240 240 4627 4627 306 306 4628 4628 242 242 4629 4629 241 241 4630 4630 306 306 4631 4631 306 306 4632 4632 294 294 4633 4633 305 305 4634 4634 294 294 4635 4635 293 293 4636 4636 305 305 4637 4637 303 303 4638 4638 305 305 4639 4639 293 293 4640 4640 292 292 4641 4641 303 303 4642 4642 293 293 4643 4643 296 296 4644 4644 303 303 4645 4645 292 292 4646 4646 265 265 4647 4647 245 245 4648 4648 246 246 4649 4649 265 265 4650 4650 246 246 4651 4651 249 249 4652 4652 261 261 4653 4653 265 265 4654 4654 249 249 4655 4655 824 826 4656 4656 823 827 4657 4657 822 828 4658 4658 822 828 4659 4659 825 829 4660 4660 824 826 4661 4661 822 828 4662 4662 826 830 4663 4663 825 829 4664 4664 824 826 4665 4665 827 831 4666 4666 823 827 4667 4667 827 831 4668 4668 828 832 4669 4669 823 827 4670 4670 827 831 4671 4671 829 833 4672 4672 828 832 4673 4673 829 833 4674 4674 830 834 4675 4675 828 832 4676 4676 830 834 4677 4677 829 833 4678 4678 831 835 4679 4679 832 836 4680 4680 830 834 4681 4681 831 835 4682 4682 832 836 4683 4683 831 835 4684 4684 833 837 4685 4685 834 838 4686 4686 832 836 4687 4687 833 837 4688 4688 834 838 4689 4689 833 837 4690 4690 835 839 4691 4691 836 840 4692 4692 834 838 4693 4693 835 839 4694 4694 836 840 4695 4695 835 839 4696 4696 837 841 4697 4697 838 842 4698 4698 836 840 4699 4699 837 841 4700 4700 838 842 4701 4701 837 841 4702 4702 839 843 4703 4703 840 844 4704 4704 838 842 4705 4705 839 843 4706 4706 841 845 4707 4707 840 844 4708 4708 839 843 4709 4709 691 695 4710 4710 214 214 4711 4711 206 206 4712 4712 205 205 4713 4713 691 695 4714 4714 206 206 4715 4715 515 517 4716 4716 550 552 4717 4717 523 525 4718 4718 842 846 4719 4719 550 552 4720 4720 515 517 4721 4721 842 846 4722 4722 548 550 4723 4723 550 552 4724 4724 842 846 4725 4725 549 551 4726 4726 548 550 4727 4727 842 846 4728 4728 552 554 4729 4729 549 551 4730 4730 842 846 4731 4731 515 517 4732 4732 514 516 4733 4733 842 846 4734 4734 514 516 4735 4735 513 515 4736 4736 842 846 4737 4737 555 557 4738 4738 552 554 4739 4739 842 846 4740 4740 557 559 4741 4741 555 557 4742 4742 842 846 4743 4743 559 561 4744 4744 557 559 4745 4745 842 846 4746 4746 513 515 4747 4747 518 520 4748 4748 842 846 4749 4749 518 520 4750 4750 519 521 4751 4751 842 846 4752 4752 561 563 4753 4753 559 561 4754 4754 842 846 4755 4755 562 564 4756 4756 561 563 4757 4757 842 846 4758 4758 565 567 4759 4759 562 564 4760 4760 544 546 4761 4761 522 524 4762 4762 523 525 4763 4763 544 546 4764 4764 542 544 4765 4765 522 524 4766 4766 542 544 4767 4767 526 528 4768 4768 522 524 4769 4769 542 544 4770 4770 539 541 4771 4771 526 528 4772 4772 539 541 4773 4773 530 532 4774 4774 526 528 4775 4775</p>
        </triangles>
      </mesh>
    </geometry>
  </library_geometries>
  <library_controllers>
    <controller id="ToroRoot_toro_rarm-skin" name="ToroRoot">
      <skin source="#toro_rarm-mesh">
        <bind_shape_matrix>1 0 0 -0.05499998 0 1 0 0.01999998 0 0 1 0.4000001 0 0 0 1</bind_shape_matrix>
        <source id="ToroRoot_toro_rarm-skin-joints">
          <Name_array id="ToroRoot_toro_rarm-skin-joints-array" count="18">Bip01_toro Bip01_toro_Pelvis Bip01_toro_L_Thigh Bip01_toro_L_Calf Bip01_toro_R_Thigh Bip01_toro_R_Calf Bip01_toro_Spine Bip01_toro_Spine1 Bip01_toro_Spine2 Bip01_toro_Spine3 Bip01_toro_L_Clavicle Bip01_toro_L_UpperArm Bip01_toro_L_ForeArm Bip01_toro_Neck Bip01_toro_Head Bip01_toro_R_Clavicle Bip01_toro_R_UpperArm Bip01_toro_R_ForeArm</Name_array>
          <technique_common>
            <accessor source="#ToroRoot_toro_rarm-skin-joints-array" count="18" stride="1">
              <param name="JOINT" type="name"/>
            </accessor>
          </technique_common>
        </source>
        <source id="ToroRoot_toro_rarm-skin-bind_poses">
          <float_array id="ToroRoot_toro_rarm-skin-bind_poses-array" count="288">1 1.3868e-6 0 0 -1.3868e-6 1 -1.19209e-7 0.01656574 0 1.19209e-7 1 -0.1870003 0 0 0 1 2.81731e-6 -1 0 0.00999999 1.30636e-6 0 1 -0.1870003 -1 -2.81731e-6 1.3868e-6 -2.31159e-7 0 0 0 1 1.54456e-6 -0.9940608 0.1085083 -0.01035046 0 -0.1085158 -0.9940949 0.1869812 1 1.5394e-6 -2.06241e-7 -0.04999983 0 0 0 1 1.3666e-6 -0.9840741 -0.1775867 0.01449382 -3.27596e-7 0.1775698 -0.9841048 0.08559328 1 1.40246e-6 -1.60053e-7 -0.04999983 0 0 0 1 1.36448e-6 -0.9940608 0.1085083 -0.01035046 2.26758e-7 -0.1085158 -0.9940946 0.1869811 1 1.38031e-6 0 0.04999983 0 0 0 1 1.36007e-6 -0.9840741 -0.1775867 0.01449382 -1.79793e-7 0.17757 -0.9841044 0.08559322 1 1.36967e-6 0 0.04999983 0 0 0 1 -1.20973e-6 -0.994605 0.1037364 -0.01394575 2.53641e-6 0.1037364 0.994605 -0.2309457 -1 1.46632e-6 2.47768e-6 -4.65173e-7 0 0 0 1 0 -7.96646e-4 0.9999998 -0.3402222 -1.36876e-6 0.9999998 7.96728e-4 -0.0217452 -1 -1.36873e-6 0 4.26374e-7 0 0 0 1 4.90027e-5 7.96646e-4 -0.9999998 0.3403072 1.36632e-6 -0.9999998 -7.96728e-4 0.128573 -1 -1.32729e-6 -4.89234e-5 1.7083e-5 0 0 0 1 -7.85958e-7 -0.9999542 -0.009573221 0.02481454 -5.42494e-5 -0.009573101 0.9999542 -0.3401032 -1 1.30526e-6 -5.4159e-5 1.83828e-5 0 0 0 1 0.003538727 0.9999554 0.00877732 -0.02371114 0.9999938 -0.003545343 7.35967e-4 -0.04855841 7.67243e-4 0.008774578 -0.9999613 0.4007716 0 0 0 1 -1.28401e-6 1 -1.75582e-7 -0.01999747 0.9999923 1.28329e-6 0.004010558 -0.05660396 0.004010736 -2.40724e-7 -0.999992 0.4007809 0 0 0 1 0.3083353 0.9512771 0.001236975 -0.07807224 0.9512697 -0.3083377 0.003815472 -0.1760096 0.004011213 1.69734e-7 -0.9999921 0.4007809 0 0 0 1 -1.45377e-7 -0.9996741 0.02553254 0.00919497 1.62429e-4 0.0255326 0.9996741 -0.4454808 -1 4.29257e-6 1.62453e-4 -7.80927e-5 0 0 0 1 -1.38671e-6 -1 0 0.02094519 1.26252e-6 1.85791e-7 0.9999999 -0.4599409 -1 1.38671e-6 1.343e-6 -3.93091e-6 0 0 0 1 -0.003542304 0.9999552 0.008778095 -0.02371144 -0.9999936 -0.003547966 6.28798e-4 -0.04852199 6.59863e-4 -0.00877577 0.9999613 -0.4007715 0 0 0 1 -1.46389e-6 0.9999999 0 -0.01999753 -0.9999921 -1.46467e-6 0.004010796 -0.05661064 0.004010736 1.80033e-7 0.999992 -0.4007749 0 0 0 1 -0.3083379 0.951276 0.001237332 -0.07807439 -0.9512686 -0.3083404 0.003815948 -0.1760159 0.004011511 -3.96627e-7 0.999992 -0.4007747 0 0 0 1</float_array>
          <technique_common>
            <accessor source="#ToroRoot_toro_rarm-skin-bind_poses-array" count="18" stride="16">
              <param name="TRANSFORM" type="float4x4"/>
            </accessor>
          </technique_common>
        </source>
        <source id="ToroRoot_toro_rarm-skin-weights">
          <float_array id="ToroRoot_toro_rarm-skin-weights-array" count="316">1 1 1 1 1 1 1 1 1 1 1 1 1 1 1 1 1 1 1 1 1 1 1 0.5 0.5 0.5 0.5 1 1 1 1 1 0.5 0.5 0.5 0.5 1 1 1 1 1 1 1 1 1 1 1 0.5 0.5000001 1 1 1 1 1 1 0.4999988 0.5000013 0.4999585 0.5000416 1 1 1 1 1 1 1 1 1 1 1 1 0.4992206 0.5007794 0.4972034 0.5027966 0.9986537 0.00134629 0.9944111 0.005588948 1 1 1 0.4997672 0.5002328 0.9822915 0.01770848 1 1 1 1 1 1 1 1 1 1 1 1 0.954003 0.0459969 1 1 1 1 1 1 1 0.8800242 0.1199758 0.7104635 0.2895365 0.812101 0.1878991 0.6508408 0.3491591 0.7230771 0.276923 1 1 0.5747713 0.4252287 0.704847 0.295153 0.5697358 0.4302643 1 1 1 0.7361592 0.2638409 1 1 1 1 1 1 1 1 1 1 1 1 1 0.8405913 0.1594086 1 1 1 1 1 1 1 1 1 0.9083365 0.09166353 0.9700859 0.02991408 1 0.9895219 0.01047819 1 0.9969701 0.003029823 0.5 0.5 0.5 0.5 1 1 1 1 1 1 1 1 1 1 1 1 1 1 1 1 0.5 0.5 0.9992117 7.88335e-4 1 1 1 1 1 1 0.9995743 4.25755e-4 0.5 0.5 0.9995633 4.36729e-4 0.4999979 0.500002 1 1 1 1 1 1 1 1 1 1 1 1 1 1 1 1 1 1 1 1 1 0.4978741 0.5021259 0.4997217 0.5002784 0.9993043 6.95753e-4 0.9994742 5.25772e-4 1 1 1 1 1 1 1 1 1 1 1 1 1 1 1 1 1 1 1 1 1 1 1 1 1 0.5 0.5 0.5 0.5 0.7547796 0.2452204 0.5 0.5 0.5 0.5 0.5000001 0.5 0.5 0.5 0.5 0.5 0.5 0.5 0.5 0.5 0.5000044 0.4999957 0.5000012 0.4999988 0.5297068 0.4702932 0.5846553 0.4153448 0.5236742 0.4763258 0.500003 0.499997 0.5254627 0.4745373 0.5000025 0.4999976 0.5654149 0.4345851 0.5000003 0.4999998 0.5830151 0.4169848 0.6803631 0.3196368 1 1 1 1 1 1 1 1 1 1 1 1 1 1 1 1</float_array>
          <technique_common>
            <accessor source="#ToroRoot_toro_rarm-skin-weights-array" count="316" stride="1">
              <param name="WEIGHT" type="float"/>
            </accessor>
          </technique_common>
        </source>
        <joints>
          <input semantic="JOINT" source="#ToroRoot_toro_rarm-skin-joints"/>
          <input semantic="INV_BIND_MATRIX" source="#ToroRoot_toro_rarm-skin-bind_poses"/>
        </joints>
        <vertex_weights count="254">
          <input semantic="JOINT" source="#ToroRoot_toro_rarm-skin-joints" offset="0"/>
          <input semantic="WEIGHT" source="#ToroRoot_toro_rarm-skin-weights" offset="1"/>
          <vcount>1 1 1 1 1 1 1 1 1 1 1 1 1 1 1 1 1 1 1 1 1 1 1 2 2 1 1 1 1 1 2 2 1 1 1 1 1 1 1 1 1 1 1 2 1 1 1 1 1 1 2 2 1 1 1 1 1 1 1 1 1 1 1 1 2 2 2 2 1 1 1 2 2 1 1 1 1 1 1 1 1 1 1 1 1 2 1 1 1 1 1 1 1 2 2 2 2 2 1 1 2 2 2 1 1 1 2 1 1 1 1 1 1 1 1 1 1 1 1 1 2 1 1 1 1 1 1 1 1 1 2 2 1 2 1 2 2 2 1 1 1 1 1 1 1 1 1 1 1 1 1 1 1 1 2 2 1 1 1 1 1 1 2 2 2 2 1 1 1 1 1 1 1 1 1 1 1 1 1 1 1 1 1 1 1 1 1 2 2 2 2 1 1 1 1 1 1 1 1 1 1 1 1 1 1 1 1 1 1 1 1 1 1 1 1 1 2 2 2 2 2 2 2 2 2 2 2 2 2 2 2 2 2 2 2 2 2 2 1 1 1 1 1 1 1 1 1 1 1 1 1 1 1 1 </vcount>
          <v>17 0 17 1 17 2 17 3 17 4 17 5 17 6 17 7 17 8 17 9 17 10 17 11 17 12 17 13 17 14 17 15 17 16 17 17 17 18 17 19 17 20 17 21 17 22 16 23 17 24 16 25 17 26 17 27 17 28 17 29 17 30 17 31 16 32 17 33 16 34 17 35 17 36 17 37 17 38 17 39 17 40 17 41 17 42 17 43 17 44 17 45 17 46 16 47 17 48 17 49 17 50 17 51 17 52 17 53 17 54 16 55 17 56 16 57 17 58 17 59 17 60 17 61 17 62 17 63 17 64 17 65 17 66 17 67 17 68 17 69 17 70 16 71 17 72 16 73 17 74 16 75 17 76 16 77 17 78 16 79 16 80 17 81 16 82 17 83 16 84 17 85 16 86 16 87 16 88 16 89 16 90 16 91 16 92 16 93 16 94 16 95 16 96 16 97 16 98 17 99 16 100 16 101 16 102 16 103 16 104 16 105 16 106 16 107 17 108 16 109 17 110 16 111 17 112 16 113 17 114 16 115 17 116 16 117 16 118 16 119 17 120 16 121 17 122 16 123 17 124 16 125 16 126 16 127 16 128 17 129 16 130 16 131 16 132 16 133 16 134 16 135 16 136 16 137 16 138 16 139 16 140 16 141 16 142 16 143 17 144 16 145 16 146 16 147 16 148 16 149 16 150 16 151 16 152 16 153 16 154 17 155 16 156 17 157 16 158 16 159 17 160 16 161 16 162 17 163 16 164 17 165 16 166 17 167 17 168 17 169 17 170 17 171 17 172 17 173 17 174 17 175 16 176 16 177 16 178 16 179 16 180 17 181 17 182 17 183 16 184 17 185 16 186 17 187 16 188 16 189 16 190 16 191 16 192 16 193 16 194 17 195 16 196 17 197 16 198 17 199 16 200 17 201 16 202 16 203 17 204 17 205 16 206 16 207 16 208 16 209 16 210 17 211 17 212 17 213 17 214 17 215 17 216 17 217 17 218 17 219 17 220 17 221 17 222 16 223 17 224 16 225 17 226 16 227 17 228 16 229 17 230 16 231 16 232 16 233 16 234 16 235 16 236 17 237 17 238 17 239 17 240 17 241 17 242 17 243 17 244 17 245 17 246 17 247 17 248 17 249 17 250 17 251 17 252 17 253 17 254 17 255 16 256 17 257 16 258 17 259 16 260 17 261 16 262 17 263 16 264 17 265 16 266 17 267 16 268 17 269 16 270 17 271 16 272 17 273 16 274 17 275 16 276 17 277 16 278 17 279 16 280 17 281 16 282 17 283 16 284 17 285 16 286 17 287 16 288 17 289 16 290 17 291 16 292 17 293 16 294 17 295 16 296 17 297 16 298 17 299 16 300 16 301 16 302 16 303 16 304 16 305 16 306 16 307 16 308 16 309 16 310 16 311 16 312 16 313 16 314 16 315</v>
        </vertex_weights>
      </skin>
    </controller>
    <controller id="ToroRoot_toro_larm-skin" name="ToroRoot">
      <skin source="#toro_larm-mesh">
        <bind_shape_matrix>1 0 0 0.05499998 0 1 0 0.01999998 0 0 1 0.4000001 0 0 0 1</bind_shape_matrix>
        <source id="ToroRoot_toro_larm-skin-joints">
          <Name_array id="ToroRoot_toro_larm-skin-joints-array" count="18">Bip01_toro Bip01_toro_Pelvis Bip01_toro_L_Thigh Bip01_toro_L_Calf Bip01_toro_R_Thigh Bip01_toro_R_Calf Bip01_toro_Spine Bip01_toro_Spine1 Bip01_toro_Spine2 Bip01_toro_Spine3 Bip01_toro_L_Clavicle Bip01_toro_L_UpperArm Bip01_toro_L_ForeArm Bip01_toro_Neck Bip01_toro_Head Bip01_toro_R_Clavicle Bip01_toro_R_UpperArm Bip01_toro_R_ForeArm</Name_array>
          <technique_common>
            <accessor source="#ToroRoot_toro_larm-skin-joints-array" count="18" stride="1">
              <param name="JOINT" type="name"/>
            </accessor>
          </technique_common>
        </source>
        <source id="ToroRoot_toro_larm-skin-bind_poses">
          <float_array id="ToroRoot_toro_larm-skin-bind_poses-array" count="288">1 1.3868e-6 0 0 -1.3868e-6 1 -1.19209e-7 0.01656574 0 1.19209e-7 1 -0.1870003 0 0 0 1 2.81731e-6 -1 0 0.00999999 1.30636e-6 0 1 -0.1870003 -1 -2.81731e-6 1.3868e-6 -2.31159e-7 0 0 0 1 1.54456e-6 -0.9940608 0.1085083 -0.01035046 0 -0.1085158 -0.9940949 0.1869812 1 1.5394e-6 -2.06241e-7 -0.04999983 0 0 0 1 1.3666e-6 -0.9840741 -0.1775867 0.01449382 -3.27596e-7 0.1775698 -0.9841048 0.08559328 1 1.40246e-6 -1.60053e-7 -0.04999983 0 0 0 1 1.36448e-6 -0.9940608 0.1085083 -0.01035046 2.26758e-7 -0.1085158 -0.9940946 0.1869811 1 1.38031e-6 0 0.04999983 0 0 0 1 1.36007e-6 -0.9840741 -0.1775867 0.01449382 -1.79793e-7 0.17757 -0.9841044 0.08559322 1 1.36967e-6 0 0.04999983 0 0 0 1 -1.20973e-6 -0.994605 0.1037364 -0.01394575 2.53641e-6 0.1037364 0.994605 -0.2309457 -1 1.46632e-6 2.47768e-6 -4.65173e-7 0 0 0 1 0 -7.96646e-4 0.9999998 -0.3402222 -1.36876e-6 0.9999998 7.96728e-4 -0.0217452 -1 -1.36873e-6 0 4.26374e-7 0 0 0 1 4.90027e-5 7.96646e-4 -0.9999998 0.3403072 1.36632e-6 -0.9999998 -7.96728e-4 0.128573 -1 -1.32729e-6 -4.89234e-5 1.7083e-5 0 0 0 1 -7.85958e-7 -0.9999542 -0.009573221 0.02481454 -5.42494e-5 -0.009573101 0.9999542 -0.3401032 -1 1.30526e-6 -5.4159e-5 1.83828e-5 0 0 0 1 0.003538727 0.9999554 0.00877732 -0.02371114 0.9999938 -0.003545343 7.35967e-4 -0.04855841 7.67243e-4 0.008774578 -0.9999613 0.4007716 0 0 0 1 -1.28401e-6 1 -1.75582e-7 -0.01999747 0.9999923 1.28329e-6 0.004010558 -0.05660396 0.004010736 -2.40724e-7 -0.999992 0.4007809 0 0 0 1 0.3083353 0.9512771 0.001236975 -0.07807224 0.9512697 -0.3083377 0.003815472 -0.1760096 0.004011213 1.69734e-7 -0.9999921 0.4007809 0 0 0 1 -1.45377e-7 -0.9996741 0.02553254 0.00919497 1.62429e-4 0.0255326 0.9996741 -0.4454808 -1 4.29257e-6 1.62453e-4 -7.80927e-5 0 0 0 1 -1.38671e-6 -1 0 0.02094519 1.26252e-6 1.85791e-7 0.9999999 -0.4599409 -1 1.38671e-6 1.343e-6 -3.93091e-6 0 0 0 1 -0.003542304 0.9999552 0.008778095 -0.02371144 -0.9999936 -0.003547966 6.28798e-4 -0.04852199 6.59863e-4 -0.00877577 0.9999613 -0.4007715 0 0 0 1 -1.46389e-6 0.9999999 0 -0.01999753 -0.9999921 -1.46467e-6 0.004010796 -0.05661064 0.004010736 1.80033e-7 0.999992 -0.4007749 0 0 0 1 -0.3083379 0.951276 0.001237332 -0.07807439 -0.9512686 -0.3083404 0.003815948 -0.1760159 0.004011511 -3.96627e-7 0.999992 -0.4007747 0 0 0 1</float_array>
          <technique_common>
            <accessor source="#ToroRoot_toro_larm-skin-bind_poses-array" count="18" stride="16">
              <param name="TRANSFORM" type="float4x4"/>
            </accessor>
          </technique_common>
        </source>
        <source id="ToroRoot_toro_larm-skin-weights">
          <float_array id="ToroRoot_toro_larm-skin-weights-array" count="305">1 1 1 1 1 1 1 1 1 1 1 1 1 1 1 1 1 1 1 1 1 1 1 1 1 1 1 1 1 1 1 0.005883395 0.9941166 1.61746e-4 0.9998382 1 1 1 1 1 1 1 1 1 0.02007448 0.9799255 1 1 1 1 1 1 1 0.02299249 0.9770075 0.0227853 0.9772146 1 1 1 1 1 1 1 1 1 1 1 1 0.008572041 0.991428 4.96198e-4 0.9995039 0.5089819 0.4910181 0.5004794 0.4995206 1 1 1 0.01698875 0.9830113 0.5000016 0.4999985 1 1 1 1 1 1 1 1 1 1 1 1 0.5 0.5 1 1 1 1 1 1 1 0.5 0.5 0.5 0.5 0.5 0.5 0.5 0.5 0.5 0.5 1 1 0.5 0.5 0.5 0.5 0.5 0.5 1 1 1 0.5 0.5 1 1 1 1 1 1 1 1 1 1 1 1 1 0.5 0.5 1 1 1 1 1 1 1 1 1 0.5 0.5 0.5 0.5 1 0.5 0.5 1 0.5000009 0.4999991 1 1 1 1 1 1 1 1 1 1 1 1 1 1 1 1 1 1 1 1 1 1 0.5005453 0.4994547 1 1 1 0.5040455 0.4959545 1 0.5105304 0.4894697 1 1 1 1 1 1 1 1 1 1 1 1 1 1 1 1 1 1 1 1 1 1 1 1 0.5183875 0.4816125 0.5159978 0.4840022 1 1 1 1 1 1 1 1 1 1 1 1 1 1 1 1 1 1 1 1 1 1 1 1 1 1 1 0.5 0.5 0.03379362 0.9662064 0.02782076 0.9721792 0.04624712 0.9537529 0.08506441 0.9149356 0.1820797 0.8179203 0.2250986 0.7749014 0.245132 0.7548679 0.2608778 0.7391222 0.2128573 0.7871426 0.5 0.5 0.5 0.5 0.5 0.5 0.3005319 0.6994681 0.5 0.5 0.3869028 0.6130972 0.5 0.5 0.4194817 0.5805183 0.5 0.5 0.5 0.5 1 1 1 1 1 1 1 1 1 1 1 1 1 1 1 1</float_array>
          <technique_common>
            <accessor source="#ToroRoot_toro_larm-skin-weights-array" count="305" stride="1">
              <param name="WEIGHT" type="float"/>
            </accessor>
          </technique_common>
        </source>
        <joints>
          <input semantic="JOINT" source="#ToroRoot_toro_larm-skin-joints"/>
          <input semantic="INV_BIND_MATRIX" source="#ToroRoot_toro_larm-skin-bind_poses"/>
        </joints>
        <vertex_weights count="254">
          <input semantic="JOINT" source="#ToroRoot_toro_larm-skin-joints" offset="0"/>
          <input semantic="WEIGHT" source="#ToroRoot_toro_larm-skin-weights" offset="1"/>
          <vcount>1 1 1 1 1 1 1 1 1 1 1 1 1 1 1 1 1 1 1 1 1 1 1 1 1 1 1 1 1 1 1 2 2 1 1 1 1 1 1 1 1 1 2 1 1 1 1 1 1 1 2 2 1 1 1 1 1 1 1 1 1 1 1 1 2 2 2 2 1 1 1 2 2 1 1 1 1 1 1 1 1 1 1 1 1 2 1 1 1 1 1 1 1 2 2 2 2 2 1 1 2 2 2 1 1 1 2 1 1 1 1 1 1 1 1 1 1 1 1 1 2 1 1 1 1 1 1 1 1 1 2 2 1 2 1 2 1 1 1 1 1 1 1 1 1 1 1 1 1 1 1 1 1 1 1 1 1 1 2 1 1 1 2 1 2 1 1 1 1 1 1 1 1 1 1 1 1 1 1 1 1 1 1 1 1 1 1 1 1 2 2 1 1 1 1 1 1 1 1 1 1 1 1 1 1 1 1 1 1 1 1 1 1 1 1 1 1 1 2 2 2 2 2 2 2 2 2 2 2 2 2 2 2 2 2 2 2 2 1 1 1 1 1 1 1 1 1 1 1 1 1 1 1 1 </vcount>
          <v>12 0 12 1 12 2 12 3 12 4 12 5 12 6 12 7 12 8 12 9 12 10 12 11 12 12 12 13 12 14 12 15 12 16 12 17 12 18 12 19 12 20 12 21 12 22 12 23 12 24 12 25 12 26 12 27 12 28 12 29 12 30 11 31 12 32 11 33 12 34 12 35 12 36 12 37 12 38 12 39 12 40 12 41 12 42 12 43 11 44 12 45 12 46 12 47 12 48 12 49 12 50 12 51 12 52 11 53 12 54 11 55 12 56 12 57 12 58 12 59 12 60 12 61 12 62 12 63 12 64 12 65 12 66 12 67 12 68 11 69 12 70 11 71 12 72 11 73 12 74 11 75 12 76 11 77 11 78 12 79 11 80 12 81 11 82 12 83 11 84 11 85 11 86 11 87 11 88 11 89 11 90 11 91 11 92 11 93 11 94 11 95 11 96 12 97 11 98 11 99 11 100 11 101 11 102 11 103 11 104 11 105 12 106 11 107 12 108 11 109 12 110 11 111 12 112 11 113 12 114 11 115 11 116 11 117 12 118 11 119 12 120 11 121 12 122 11 123 11 124 11 125 11 126 12 127 11 128 11 129 11 130 11 131 11 132 11 133 11 134 11 135 11 136 11 137 11 138 11 139 11 140 11 141 12 142 11 143 11 144 11 145 11 146 11 147 11 148 11 149 11 150 11 151 11 152 12 153 11 154 12 155 11 156 11 157 12 158 11 159 11 160 12 161 12 162 12 163 12 164 12 165 12 166 12 167 12 168 12 169 12 170 12 171 11 172 11 173 11 174 11 175 11 176 12 177 12 178 12 179 12 180 11 181 11 182 11 183 11 184 12 185 11 186 11 187 11 188 11 189 12 190 12 191 11 192 12 193 12 194 11 195 11 196 12 197 12 198 11 199 11 200 11 201 11 202 11 203 12 204 12 205 12 206 12 207 12 208 12 209 12 210 12 211 12 212 12 213 12 214 12 215 12 216 12 217 11 218 12 219 11 220 12 221 11 222 11 223 11 224 11 225 11 226 11 227 12 228 12 229 12 230 12 231 12 232 12 233 12 234 12 235 12 236 12 237 12 238 12 239 12 240 12 241 12 242 12 243 12 244 12 245 12 246 12 247 12 248 11 249 12 250 11 251 12 252 11 253 12 254 11 255 12 256 11 257 12 258 11 259 12 260 11 261 12 262 11 263 12 264 11 265 12 266 11 267 12 268 11 269 12 270 11 271 12 272 11 273 12 274 11 275 12 276 11 277 12 278 11 279 12 280 11 281 12 282 11 283 12 284 11 285 12 286 11 287 12 288 11 289 11 290 11 291 11 292 11 293 11 294 11 295 11 296 11 297 11 298 11 299 11 300 11 301 11 302 11 303 11 304</v>
        </vertex_weights>
      </skin>
    </controller>
    <controller id="ToroRoot_toro_body-skin" name="ToroRoot">
      <skin source="#toro_body-mesh">
        <bind_shape_matrix>1 0 0 -2.8956e-16 0 1 -4.37114e-8 4.43534e-11 0 4.37114e-8 1 -0.001000002 0 0 0 1</bind_shape_matrix>
        <source id="ToroRoot_toro_body-skin-joints">
          <Name_array id="ToroRoot_toro_body-skin-joints-array" count="18">Bip01_toro Bip01_toro_Pelvis Bip01_toro_L_Thigh Bip01_toro_L_Calf Bip01_toro_R_Thigh Bip01_toro_R_Calf Bip01_toro_Spine Bip01_toro_Spine1 Bip01_toro_Spine2 Bip01_toro_Spine3 Bip01_toro_L_Clavicle Bip01_toro_L_UpperArm Bip01_toro_L_ForeArm Bip01_toro_Neck Bip01_toro_Head Bip01_toro_R_Clavicle Bip01_toro_R_UpperArm Bip01_toro_R_ForeArm</Name_array>
          <technique_common>
            <accessor source="#ToroRoot_toro_body-skin-joints-array" count="18" stride="1">
              <param name="JOINT" type="name"/>
            </accessor>
          </technique_common>
        </source>
        <source id="ToroRoot_toro_body-skin-bind_poses">
          <float_array id="ToroRoot_toro_body-skin-bind_poses-array" count="288">1 1.3868e-6 0 0 -1.3868e-6 1 -1.19209e-7 0.01656574 0 1.19209e-7 1 -0.1870003 0 0 0 1 2.81731e-6 -1 0 0.00999999 1.30636e-6 0 1 -0.1870003 -1 -2.81731e-6 1.3868e-6 -2.31159e-7 0 0 0 1 1.54456e-6 -0.9940608 0.1085083 -0.01035046 0 -0.1085158 -0.9940949 0.1869812 1 1.5394e-6 -2.06241e-7 -0.04999983 0 0 0 1 1.3666e-6 -0.9840741 -0.1775867 0.01449382 -3.27596e-7 0.1775698 -0.9841048 0.08559328 1 1.40246e-6 -1.60053e-7 -0.04999983 0 0 0 1 1.36448e-6 -0.9940608 0.1085083 -0.01035046 2.26758e-7 -0.1085158 -0.9940946 0.1869811 1 1.38031e-6 0 0.04999983 0 0 0 1 1.36007e-6 -0.9840741 -0.1775867 0.01449382 -1.79793e-7 0.17757 -0.9841044 0.08559322 1 1.36967e-6 0 0.04999983 0 0 0 1 -1.20973e-6 -0.994605 0.1037364 -0.01394575 2.53641e-6 0.1037364 0.994605 -0.2309457 -1 1.46632e-6 2.47768e-6 -4.65173e-7 0 0 0 1 0 -7.96646e-4 0.9999998 -0.3402222 -1.36876e-6 0.9999998 7.96728e-4 -0.0217452 -1 -1.36873e-6 0 4.26374e-7 0 0 0 1 4.90027e-5 7.96646e-4 -0.9999998 0.3403072 1.36632e-6 -0.9999998 -7.96728e-4 0.128573 -1 -1.32729e-6 -4.89234e-5 1.7083e-5 0 0 0 1 -7.85958e-7 -0.9999542 -0.009573221 0.02481454 -5.42494e-5 -0.009573101 0.9999542 -0.3401032 -1 1.30526e-6 -5.4159e-5 1.83828e-5 0 0 0 1 0.003538727 0.9999554 0.00877732 -0.02371114 0.9999938 -0.003545343 7.35967e-4 -0.04855841 7.67243e-4 0.008774578 -0.9999613 0.4007716 0 0 0 1 -1.28401e-6 1 -1.75582e-7 -0.01999747 0.9999923 1.28329e-6 0.004010558 -0.05660396 0.004010736 -2.40724e-7 -0.999992 0.4007809 0 0 0 1 0.3083353 0.9512771 0.001236975 -0.07807224 0.9512697 -0.3083377 0.003815472 -0.1760096 0.004011213 1.69734e-7 -0.9999921 0.4007809 0 0 0 1 -1.45377e-7 -0.9996741 0.02553254 0.00919497 1.62429e-4 0.0255326 0.9996741 -0.4454808 -1 4.29257e-6 1.62453e-4 -7.80927e-5 0 0 0 1 -1.38671e-6 -1 0 0.02094519 1.26252e-6 1.85791e-7 0.9999999 -0.4599409 -1 1.38671e-6 1.343e-6 -3.93091e-6 0 0 0 1 -0.003542304 0.9999552 0.008778095 -0.02371144 -0.9999936 -0.003547966 6.28798e-4 -0.04852199 6.59863e-4 -0.00877577 0.9999613 -0.4007715 0 0 0 1 -1.46389e-6 0.9999999 0 -0.01999753 -0.9999921 -1.46467e-6 0.004010796 -0.05661064 0.004010736 1.80033e-7 0.999992 -0.4007749 0 0 0 1 -0.3083379 0.951276 0.001237332 -0.07807439 -0.9512686 -0.3083404 0.003815948 -0.1760159 0.004011511 -3.96627e-7 0.999992 -0.4007747 0 0 0 1</float_array>
          <technique_common>
            <accessor source="#ToroRoot_toro_body-skin-bind_poses-array" count="18" stride="16">
              <param name="TRANSFORM" type="float4x4"/>
            </accessor>
          </technique_common>
        </source>
        <source id="ToroRoot_toro_body-skin-weights">
          <float_array id="ToroRoot_toro_body-skin-weights-array" count="553">1 1 1 1 1 1 1 1 1 1 1 0.9999869 1.31072e-5 1 0.8381116 0.1618884 0.8607764 0.1392235 1 0.8390143 0.1609857 1 0.03587651 0.9641235 0.06793957 0.9320605 0.009706318 0.9902937 1 1 0.9302664 0.06973361 0.0272414 0.9727586 0.942856 0.05714404 1 0.01128488 0.9887151 1 0.01416617 0.9858338 0.9003803 0.09961974 0.01223456 0.9877654 0.9405483 0.05945163 1 1 0.8603943 0.1396057 0.8743613 0.1256387 0.5000068 0.4999932 0.5000136 0.4999865 0.5000099 0.4999902 0.8861141 0.1138859 0.5002409 0.4997591 0.9751653 0.02483463 0.9955291 0.004470825 1 0.9218988 0.07810121 1 1 0.9598404 0.04015958 0.5000668 0.4999332 0.499471 0.500529 0.4998379 0.5001621 0.5002552 0.4997448 0.4999422 0.5000578 0.09842562 0.9012644 3.09994e-4 0.1087422 0.8911697 8.80725e-5 0.6466301 0.35337 0.6464989 0.3535011 0.1187015 0.8812872 1.13507e-5 0.6532249 0.3467751 0.4928595 0.5071405 0.494374 0.505626 0.4954994 0.5045006 0.5239091 0.4760909 0.4711868 0.5288132 0.02742934 0.9672771 0.005293548 0.005401551 0.9810953 0.01350313 0.5010001 0.4989999 0.01350975 0.9864903 0.01927918 0.9807208 0.02352625 0.9764738 0.4281777 0.5718223 0.01010686 0.9898931 0.006950974 0.993049 0.5053659 0.4946342 0.4306484 0.5693516 0.002974689 0.9970253 2.25869e-4 0.9997742 0.4324508 0.5675492 0.5084564 0.4915437 0.0059008 0.9938083 2.90896e-4 0.006487667 0.9925979 9.14292e-4 0.4987277 0.5012722 0.499075 0.5009251 0.4994332 0.5005668 0.5015671 0.4984329 0.499027 0.500973 0.5041489 0.4958511 0.4998114 0.5001885 0.01592159 0.9687954 0.0152831 0.5048174 0.4951826 0.4999532 0.5000469 0.04518473 0.9255506 0.02926456 0.4469763 0.5530236 0.4517625 0.5482375 0.5041204 0.4958795 4.65545e-4 0.9995345 0.5390027 0.4609974 0.1552758 0.8358228 0.008901417 3.92911e-6 0.6504297 0.3495664 0.4971954 0.5028045 0.6422025 0.3577975 0.3019214 0.6973396 7.39034e-4 0.3061251 0.6927986 0.001076221 0.2983487 0.7011993 4.51946e-4 0.6403768 0.3596231 0.49756 0.50244 0.4979374 0.5020626 0.4848359 0.5151641 6.85155e-4 0.9993149 4.73789e-4 0.9995263 0.4999992 0.5000008 0.4999979 0.500002 0.5232419 0.4767581 0.51595 0.48405 0.5306028 0.4693972 0.4999996 0.5000004 0.003307104 0.9966928 0.001641452 0.9983586 0.005213081 0.9947869 0.9996412 3.58867e-4 0.9989759 0.001024127 0.5100605 0.4899395 0.9978526 0.002147376 0.5066536 0.4933464 0.9966698 0.003330111 0.9973683 0.002631545 1 1 1 0.9998545 1.45479e-4 1 0.062137 0.9378629 0.1466125 0.8533875 1 0.2583273 0.7416728 1 0.1131271 0.886873 0.9069582 0.09304189 0.9442261 0.05577391 0.9068629 0.09313708 1 1 1 0.9237638 0.07623624 1 0.08194178 0.9180582 0.9500813 0.04991865 0.09471189 0.9052881 0.9735054 0.02649462 1 1 1 1 1 1 1 1 1 1 1 1 1 1 1 1 1 1 1 1 1 1 1 1 1 1 1 1 1 1 1 1 1 1 1 0.9856974 0.01430255 0.08988791 0.910112 0.9983748 0.00162518 0.05130386 0.9486961 0.01177668 0.9882233 0.9997515 2.48548e-4 0.9981552 0.001844823 5.79325e-4 0.9994207 0.006295859 0.9937041 0.9654707 0.03452932 1 1 1 0.999807 1.93084e-4 0.9844262 0.01557391 0.5008333 0.4991667 0.5114688 0.4885312 0.5387806 0.4612194 1 0.4999978 0.5000023 0.499978 0.500022 0.1883636 0.8116364 0.135072 0.864928 0.6878642 0.3121359 0.8277001 0.1722999 0.2310817 0.7689183 0.8208597 0.1791402 0.4992025 0.5007975 0.4986456 0.5013545 0.4999997 0.5000004 0.01008385 0.989916 0.02153539 0.9784646 0.02691847 0.9730815 0.4968295 0.5031706 1 1 1 1 1 1 1 1 1 1 1 1 1 1 1 1 1 1 1 1 1 1 1 1 1 1 1 1 1 1 1 1 1 1 1 1 1 1 1 1 1 1 1 1 1 1 1 1 1 1 1 1 1 1 1 1 1 1 1 1 1 1 1 1 1 1 1 1 0.007933974 0.9920661 0.0108233 0.9891767 0.4993562 0.5006437 0.4985269 0.5014731 0.7088331 0.2911669 0.2743865 0.7256135 0.6517138 0.3482862 0.2931317 0.7067502 1.18042e-4 0.4999998 0.5000003 0.4999999 0.5000001 0.5364632 0.4635369 0.549172 0.4508279 1 0.9999818 1.82261e-5 1 1 1 1 1 1 1 1 1 1 1 1 1 1 1 1 1 1 1 1 1 1 1 1 1 1 1 1 1 1 1 1 1 1 1 1 1 1 1 1 1 1 1 1 1 1 1 1 1 1 1 1 1 1 1 1 1 1 1 1 1 1 1 1 1 1 1 1 1 1 1 1 1 1 1 0.4999888 0.5000112</float_array>
          <technique_common>
            <accessor source="#ToroRoot_toro_body-skin-weights-array" count="553" stride="1">
              <param name="WEIGHT" type="float"/>
            </accessor>
          </technique_common>
        </source>
        <joints>
          <input semantic="JOINT" source="#ToroRoot_toro_body-skin-joints"/>
          <input semantic="INV_BIND_MATRIX" source="#ToroRoot_toro_body-skin-bind_poses"/>
        </joints>
        <vertex_weights count="377">
          <input semantic="JOINT" source="#ToroRoot_toro_body-skin-joints" offset="0"/>
          <input semantic="WEIGHT" source="#ToroRoot_toro_body-skin-weights" offset="1"/>
          <vcount>1 1 1 1 1 1 1 1 1 1 1 2 1 2 2 1 2 1 2 2 2 1 1 2 2 2 1 2 1 2 2 2 2 1 1 2 2 2 2 2 2 2 2 2 1 2 1 1 2 2 2 2 2 2 3 3 2 2 3 2 2 2 2 2 2 3 3 2 2 2 2 2 2 2 2 2 2 2 2 2 3 3 2 2 2 2 2 2 2 3 2 2 3 2 2 2 2 2 3 3 2 2 3 3 3 2 2 2 2 2 2 2 2 2 2 2 2 2 2 2 2 2 2 2 2 2 2 1 1 1 2 1 2 2 1 2 1 2 2 2 2 1 1 1 2 1 2 2 2 2 1 1 1 1 1 1 1 1 1 1 1 1 1 1 1 1 1 1 1 1 1 1 1 1 1 1 1 1 1 1 1 1 1 1 1 2 2 2 2 2 2 2 2 2 2 1 1 1 2 2 2 2 2 1 2 2 2 2 2 2 2 2 2 2 2 2 2 2 2 1 1 1 1 1 1 1 1 1 1 1 1 1 1 1 1 1 1 1 1 1 1 1 1 1 1 1 1 1 1 1 1 1 1 1 1 1 1 1 1 1 1 1 1 1 1 1 1 1 1 1 1 1 1 1 1 1 1 1 1 1 1 1 1 1 1 1 1 2 2 2 2 2 2 2 3 2 2 2 2 1 2 1 1 1 1 1 1 1 1 1 1 1 1 1 1 1 1 1 1 1 1 1 1 1 1 1 1 1 1 1 1 1 1 1 1 1 1 1 1 1 1 1 1 1 1 1 1 1 1 1 1 1 1 1 1 1 1 1 1 1 1 1 1 1 1 1 1 1 1 1 1 1 1 1 1 1 2 </vcount>
          <v>1 0 1 1 1 2 1 3 1 4 1 5 1 6 1 7 1 8 1 9 1 10 1 11 6 12 1 13 1 14 6 15 1 16 6 17 1 18 1 19 6 20 1 21 1 22 6 23 1 24 6 25 1 26 6 27 6 28 6 29 1 30 6 31 1 32 6 33 1 34 6 35 6 36 1 37 6 38 6 39 1 40 6 41 1 42 6 43 1 44 6 45 1 46 6 47 1 48 1 49 6 50 8 51 6 52 8 53 6 54 8 55 6 56 8 57 6 58 8 59 6 60 8 61 6 62 8 63 6 64 8 65 6 66 8 67 6 68 6 69 8 70 6 71 6 72 6 73 8 74 6 75 8 76 6 77 8 78 6 79 8 80 6 81 8 82 6 83 8 84 6 85 8 86 9 87 6 88 8 89 9 90 8 91 9 92 8 93 9 94 6 95 8 96 9 97 8 98 9 99 8 100 9 101 8 102 9 103 8 104 9 105 8 106 9 107 8 108 9 109 6 110 8 111 9 112 6 113 8 114 9 115 8 116 9 117 8 118 9 119 8 120 9 121 8 122 9 123 8 124 9 125 8 126 9 127 8 128 9 129 8 130 9 131 8 132 9 133 8 134 9 135 8 136 9 137 8 138 9 139 8 140 9 141 6 142 8 143 9 144 6 145 8 146 9 147 6 148 8 149 6 150 8 151 6 152 8 153 6 154 8 155 6 156 8 157 6 158 8 159 6 160 8 161 6 162 8 163 9 164 8 165 9 166 6 167 8 168 6 169 8 170 9 171 8 172 9 173 8 174 9 175 8 176 9 177 8 178 9 179 8 180 9 181 6 182 8 183 9 184 6 185 8 186 9 187 8 188 9 189 8 190 9 191 6 192 8 193 9 194 6 195 8 196 9 197 6 198 8 199 9 200 8 201 9 202 8 203 9 204 8 205 9 206 8 207 9 208 8 209 9 210 8 211 9 212 6 213 8 214 6 215 8 216 6 217 8 218 6 219 8 220 6 221 8 222 6 223 8 224 8 225 9 226 8 227 9 228 8 229 9 230 6 231 8 232 6 233 8 234 6 235 8 236 6 237 8 238 6 239 8 240 6 241 8 242 6 243 8 244 6 245 6 246 6 247 6 248 8 249 6 250 1 251 6 252 1 253 6 254 6 255 1 256 6 257 6 258 1 259 6 260 1 261 6 262 1 263 6 264 1 265 6 266 1 267 1 268 1 269 1 270 6 271 1 272 1 273 6 274 1 275 6 276 1 277 6 278 1 279 6 280 1 281 1 282 1 283 1 284 1 285 1 286 1 287 1 288 1 289 1 290 1 291 1 292 1 293 1 294 1 295 1 296 1 297 1 298 1 299 1 300 1 301 1 302 1 303 1 304 1 305 1 306 1 307 1 308 1 309 1 310 1 311 1 312 1 313 1 314 1 315 1 316 6 317 1 318 6 319 1 320 6 321 1 322 6 323 1 324 6 325 1 326 6 327 1 328 6 329 1 330 6 331 1 332 6 333 1 334 6 335 6 336 6 337 6 338 6 339 8 340 6 341 8 342 6 343 8 344 6 345 8 346 6 347 8 348 6 349 6 350 8 351 6 352 8 353 6 354 8 355 6 356 8 357 8 358 9 359 8 360 9 361 6 362 8 363 8 364 9 365 8 366 9 367 8 368 9 369 6 370 8 371 8 372 9 373 8 374 9 375 8 376 9 377 8 378 9 379 9 380 9 381 9 382 9 383 9 384 9 385 9 386 9 387 9 388 9 389 9 390 9 391 9 392 9 393 9 394 9 395 9 396 9 397 9 398 9 399 9 400 9 401 9 402 9 403 9 404 9 405 9 406 9 407 9 408 9 409 9 410 9 411 9 412 9 413 9 414 9 415 9 416 9 417 9 418 9 419 9 420 9 421 9 422 9 423 9 424 9 425 9 426 9 427 9 428 9 429 9 430 9 431 9 432 9 433 9 434 9 435 9 436 9 437 9 438 9 439 9 440 9 441 9 442 9 443 9 444 9 445 9 446 9 447 8 448 9 449 8 450 9 451 8 452 9 453 8 454 9 455 8 456 9 457 6 458 8 459 8 460 9 461 6 462 8 463 9 464 6 465 8 466 6 467 8 468 6 469 8 470 6 471 8 472 6 473 6 474 8 475 6 476 6 477 1 478 1 479 1 480 1 481 1 482 1 483 1 484 1 485 1 486 1 487 1 488 1 489 1 490 1 491 1 492 1 493 1 494 1 495 1 496 1 497 1 498 1 499 1 500 1 501 1 502 1 503 1 504 1 505 1 506 1 507 1 508 1 509 1 510 1 511 1 512 1 513 1 514 1 515 1 516 1 517 1 518 1 519 1 520 1 521 1 522 1 523 1 524 1 525 1 526 1 527 1 528 1 529 1 530 1 531 1 532 1 533 1 534 1 535 1 536 1 537 1 538 9 539 9 540 1 541 1 542 1 543 1 544 1 545 1 546 1 547 1 548 1 549 1 550 6 551 8 552</v>
        </vertex_weights>
      </skin>
    </controller>
    <controller id="ToroRoot_toro_rleg-skin" name="ToroRoot">
      <skin source="#toro_rleg-mesh">
        <bind_shape_matrix>1 -1.77636e-15 1.42109e-14 -0.04999998 1.77636e-15 0.9999999 -4.37114e-8 0.009999991 -1.42109e-14 4.37114e-8 0.9999999 0.1859998 0 0 0 1</bind_shape_matrix>
        <source id="ToroRoot_toro_rleg-skin-joints">
          <Name_array id="ToroRoot_toro_rleg-skin-joints-array" count="18">Bip01_toro Bip01_toro_Pelvis Bip01_toro_L_Thigh Bip01_toro_L_Calf Bip01_toro_R_Thigh Bip01_toro_R_Calf Bip01_toro_Spine Bip01_toro_Spine1 Bip01_toro_Spine2 Bip01_toro_Spine3 Bip01_toro_L_Clavicle Bip01_toro_L_UpperArm Bip01_toro_L_ForeArm Bip01_toro_Neck Bip01_toro_Head Bip01_toro_R_Clavicle Bip01_toro_R_UpperArm Bip01_toro_R_ForeArm</Name_array>
          <technique_common>
            <accessor source="#ToroRoot_toro_rleg-skin-joints-array" count="18" stride="1">
              <param name="JOINT" type="name"/>
            </accessor>
          </technique_common>
        </source>
        <source id="ToroRoot_toro_rleg-skin-bind_poses">
          <float_array id="ToroRoot_toro_rleg-skin-bind_poses-array" count="288">1 1.3868e-6 0 0 -1.3868e-6 1 -1.19209e-7 0.01656574 0 1.19209e-7 1 -0.1870003 0 0 0 1 2.81731e-6 -1 0 0.00999999 1.30636e-6 0 1 -0.1870003 -1 -2.81731e-6 1.3868e-6 -2.31159e-7 0 0 0 1 1.54456e-6 -0.9940608 0.1085083 -0.01035046 0 -0.1085158 -0.9940949 0.1869812 1 1.5394e-6 -2.06241e-7 -0.04999983 0 0 0 1 1.3666e-6 -0.9840741 -0.1775867 0.01449382 -3.27596e-7 0.1775698 -0.9841048 0.08559328 1 1.40246e-6 -1.60053e-7 -0.04999983 0 0 0 1 1.36448e-6 -0.9940608 0.1085083 -0.01035046 2.26758e-7 -0.1085158 -0.9940946 0.1869811 1 1.38031e-6 0 0.04999983 0 0 0 1 1.36007e-6 -0.9840741 -0.1775867 0.01449382 -1.79793e-7 0.17757 -0.9841044 0.08559322 1 1.36967e-6 0 0.04999983 0 0 0 1 -1.20973e-6 -0.994605 0.1037364 -0.01394575 2.53641e-6 0.1037364 0.994605 -0.2309457 -1 1.46632e-6 2.47768e-6 -4.65173e-7 0 0 0 1 0 -7.96646e-4 0.9999998 -0.3402222 -1.36876e-6 0.9999998 7.96728e-4 -0.0217452 -1 -1.36873e-6 0 4.26374e-7 0 0 0 1 4.90027e-5 7.96646e-4 -0.9999998 0.3403072 1.36632e-6 -0.9999998 -7.96728e-4 0.128573 -1 -1.32729e-6 -4.89234e-5 1.7083e-5 0 0 0 1 -7.85958e-7 -0.9999542 -0.009573221 0.02481454 -5.42494e-5 -0.009573101 0.9999542 -0.3401032 -1 1.30526e-6 -5.4159e-5 1.83828e-5 0 0 0 1 0.003538727 0.9999554 0.00877732 -0.02371114 0.9999938 -0.003545343 7.35967e-4 -0.04855841 7.67243e-4 0.008774578 -0.9999613 0.4007716 0 0 0 1 -1.28401e-6 1 -1.75582e-7 -0.01999747 0.9999923 1.28329e-6 0.004010558 -0.05660396 0.004010736 -2.40724e-7 -0.999992 0.4007809 0 0 0 1 0.3083353 0.9512771 0.001236975 -0.07807224 0.9512697 -0.3083377 0.003815472 -0.1760096 0.004011213 1.69734e-7 -0.9999921 0.4007809 0 0 0 1 -1.45377e-7 -0.9996741 0.02553254 0.00919497 1.62429e-4 0.0255326 0.9996741 -0.4454808 -1 4.29257e-6 1.62453e-4 -7.80927e-5 0 0 0 1 -1.38671e-6 -1 0 0.02094519 1.26252e-6 1.85791e-7 0.9999999 -0.4599409 -1 1.38671e-6 1.343e-6 -3.93091e-6 0 0 0 1 -0.003542304 0.9999552 0.008778095 -0.02371144 -0.9999936 -0.003547966 6.28798e-4 -0.04852199 6.59863e-4 -0.00877577 0.9999613 -0.4007715 0 0 0 1 -1.46389e-6 0.9999999 0 -0.01999753 -0.9999921 -1.46467e-6 0.004010796 -0.05661064 0.004010736 1.80033e-7 0.999992 -0.4007749 0 0 0 1 -0.3083379 0.951276 0.001237332 -0.07807439 -0.9512686 -0.3083404 0.003815948 -0.1760159 0.004011511 -3.96627e-7 0.999992 -0.4007747 0 0 0 1</float_array>
          <technique_common>
            <accessor source="#ToroRoot_toro_rleg-skin-bind_poses-array" count="18" stride="16">
              <param name="TRANSFORM" type="float4x4"/>
            </accessor>
          </technique_common>
        </source>
        <source id="ToroRoot_toro_rleg-skin-weights">
          <float_array id="ToroRoot_toro_rleg-skin-weights-array" count="290">1 1 1 1 1 1 1 1 1 1 1 1 1 1 1 1 1 1 0.5001034 0.4998966 0.5021861 0.497814 0.5 0.5 1 1 1 1 1 1 1 1 1 1 1 1 0.5000033 0.4999967 1 1 1 1 1 0.5074911 0.4925088 0.5023477 0.4976524 1 1 1 1 1 1 1 1 1 1 1 1 0.5083671 0.4916329 0.5006581 0.499342 1 1 1 1 1 1 1 1 0.5000166 0.4999833 1 0.5 0.5 0.5 0.5 0.5 0.5 1 1 1 1 1 1 1 1 1 1 1 1 0.5 0.5 0.5 0.5 0.5 0.5 0.4999984 0.5000016 0.4998452 0.5001548 0.1439409 0.856059 0.1233729 0.8766272 0.1720826 0.8279175 0.5 0.5 0.2041994 0.7958007 1 1 1 1 1 1 1 1 1 1 1 1 1 1 1 1 1 1 1 1 1 1 1 1 1 1 8.43975e-5 0.9999156 2.08977e-4 0.9997911 0.1546595 0.8453404 0.1480006 0.8519993 0.4946252 0.5053749 0.495801 0.504199 0.5 0.5 0.5 0.5 1 1 1 1 1 1 1 0.5 0.5 0.5 0.5 1 0.5 0.5 1 1 1 1 1 1 1 0.5 0.5 1 1 1 1 1 1 0.5 0.5 0.4999946 0.5000054 0.1716411 0.8283589 0.1573258 0.8426741 1 1 0.4996902 0.5003098 1 0.1504371 0.849563 0.4977266 0.5022734 0.1519576 0.8480423 8.63297e-6 0.9999914 1 1 1 1 1 1 1 1.08554e-4 0.9998914 0.1227102 0.8772898 0.1372088 0.8627912 0.4958577 0.5041424 0.4988458 0.5011543 0.5 0.5 0.5 0.5 1 1 1 1 1 1 1 1 1 1 1 1 1 1 1 1 1 1 1 1 1 1 1 1 1 1 1 1 1 1 1 1 1 1 1 1 1 1 1 1 1 1 1 1 1 1 1 1 1 1 1 1 1 1 1 1 1 1 1 1 1 1 1 1 1</float_array>
          <technique_common>
            <accessor source="#ToroRoot_toro_rleg-skin-weights-array" count="290" stride="1">
              <param name="WEIGHT" type="float"/>
            </accessor>
          </technique_common>
        </source>
        <joints>
          <input semantic="JOINT" source="#ToroRoot_toro_rleg-skin-joints"/>
          <input semantic="INV_BIND_MATRIX" source="#ToroRoot_toro_rleg-skin-bind_poses"/>
        </joints>
        <vertex_weights count="240">
          <input semantic="JOINT" source="#ToroRoot_toro_rleg-skin-joints" offset="0"/>
          <input semantic="WEIGHT" source="#ToroRoot_toro_rleg-skin-weights" offset="1"/>
          <vcount>1 1 1 1 1 1 1 1 1 1 1 1 1 1 1 1 1 1 2 2 2 1 1 1 1 1 1 1 1 1 1 1 1 2 1 1 1 1 1 2 2 1 1 1 1 1 1 1 1 1 1 1 1 2 2 1 1 1 1 1 1 1 1 2 1 2 2 2 1 1 1 1 1 1 1 1 1 1 1 1 2 2 2 2 2 2 2 2 2 2 1 1 1 1 1 1 1 1 1 1 1 1 1 1 1 1 1 1 1 1 1 1 1 1 1 1 2 2 2 2 2 2 2 2 1 1 1 1 1 1 1 2 2 1 2 1 1 1 1 1 1 1 2 1 1 1 1 1 1 2 2 2 2 1 1 2 1 2 2 2 2 1 1 1 1 1 1 1 2 2 2 2 2 2 2 1 1 1 1 1 1 1 1 1 1 1 1 1 1 1 1 1 1 1 1 1 1 1 1 1 1 1 1 1 1 1 1 1 1 1 1 1 1 1 1 1 1 1 1 1 1 1 1 1 1 1 1 1 1 1 1 1 1 1 1 1 1 1 1 1 </vcount>
          <v>5 0 5 1 5 2 5 3 5 4 5 5 5 6 5 7 5 8 5 9 5 10 5 11 5 12 5 13 5 14 5 15 5 16 5 17 4 18 5 19 4 20 5 21 4 22 5 23 5 24 4 25 4 26 4 27 4 28 4 29 4 30 5 31 5 32 5 33 5 34 5 35 4 36 5 37 5 38 5 39 5 40 5 41 5 42 4 43 5 44 4 45 5 46 4 47 4 48 4 49 4 50 4 51 4 52 5 53 5 54 5 55 5 56 5 57 5 58 4 59 5 60 4 61 5 62 4 63 4 64 4 65 4 66 4 67 4 68 4 69 4 70 4 71 5 72 4 73 4 74 5 75 4 76 5 77 4 78 5 79 4 80 4 81 4 82 4 83 4 84 4 85 4 86 4 87 4 88 4 89 4 90 4 91 4 92 5 93 4 94 5 95 4 96 5 97 4 98 5 99 4 100 5 101 4 102 5 103 4 104 5 105 4 106 5 107 4 108 5 109 4 110 5 111 5 112 5 113 5 114 5 115 5 116 5 117 5 118 5 119 5 120 5 121 5 122 5 123 5 124 5 125 5 126 5 127 5 128 5 129 5 130 5 131 5 132 5 133 5 134 5 135 5 136 5 137 4 138 5 139 4 140 5 141 4 142 5 143 4 144 5 145 4 146 5 147 4 148 5 149 4 150 5 151 4 152 5 153 4 154 4 155 4 156 4 157 4 158 4 159 4 160 4 161 5 162 4 163 5 164 4 165 4 166 5 167 4 168 4 169 4 170 4 171 4 172 4 173 4 174 4 175 5 176 4 177 4 178 4 179 4 180 4 181 4 182 4 183 5 184 4 185 5 186 4 187 5 188 4 189 5 190 5 191 5 192 4 193 5 194 5 195 4 196 5 197 4 198 5 199 4 200 5 201 4 202 5 203 5 204 5 205 5 206 5 207 5 208 5 209 5 210 4 211 5 212 4 213 5 214 4 215 5 216 4 217 5 218 4 219 5 220 4 221 5 222 4 223 5 224 4 225 4 226 4 227 4 228 4 229 4 230 4 231 4 232 4 233 4 234 4 235 4 236 4 237 4 238 4 239 4 240 4 241 4 242 4 243 4 244 4 245 4 246 4 247 4 248 4 249 4 250 4 251 4 252 4 253 4 254 4 255 4 256 4 257 4 258 4 259 4 260 4 261 4 262 4 263 4 264 4 265 4 266 4 267 4 268 4 269 4 270 4 271 4 272 4 273 4 274 4 275 4 276 4 277 4 278 4 279 4 280 4 281 4 282 4 283 4 284 4 285 4 286 4 287 4 288 4 289</v>
        </vertex_weights>
      </skin>
    </controller>
    <controller id="ToroRoot_toro_lleg-skin" name="ToroRoot">
      <skin source="#toro_lleg-mesh">
        <bind_shape_matrix>1 0 0 0.04999998 0 0.9999999 -4.37114e-8 0.009999991 0 4.37114e-8 0.9999999 0.1859998 0 0 0 1</bind_shape_matrix>
        <source id="ToroRoot_toro_lleg-skin-joints">
          <Name_array id="ToroRoot_toro_lleg-skin-joints-array" count="18">Bip01_toro Bip01_toro_Pelvis Bip01_toro_L_Thigh Bip01_toro_L_Calf Bip01_toro_R_Thigh Bip01_toro_R_Calf Bip01_toro_Spine Bip01_toro_Spine1 Bip01_toro_Spine2 Bip01_toro_Spine3 Bip01_toro_L_Clavicle Bip01_toro_L_UpperArm Bip01_toro_L_ForeArm Bip01_toro_Neck Bip01_toro_Head Bip01_toro_R_Clavicle Bip01_toro_R_UpperArm Bip01_toro_R_ForeArm</Name_array>
          <technique_common>
            <accessor source="#ToroRoot_toro_lleg-skin-joints-array" count="18" stride="1">
              <param name="JOINT" type="name"/>
            </accessor>
          </technique_common>
        </source>
        <source id="ToroRoot_toro_lleg-skin-bind_poses">
          <float_array id="ToroRoot_toro_lleg-skin-bind_poses-array" count="288">1 1.3868e-6 0 0 -1.3868e-6 1 -1.19209e-7 0.01656574 0 1.19209e-7 1 -0.1870003 0 0 0 1 2.81731e-6 -1 0 0.00999999 1.30636e-6 0 1 -0.1870003 -1 -2.81731e-6 1.3868e-6 -2.31159e-7 0 0 0 1 1.54456e-6 -0.9940608 0.1085083 -0.01035046 0 -0.1085158 -0.9940949 0.1869812 1 1.5394e-6 -2.06241e-7 -0.04999983 0 0 0 1 1.3666e-6 -0.9840741 -0.1775867 0.01449382 -3.27596e-7 0.1775698 -0.9841048 0.08559328 1 1.40246e-6 -1.60053e-7 -0.04999983 0 0 0 1 1.36448e-6 -0.9940608 0.1085083 -0.01035046 2.26758e-7 -0.1085158 -0.9940946 0.1869811 1 1.38031e-6 0 0.04999983 0 0 0 1 1.36007e-6 -0.9840741 -0.1775867 0.01449382 -1.79793e-7 0.17757 -0.9841044 0.08559322 1 1.36967e-6 0 0.04999983 0 0 0 1 -1.20973e-6 -0.994605 0.1037364 -0.01394575 2.53641e-6 0.1037364 0.994605 -0.2309457 -1 1.46632e-6 2.47768e-6 -4.65173e-7 0 0 0 1 0 -7.96646e-4 0.9999998 -0.3402222 -1.36876e-6 0.9999998 7.96728e-4 -0.0217452 -1 -1.36873e-6 0 4.26374e-7 0 0 0 1 4.90027e-5 7.96646e-4 -0.9999998 0.3403072 1.36632e-6 -0.9999998 -7.96728e-4 0.128573 -1 -1.32729e-6 -4.89234e-5 1.7083e-5 0 0 0 1 -7.85958e-7 -0.9999542 -0.009573221 0.02481454 -5.42494e-5 -0.009573101 0.9999542 -0.3401032 -1 1.30526e-6 -5.4159e-5 1.83828e-5 0 0 0 1 0.003538727 0.9999554 0.00877732 -0.02371114 0.9999938 -0.003545343 7.35967e-4 -0.04855841 7.67243e-4 0.008774578 -0.9999613 0.4007716 0 0 0 1 -1.28401e-6 1 -1.75582e-7 -0.01999747 0.9999923 1.28329e-6 0.004010558 -0.05660396 0.004010736 -2.40724e-7 -0.999992 0.4007809 0 0 0 1 0.3083353 0.9512771 0.001236975 -0.07807224 0.9512697 -0.3083377 0.003815472 -0.1760096 0.004011213 1.69734e-7 -0.9999921 0.4007809 0 0 0 1 -1.45377e-7 -0.9996741 0.02553254 0.00919497 1.62429e-4 0.0255326 0.9996741 -0.4454808 -1 4.29257e-6 1.62453e-4 -7.80927e-5 0 0 0 1 -1.38671e-6 -1 0 0.02094519 1.26252e-6 1.85791e-7 0.9999999 -0.4599409 -1 1.38671e-6 1.343e-6 -3.93091e-6 0 0 0 1 -0.003542304 0.9999552 0.008778095 -0.02371144 -0.9999936 -0.003547966 6.28798e-4 -0.04852199 6.59863e-4 -0.00877577 0.9999613 -0.4007715 0 0 0 1 -1.46389e-6 0.9999999 0 -0.01999753 -0.9999921 -1.46467e-6 0.004010796 -0.05661064 0.004010736 1.80033e-7 0.999992 -0.4007749 0 0 0 1 -0.3083379 0.951276 0.001237332 -0.07807439 -0.9512686 -0.3083404 0.003815948 -0.1760159 0.004011511 -3.96627e-7 0.999992 -0.4007747 0 0 0 1</float_array>
          <technique_common>
            <accessor source="#ToroRoot_toro_lleg-skin-bind_poses-array" count="18" stride="16">
              <param name="TRANSFORM" type="float4x4"/>
            </accessor>
          </technique_common>
        </source>
        <source id="ToroRoot_toro_lleg-skin-weights">
          <float_array id="ToroRoot_toro_lleg-skin-weights-array" count="307">1 1 1 1 1 1 1 1 1 1 1 1 1 1 1 1 1 1 0.5000183 0.4999817 0.5002697 0.4997302 0.5 0.5 1 0.9997999 2.0006e-4 1 1 1 1 1 1 1 1 1 1 0.5000011 0.4999989 1 1 1 1 1 0.5006424 0.4993577 0.5003086 0.4996914 1 1 1 1 1 1 1 1 1 1 1 1 0.5007035 0.4992966 0.500121 0.499879 1 1 1 1 1 1 1 1 0.5000175 0.4999825 1 0.5000005 0.4999995 0.5 0.5000001 0.4999989 0.5000012 1 1 1 1 1 1 1 1 1 1 1 0.9999062 9.37819e-5 0.5 0.5 0.5 0.5 0.5 0.5 0.4998059 0.500194 0.4989433 0.5010566 0.3028072 0.6971929 0.2906842 0.7093158 0.300787 0.699213 0.4999822 0.5000177 0.2913284 0.7086716 1 1 0.002824366 0.9971756 6.7208e-4 0.9993279 1 1 1 1 1 1 1 1 1 1 1 1 1 1 1 1 1 1 1 1 1 1 0.04886752 0.9511325 0.02147626 0.9785237 0.3916894 0.6083106 0.3297479 0.6702522 0.4983617 0.5016384 0.4997212 0.5002788 0.5 0.5 0.5 0.5 0.9997156 2.84318e-4 0.9992883 7.11752e-4 1 1 1 1 0.99857 0.001429915 0.5 0.5 0.5 0.5 0.9988193 0.001180708 0.5 0.5 0.999097 9.03005e-4 1 1 1 1 1 1 0.5 0.5 0.9993154 6.84586e-4 0.9995483 4.51761e-4 1 1 1 1 0.5 0.5 0.5 0.5 0.4485191 0.5514809 0.4513528 0.5486472 0.008702218 0.9912977 2.952e-4 0.9997048 0.4999994 0.5000006 0.03398585 0.9660142 0.447739 0.552261 0.4999752 0.5000249 0.4287292 0.5712708 0.05869072 0.9413092 1 1 1 1 1 1 0.002047419 0.9979525 0.005907416 0.9940925 0.2754974 0.7245026 0.290885 0.709115 0.4972531 0.5027469 0.4976837 0.5023163 0.5 0.5 0.5 0.5 0.9996559 3.44153e-4 0.9997185 2.81526e-4 1 1 1 1 1 1 1 1 1 1 1 1 1 1 1 1 1 1 1 1 1 1 1 1 1 1 1 1 1 1 1 1 1 1 1 1 1 1 1 1 1 1 1 1 1 1 1 1 1 1 1 1 1 1 1 1 1 1 1 1 1 1 1</float_array>
          <technique_common>
            <accessor source="#ToroRoot_toro_lleg-skin-weights-array" count="307" stride="1">
              <param name="WEIGHT" type="float"/>
            </accessor>
          </technique_common>
        </source>
        <joints>
          <input semantic="JOINT" source="#ToroRoot_toro_lleg-skin-joints"/>
          <input semantic="INV_BIND_MATRIX" source="#ToroRoot_toro_lleg-skin-bind_poses"/>
        </joints>
        <vertex_weights count="240">
          <input semantic="JOINT" source="#ToroRoot_toro_lleg-skin-joints" offset="0"/>
          <input semantic="WEIGHT" source="#ToroRoot_toro_lleg-skin-weights" offset="1"/>
          <vcount>1 1 1 1 1 1 1 1 1 1 1 1 1 1 1 1 1 1 2 2 2 1 2 1 1 1 1 1 1 1 1 1 1 2 1 1 1 1 1 2 2 1 1 1 1 1 1 1 1 1 1 1 1 2 2 1 1 1 1 1 1 1 1 2 1 2 2 2 1 1 1 1 1 1 1 1 1 1 1 2 2 2 2 2 2 2 2 2 2 2 1 1 2 2 1 1 1 1 1 1 1 1 1 1 1 1 1 1 1 1 1 1 1 1 1 1 2 2 2 2 2 2 2 2 2 2 1 1 1 1 2 2 2 2 2 2 1 1 1 1 1 1 2 2 2 1 1 1 1 2 2 2 2 2 2 2 2 2 2 2 2 1 1 1 1 1 1 2 2 2 2 2 2 2 2 2 2 1 1 1 1 1 1 1 1 1 1 1 1 1 1 1 1 1 1 1 1 1 1 1 1 1 1 1 1 1 1 1 1 1 1 1 1 1 1 1 1 1 1 1 1 1 1 1 1 1 1 1 1 1 1 1 1 1 1 1 1 1 1 1 </vcount>
          <v>3 0 3 1 3 2 3 3 3 4 3 5 3 6 3 7 3 8 3 9 3 10 3 11 3 12 3 13 3 14 3 15 3 16 3 17 2 18 3 19 2 20 3 21 2 22 3 23 3 24 2 25 3 26 2 27 2 28 2 29 2 30 2 31 3 32 3 33 3 34 3 35 3 36 2 37 3 38 3 39 3 40 3 41 3 42 3 43 2 44 3 45 2 46 3 47 2 48 2 49 2 50 2 51 2 52 2 53 3 54 3 55 3 56 3 57 3 58 3 59 2 60 3 61 2 62 3 63 2 64 2 65 2 66 2 67 2 68 2 69 2 70 2 71 2 72 3 73 2 74 2 75 3 76 2 77 3 78 2 79 3 80 2 81 2 82 2 83 2 84 2 85 2 86 2 87 2 88 2 89 2 90 2 91 2 92 3 93 2 94 3 95 2 96 3 97 2 98 3 99 2 100 3 101 2 102 3 103 2 104 3 105 2 106 3 107 2 108 3 109 2 110 3 111 2 112 3 113 3 114 3 115 2 116 3 117 2 118 3 119 3 120 3 121 3 122 3 123 3 124 3 125 3 126 3 127 3 128 3 129 3 130 3 131 3 132 3 133 3 134 3 135 3 136 3 137 3 138 3 139 3 140 3 141 2 142 3 143 2 144 3 145 2 146 3 147 2 148 3 149 2 150 3 151 2 152 3 153 2 154 3 155 2 156 3 157 2 158 3 159 2 160 3 161 2 162 2 163 2 164 2 165 2 166 3 167 2 168 3 169 2 170 3 171 2 172 3 173 2 174 3 175 2 176 3 177 2 178 2 179 2 180 2 181 2 182 2 183 2 184 3 185 2 186 3 187 2 188 3 189 2 190 2 191 2 192 2 193 2 194 3 195 2 196 3 197 2 198 3 199 2 200 3 201 2 202 3 203 2 204 3 205 2 206 3 207 2 208 3 209 2 210 3 211 2 212 3 213 2 214 3 215 2 216 3 217 3 218 3 219 3 220 3 221 3 222 3 223 2 224 3 225 2 226 3 227 2 228 3 229 2 230 3 231 2 232 3 233 2 234 3 235 2 236 3 237 2 238 3 239 2 240 3 241 2 242 3 243 2 244 2 245 2 246 2 247 2 248 2 249 2 250 2 251 2 252 2 253 2 254 2 255 2 256 2 257 2 258 2 259 2 260 2 261 2 262 2 263 2 264 2 265 2 266 2 267 2 268 2 269 2 270 2 271 2 272 2 273 2 274 2 275 2 276 2 277 2 278 2 279 2 280 2 281 2 282 2 283 2 284 2 285 2 286 2 287 2 288 2 289 2 290 2 291 2 292 2 293 2 294 2 295 2 296 2 297 2 298 2 299 2 300 2 301 2 302 2 303 2 304 2 305 2 306</v>
        </vertex_weights>
      </skin>
    </controller>
    <controller id="ToroRoot_toro_tail-skin" name="ToroRoot">
      <skin source="#toro_tail-mesh">
        <bind_shape_matrix>1.3868e-6 3.18686e-6 0.9999996 4.63059e-8 -1.19209e-7 -0.9999996 3.18686e-6 0.08829147 0.9999999 -1.19214e-7 -1.3868e-6 0.2287555 0 0 0 1</bind_shape_matrix>
        <source id="ToroRoot_toro_tail-skin-joints">
          <Name_array id="ToroRoot_toro_tail-skin-joints-array" count="18">Bip01_toro Bip01_toro_Pelvis Bip01_toro_L_Thigh Bip01_toro_L_Calf Bip01_toro_R_Thigh Bip01_toro_R_Calf Bip01_toro_Spine Bip01_toro_Spine1 Bip01_toro_Spine2 Bip01_toro_Spine3 Bip01_toro_L_Clavicle Bip01_toro_L_UpperArm Bip01_toro_L_ForeArm Bip01_toro_Neck Bip01_toro_Head Bip01_toro_R_Clavicle Bip01_toro_R_UpperArm Bip01_toro_R_ForeArm</Name_array>
          <technique_common>
            <accessor source="#ToroRoot_toro_tail-skin-joints-array" count="18" stride="1">
              <param name="JOINT" type="name"/>
            </accessor>
          </technique_common>
        </source>
        <source id="ToroRoot_toro_tail-skin-bind_poses">
          <float_array id="ToroRoot_toro_tail-skin-bind_poses-array" count="288">1 1.3868e-6 0 0 -1.3868e-6 1 -1.19209e-7 0.01656574 0 1.19209e-7 1 -0.1870003 0 0 0 1 2.81731e-6 -1 0 0.00999999 1.30636e-6 0 1 -0.1870003 -1 -2.81731e-6 1.3868e-6 -2.31159e-7 0 0 0 1 1.54456e-6 -0.9940608 0.1085083 -0.01035046 0 -0.1085158 -0.9940949 0.1869812 1 1.5394e-6 -2.06241e-7 -0.04999983 0 0 0 1 1.3666e-6 -0.9840741 -0.1775867 0.01449382 -3.27596e-7 0.1775698 -0.9841048 0.08559328 1 1.40246e-6 -1.60053e-7 -0.04999983 0 0 0 1 1.36448e-6 -0.9940608 0.1085083 -0.01035046 2.26758e-7 -0.1085158 -0.9940946 0.1869811 1 1.38031e-6 0 0.04999983 0 0 0 1 1.36007e-6 -0.9840741 -0.1775867 0.01449382 -1.79793e-7 0.17757 -0.9841044 0.08559322 1 1.36967e-6 0 0.04999983 0 0 0 1 -1.20973e-6 -0.994605 0.1037364 -0.01394575 2.53641e-6 0.1037364 0.994605 -0.2309457 -1 1.46632e-6 2.47768e-6 -4.65173e-7 0 0 0 1 0 -7.96646e-4 0.9999998 -0.3402222 -1.36876e-6 0.9999998 7.96728e-4 -0.0217452 -1 -1.36873e-6 0 4.26374e-7 0 0 0 1 4.90027e-5 7.96646e-4 -0.9999998 0.3403072 1.36632e-6 -0.9999998 -7.96728e-4 0.128573 -1 -1.32729e-6 -4.89234e-5 1.7083e-5 0 0 0 1 -7.85958e-7 -0.9999542 -0.009573221 0.02481454 -5.42494e-5 -0.009573101 0.9999542 -0.3401032 -1 1.30526e-6 -5.4159e-5 1.83828e-5 0 0 0 1 0.003538727 0.9999554 0.00877732 -0.02371114 0.9999938 -0.003545343 7.35967e-4 -0.04855841 7.67243e-4 0.008774578 -0.9999613 0.4007716 0 0 0 1 -1.28401e-6 1 -1.75582e-7 -0.01999747 0.9999923 1.28329e-6 0.004010558 -0.05660396 0.004010736 -2.40724e-7 -0.999992 0.4007809 0 0 0 1 0.3083353 0.9512771 0.001236975 -0.07807224 0.9512697 -0.3083377 0.003815472 -0.1760096 0.004011213 1.69734e-7 -0.9999921 0.4007809 0 0 0 1 -1.45377e-7 -0.9996741 0.02553254 0.00919497 1.62429e-4 0.0255326 0.9996741 -0.4454808 -1 4.29257e-6 1.62453e-4 -7.80927e-5 0 0 0 1 -1.38671e-6 -1 0 0.02094519 1.26252e-6 1.85791e-7 0.9999999 -0.4599409 -1 1.38671e-6 1.343e-6 -3.93091e-6 0 0 0 1 -0.003542304 0.9999552 0.008778095 -0.02371144 -0.9999936 -0.003547966 6.28798e-4 -0.04852199 6.59863e-4 -0.00877577 0.9999613 -0.4007715 0 0 0 1 -1.46389e-6 0.9999999 0 -0.01999753 -0.9999921 -1.46467e-6 0.004010796 -0.05661064 0.004010736 1.80033e-7 0.999992 -0.4007749 0 0 0 1 -0.3083379 0.951276 0.001237332 -0.07807439 -0.9512686 -0.3083404 0.003815948 -0.1760159 0.004011511 -3.96627e-7 0.999992 -0.4007747 0 0 0 1</float_array>
          <technique_common>
            <accessor source="#ToroRoot_toro_tail-skin-bind_poses-array" count="18" stride="16">
              <param name="TRANSFORM" type="float4x4"/>
            </accessor>
          </technique_common>
        </source>
        <source id="ToroRoot_toro_tail-skin-weights">
          <float_array id="ToroRoot_toro_tail-skin-weights-array" count="316">1 1 1 1 1 1 1 1 1 1 1 1 1 1 1 1 1 1 1 1 1 1 1 1 1 1 1 1 1 1 1 1 1 1 1 1 1 1 1 1 1 1 1 1 1 1 1 1 1 1 1 1 1 1 1 1 1 1 1 1 1 1 1 1 1 1 1 1 1 1 1 1 1 1 1 1 1 1 1 1 1 1 1 1 1 1 1 1 1 1 1 1 1 1 1 1 1 1 1 1 1 1 1 1 1 1 1 1 1 1 1 1 1 1 1 1 1 1 1 1 1 1 1 1 1 1 1 1 1 1 1 1 1 1 1 1 1 1 1 1 1 1 1 1 1 1 1 1 1 1 1 1 1 1 1 1 1 1 1 1 1 1 1 1 1 1 1 1 1 1 1 1 1 1 1 1 1 1 1 1 1 1 1 1 1 1 1 1 1 1 1 1 1 1 1 1 1 1 1 1 1 1 1 1 1 1 1 1 1 1 1 1 1 1 1 1 1 1 1 1 1 1 1 1 1 1 1 1 1 1 1 1 1 1 1 1 1 1 1 1 1 1 1 1 1 1 1 1 1 1 1 1 1 1 1 1 1 1 1 1 1 1 1 1 1 1 1 1 1 1 1 1 1 1 1 1 1 1 1 1 1 1 1 1 1 1 1 1 1 1 1 1 1 1 1 1 1 1 1 1 1 1 1 1 1 1 1 1 1 1 1 1 1 1 1 1</float_array>
          <technique_common>
            <accessor source="#ToroRoot_toro_tail-skin-weights-array" count="316" stride="1">
              <param name="WEIGHT" type="float"/>
            </accessor>
          </technique_common>
        </source>
        <joints>
          <input semantic="JOINT" source="#ToroRoot_toro_tail-skin-joints"/>
          <input semantic="INV_BIND_MATRIX" source="#ToroRoot_toro_tail-skin-bind_poses"/>
        </joints>
        <vertex_weights count="316">
          <input semantic="JOINT" source="#ToroRoot_toro_tail-skin-joints" offset="0"/>
          <input semantic="WEIGHT" source="#ToroRoot_toro_tail-skin-weights" offset="1"/>
          <vcount>1 1 1 1 1 1 1 1 1 1 1 1 1 1 1 1 1 1 1 1 1 1 1 1 1 1 1 1 1 1 1 1 1 1 1 1 1 1 1 1 1 1 1 1 1 1 1 1 1 1 1 1 1 1 1 1 1 1 1 1 1 1 1 1 1 1 1 1 1 1 1 1 1 1 1 1 1 1 1 1 1 1 1 1 1 1 1 1 1 1 1 1 1 1 1 1 1 1 1 1 1 1 1 1 1 1 1 1 1 1 1 1 1 1 1 1 1 1 1 1 1 1 1 1 1 1 1 1 1 1 1 1 1 1 1 1 1 1 1 1 1 1 1 1 1 1 1 1 1 1 1 1 1 1 1 1 1 1 1 1 1 1 1 1 1 1 1 1 1 1 1 1 1 1 1 1 1 1 1 1 1 1 1 1 1 1 1 1 1 1 1 1 1 1 1 1 1 1 1 1 1 1 1 1 1 1 1 1 1 1 1 1 1 1 1 1 1 1 1 1 1 1 1 1 1 1 1 1 1 1 1 1 1 1 1 1 1 1 1 1 1 1 1 1 1 1 1 1 1 1 1 1 1 1 1 1 1 1 1 1 1 1 1 1 1 1 1 1 1 1 1 1 1 1 1 1 1 1 1 1 1 1 1 1 1 1 1 1 1 1 1 1 1 1 1 1 1 1 1 1 1 1 1 1 1 1 1 1 1 1 1 1 1 1 1 1 </vcount>
          <v>1 0 1 1 1 2 1 3 1 4 1 5 1 6 1 7 1 8 1 9 1 10 1 11 1 12 1 13 1 14 1 15 1 16 1 17 1 18 1 19 1 20 1 21 1 22 1 23 1 24 1 25 1 26 1 27 1 28 1 29 1 30 1 31 1 32 1 33 1 34 1 35 1 36 1 37 1 38 1 39 1 40 1 41 1 42 1 43 1 44 1 45 1 46 1 47 1 48 1 49 1 50 1 51 1 52 1 53 1 54 1 55 1 56 1 57 1 58 1 59 1 60 1 61 1 62 1 63 1 64 1 65 1 66 1 67 1 68 1 69 1 70 1 71 1 72 1 73 1 74 1 75 1 76 1 77 1 78 1 79 1 80 1 81 1 82 1 83 1 84 1 85 1 86 1 87 1 88 1 89 1 90 1 91 1 92 1 93 1 94 1 95 1 96 1 97 1 98 1 99 1 100 1 101 1 102 1 103 1 104 1 105 1 106 1 107 1 108 1 109 1 110 1 111 1 112 1 113 1 114 1 115 1 116 1 117 1 118 1 119 1 120 1 121 1 122 1 123 1 124 1 125 1 126 1 127 1 128 1 129 1 130 1 131 1 132 1 133 1 134 1 135 1 136 1 137 1 138 1 139 1 140 1 141 1 142 1 143 1 144 1 145 1 146 1 147 1 148 1 149 1 150 1 151 1 152 1 153 1 154 1 155 1 156 1 157 1 158 1 159 1 160 1 161 1 162 1 163 1 164 1 165 1 166 1 167 1 168 1 169 1 170 1 171 1 172 1 173 1 174 1 175 1 176 1 177 1 178 1 179 1 180 1 181 1 182 1 183 1 184 1 185 1 186 1 187 1 188 1 189 1 190 1 191 1 192 1 193 1 194 1 195 1 196 1 197 1 198 1 199 1 200 1 201 1 202 1 203 1 204 1 205 1 206 1 207 1 208 1 209 1 210 1 211 1 212 1 213 1 214 1 215 1 216 1 217 1 218 1 219 1 220 1 221 1 222 1 223 1 224 1 225 1 226 1 227 1 228 1 229 1 230 1 231 1 232 1 233 1 234 1 235 1 236 1 237 1 238 1 239 1 240 1 241 1 242 1 243 1 244 1 245 1 246 1 247 1 248 1 249 1 250 1 251 1 252 1 253 1 254 1 255 1 256 1 257 1 258 1 259 1 260 1 261 1 262 1 263 1 264 1 265 1 266 1 267 1 268 1 269 1 270 1 271 1 272 1 273 1 274 1 275 1 276 1 277 1 278 1 279 1 280 1 281 1 282 1 283 1 284 1 285 1 286 1 287 1 288 1 289 1 290 1 291 1 292 1 293 1 294 1 295 1 296 1 297 1 298 1 299 1 300 1 301 1 302 1 303 1 304 1 305 1 306 1 307 1 308 1 309 1 310 1 311 1 312 1 313 1 314 1 315</v>
        </vertex_weights>
      </skin>
    </controller>
    <controller id="ToroRoot_toro_head-skin" name="ToroRoot">
      <skin source="#toro_head-mesh">
        <bind_shape_matrix>0.9999996 2.75761e-6 1.34642e-6 -3.21593e-5 -2.75761e-6 0.9999999 -1.31313e-6 0.01620413 -1.34642e-6 1.31312e-6 1 0.4499253 0 0 0 1</bind_shape_matrix>
        <source id="ToroRoot_toro_head-skin-joints">
          <Name_array id="ToroRoot_toro_head-skin-joints-array" count="18">Bip01_toro Bip01_toro_Pelvis Bip01_toro_L_Thigh Bip01_toro_L_Calf Bip01_toro_R_Thigh Bip01_toro_R_Calf Bip01_toro_Spine Bip01_toro_Spine1 Bip01_toro_Spine2 Bip01_toro_Spine3 Bip01_toro_L_Clavicle Bip01_toro_L_UpperArm Bip01_toro_L_ForeArm Bip01_toro_Neck Bip01_toro_Head Bip01_toro_R_Clavicle Bip01_toro_R_UpperArm Bip01_toro_R_ForeArm</Name_array>
          <technique_common>
            <accessor source="#ToroRoot_toro_head-skin-joints-array" count="18" stride="1">
              <param name="JOINT" type="name"/>
            </accessor>
          </technique_common>
        </source>
        <source id="ToroRoot_toro_head-skin-bind_poses">
          <float_array id="ToroRoot_toro_head-skin-bind_poses-array" count="288">1 1.3868e-6 0 0 -1.3868e-6 1 -1.19209e-7 0.01656574 0 1.19209e-7 1 -0.1870003 0 0 0 1 2.81731e-6 -1 0 0.00999999 1.30636e-6 0 1 -0.1870003 -1 -2.81731e-6 1.3868e-6 -2.31159e-7 0 0 0 1 1.54456e-6 -0.9940608 0.1085083 -0.01035046 0 -0.1085158 -0.9940949 0.1869812 1 1.5394e-6 -2.06241e-7 -0.04999983 0 0 0 1 1.3666e-6 -0.9840741 -0.1775867 0.01449382 -3.27596e-7 0.1775698 -0.9841048 0.08559328 1 1.40246e-6 -1.60053e-7 -0.04999983 0 0 0 1 1.36448e-6 -0.9940608 0.1085083 -0.01035046 2.26758e-7 -0.1085158 -0.9940946 0.1869811 1 1.38031e-6 0 0.04999983 0 0 0 1 1.36007e-6 -0.9840741 -0.1775867 0.01449382 -1.79793e-7 0.17757 -0.9841044 0.08559322 1 1.36967e-6 0 0.04999983 0 0 0 1 -1.20973e-6 -0.994605 0.1037364 -0.01394575 2.53641e-6 0.1037364 0.994605 -0.2309457 -1 1.46632e-6 2.47768e-6 -4.65173e-7 0 0 0 1 0 -7.96646e-4 0.9999998 -0.3402222 -1.36876e-6 0.9999998 7.96728e-4 -0.0217452 -1 -1.36873e-6 0 4.26374e-7 0 0 0 1 4.90027e-5 7.96646e-4 -0.9999998 0.3403072 1.36632e-6 -0.9999998 -7.96728e-4 0.128573 -1 -1.32729e-6 -4.89234e-5 1.7083e-5 0 0 0 1 -7.85958e-7 -0.9999542 -0.009573221 0.02481454 -5.42494e-5 -0.009573101 0.9999542 -0.3401032 -1 1.30526e-6 -5.4159e-5 1.83828e-5 0 0 0 1 0.003538727 0.9999554 0.00877732 -0.02371114 0.9999938 -0.003545343 7.35967e-4 -0.04855841 7.67243e-4 0.008774578 -0.9999613 0.4007716 0 0 0 1 -1.28401e-6 1 -1.75582e-7 -0.01999747 0.9999923 1.28329e-6 0.004010558 -0.05660396 0.004010736 -2.40724e-7 -0.999992 0.4007809 0 0 0 1 0.3083353 0.9512771 0.001236975 -0.07807224 0.9512697 -0.3083377 0.003815472 -0.1760096 0.004011213 1.69734e-7 -0.9999921 0.4007809 0 0 0 1 -1.45377e-7 -0.9996741 0.02553254 0.00919497 1.62429e-4 0.0255326 0.9996741 -0.4454808 -1 4.29257e-6 1.62453e-4 -7.80927e-5 0 0 0 1 -1.38671e-6 -1 0 0.02094519 1.26252e-6 1.85791e-7 0.9999999 -0.4599409 -1 1.38671e-6 1.343e-6 -3.93091e-6 0 0 0 1 -0.003542304 0.9999552 0.008778095 -0.02371144 -0.9999936 -0.003547966 6.28798e-4 -0.04852199 6.59863e-4 -0.00877577 0.9999613 -0.4007715 0 0 0 1 -1.46389e-6 0.9999999 0 -0.01999753 -0.9999921 -1.46467e-6 0.004010796 -0.05661064 0.004010736 1.80033e-7 0.999992 -0.4007749 0 0 0 1 -0.3083379 0.951276 0.001237332 -0.07807439 -0.9512686 -0.3083404 0.003815948 -0.1760159 0.004011511 -3.96627e-7 0.999992 -0.4007747 0 0 0 1</float_array>
          <technique_common>
            <accessor source="#ToroRoot_toro_head-skin-bind_poses-array" count="18" stride="16">
              <param name="TRANSFORM" type="float4x4"/>
            </accessor>
          </technique_common>
        </source>
        <source id="ToroRoot_toro_head-skin-weights">
          <float_array id="ToroRoot_toro_head-skin-weights-array" count="843">1 1 1 1 1 1 1 1 1 1 1 1 1 1 1 1 1 1 1 1 1 1 1 1 1 1 1 1 1 1 1 1 1 1 1 1 1 1 1 1 1 1 1 1 1 1 1 1 1 1 1 1 1 1 1 1 1 1 1 1 1 1 1 1 1 1 1 1 1 1 1 1 1 1 1 1 1 1 1 1 1 1 1 1 1 1 1 1 1 1 1 1 1 1 1 1 1 1 1 1 1 1 1 1 1 1 1 1 1 1 1 1 1 1 1 1 1 1 1 1 1 1 1 1 1 1 1 1 1 1 1 1 1 1 1 1 1 1 1 1 1 1 1 1 1 1 1 1 1 1 1 1 1 1 1 1 1 1 1 1 1 1 1 1 1 1 1 1 1 1 1 1 1 1 1 1 1 1 1 1 1 1 1 1 1 1 1 1 1 1 1 1 1 1 1 1 1 1 1 1 1 1 1 1 1 1 1 1 1 1 1 1 1 1 1 1 1 1 1 1 1 1 1 1 1 1 1 1 1 1 1 1 1 1 1 1 1 1 1 1 1 1 1 1 1 1 1 1 1 1 1 1 1 1 1 1 1 1 1 1 1 1 1 1 1 1 1 1 1 1 1 1 1 1 1 1 1 1 1 1 1 1 1 1 1 1 1 1 1 1 1 1 1 1 1 1 1 1 1 1 1 1 1 1 1 1 1 1 1 1 1 1 1 1 1 1 1 1 1 1 1 1 1 1 1 1 1 1 1 1 1 1 1 1 1 1 1 1 1 1 1 1 1 1 1 1 1 1 1 1 1 1 1 1 1 1 1 1 1 1 1 1 1 1 1 1 1 1 1 1 1 1 1 1 1 1 1 1 1 1 1 1 1 1 1 1 1 1 1 1 1 1 1 1 1 1 1 1 1 1 1 1 1 1 1 1 1 1 1 1 1 1 1 1 1 1 1 1 1 1 1 1 1 1 1 1 1 1 1 1 1 1 1 1 1 1 1 1 1 1 1 1 1 1 1 1 1 1 1 1 1 1 1 1 1 1 1 1 1 1 1 1 1 1 1 1 1 1 1 1 1 1 1 1 1 1 1 1 1 1 1 1 1 1 1 1 1 1 1 1 1 1 1 1 1 1 1 1 1 1 1 1 1 1 1 1 1 1 1 1 1 1 1 1 1 1 1 1 1 1 1 1 1 1 1 1 1 1 1 1 1 1 1 1 1 1 1 1 1 1 1 1 1 1 1 1 1 1 1 1 1 1 1 1 1 1 1 1 1 1 1 1 1 1 1 1 1 1 1 1 1 1 1 1 1 1 1 1 1 1 1 1 1 1 1 1 1 1 1 1 1 1 1 1 1 1 1 1 1 1 1 1 1 1 1 1 1 1 1 1 1 1 1 1 1 1 1 1 1 1 1 1 1 1 1 1 1 1 1 1 1 1 1 1 1 1 1 1 1 1 1 1 1 1 1 1 1 1 1 1 1 1 1 1 1 1 1 1 1 1 1 1 1 1 1 1 1 1 1 1 1 1 1 1 1 1 1 1 1 1 1 1 1 1 1 1 1 1 1 1 1 1 1 1 1 1 1 1 1 1 1 1 1 1 1 1 1 1 1 1 1 1 1 1 1 1 1 1 1 1 1 1 1 1 1 1 1 1 1 1 1 1 1 1 1 1 1 1 1 1 1 1 1 1 1 1 1 1 1 1 1 1 1 1 1 1 1 1 1 1 1 1 1 1 1 1 1 1 1 1 1 1 1 1 1 1 1 1 1 1 1 1 1 1 1 1 1 1 1 1 1 1 1 1 1 1 1 1 1 1 1 1 1 1 1 1 1 1 1 1 1 1 1 1 1 1 1 1 1 1 1 1 1 1 1 1 1 1 1 1 1 1 1 1 1 1 1 1 1 1 1 1 1</float_array>
          <technique_common>
            <accessor source="#ToroRoot_toro_head-skin-weights-array" count="843" stride="1">
              <param name="WEIGHT" type="float"/>
            </accessor>
          </technique_common>
        </source>
        <joints>
          <input semantic="JOINT" source="#ToroRoot_toro_head-skin-joints"/>
          <input semantic="INV_BIND_MATRIX" source="#ToroRoot_toro_head-skin-bind_poses"/>
        </joints>
        <vertex_weights count="843">
          <input semantic="JOINT" source="#ToroRoot_toro_head-skin-joints" offset="0"/>
          <input semantic="WEIGHT" source="#ToroRoot_toro_head-skin-weights" offset="1"/>
          <vcount>1 1 1 1 1 1 1 1 1 1 1 1 1 1 1 1 1 1 1 1 1 1 1 1 1 1 1 1 1 1 1 1 1 1 1 1 1 1 1 1 1 1 1 1 1 1 1 1 1 1 1 1 1 1 1 1 1 1 1 1 1 1 1 1 1 1 1 1 1 1 1 1 1 1 1 1 1 1 1 1 1 1 1 1 1 1 1 1 1 1 1 1 1 1 1 1 1 1 1 1 1 1 1 1 1 1 1 1 1 1 1 1 1 1 1 1 1 1 1 1 1 1 1 1 1 1 1 1 1 1 1 1 1 1 1 1 1 1 1 1 1 1 1 1 1 1 1 1 1 1 1 1 1 1 1 1 1 1 1 1 1 1 1 1 1 1 1 1 1 1 1 1 1 1 1 1 1 1 1 1 1 1 1 1 1 1 1 1 1 1 1 1 1 1 1 1 1 1 1 1 1 1 1 1 1 1 1 1 1 1 1 1 1 1 1 1 1 1 1 1 1 1 1 1 1 1 1 1 1 1 1 1 1 1 1 1 1 1 1 1 1 1 1 1 1 1 1 1 1 1 1 1 1 1 1 1 1 1 1 1 1 1 1 1 1 1 1 1 1 1 1 1 1 1 1 1 1 1 1 1 1 1 1 1 1 1 1 1 1 1 1 1 1 1 1 1 1 1 1 1 1 1 1 1 1 1 1 1 1 1 1 1 1 1 1 1 1 1 1 1 1 1 1 1 1 1 1 1 1 1 1 1 1 1 1 1 1 1 1 1 1 1 1 1 1 1 1 1 1 1 1 1 1 1 1 1 1 1 1 1 1 1 1 1 1 1 1 1 1 1 1 1 1 1 1 1 1 1 1 1 1 1 1 1 1 1 1 1 1 1 1 1 1 1 1 1 1 1 1 1 1 1 1 1 1 1 1 1 1 1 1 1 1 1 1 1 1 1 1 1 1 1 1 1 1 1 1 1 1 1 1 1 1 1 1 1 1 1 1 1 1 1 1 1 1 1 1 1 1 1 1 1 1 1 1 1 1 1 1 1 1 1 1 1 1 1 1 1 1 1 1 1 1 1 1 1 1 1 1 1 1 1 1 1 1 1 1 1 1 1 1 1 1 1 1 1 1 1 1 1 1 1 1 1 1 1 1 1 1 1 1 1 1 1 1 1 1 1 1 1 1 1 1 1 1 1 1 1 1 1 1 1 1 1 1 1 1 1 1 1 1 1 1 1 1 1 1 1 1 1 1 1 1 1 1 1 1 1 1 1 1 1 1 1 1 1 1 1 1 1 1 1 1 1 1 1 1 1 1 1 1 1 1 1 1 1 1 1 1 1 1 1 1 1 1 1 1 1 1 1 1 1 1 1 1 1 1 1 1 1 1 1 1 1 1 1 1 1 1 1 1 1 1 1 1 1 1 1 1 1 1 1 1 1 1 1 1 1 1 1 1 1 1 1 1 1 1 1 1 1 1 1 1 1 1 1 1 1 1 1 1 1 1 1 1 1 1 1 1 1 1 1 1 1 1 1 1 1 1 1 1 1 1 1 1 1 1 1 1 1 1 1 1 1 1 1 1 1 1 1 1 1 1 1 1 1 1 1 1 1 1 1 1 1 1 1 1 1 1 1 1 1 1 1 1 1 1 1 1 1 1 1 1 1 1 1 1 1 1 1 1 1 1 1 1 1 1 1 1 1 1 1 1 1 1 1 1 1 1 1 1 1 1 1 1 1 1 1 1 1 1 1 1 1 1 1 1 1 1 1 1 1 1 1 1 1 1 1 1 1 1 1 1 1 1 1 1 1 1 1 1 1 1 1 1 1 1 1 1 1 1 1 1 1 1 1 1 1 1 1 1 1 1 1 1 1 1 1 1 1 1 1 1 1 1 1 1 1 1 1 1 1 1 </vcount>
          <v>14 0 14 1 14 2 14 3 14 4 14 5 14 6 14 7 14 8 14 9 14 10 14 11 14 12 14 13 14 14 14 15 14 16 14 17 14 18 14 19 14 20 14 21 14 22 14 23 14 24 14 25 14 26 14 27 14 28 14 29 14 30 14 31 14 32 14 33 14 34 14 35 14 36 14 37 14 38 14 39 14 40 14 41 14 42 14 43 14 44 14 45 14 46 14 47 14 48 14 49 14 50 14 51 14 52 14 53 14 54 14 55 14 56 14 57 14 58 14 59 14 60 14 61 14 62 14 63 14 64 14 65 14 66 14 67 14 68 14 69 14 70 14 71 14 72 14 73 14 74 14 75 14 76 14 77 14 78 14 79 14 80 14 81 14 82 14 83 14 84 14 85 14 86 14 87 14 88 14 89 14 90 14 91 14 92 14 93 14 94 14 95 14 96 14 97 14 98 14 99 14 100 14 101 14 102 14 103 14 104 14 105 14 106 14 107 14 108 14 109 14 110 14 111 14 112 14 113 14 114 14 115 14 116 14 117 14 118 14 119 14 120 14 121 14 122 14 123 14 124 14 125 14 126 14 127 14 128 14 129 14 130 14 131 14 132 14 133 14 134 14 135 14 136 14 137 14 138 14 139 14 140 14 141 14 142 14 143 14 144 14 145 14 146 14 147 14 148 14 149 14 150 14 151 14 152 14 153 14 154 14 155 14 156 14 157 14 158 14 159 14 160 14 161 14 162 14 163 14 164 14 165 14 166 14 167 14 168 14 169 14 170 14 171 14 172 14 173 14 174 14 175 14 176 14 177 14 178 14 179 14 180 14 181 14 182 14 183 14 184 14 185 14 186 14 187 14 188 14 189 14 190 14 191 14 192 14 193 14 194 14 195 14 196 14 197 14 198 14 199 14 200 14 201 14 202 14 203 14 204 14 205 14 206 14 207 14 208 14 209 14 210 14 211 14 212 14 213 14 214 14 215 14 216 14 217 14 218 14 219 14 220 14 221 14 222 14 223 14 224 14 225 14 226 14 227 14 228 14 229 14 230 14 231 14 232 14 233 14 234 14 235 14 236 14 237 14 238 14 239 14 240 14 241 14 242 14 243 14 244 14 245 14 246 14 247 14 248 14 249 14 250 14 251 14 252 14 253 14 254 14 255 14 256 14 257 14 258 14 259 14 260 14 261 14 262 14 263 14 264 14 265 14 266 14 267 14 268 14 269 14 270 14 271 14 272 14 273 14 274 14 275 14 276 14 277 14 278 14 279 14 280 14 281 14 282 14 283 14 284 14 285 14 286 14 287 14 288 14 289 14 290 14 291 14 292 14 293 14 294 14 295 14 296 14 297 14 298 14 299 14 300 14 301 14 302 14 303 14 304 14 305 14 306 14 307 14 308 14 309 14 310 14 311 14 312 14 313 14 314 14 315 14 316 14 317 14 318 14 319 14 320 14 321 14 322 14 323 14 324 14 325 14 326 14 327 14 328 14 329 14 330 14 331 14 332 14 333 14 334 14 335 14 336 14 337 14 338 14 339 14 340 14 341 14 342 14 343 14 344 14 345 14 346 14 347 14 348 14 349 14 350 14 351 14 352 14 353 14 354 14 355 14 356 14 357 14 358 14 359 14 360 14 361 14 362 14 363 14 364 14 365 14 366 14 367 14 368 14 369 14 370 14 371 14 372 14 373 14 374 14 375 14 376 14 377 14 378 14 379 14 380 14 381 14 382 14 383 14 384 14 385 14 386 14 387 14 388 14 389 14 390 14 391 14 392 14 393 14 394 14 395 14 396 14 397 14 398 14 399 14 400 14 401 14 402 14 403 14 404 14 405 14 406 14 407 14 408 14 409 14 410 14 411 14 412 14 413 14 414 14 415 14 416 14 417 14 418 14 419 14 420 14 421 14 422 14 423 14 424 14 425 14 426 14 427 14 428 14 429 14 430 14 431 14 432 14 433 14 434 14 435 14 436 14 437 14 438 14 439 14 440 14 441 14 442 14 443 14 444 14 445 14 446 14 447 14 448 14 449 14 450 14 451 14 452 14 453 14 454 14 455 14 456 14 457 14 458 14 459 14 460 14 461 14 462 14 463 14 464 14 465 14 466 14 467 14 468 14 469 14 470 14 471 14 472 14 473 14 474 14 475 14 476 14 477 14 478 14 479 14 480 14 481 14 482 14 483 14 484 14 485 14 486 14 487 14 488 14 489 14 490 14 491 14 492 14 493 14 494 14 495 14 496 14 497 14 498 14 499 14 500 14 501 14 502 14 503 14 504 14 505 14 506 14 507 14 508 14 509 14 510 14 511 14 512 14 513 14 514 14 515 14 516 14 517 14 518 14 519 14 520 14 521 14 522 14 523 14 524 14 525 14 526 14 527 14 528 14 529 14 530 14 531 14 532 14 533 14 534 14 535 14 536 14 537 14 538 14 539 14 540 14 541 14 542 14 543 14 544 14 545 14 546 14 547 14 548 14 549 14 550 14 551 14 552 14 553 14 554 14 555 14 556 14 557 14 558 14 559 14 560 14 561 14 562 14 563 14 564 14 565 14 566 14 567 14 568 14 569 14 570 14 571 14 572 14 573 14 574 14 575 14 576 14 577 14 578 14 579 14 580 14 581 14 582 14 583 14 584 14 585 14 586 14 587 14 588 14 589 14 590 14 591 14 592 14 593 14 594 14 595 14 596 14 597 14 598 14 599 14 600 14 601 14 602 14 603 14 604 14 605 14 606 14 607 14 608 14 609 14 610 14 611 14 612 14 613 14 614 14 615 14 616 14 617 14 618 14 619 14 620 14 621 14 622 14 623 14 624 14 625 14 626 14 627 14 628 14 629 14 630 14 631 14 632 14 633 14 634 14 635 14 636 14 637 14 638 14 639 14 640 14 641 14 642 14 643 14 644 14 645 14 646 14 647 14 648 14 649 14 650 14 651 14 652 14 653 14 654 14 655 14 656 14 657 14 658 14 659 14 660 14 661 14 662 14 663 14 664 14 665 14 666 14 667 14 668 14 669 14 670 14 671 14 672 14 673 14 674 14 675 14 676 14 677 14 678 14 679 14 680 14 681 14 682 14 683 14 684 14 685 14 686 14 687 14 688 14 689 14 690 14 691 14 692 14 693 14 694 14 695 14 696 14 697 14 698 14 699 14 700 14 701 14 702 14 703 14 704 14 705 14 706 14 707 14 708 14 709 14 710 14 711 14 712 14 713 14 714 14 715 14 716 14 717 14 718 14 719 14 720 14 721 14 722 14 723 14 724 14 725 14 726 14 727 14 728 14 729 14 730 14 731 14 732 14 733 14 734 14 735 14 736 14 737 14 738 14 739 14 740 14 741 14 742 14 743 14 744 14 745 14 746 14 747 14 748 14 749 14 750 14 751 14 752 14 753 14 754 14 755 14 756 14 757 14 758 14 759 14 760 14 761 14 762 14 763 14 764 14 765 14 766 14 767 14 768 14 769 14 770 14 771 14 772 14 773 14 774 14 775 14 776 14 777 14 778 14 779 14 780 14 781 14 782 14 783 14 784 14 785 14 786 14 787 14 788 14 789 14 790 14 791 14 792 14 793 14 794 14 795 14 796 14 797 14 798 14 799 14 800 14 801 14 802 14 803 14 804 14 805 14 806 14 807 14 808 14 809 14 810 14 811 14 812 14 813 14 814 14 815 14 816 14 817 14 818 14 819 14 820 14 821 14 822 14 823 14 824 14 825 14 826 14 827 14 828 14 829 14 830 14 831 14 832 14 833 14 834 14 835 14 836 14 837 14 838 14 839 14 840 14 841 14 842</v>
        </vertex_weights>
      </skin>
    </controller>
  </library_controllers>
  <library_visual_scenes>
    <visual_scene id="Scene" name="Scene">
      <node id="ToroRoot" name="ToroRoot" type="NODE">
        <matrix sid="transform">1 0 0 0 0 1 1.19209e-7 0 0 -1.19209e-7 1 0 0 0 0 1</matrix>
        <node id="ToroRoot_Bip01_toro" name="Bip01_toro" sid="Bip01_toro" type="JOINT">
          <matrix sid="transform">1 -1.3868e-6 0 8.66766e-8 1.3868e-6 1 0 -0.01656574 0 0 1 0.1870003 0 0 0 1</matrix>
          <node id="ToroRoot_Bip01_toro_Pelvis" name="Bip01_toro Pelvis" sid="Bip01_toro_Pelvis" type="JOINT">
            <matrix sid="transform">1.43051e-6 1.3868e-6 -1 -4.98352e-8 -1 -3.87678e-8 -1.43051e-6 0.02656573 -3.87698e-8 1 1.30636e-6 1.49012e-8 0 0 0 1</matrix>
            <node id="ToroRoot_Bip01_toro_L_Thigh" name="Bip01_toro L Thigh" sid="Bip01_toro_L_Thigh" type="JOINT">
              <matrix sid="transform">0.9941289 0.1085119 1.27727e-6 8.28877e-8 0.1085195 -0.9940948 1.18045e-6 3.51277e-8 1.39853e-6 -1.03492e-6 -1 -0.04999986 0 0 0 1</matrix>
              <node id="ToroRoot_Bip01_toro_L_Calf" name="Bip01_toro L Calf" sid="Bip01_toro_L_Calf" type="JOINT">
                <matrix sid="transform">0.9590248 -0.2833219 1.4114e-7 4.13274e-9 0.2833219 0.9590248 -3.10567e-8 0.1007887 -1.26558e-7 6.97723e-8 1 3.72529e-9 0 0 0 1</matrix>
                <extra>
                  <technique profile="blender">
                    <layer sid="layer" type="string">0</layer>
                    <roll sid="roll" type="float">1.570795</roll>
                    <tip_x sid="tip_x" type="float">0</tip_x>
                    <tip_y sid="tip_y" type="float">0.01789927</tip_y>
                    <tip_z sid="tip_z" type="float">-0.09918653</tip_z>
                  </technique>
                </extra>
              </node>
              <extra>
                <technique profile="blender">
                  <layer sid="layer" type="string">0</layer>
                  <roll sid="roll" type="float">1.570795</roll>
                  <tip_x sid="tip_x" type="float">0</tip_x>
                  <tip_y sid="tip_y" type="float">-0.01093673</tip_y>
                  <tip_z sid="tip_z" type="float">-0.1001935</tip_z>
                </technique>
              </extra>
            </node>
            <node id="ToroRoot_Bip01_toro_R_Thigh" name="Bip01_toro R Thigh" sid="Bip01_toro_R_Thigh" type="JOINT">
              <matrix sid="transform">0.9941289 0.108512 1.43624e-6 -6.70552e-8 0.1085195 -0.9940952 1.3837e-6 -6.57053e-8 1.57873e-6 -1.21973e-6 -1 0.04999986 0 0 0 1</matrix>
              <node id="ToroRoot_Bip01_toro_R_Calf" name="Bip01_toro R Calf" sid="Bip01_toro_R_Calf" type="JOINT">
                <matrix sid="transform">0.9590248 -0.283322 9.19881e-9 -2.44472e-9 0.2833221 0.9590248 1.38463e-8 0.1007887 -1.2745e-8 -1.06727e-8 1 0 0 0 0 1</matrix>
                <extra>
                  <technique profile="blender">
                    <layer sid="layer" type="string">0</layer>
                    <roll sid="roll" type="float">1.570795</roll>
                    <tip_x sid="tip_x" type="float">0</tip_x>
                    <tip_y sid="tip_y" type="float">0.01789927</tip_y>
                    <tip_z sid="tip_z" type="float">-0.09918653</tip_z>
                  </technique>
                </extra>
              </node>
              <extra>
                <technique profile="blender">
                  <layer sid="layer" type="string">0</layer>
                  <roll sid="roll" type="float">1.570795</roll>
                  <tip_x sid="tip_x" type="float">0</tip_x>
                  <tip_y sid="tip_y" type="float">-0.01093673</tip_y>
                  <tip_z sid="tip_z" type="float">-0.1001935</tip_z>
                </technique>
              </extra>
            </node>
            <node id="ToroRoot_Bip01_toro_Spine" name="Bip01_toro Spine" sid="Bip01_toro_Spine" type="JOINT">
              <matrix sid="transform">0.9946048 -0.1037363 -4.28363e-6 -8.69213e-5 0.1037363 0.9946048 1.09088e-6 0.04414608 4.14736e-6 -1.52936e-6 1 -6.13475e-8 0 0 0 1</matrix>
              <node id="ToroRoot_Bip01_toro_Spine1" name="Bip01_toro Spine1" sid="Bip01_toro_Spine1" type="JOINT">
                <matrix sid="transform">0.1045287 -0.9945219 2.56648e-6 -8.85502e-6 0.9945219 0.1045287 -2.72242e-6 0.1096857 2.43923e-6 2.83699e-6 1 2.53237e-11 0 0 0 1</matrix>
                <node id="ToroRoot_Bip01_toro_Spine2" name="Bip01_toro Spine2" sid="Bip01_toro_Spine2" type="JOINT">
                  <matrix sid="transform">-1 0 -4.89596e-5 8.50514e-5 0 -1 2.43577e-9 0.1068278 -4.89596e-5 2.43578e-9 1 4.37637e-9 0 0 0 1</matrix>
                  <node id="ToroRoot_Bip01_toro_Spine3" name="Bip01_toro Spine3" sid="Bip01_toro_Spine3" type="JOINT">
                    <matrix sid="transform">0.008776546 -0.9999616 5.23768e-6 -6.75342e-7 0.9999616 0.008776532 -2.62837e-6 0.1067443 2.5823e-6 5.26055e-6 1 4.25251e-7 0 0 0 1</matrix>
                    <node id="ToroRoot_Bip01_toro_L_Clavicle" name="Bip01_toro L Clavicle" sid="Bip01_toro_L_Clavicle" type="JOINT">
                      <matrix sid="transform">-0.9999933 0.003537365 7.9856e-4 9.5528e-4 -7.96034e-4 7.15814e-4 -0.9999993 0.06068395 -0.003537936 -0.9999933 -7.12884e-4 -0.04833788 0 0 0 1</matrix>
                      <node id="ToroRoot_Bip01_toro_L_UpperArm" name="Bip01_toro L UpperArm" sid="Bip01_toro_L_UpperArm" type="JOINT">
                        <matrix sid="transform">0.9999553 0.003575224 -0.008763267 1.86265e-9 -0.003546645 0.9999883 0.003274587 0.006661627 0.008774872 -0.00324336 0.9999563 5.28671e-8 0 0 0 1</matrix>
                        <node id="ToroRoot_Bip01_toro_L_ForeArm" name="Bip01_toro L ForeArm" sid="Bip01_toro_L_ForeArm" type="JOINT">
                          <matrix sid="transform">0.9512765 -0.3083389 4.10434e-7 -1.86265e-9 0.3083389 0.9512766 4.58211e-7 0.1349023 -5.31552e-7 -3.09199e-7 1 2.91038e-9 0 0 0 1</matrix>
                          <extra>
                            <technique profile="blender">
                              <connect sid="connect" type="bool">1</connect>
                              <layer sid="layer" type="string">0</layer>
                              <roll sid="roll" type="float">3.137582</roll>
                              <tip_x sid="tip_x" type="float">0.1283283</tip_x>
                              <tip_y sid="tip_y" type="float">-0.04159545</tip_y>
                              <tip_z sid="tip_z" type="float">5.14746e-4</tip_z>
                            </technique>
                          </extra>
                        </node>
                        <extra>
                          <technique profile="blender">
                            <layer sid="layer" type="string">0</layer>
                            <roll sid="roll" type="float">3.137582</roll>
                          </technique>
                        </extra>
                      </node>
                      <extra>
                        <technique profile="blender">
                          <layer sid="layer" type="string">0</layer>
                          <roll sid="roll" type="float">-3.133554</roll>
                          <tip_x sid="tip_x" type="float">0.00999993</tip_x>
                          <tip_y sid="tip_y" type="float">-3.54536e-5</tip_y>
                          <tip_z sid="tip_z" type="float">7.36117e-6</tip_z>
                        </technique>
                      </extra>
                    </node>
                    <node id="ToroRoot_Bip01_toro_Neck" name="Bip01_toro Neck" sid="Bip01_toro_Neck" type="JOINT">
                      <matrix sid="transform">0.9993837 -0.03510149 -5.06083e-6 -1.1811e-5 0.03510149 0.9993837 2.16573e-4 0.1047803 -2.54433e-6 -2.16617e-4 1 6.50289e-11 0 0 0 1</matrix>
                      <node id="ToroRoot_Bip01_toro_Head" name="Bip01_toro Head" sid="Bip01_toro_Head" type="JOINT">
                        <matrix sid="transform">0.9996741 0.02553245 -1.20864e-6 -5.58794e-9 -0.02553244 0.9996742 -1.61131e-4 0.01484499 -2.90583e-6 1.6111e-4 1 -1.5234e-11 0 0 0 1</matrix>
                        <extra>
                          <technique profile="blender">
                            <layer sid="layer" type="string">0</layer>
                            <roll sid="roll" type="float">-1.570796</roll>
                            <tip_x sid="tip_x" type="float">0</tip_x>
                            <tip_y sid="tip_y" type="float">0</tip_y>
                            <tip_z sid="tip_z" type="float">0.01484501</tip_z>
                          </technique>
                        </extra>
                      </node>
                      <extra>
                        <technique profile="blender">
                          <layer sid="layer" type="string">0</layer>
                          <roll sid="roll" type="float">-1.570638</roll>
                          <tip_x sid="tip_x" type="float">2.41245e-6</tip_x>
                          <tip_y sid="tip_y" type="float">3.7903e-4</tip_y>
                          <tip_z sid="tip_z" type="float">0.01484018</tip_z>
                        </technique>
                      </extra>
                    </node>
                    <node id="ToroRoot_Bip01_toro_R_Clavicle" name="Bip01_toro R Clavicle" sid="Bip01_toro_R_Clavicle" type="JOINT">
                      <matrix sid="transform">-0.9999934 0.00354257 -7.97418e-4 9.55539e-4 -7.94883e-4 7.16932e-4 0.9999994 0.06068396 0.00354314 0.9999933 -7.14083e-4 0.04833791 0 0 0 1</matrix>
                      <node id="ToroRoot_Bip01_toro_R_UpperArm" name="Bip01_toro R UpperArm" sid="Bip01_toro_R_UpperArm" type="JOINT">
                        <matrix sid="transform">0.9999553 0.003576026 0.008763959 1.86265e-9 -0.003546502 0.999988 -0.003381998 0.006661616 -0.008775949 0.003350765 0.9999559 -7.42148e-8 0 0 0 1</matrix>
                        <node id="ToroRoot_Bip01_toro_R_ForeArm" name="Bip01_toro R ForeArm" sid="Bip01_toro_R_ForeArm" type="JOINT">
                          <matrix sid="transform">0.9512765 -0.308339 -5.76785e-7 0 0.308339 0.9512765 -7.67875e-7 0.1349023 7.85338e-7 5.5274e-7 1 -8.73115e-10 0 0 0 1</matrix>
                          <extra>
                            <technique profile="blender">
                              <connect sid="connect" type="bool">1</connect>
                              <layer sid="layer" type="string">0</layer>
                              <roll sid="roll" type="float">0.004010736</roll>
                              <tip_x sid="tip_x" type="float">-0.1283282</tip_x>
                              <tip_y sid="tip_y" type="float">-0.04159581</tip_y>
                              <tip_z sid="tip_z" type="float">5.14775e-4</tip_z>
                            </technique>
                          </extra>
                        </node>
                        <extra>
                          <technique profile="blender">
                            <layer sid="layer" type="string">0</layer>
                            <roll sid="roll" type="float">0.004010736</roll>
                          </technique>
                        </extra>
                      </node>
                      <extra>
                        <technique profile="blender">
                          <layer sid="layer" type="string">0</layer>
                          <roll sid="roll" type="float">-0.00814718</roll>
                          <tip_x sid="tip_x" type="float">-0.00999993</tip_x>
                          <tip_y sid="tip_y" type="float">-3.54797e-5</tip_y>
                          <tip_z sid="tip_z" type="float">6.28829e-6</tip_z>
                        </technique>
                      </extra>
                    </node>
                    <extra>
                      <technique profile="blender">
                        <layer sid="layer" type="string">0</layer>
                        <roll sid="roll" type="float">-1.570852</roll>
                        <tip_x sid="tip_x" type="float">-4.69388e-6</tip_x>
                        <tip_y sid="tip_y" type="float">-8.29555e-4</tip_y>
                        <tip_z sid="tip_z" type="float">0.08664858</tip_z>
                      </technique>
                    </extra>
                  </node>
                  <extra>
                    <technique profile="blender">
                      <layer sid="layer" type="string">0</layer>
                      <roll sid="roll" type="float">-1.574089</roll>
                      <tip_x sid="tip_x" type="float">1.5098e-7</tip_x>
                      <tip_y sid="tip_y" type="float">-0.1067442</tip_y>
                      <tip_z sid="tip_z" type="float">-9.03606e-5</tip_z>
                    </technique>
                  </extra>
                </node>
                <extra>
                  <technique profile="blender">
                    <layer sid="layer" type="string">0</layer>
                    <roll sid="roll" type="float">-1.570796</roll>
                    <tip_x sid="tip_x" type="float">-1.46215e-7</tip_x>
                    <tip_y sid="tip_y" type="float">0.1068277</tip_y>
                    <tip_z sid="tip_z" type="float">8.51154e-5</tip_z>
                  </technique>
                </extra>
              </node>
              <extra>
                <technique profile="blender">
                  <layer sid="layer" type="string">0</layer>
                  <roll sid="roll" type="float">-1.570795</roll>
                  <tip_x sid="tip_x" type="float">2.86984e-7</tip_x>
                  <tip_y sid="tip_y" type="float">0.01137834</tip_y>
                  <tip_z sid="tip_z" type="float">0.1090939</tip_z>
                </technique>
              </extra>
            </node>
            <extra>
              <technique profile="blender">
                <layer sid="layer" type="string">0</layer>
                <roll sid="roll" type="float">-1.570792</roll>
                <tip_x sid="tip_x" type="float">0</tip_x>
                <tip_y sid="tip_y" type="float">0</tip_y>
                <tip_z sid="tip_z" type="float">0.04804861</tip_z>
              </technique>
            </extra>
          </node>
          <extra>
            <technique profile="blender">
              <layer sid="layer" type="string">0</layer>
              <tip_x sid="tip_x" type="float">0</tip_x>
              <tip_y sid="tip_y" type="float">0.02656573</tip_y>
              <tip_z sid="tip_z" type="float">0</tip_z>
            </technique>
          </extra>
        </node>
        <node id="toro_head" name="toro_head" type="NODE">
          <matrix sid="transform">1 0 0 0 0 1 0 0 0 0 1 0 0 0 0 1</matrix>
          <instance_controller url="#ToroRoot_toro_head-skin">
            <skeleton>#ToroRoot_Bip01_toro</skeleton>
            <bind_material>
              <technique_common>
                <instance_material symbol="CH_toro_face_high_001-material" target="#CH_toro_face_high_001-material">
                  <bind_vertex_input semantic="UV0" input_semantic="TEXCOORD" input_set="0"/>
                </instance_material>
              </technique_common>
            </bind_material>
          </instance_controller>
        </node>
        <node id="toro_tail" name="toro_tail" type="NODE">
          <matrix sid="transform">1 0 0 0 0 1 0 0 0 0 1 0 0 0 0 1</matrix>
          <instance_controller url="#ToroRoot_toro_tail-skin">
            <skeleton>#ToroRoot_Bip01_toro</skeleton>
            <bind_material>
              <technique_common>
                <instance_material symbol="CH_toro_body_high-material" target="#CH_toro_body_high-material">
                  <bind_vertex_input semantic="UV0" input_semantic="TEXCOORD" input_set="0"/>
                </instance_material>
              </technique_common>
            </bind_material>
          </instance_controller>
        </node>
        <node id="toro_lleg" name="toro_lleg" type="NODE">
          <matrix sid="transform">1 0 0 0 0 1 0 0 0 0 1 0 0 0 0 1</matrix>
          <instance_controller url="#ToroRoot_toro_lleg-skin">
            <skeleton>#ToroRoot_Bip01_toro</skeleton>
            <bind_material>
              <technique_common>
                <instance_material symbol="CH_toro_body_high-material" target="#CH_toro_body_high-material">
                  <bind_vertex_input semantic="UV0" input_semantic="TEXCOORD" input_set="0"/>
                </instance_material>
              </technique_common>
            </bind_material>
          </instance_controller>
        </node>
        <node id="toro_rleg" name="toro_rleg" type="NODE">
          <matrix sid="transform">1 0 0 0 0 1 0 0 0 0 1 0 0 0 0 1</matrix>
          <instance_controller url="#ToroRoot_toro_rleg-skin">
            <skeleton>#ToroRoot_Bip01_toro</skeleton>
            <bind_material>
              <technique_common>
                <instance_material symbol="CH_toro_body_high-material" target="#CH_toro_body_high-material">
                  <bind_vertex_input semantic="UV0" input_semantic="TEXCOORD" input_set="0"/>
                </instance_material>
              </technique_common>
            </bind_material>
          </instance_controller>
        </node>
        <node id="toro_body" name="toro_body" type="NODE">
          <matrix sid="transform">1 0 0 0 0 1 0 0 0 0 1 0 0 0 0 1</matrix>
          <instance_controller url="#ToroRoot_toro_body-skin">
            <skeleton>#ToroRoot_Bip01_toro</skeleton>
            <bind_material>
              <technique_common>
                <instance_material symbol="CH_toro_body_high-material" target="#CH_toro_body_high-material">
                  <bind_vertex_input semantic="UV0" input_semantic="TEXCOORD" input_set="0"/>
                </instance_material>
              </technique_common>
            </bind_material>
          </instance_controller>
        </node>
        <node id="toro_larm" name="toro_larm" type="NODE">
          <matrix sid="transform">1 0 0 0 0 1 0 0 0 0 1 0 0 0 0 1</matrix>
          <instance_controller url="#ToroRoot_toro_larm-skin">
            <skeleton>#ToroRoot_Bip01_toro</skeleton>
            <bind_material>
              <technique_common>
                <instance_material symbol="CH_toro_body_high-material" target="#CH_toro_body_high-material">
                  <bind_vertex_input semantic="UV0" input_semantic="TEXCOORD" input_set="0"/>
                </instance_material>
              </technique_common>
            </bind_material>
          </instance_controller>
        </node>
        <node id="toro_rarm" name="toro_rarm" type="NODE">
          <matrix sid="transform">1 0 0 0 0 1 0 0 0 0 1 0 0 0 0 1</matrix>
          <instance_controller url="#ToroRoot_toro_rarm-skin">
            <skeleton>#ToroRoot_Bip01_toro</skeleton>
            <bind_material>
              <technique_common>
                <instance_material symbol="CH_toro_body_high-material" target="#CH_toro_body_high-material">
                  <bind_vertex_input semantic="UV0" input_semantic="TEXCOORD" input_set="0"/>
                </instance_material>
              </technique_common>
            </bind_material>
          </instance_controller>
        </node>
      </node>
    </visual_scene>
  </library_visual_scenes>
  <scene>
    <instance_visual_scene url="#Scene"/>
  </scene>
</COLLADA>