<?xml version="1.0" encoding="utf-8"?>
<COLLADA xmlns="http://www.collada.org/2005/11/COLLADASchema" version="1.4.1">
  <asset>
    <contributor>
      <author/>
      <authoring_tool>FBX COLLADA exporter</authoring_tool>
      <comments/>
    </contributor>
    <created>2021-03-08T02:20:00Z</created>
    <keywords/>
    <modified>2021-03-08T02:20:00Z</modified>
    <revision/>
    <subject/>
    <title/>
    <unit meter="0.010000" name="centimeter"/>
    <up_axis>Y_UP</up_axis>
  </asset>
  <library_images>
    <image id="CH_toro_body01FBXASC046png-image" name="CH_toro_body01FBXASC046png">
      <init_from>CH_toro_body01.png</init_from>
    </image>
    <image id="CH_toro_face01FBXASC046png-image" name="CH_toro_face01FBXASC046png">
      <init_from>CH_toro_face01.png</init_from>
    </image>
  </library_images>
  <library_materials>
    <material id="CH_toro_body_high" name="CH_toro_body_high">
      <instance_effect url="#CH_toro_body_high-fx"/>
    </material>
    <material id="CH_toro_face_high" name="CH_toro_face_high">
      <instance_effect url="#CH_toro_face_high-fx"/>
    </material>
  </library_materials>
  <library_effects>
    <effect id="CH_toro_body_high-fx" name="CH_toro_body_high">
      <profile_COMMON>
        <technique sid="standard">
          <phong>
            <emission>
              <color sid="emission">0.000000  0.000000 0.000000 1.000000</color>
            </emission>
            <ambient>
              <color sid="ambient">0.200000  0.200000 0.200000 1.000000</color>
            </ambient>
            <diffuse>
              <texture texture="CH_toro_body01FBXASC046png-image" texcoord="CHANNEL0">
                <extra>
                  <technique profile="MAYA">
                    <wrapU sid="wrapU0">TRUE</wrapU>
                    <wrapV sid="wrapV0">TRUE</wrapV>
                    <blend_mode>NONE</blend_mode>
                  </technique>
                </extra>
              </texture>
            </diffuse>
            <specular>
              <color sid="specular">0.200000  0.200000 0.200000 1.000000</color>
            </specular>
            <shininess>
              <float sid="shininess">20.000000</float>
            </shininess>
            <reflective>
              <color sid="reflective">0.000000  0.000000 0.000000 1.000000</color>
            </reflective>
            <reflectivity>
              <float sid="reflectivity">1.000000</float>
            </reflectivity>
            <transparent opaque="RGB_ZERO">
              <color sid="transparent">0.000000  0.000000 0.000000 1.000000</color>
            </transparent>
            <transparency>
              <float sid="transparency">1.000000</float>
            </transparency>
          </phong>
        </technique>
      </profile_COMMON>
    </effect>
    <effect id="CH_toro_face_high-fx" name="CH_toro_face_high">
      <profile_COMMON>
        <technique sid="standard">
          <phong>
            <emission>
              <color sid="emission">0.000000  0.000000 0.000000 1.000000</color>
            </emission>
            <ambient>
              <color sid="ambient">0.200000  0.200000 0.200000 1.000000</color>
            </ambient>
            <diffuse>
              <texture texture="CH_toro_face01FBXASC046png-image" texcoord="CHANNEL0">
                <extra>
                  <technique profile="MAYA">
                    <wrapU sid="wrapU0">TRUE</wrapU>
                    <wrapV sid="wrapV0">TRUE</wrapV>
                    <blend_mode>NONE</blend_mode>
                  </technique>
                </extra>
              </texture>
            </diffuse>
            <specular>
              <color sid="specular">0.200000  0.200000 0.200000 1.000000</color>
            </specular>
            <shininess>
              <float sid="shininess">20.000000</float>
            </shininess>
            <reflective>
              <color sid="reflective">0.000000  0.000000 0.000000 1.000000</color>
            </reflective>
            <reflectivity>
              <float sid="reflectivity">1.000000</float>
            </reflectivity>
            <transparent opaque="RGB_ZERO">
              <color sid="transparent">0.000000  0.000000 0.000000 1.000000</color>
            </transparent>
            <transparency>
              <float sid="transparency">1.000000</float>
            </transparency>
          </phong>
        </technique>
      </profile_COMMON>
    </effect>
  </library_effects>
  <library_geometries>
    <geometry id="toro_body-lib" name="toro_bodyMesh">
      <mesh>
        <source id="toro_body-POSITION">
          <float_array id="toro_body-POSITION-array" count="1131">
0.060132 -0.010842 0.187316
0.064260 -0.015755 0.195921
0.072039 -0.003720 0.193704
0.069327 -0.001221 0.187554
0.075817 0.007811 0.191230
0.072474 0.009363 0.187785
0.060763 0.003538 0.184364
0.074129 -0.006390 0.199853
0.065045 -0.018808 0.203905
0.048149 -0.023047 0.196177
0.048823 -0.026741 0.204323
0.065079 -0.019644 0.210924
0.074888 -0.007567 0.205739
0.073992 -0.005938 0.224144
0.078385 0.006643 0.223761
0.079033 0.004647 0.202242
0.064064 -0.017427 0.224562
0.048874 -0.027704 0.211086
0.072943 -0.004036 0.245689
0.062844 -0.014757 0.241425
0.031466 -0.027687 0.241442
0.031210 -0.025154 0.260888
0.062324 -0.012957 0.260879
0.032131 -0.031022 0.224298
0.000002 -0.032822 0.241467
0.000002 -0.036234 0.224315
0.072491 -0.002415 0.263012
0.077634 0.008869 0.249988
0.077097 0.010097 0.265161
0.072909 0.025023 0.249962
0.073915 0.024315 0.223965
0.066802 0.038431 0.249945
0.067970 0.038115 0.223906
0.074819 0.023692 0.202233
0.069011 0.037842 0.202216
0.072047 -0.000803 0.280326
0.076551 0.011325 0.280326
0.071527 0.001090 0.300557
0.075834 0.012963 0.300557
0.061267 -0.009290 0.300557
0.061804 -0.011158 0.280326
0.030690 -0.019994 0.300557
0.030954 -0.022621 0.280326
0.000002 -0.026988 0.280326
0.000002 -0.029905 0.260897
0.071928 0.026225 0.280326
0.072414 0.025620 0.265144
0.066657 0.038158 0.265136
0.066512 0.037876 0.280326
0.071271 0.027019 0.300557
0.075109 0.014600 0.320788
0.070623 0.027820 0.320788
0.066316 0.037510 0.300557
0.066137 0.037143 0.320788
0.074581 0.015803 0.335655
0.070120 0.028435 0.336286
0.074052 0.017014 0.350529
0.069617 0.029049 0.351783
0.065992 0.036861 0.336687
0.065847 0.036588 0.352551
0.073566 0.017415 0.371281
0.069310 0.028801 0.371912
0.064909 0.035957 0.372296
0.070120 0.006165 0.354982
0.069702 0.007197 0.373515
0.070563 0.004570 0.337889
0.060209 -0.005622 0.340149
0.059697 -0.003831 0.359502
0.073088 0.017824 0.392041
0.069011 0.028562 0.392041
0.063936 0.035369 0.392041
0.058648 -0.003012 0.375767
0.069284 0.008229 0.392041
0.057599 -0.002194 0.392041
0.029922 -0.012318 0.359502
0.029828 -0.010228 0.375767
0.029734 -0.008138 0.392041
0.000002 -0.010970 0.392041
0.000002 -0.013034 0.375767
0.000002 -0.015098 0.359502
0.030178 -0.014842 0.340149
0.000002 -0.018007 0.340149
0.060729 -0.007414 0.320788
0.030434 -0.017359 0.320788
0.000002 -0.020915 0.320788
0.000002 -0.023952 0.300557
0.070998 0.002975 0.320788
-0.030695 -0.019994 0.300557
-0.030430 -0.017359 0.320788
-0.030174 -0.014842 0.340149
-0.029927 -0.012318 0.359502
-0.060726 -0.007414 0.320788
-0.060214 -0.005622 0.340149
-0.029825 -0.010228 0.375767
-0.058645 -0.003012 0.375767
-0.059694 -0.003831 0.359502
-0.029731 -0.008138 0.392041
-0.070116 0.006165 0.354982
-0.070560 0.004570 0.337889
-0.074048 0.017014 0.350529
-0.073571 0.017415 0.371281
-0.069622 0.029049 0.351783
-0.070116 0.028435 0.336286
-0.074577 0.015803 0.335655
-0.065988 0.036861 0.336687
-0.065852 0.036588 0.352551
-0.069315 0.028801 0.371912
-0.064905 0.035957 0.372296
-0.069699 0.007197 0.373515
-0.069281 0.008229 0.392041
-0.057604 -0.002194 0.392041
-0.070620 0.027820 0.320788
-0.075106 0.014600 0.320788
-0.071276 0.027019 0.300557
-0.075831 0.012963 0.300557
-0.066321 0.037510 0.300557
-0.066133 0.037143 0.320788
-0.069008 0.028562 0.392041
-0.073093 0.017824 0.392041
-0.063941 0.035369 0.392041
-0.071925 0.026225 0.280326
-0.076556 0.011325 0.280326
-0.071524 0.001090 0.300557
-0.072044 -0.000803 0.280326
-0.061263 -0.009290 0.300557
-0.061809 -0.011158 0.280326
-0.030959 -0.022621 0.280326
-0.072419 0.025620 0.265144
-0.077093 0.010097 0.265161
-0.066654 0.038158 0.265136
-0.066509 0.037876 0.280326
-0.072496 -0.002415 0.263012
-0.077639 0.008869 0.249988
-0.072940 -0.004036 0.245689
-0.062321 -0.012957 0.260879
-0.062841 -0.014757 0.241425
-0.031215 -0.025154 0.260888
-0.031462 -0.027687 0.241442
-0.064061 -0.017427 0.224562
-0.032136 -0.031022 0.224298
-0.073989 -0.005938 0.224144
-0.065076 -0.019644 0.210924
-0.048870 -0.027704 0.211086
-0.074893 -0.007567 0.205739
-0.078381 0.006643 0.223761
-0.079029 0.004647 0.202242
-0.072906 0.025023 0.249962
-0.073920 0.024315 0.223965
-0.066799 0.038431 0.249945
-0.067967 0.038115 0.223906
-0.074816 0.023692 0.202233
-0.069008 0.037842 0.202216
-0.074125 -0.006390 0.199853
-0.065042 -0.018808 0.203905
-0.077844 0.006080 0.195341
-0.073903 0.022387 0.195307
-0.075822 0.007811 0.191230
-0.072564 0.021594 0.191358
-0.068581 0.029603 0.191700
-0.068880 0.035087 0.196075
-0.064257 -0.015755 0.195921
-0.048145 -0.023047 0.196177
-0.048828 -0.026741 0.204323
-0.072036 -0.003720 0.193704
-0.060129 -0.010842 0.187316
-0.069323 -0.001221 0.187554
-0.072479 0.009363 0.187785
-0.060760 0.003538 0.184364
-0.069374 0.022106 0.187785
-0.061400 0.013679 0.184484
-0.062688 0.009807 0.184484
-0.037083 0.008092 0.183622
-0.051540 0.017440 0.184475
-0.034993 0.022439 0.184475
-0.046175 0.033501 0.187776
-0.050278 -0.001375 0.184245
-0.034277 -0.006996 0.184646
-0.045800 -0.017503 0.187716
-0.018541 0.006259 0.184074
-0.017492 0.023198 0.184697
-0.059464 0.029569 0.187776
-0.061451 0.035659 0.191887
-0.047147 0.041177 0.191904
-0.062295 0.041296 0.196365
-0.062355 0.044026 0.202216
-0.061229 0.044239 0.223889
-0.059958 0.044486 0.249937
-0.032187 0.053578 0.223897
-0.031616 0.053382 0.249928
0.000002 0.056845 0.249911
0.000002 0.057493 0.223931
0.032191 0.053578 0.223897
0.031611 0.053382 0.249928
0.059953 0.044486 0.249937
0.061232 0.044239 0.223889
0.031670 0.052845 0.265127
0.059783 0.044171 0.265136
0.000002 0.056146 0.265118
0.031722 0.052299 0.280326
0.059612 0.043864 0.280326
0.059390 0.043446 0.300557
0.031798 0.051574 0.300557
0.000002 0.054525 0.300557
0.000002 0.055455 0.280326
0.031875 0.050858 0.320788
0.059160 0.043028 0.320788
0.031935 0.050286 0.336900
0.058981 0.042695 0.336900
0.058802 0.042363 0.353003
0.031995 0.049706 0.353003
0.000002 0.052853 0.336900
0.000002 0.052111 0.353003
0.000002 0.050150 0.372518
0.031858 0.048017 0.372518
0.000002 0.053596 0.320788
0.000002 0.048197 0.392041
0.031730 0.046329 0.392041
0.056089 0.040537 0.392041
0.057446 0.041450 0.372518
0.031619 0.044913 0.408366
0.054656 0.039531 0.413577
0.053445 0.038473 0.435147
0.031508 0.043497 0.424690
0.030826 0.041177 0.457553
0.051731 0.036571 0.457553
0.000002 0.042363 0.457553
0.000002 0.045186 0.422012
0.000002 0.046687 0.407027
0.050392 0.034567 0.479865
0.030365 0.039599 0.479857
0.000002 0.040597 0.479848
0.062785 0.034729 0.414660
0.061574 0.034106 0.437279
0.068320 0.028017 0.437322
0.067595 0.027394 0.457553
0.060635 0.032529 0.457553
0.072047 0.018720 0.437322
0.070504 0.017176 0.457553
0.068516 0.012997 0.457553
0.068260 0.010754 0.437322
0.072568 0.018276 0.414686
0.068772 0.009491 0.414686
0.068661 0.028290 0.414686
0.054682 0.000092 0.437390
0.056141 -0.001051 0.414711
0.029538 -0.003951 0.424690
0.029180 -0.001938 0.457553
0.054017 0.002531 0.457553
0.053283 0.005244 0.479908
0.068798 0.015470 0.479891
0.029640 -0.006040 0.408366
0.000002 -0.009068 0.407027
0.000002 -0.007166 0.422012
0.028933 -0.000573 0.479917
0.000002 -0.003490 0.479925
0.000002 -0.004914 0.457553
-0.029177 -0.001938 0.457553
-0.028938 -0.000573 0.479917
-0.029543 -0.003951 0.424690
-0.054679 0.000092 0.437390
-0.054013 0.002531 0.457553
-0.056146 -0.001051 0.414711
-0.029637 -0.006040 0.408366
-0.068769 0.009491 0.414686
-0.068257 0.010754 0.437322
-0.072573 0.018276 0.414686
-0.072044 0.018720 0.437322
-0.068513 0.012997 0.457553
-0.053280 0.005244 0.479908
-0.068794 0.015470 0.479891
-0.070500 0.017176 0.457553
-0.067592 0.027394 0.457553
-0.068325 0.028017 0.437322
-0.061579 0.034106 0.437279
-0.060632 0.032529 0.457553
-0.068667 0.028290 0.414686
-0.062781 0.034729 0.414660
-0.059574 0.030857 0.479865
-0.066782 0.026703 0.479874
-0.053442 0.038473 0.435147
-0.054653 0.039531 0.413577
-0.031624 0.044913 0.408366
-0.031514 0.043497 0.424690
-0.030831 0.041177 0.457553
-0.051728 0.036571 0.457553
-0.050389 0.034567 0.479865
-0.030371 0.039599 0.479857
-0.056086 0.040537 0.392041
-0.031727 0.046329 0.392041
-0.031863 0.048017 0.372518
-0.057442 0.041450 0.372518
-0.031991 0.049706 0.353003
-0.031931 0.050286 0.336900
-0.058798 0.042363 0.353003
-0.058977 0.042695 0.336900
-0.059165 0.043028 0.320788
-0.031872 0.050858 0.320788
-0.059387 0.043446 0.300557
-0.031804 0.051574 0.300557
-0.031727 0.052299 0.280326
-0.059617 0.043864 0.280326
-0.059788 0.044171 0.265136
-0.031667 0.052845 0.265127
0.077847 0.006080 0.195341
0.073907 0.022387 0.195307
0.072559 0.021594 0.191358
0.068585 0.029603 0.191700
0.068883 0.035087 0.196075
0.069378 0.022106 0.187785
0.061403 0.013679 0.184484
0.061454 0.035659 0.191887
0.059458 0.029569 0.187776
0.046179 0.033501 0.187776
0.047142 0.041177 0.191904
0.051543 0.017440 0.184475
0.034988 0.022439 0.184475
0.037086 0.008092 0.183622
0.062691 0.009807 0.184484
0.050281 -0.001375 0.184245
0.034280 -0.006996 0.184646
0.045803 -0.017503 0.187716
0.018544 0.006259 0.184074
0.017495 0.023198 0.184697
0.031474 -0.022084 0.188117
0.017137 -0.009273 0.185072
0.015738 -0.024804 0.188510
0.032037 -0.028259 0.196425
0.000002 0.004638 0.184527
0.000002 -0.010902 0.185499
0.032609 -0.032592 0.204732
0.016019 -0.031270 0.196646
0.000002 -0.026451 0.188911
0.000002 -0.033018 0.196868
0.016301 -0.035858 0.204783
0.032668 -0.033683 0.211248
0.016335 -0.037035 0.211248
0.000002 -0.037735 0.204834
0.000002 -0.038963 0.211257
-0.016016 -0.031270 0.196646
-0.015735 -0.024804 0.188510
-0.017142 -0.009273 0.185072
-0.031471 -0.022084 0.188117
-0.032042 -0.028259 0.196425
-0.032605 -0.032592 0.204732
-0.016306 -0.035858 0.204783
-0.032665 -0.033683 0.211248
-0.016332 -0.037035 0.211248
0.000002 0.023718 0.184927
0.016446 0.040478 0.187768
0.000002 0.042798 0.187768
0.032890 0.036785 0.187768
0.032839 0.046047 0.191921
0.016420 0.049476 0.191879
0.032796 0.051881 0.196757
0.047543 0.046909 0.196561
0.047526 0.049212 0.202207
0.032702 0.053749 0.202207
0.016395 0.054994 0.196698
0.000002 0.051284 0.191845
0.000002 0.056333 0.196629
0.016352 0.056820 0.202207
0.000002 0.058073 0.202199
0.062299 0.041296 0.196365
0.062358 0.044026 0.202216
0.059569 0.030857 0.479865
0.066785 0.026703 0.479874
-0.016443 0.040478 0.187768
-0.032895 0.036785 0.187768
-0.032844 0.046047 0.191921
-0.016425 0.049476 0.191879
-0.032793 0.051881 0.196757
-0.047548 0.046909 0.196561
-0.047531 0.049212 0.202207
-0.032699 0.053749 0.202207
-0.016400 0.054994 0.196698
-0.016349 0.056820 0.202207
-0.071004 0.002975 0.320788
</float_array>
          <technique_common>
            <accessor source="#toro_body-POSITION-array" count="377" stride="3">
              <param name="X" type="float"/>
              <param name="Y" type="float"/>
              <param name="Z" type="float"/>
            </accessor>
          </technique_common>
        </source>
        <source id="toro_body-Normal0">
          <float_array id="toro_body-Normal0-array" count="1131">
0.314108 -0.479269 -0.819534
0.513393 -0.708770 -0.483811
0.717756 -0.478731 -0.505611
0.503108 -0.315376 -0.804624
0.839857 -0.026812 -0.542146
0.508443 0.023186 -0.860783
0.136785 -0.091974 -0.986322
0.800918 -0.510299 -0.313250
0.577652 -0.783369 -0.229456
0.311855 -0.808911 -0.498406
0.363014 -0.883651 -0.295605
0.624114 -0.777633 0.075958
0.876101 -0.482103 0.004801
0.865722 -0.492882 0.087141
0.999338 0.011090 0.034648
0.999767 -0.007596 -0.020185
0.523264 -0.833651 0.176694
0.387940 -0.909617 0.148661
0.836792 -0.540434 0.087804
0.475480 -0.869112 0.136247
0.273003 -0.948659 0.159733
0.259150 -0.957779 0.124498
0.473910 -0.875573 0.093710
0.274505 -0.938671 0.208671
-0.000000 -0.985216 0.171315
-0.000000 -0.977710 0.209961
0.828758 -0.554716 0.073822
0.999361 0.016546 0.031697
0.999318 -0.005619 0.036486
0.940348 0.339765 0.017465
0.949884 0.311362 0.027828
0.831175 0.555538 0.022903
0.844149 0.535204 0.031128
0.957025 0.289649 -0.014389
0.848884 0.527906 -0.026671
0.831430 -0.550769 0.073336
0.999361 0.004166 0.035491
0.834320 -0.546370 0.073413
0.999298 0.011659 0.035597
0.453092 -0.886061 0.097997
0.463727 -0.880175 0.101241
0.232670 -0.964199 0.127219
0.244397 -0.960936 0.129891
-0.000000 -0.989372 0.145407
-0.000000 -0.989373 0.145398
0.934645 0.355277 0.014724
0.936555 0.350171 0.015647
0.825037 0.564797 0.017830
0.818026 0.574897 0.018085
0.931610 0.363164 0.014670
0.999178 0.018245 0.036192
0.928214 0.371763 0.014507
0.808514 0.588201 0.018018
0.796356 0.604563 0.017921
0.999294 0.013147 0.035207
0.925094 0.379487 0.013794
0.999165 0.027941 0.029799
0.922274 0.386175 0.016698
0.785651 0.618410 0.017923
0.772345 0.634152 0.036535
0.999334 0.026295 0.025305
0.908253 0.417742 0.023826
0.723759 0.687970 0.053577
0.834251 -0.548210 0.059088
0.818605 -0.572018 0.051780
0.830367 -0.552337 0.073585
0.428459 -0.898161 0.098642
0.428363 -0.899904 0.081716
0.999433 0.019190 0.027678
0.885355 0.463922 0.030391
0.676831 0.733693 0.059947
0.411361 -0.908316 0.075796
0.793925 -0.605544 0.054758
0.385863 -0.919590 0.073926
0.182841 -0.975722 0.120563
0.161493 -0.979362 0.121529
0.145576 -0.982336 0.117576
0.000000 -0.992004 0.126210
0.000000 -0.992006 0.126191
0.000000 -0.990873 0.134796
0.201642 -0.971072 0.127904
0.000000 -0.989393 0.145266
0.439836 -0.892688 0.098247
0.217267 -0.967762 0.127407
-0.000000 -0.989417 0.145103
-0.000000 -0.989418 0.145093
0.833316 -0.547819 0.074023
-0.232681 -0.964189 0.127275
-0.217262 -0.967758 0.127444
-0.201602 -0.971087 0.127856
-0.182849 -0.975720 0.120570
-0.439765 -0.892729 0.098197
-0.428535 -0.898131 0.098587
-0.161472 -0.979361 0.121565
-0.411375 -0.908313 0.075742
-0.428415 -0.899871 0.081810
-0.145551 -0.982339 0.117577
-0.834254 -0.548207 0.059069
-0.830445 -0.552209 0.073661
-0.999182 0.027633 0.029536
-0.999346 0.025903 0.025236
-0.922384 0.385927 0.016401
-0.925123 0.379423 0.013637
-0.999289 0.013235 0.035291
-0.785597 0.618483 0.017776
-0.772128 0.634424 0.036405
-0.908091 0.418084 0.023998
-0.723514 0.688213 0.053757
-0.818437 -0.572258 0.051786
-0.793888 -0.605597 0.054718
-0.385910 -0.919575 0.073852
-0.928210 0.371764 0.014738
-0.999171 0.018501 0.036259
-0.931700 0.362933 0.014616
-0.999299 0.011531 0.035618
-0.808388 0.588377 0.017929
-0.796528 0.604329 0.018163
-0.885283 0.464053 0.030468
-0.999431 0.019127 0.027767
-0.676894 0.733638 0.059907
-0.934568 0.355476 0.014822
-0.999359 0.004082 0.035558
-0.834258 -0.546472 0.073367
-0.831447 -0.550726 0.073467
-0.453135 -0.886029 0.098083
-0.463853 -0.880103 0.101289
-0.244364 -0.960944 0.129892
-0.936534 0.350231 0.015564
-0.999318 -0.005611 0.036486
-0.825076 0.564738 0.017913
-0.818147 0.574728 0.017992
-0.828765 -0.554706 0.073827
-0.999359 0.016764 0.031622
-0.836631 -0.540699 0.087704
-0.473926 -0.875578 0.093582
-0.475509 -0.869099 0.136229
-0.259145 -0.957788 0.124441
-0.272972 -0.948669 0.159728
-0.523293 -0.833632 0.176695
-0.274552 -0.938650 0.208702
-0.865667 -0.492963 0.087228
-0.624081 -0.777650 0.076052
-0.387964 -0.909609 0.148644
-0.876075 -0.482151 0.004720
-0.999339 0.010960 0.034649
-0.999767 -0.007405 -0.020286
-0.940336 0.339801 0.017439
-0.949884 0.311363 0.027830
-0.831284 0.555375 0.022923
-0.844037 0.535387 0.031021
-0.957001 0.289718 -0.014609
-0.848884 0.527906 -0.026672
-0.800623 -0.510466 -0.313730
-0.577720 -0.783307 -0.229499
-0.956884 -0.032346 -0.288663
-0.928253 0.284288 -0.239847
-0.840270 -0.027003 -0.541495
-0.822029 0.272280 -0.500131
-0.593283 0.442129 -0.672709
-0.771987 0.492166 -0.402255
-0.513391 -0.708770 -0.483813
-0.311883 -0.808816 -0.498544
-0.363091 -0.883646 -0.295522
-0.717722 -0.478823 -0.505572
-0.314106 -0.479269 -0.819535
-0.502975 -0.315495 -0.804661
-0.508328 0.023123 -0.860853
-0.136766 -0.091994 -0.986323
-0.378296 0.234022 -0.895615
-0.138790 0.117048 -0.983380
-0.142048 0.003633 -0.989853
0.006374 -0.000020 -0.999980
-0.048694 0.146142 -0.988064
-0.013963 0.140830 -0.989935
-0.094316 0.316224 -0.943985
-0.049018 -0.138960 -0.989084
-0.010890 -0.148883 -0.988795
-0.167594 -0.493359 -0.853527
0.020857 -0.009947 -0.999733
0.004973 0.106357 -0.994316
-0.159250 0.332892 -0.929420
-0.271384 0.520598 -0.809524
-0.178815 0.520365 -0.835012
-0.380527 0.708117 -0.594785
-0.468272 0.880447 -0.074397
-0.405802 0.913829 0.015541
-0.389269 0.920964 0.017156
-0.211624 0.977096 0.022315
-0.200110 0.979558 0.020548
-0.000000 0.999592 0.028567
-0.000000 0.999364 0.035645
0.211652 0.977090 0.022334
0.200106 0.979559 0.020552
0.389207 0.920990 0.017194
0.405804 0.913827 0.015587
0.196395 0.979927 0.034238
0.386022 0.922171 0.024245
-0.000000 0.999027 0.044101
0.188950 0.981402 0.033885
0.382957 0.923480 0.022980
0.377527 0.925630 0.026142
0.182110 0.982643 0.035349
-0.000000 0.999031 0.044021
-0.000000 0.999010 0.044480
0.176250 0.983760 0.033932
0.370770 0.928411 0.024139
0.169626 0.984958 0.032939
0.366663 0.930070 0.022998
0.362381 0.930554 0.052432
0.162658 0.984533 0.065089
-0.000000 0.999080 0.042878
0.000000 0.997138 0.075600
0.000000 0.995240 0.097456
0.148105 0.985456 0.083310
-0.000000 0.999041 0.043780
-0.000000 0.995258 0.097274
0.134159 0.987108 0.087285
0.326701 0.942509 0.070310
0.344233 0.936604 0.065391
0.126714 0.988625 0.081021
0.301289 0.951562 0.061273
0.271300 0.959364 0.077577
0.099169 0.991908 0.079271
0.105270 0.991405 0.077682
0.276573 0.955731 0.100424
-0.000000 0.997053 0.076721
-0.000000 0.996418 0.084562
0.000000 0.995213 0.097733
0.277709 0.956571 0.088600
0.117826 0.990384 0.072501
-0.000000 0.997115 0.075900
0.620969 0.782601 0.043974
0.554598 0.829190 0.069757
0.829221 0.557514 0.039623
0.833916 0.547096 0.072596
0.495896 0.863387 0.093004
0.999214 0.010048 0.038334
0.996353 0.054015 0.066052
0.661641 -0.745240 0.082760
0.724672 -0.685986 0.065363
0.999622 0.007346 0.026502
0.762075 -0.644702 0.060004
0.858612 0.512294 0.018424
0.317524 -0.944690 0.082095
0.366271 -0.926941 0.081398
0.116126 -0.989985 0.080271
0.126101 -0.989766 0.066797
0.364043 -0.924765 0.110825
0.378217 -0.918502 0.115349
0.844422 -0.526170 0.100481
0.123180 -0.984225 0.126993
0.000000 -0.991961 0.126545
-0.000000 -0.996496 0.083636
0.147566 -0.986172 0.075432
0.000000 -0.998020 0.062901
-0.000000 -0.998011 0.063047
-0.126095 -0.989767 0.066793
-0.147566 -0.986175 0.075393
-0.116126 -0.989985 0.080275
-0.317536 -0.944682 0.082135
-0.364060 -0.924760 0.110813
-0.366346 -0.926906 0.081460
-0.123161 -0.984231 0.126964
-0.762038 -0.644742 0.060051
-0.724648 -0.686008 0.065413
-0.999623 0.007017 0.026563
-0.999210 0.009688 0.038530
-0.661641 -0.745240 0.082761
-0.378287 -0.918474 0.115347
-0.844423 -0.526169 0.100482
-0.996353 0.054015 0.066054
-0.833959 0.547023 0.072648
-0.829415 0.557218 0.039738
-0.554438 0.829299 0.069722
-0.495844 0.863413 0.093039
-0.858448 0.512572 0.018337
-0.620758 0.782769 0.043952
-0.442450 0.893831 0.072833
-0.846144 0.528472 0.068979
-0.271315 0.959361 0.077556
-0.301352 0.951541 0.061299
-0.126727 0.988625 0.081000
-0.099166 0.991908 0.079271
-0.105267 0.991405 0.077682
-0.276638 0.955710 0.100445
-0.277734 0.956567 0.088565
-0.117826 0.990384 0.072501
-0.326681 0.942517 0.070290
-0.134127 0.987112 0.087288
-0.148124 0.985454 0.083304
-0.344301 0.936577 0.065420
-0.162636 0.984539 0.065057
-0.169618 0.984959 0.032951
-0.362338 0.930573 0.052387
-0.366654 0.930071 0.023069
-0.370808 0.928395 0.024179
-0.176227 0.983764 0.033951
-0.377443 0.925665 0.026114
-0.182130 0.982637 0.035384
-0.188940 0.981405 0.033862
-0.383055 0.923437 0.023074
-0.386050 0.922160 0.024228
-0.196334 0.979939 0.034234
0.956744 -0.032342 -0.289126
0.928169 0.284181 -0.240299
0.822023 0.271904 -0.500346
0.593320 0.442064 -0.672719
0.771988 0.492166 -0.402253
0.378437 0.234006 -0.895559
0.138823 0.117051 -0.983375
0.271346 0.520559 -0.809561
0.159201 0.332859 -0.929441
0.094307 0.316266 -0.943971
0.178759 0.520427 -0.834986
0.048698 0.146148 -0.988063
0.013959 0.140825 -0.989936
-0.006365 -0.000018 -0.999980
0.142091 0.003633 -0.989847
0.049021 -0.138960 -0.989084
0.010891 -0.148886 -0.988794
0.167598 -0.493359 -0.853527
-0.020855 -0.009950 -0.999733
-0.004973 0.106356 -0.994316
0.097466 -0.495438 -0.863158
-0.007339 -0.140322 -0.990079
0.045223 -0.469799 -0.881614
0.204116 -0.822428 -0.530989
0.000002 -0.016197 -0.999869
0.000001 -0.142948 -0.989730
0.247808 -0.907392 -0.339456
0.115256 -0.821118 -0.559000
0.000001 -0.479804 -0.877376
0.000000 -0.820080 -0.572248
0.142578 -0.919972 -0.365135
0.273496 -0.958243 0.083485
0.157785 -0.977398 0.140704
0.000000 -0.926409 -0.376519
-0.000000 -0.997048 0.076775
-0.115230 -0.821094 -0.559040
-0.045212 -0.469806 -0.881611
0.007340 -0.140333 -0.990077
-0.097463 -0.495417 -0.863170
-0.204127 -0.822431 -0.530979
-0.247770 -0.907427 -0.339390
-0.142608 -0.919980 -0.365102
-0.273496 -0.958251 0.083392
-0.157745 -0.977403 0.140715
0.000001 0.090283 -0.995916
0.040986 0.258581 -0.965120
0.000002 0.253336 -0.967378
0.062876 0.291104 -0.954623
0.137682 0.510334 -0.848883
0.086130 0.526234 -0.845967
0.199846 0.789631 -0.580124
0.262065 0.758082 -0.597189
0.310144 0.949665 -0.044136
0.236900 0.969981 -0.054912
0.115399 0.814422 -0.568682
0.000001 0.551670 -0.834062
0.000001 0.838613 -0.544727
0.126199 0.991913 -0.013521
-0.000000 0.999128 -0.041754
0.380402 0.708163 -0.594811
0.468128 0.880522 -0.074411
0.442478 0.893810 0.072922
0.845929 0.528816 0.068976
-0.040972 0.258561 -0.965126
-0.062862 0.291105 -0.954624
-0.137671 0.510373 -0.848862
-0.086124 0.526206 -0.845984
-0.199825 0.789682 -0.580063
-0.262099 0.758107 -0.597141
-0.310147 0.949666 -0.044080
-0.236849 0.969994 -0.054895
-0.115412 0.814474 -0.568605
-0.126188 0.991915 -0.013502
-0.833273 -0.547880 0.074044
</float_array>
          <technique_common>
            <accessor source="#toro_body-Normal0-array" count="377" stride="3">
              <param name="X" type="float"/>
              <param name="Y" type="float"/>
              <param name="Z" type="float"/>
            </accessor>
          </technique_common>
        </source>
        <source id="toro_body-UV0">
          <float_array id="toro_body-UV0-array" count="754">
0.000000 0.000000
0.000000 0.000000
0.000000 0.000000
0.000000 0.000000
0.000000 0.000000
0.000000 0.000000
0.000000 0.000000
0.000000 0.000000
0.000000 0.000000
0.000000 0.000000
0.000000 0.000000
0.000000 0.000000
0.000000 0.000000
0.000000 0.000000
0.000000 0.000000
0.000000 0.000000
0.000000 0.000000
0.000000 0.000000
0.000000 0.000000
0.000000 0.000000
0.000000 0.000000
0.000000 0.000000
0.000000 0.000000
0.000000 0.000000
0.000000 0.000000
0.000000 0.000000
0.000000 0.000000
0.000000 0.000000
0.000000 0.000000
0.000000 0.000000
0.000000 0.000000
0.000000 0.000000
0.000000 0.000000
0.000000 0.000000
0.000000 0.000000
0.000000 0.000000
0.000000 0.000000
0.000000 0.000000
0.000000 0.000000
0.000000 0.000000
0.000000 0.000000
0.000000 0.000000
0.000000 0.000000
0.000000 0.000000
0.000000 0.000000
0.000000 0.000000
0.000000 0.000000
0.000000 0.000000
0.000000 0.000000
0.000000 0.000000
0.000000 0.000000
0.000000 0.000000
0.000000 0.000000
0.000000 0.000000
0.000000 0.000000
0.000000 0.000000
0.000000 0.000000
0.000000 0.000000
0.000000 0.000000
0.000000 0.000000
0.000000 0.000000
0.000000 0.000000
0.000000 0.000000
0.000000 0.000000
0.000000 0.000000
0.000000 0.000000
0.000000 0.000000
0.000000 0.000000
0.000000 0.000000
0.000000 0.000000
0.000000 0.000000
0.000000 0.000000
0.000000 0.000000
0.000000 0.000000
0.000000 0.000000
0.000000 0.000000
0.000000 0.000000
0.000000 0.000000
0.000000 0.000000
0.000000 0.000000
0.000000 0.000000
0.000000 0.000000
0.000000 0.000000
0.000000 0.000000
0.000000 0.000000
0.000000 0.000000
0.000000 0.000000
0.000000 0.000000
0.000000 0.000000
0.000000 0.000000
0.000000 0.000000
0.000000 0.000000
0.000000 0.000000
0.000000 0.000000
0.000000 0.000000
0.000000 0.000000
0.000000 0.000000
0.000000 0.000000
0.000000 0.000000
0.000000 0.000000
0.000000 0.000000
0.000000 0.000000
0.000000 0.000000
0.000000 0.000000
0.000000 0.000000
0.000000 0.000000
0.000000 0.000000
0.000000 0.000000
0.000000 0.000000
0.000000 0.000000
0.000000 0.000000
0.000000 0.000000
0.000000 0.000000
0.000000 0.000000
0.000000 0.000000
0.000000 0.000000
0.000000 0.000000
0.000000 0.000000
0.000000 0.000000
0.000000 0.000000
0.000000 0.000000
0.000000 0.000000
0.000000 0.000000
0.000000 0.000000
0.000000 0.000000
0.000000 0.000000
0.000000 0.000000
0.000000 0.000000
0.000000 0.000000
0.000000 0.000000
0.000000 0.000000
0.000000 0.000000
0.000000 0.000000
0.000000 0.000000
0.000000 0.000000
0.000000 0.000000
0.000000 0.000000
0.000000 0.000000
0.000000 0.000000
0.000000 0.000000
0.000000 0.000000
0.000000 0.000000
0.000000 0.000000
0.000000 0.000000
0.000000 0.000000
0.000000 0.000000
0.000000 0.000000
0.000000 0.000000
0.000000 0.000000
0.000000 0.000000
0.000000 0.000000
0.000000 0.000000
0.000000 0.000000
0.000000 0.000000
0.000000 0.000000
0.000000 0.000000
0.000000 0.000000
0.000000 0.000000
0.000000 0.000000
0.000000 0.000000
0.000000 0.000000
0.000000 0.000000
0.000000 0.000000
0.000000 0.000000
0.000000 0.000000
0.000000 0.000000
0.000000 0.000000
0.000000 0.000000
0.000000 0.000000
0.000000 0.000000
0.000000 0.000000
0.000000 0.000000
0.000000 0.000000
0.000000 0.000000
0.000000 0.000000
0.000000 0.000000
0.000000 0.000000
0.000000 0.000000
0.000000 0.000000
0.000000 0.000000
0.000000 0.000000
0.000000 0.000000
0.000000 0.000000
0.000000 0.000000
0.000000 0.000000
0.000000 0.000000
0.000000 0.000000
0.000000 0.000000
0.000000 0.000000
0.000000 0.000000
0.000000 0.000000
0.000000 0.000000
0.000000 0.000000
0.000000 0.000000
0.000000 0.000000
0.000000 0.000000
0.000000 0.000000
0.000000 0.000000
0.000000 0.000000
0.000000 0.000000
0.000000 0.000000
0.000000 0.000000
0.000000 0.000000
0.000000 0.000000
0.000000 0.000000
0.000000 0.000000
0.000000 0.000000
0.000000 0.000000
0.000000 0.000000
0.000000 0.000000
0.000000 0.000000
0.000000 0.000000
0.000000 0.000000
0.000000 0.000000
0.000000 0.000000
0.000000 0.000000
0.000000 0.000000
0.000000 0.000000
0.000000 0.000000
0.000000 0.000000
0.000000 0.000000
0.000000 0.000000
0.000000 0.000000
0.000000 0.000000
0.000000 0.000000
0.000000 0.000000
0.000000 0.000000
0.000000 0.000000
0.000000 0.000000
0.000000 0.000000
0.000000 0.000000
0.000000 0.000000
0.000000 0.000000
0.000000 0.000000
0.000000 0.000000
0.000000 0.000000
0.000000 0.000000
0.000000 0.000000
0.000000 0.000000
0.000000 0.000000
0.000000 0.000000
0.000000 0.000000
0.000000 0.000000
0.000000 0.000000
0.000000 0.000000
0.000000 0.000000
0.000000 0.000000
0.000000 0.000000
0.000000 0.000000
0.000000 0.000000
0.000000 0.000000
0.000000 0.000000
0.000000 0.000000
0.000000 0.000000
0.000000 0.000000
0.000000 0.000000
0.000000 0.000000
0.000000 0.000000
0.000000 0.000000
0.000000 0.000000
0.000000 0.000000
0.000000 0.000000
0.000000 0.000000
0.000000 0.000000
0.000000 0.000000
0.000000 0.000000
0.000000 0.000000
0.000000 0.000000
0.000000 0.000000
0.000000 0.000000
0.000000 0.000000
0.000000 0.000000
0.000000 0.000000
0.000000 0.000000
0.000000 0.000000
0.000000 0.000000
0.000000 0.000000
0.000000 0.000000
0.000000 0.000000
0.000000 0.000000
0.000000 0.000000
0.000000 0.000000
0.000000 0.000000
0.000000 0.000000
0.000000 0.000000
0.000000 0.000000
0.000000 0.000000
0.000000 0.000000
0.000000 0.000000
0.000000 0.000000
0.000000 0.000000
0.000000 0.000000
0.000000 0.000000
0.000000 0.000000
0.000000 0.000000
0.000000 0.000000
0.000000 0.000000
0.000000 0.000000
0.000000 0.000000
0.000000 0.000000
0.000000 0.000000
0.000000 0.000000
0.000000 0.000000
0.000000 0.000000
0.000000 0.000000
0.000000 0.000000
0.000000 0.000000
0.000000 0.000000
0.000000 0.000000
0.000000 0.000000
0.000000 0.000000
0.000000 0.000000
0.000000 0.000000
0.000000 0.000000
0.000000 0.000000
0.000000 0.000000
0.000000 0.000000
0.000000 0.000000
0.000000 0.000000
0.000000 0.000000
0.000000 0.000000
0.000000 0.000000
0.000000 0.000000
0.000000 0.000000
0.000000 0.000000
0.000000 0.000000
0.000000 0.000000
0.000000 0.000000
0.000000 0.000000
0.000000 0.000000
0.000000 0.000000
0.000000 0.000000
0.000000 0.000000
0.000000 0.000000
0.000000 0.000000
0.000000 0.000000
0.000000 0.000000
0.000000 0.000000
0.000000 0.000000
0.000000 0.000000
0.000000 0.000000
0.000000 0.000000
0.000000 0.000000
0.000000 0.000000
0.000000 0.000000
0.000000 0.000000
0.000000 0.000000
0.000000 0.000000
0.000000 0.000000
0.000000 0.000000
0.000000 0.000000
0.000000 0.000000
0.000000 0.000000
0.000000 0.000000
0.000000 0.000000
0.000000 0.000000
0.000000 0.000000
0.000000 0.000000
0.000000 0.000000
0.000000 0.000000
0.000000 0.000000
0.000000 0.000000
0.000000 0.000000
0.000000 0.000000
0.000000 0.000000
0.000000 0.000000
0.000000 0.000000
0.000000 0.000000
0.000000 0.000000
0.000000 0.000000
0.000000 0.000000
0.000000 0.000000
0.000000 0.000000
0.000000 0.000000
0.000000 0.000000
0.000000 0.000000
0.000000 0.000000
</float_array>
          <technique_common>
            <accessor source="#toro_body-UV0-array" count="377" stride="2">
              <param name="S" type="float"/>
              <param name="T" type="float"/>
            </accessor>
          </technique_common>
        </source>
        <vertices id="toro_body-VERTEX">
          <input semantic="POSITION" source="#toro_body-POSITION"/>
          <input semantic="NORMAL" source="#toro_body-Normal0"/>
        </vertices>
        <triangles count="736" material="CH_toro_body_high">
          <input semantic="VERTEX" offset="0" source="#toro_body-VERTEX"/>
          <input semantic="TEXCOORD" offset="1" set="0" source="#toro_body-UV0"/>
          <p> 2 2 1 1 0 0 3 3 2 2 0 0 4 4 2 2 3 3 5 5 4 4 3 3 0 0 6 6 3 3 3 3 6 6 5 5 1 1 2 2 7 7 8 8 1 1 7 7 9 9 1 1 8 8 1 1 9 9 0 0 10 10 9 9 8 8 11 11 8 8 7 7 10 10 8 8 11 11 12 12 11 11 7 7 11 11 12 12 13 13 14 14 13 13 12 12 15 15 14 14 12 12 16 16 11 11 13 13 17 17 11 11 16 16 17 17 10 10 11 11 16 16 13 13 18 18 19 19 16 16 18 18 16 16 19 19 20 20 21 21 20 20 19 19 22 22 21 21 19 19 22 22 19 19 18 18 23 23 16 16 20 20 23 23 17 17 16 16 20 20 24 24 23 23 24 24 25 25 23 23 26 26 22 22 18 18 26 26 18 18 27 27 13 13 14 14 27 27 18 18 13 13 27 27 28 28 26 26 27 27 27 27 14 14 29 29 27 27 29 29 28 28 14 14 30 30 29 29 31 31 29 29 30 30 32 32 31 31 30 30 14 14 15 15 30 30 15 15 33 33 30 30 30 30 33 33 32 32 33 33 34 34 32 32 35 35 26 26 28 28 36 36 35 35 28 28 37 37 35 35 36 36 38 38 37 37 36 36 37 37 39 39 35 35 39 39 40 40 35 35 39 39 41 41 40 40 41 41 42 42 40 40 42 42 21 21 40 40 21 21 42 42 43 43 44 44 21 21 43 43 21 21 22 22 40 40 40 40 22 22 26 26 35 35 40 40 26 26 20 20 21 21 44 44 24 24 20 20 44 44 36 36 45 45 38 38 46 46 45 45 36 36 28 28 46 46 36 36 46 46 47 47 45 45 47 47 48 48 45 45 29 29 46 46 28 28 31 31 47 47 46 46 29 29 31 31 46 46 45 45 48 48 49 49 45 45 49 49 38 38 38 38 49 49 50 50 49 49 51 51 50 50 49 49 52 52 51 51 48 48 52 52 49 49 52 52 53 53 51 51 50 50 51 51 54 54 51 51 55 55 54 54 51 51 53 53 55 55 54 54 55 55 56 56 55 55 57 57 56 56 55 55 58 58 57 57 53 53 58 58 55 55 58 58 59 59 57 57 60 60 56 56 57 57 61 61 60 60 57 57 61 61 57 57 59 59 62 62 61 61 59 59 56 56 60 60 63 63 60 60 64 64 63 63 65 65 54 54 56 56 63 63 65 65 56 56 66 66 65 65 63 63 67 67 66 66 63 63 63 63 64 64 67 67 68 68 60 60 61 61 64 64 60 60 68 68 69 69 68 68 61 61 69 69 61 61 62 62 70 70 69 69 62 62 64 64 71 71 67 67 71 71 64 64 72 72 72 72 64 64 68 68 73 73 71 71 72 72 67 67 71 71 74 74 67 67 74 74 66 66 71 71 75 75 74 74 75 75 71 71 73 73 76 76 75 75 73 73 75 75 76 76 77 77 78 78 75 75 77 77 74 74 75 75 78 78 79 79 74 74 78 78 80 80 74 74 79 79 74 74 80 80 66 66 81 81 80 80 79 79 66 66 80 80 82 82 80 80 83 83 82 82 83 83 80 80 81 81 84 84 83 83 81 81 41 41 83 83 84 84 85 85 41 41 84 84 42 42 41 41 85 85 43 43 42 42 85 85 65 65 66 66 82 82 86 86 65 65 82 82 54 54 65 65 86 86 50 50 54 54 86 86 50 50 86 86 38 38 86 86 37 37 38 38 86 86 82 82 37 37 83 83 41 41 39 39 82 82 83 83 39 39 82 82 39 39 37 37 87 87 85 85 84 84 88 88 87 87 84 84 88 88 84 84 81 81 89 89 88 88 81 81 89 89 81 81 79 79 90 90 89 89 79 79 88 88 89 89 91 91 89 89 92 92 91 91 89 89 90 90 92 92 90 90 79 79 78 78 93 93 90 90 78 78 93 93 94 94 90 90 94 94 95 95 90 90 90 90 95 95 92 92 93 93 78 78 77 77 96 96 93 93 77 77 92 92 95 95 97 97 98 98 92 92 97 97 91 91 92 92 98 98 98 98 97 97 99 99 100 100 99 99 97 97 99 99 100 100 101 101 101 101 102 102 99 99 102 102 103 103 99 99 103 103 98 98 99 99 104 104 102 102 101 101 105 105 104 104 101 101 100 100 106 106 101 101 101 101 106 106 105 105 106 106 107 107 105 105 108 108 100 100 97 97 95 95 94 94 108 108 97 97 95 95 108 108 108 108 94 94 109 109 94 94 110 110 109 109 102 102 111 111 103 103 111 111 112 112 103 103 111 111 113 113 112 112 113 113 114 114 112 112 115 115 113 113 111 111 116 116 115 115 111 111 116 116 111 111 102 102 104 104 116 116 102 102 106 106 117 117 107 107 118 118 117 117 106 106 109 109 118 118 108 108 100 100 118 118 106 106 118 118 100 100 108 108 117 117 119 119 107 107 110 110 94 94 93 93 96 96 110 110 93 93 113 113 120 120 114 114 120 120 121 121 114 114 122 122 114 114 121 121 123 123 122 122 121 121 124 124 122 122 123 123 125 125 124 124 123 123 87 87 124 124 125 125 126 126 87 87 125 125 120 120 127 127 121 121 127 127 128 128 121 121 123 123 121 121 128 128 129 129 127 127 120 120 130 130 129 129 120 120 131 131 123 123 128 128 125 125 123 123 131 131 131 131 128 128 132 132 133 133 131 131 132 132 134 134 131 131 133 133 134 134 125 125 131 131 135 135 134 134 133 133 136 136 134 134 135 135 125 125 134 134 136 136 126 126 125 125 136 136 137 137 136 136 135 135 137 137 135 135 138 138 138 138 135 135 133 133 139 139 137 137 138 138 137 137 139 139 24 24 139 139 25 25 24 24 140 140 138 138 133 133 140 140 133 133 132 132 141 141 138 138 140 140 141 141 142 142 138 138 142 142 139 139 138 138 143 143 141 141 140 140 140 140 144 144 143 143 144 144 140 140 132 132 144 144 145 145 143 143 144 144 132 132 146 146 147 147 144 144 146 146 145 145 144 144 147 147 146 146 148 148 147 147 148 148 149 149 147 147 150 150 145 145 147 147 150 150 147 147 149 149 151 151 150 150 149 149 146 146 132 132 128 128 127 127 146 146 128 128 148 148 146 146 127 127 129 129 148 148 127 127 141 141 143 143 152 152 153 153 141 141 152 152 143 143 145 145 154 154 152 152 143 143 154 154 145 145 150 150 155 155 154 154 145 145 155 155 156 156 154 154 155 155 157 157 156 156 155 155 157 157 155 155 158 158 155 155 159 159 158 158 150 150 151 151 159 159 155 155 150 150 159 159 153 153 152 152 160 160 160 160 161 161 153 153 161 161 162 162 153 153 141 141 153 153 162 162 142 142 141 141 162 162 152 152 163 163 160 160 154 154 156 156 163 163 152 152 154 154 163 163 160 160 163 163 164 164 160 160 164 164 161 161 163 163 165 165 164 164 163 163 156 156 165 165 156 156 166 166 165 165 166 166 156 156 157 157 167 167 164 164 165 165 167 167 165 165 166 166 168 168 166 166 157 157 158 158 168 168 157 157 169 169 166 166 168 168 167 167 166 166 170 170 169 169 170 170 166 166 167 167 170 170 171 171 169 169 171 171 170 170 172 172 171 171 169 169 173 173 171 171 172 172 173 173 172 172 174 174 167 167 171 171 175 175 167 167 175 175 164 164 176 176 175 175 171 171 176 176 177 177 175 175 177 177 164 164 175 175 178 178 171 171 173 173 176 176 171 171 178 178 179 179 178 178 173 173 172 172 169 169 180 180 169 169 168 168 180 180 172 172 180 180 174 174 174 174 180 180 181 181 181 181 180 180 168 168 182 182 174 174 181 181 158 158 181 181 168 168 183 183 181 181 158 158 181 181 183 183 182 182 159 159 183 183 158 158 183 183 159 159 184 184 159 159 151 151 184 184 185 185 184 184 151 151 149 149 185 185 151 151 186 186 185 185 149 149 187 187 185 185 186 186 188 188 187 187 186 186 188 188 189 189 187 187 189 189 190 190 187 187 190 190 189 189 191 191 189 189 192 192 191 191 192 192 193 193 191 191 193 193 194 194 191 191 192 192 195 195 193 193 195 195 196 196 193 193 197 197 195 195 192 192 189 189 197 197 192 192 197 197 189 189 188 188 196 196 195 195 198 198 199 199 196 196 198 198 200 200 199 199 198 198 201 201 200 200 198 198 202 202 201 201 198 198 203 203 202 202 198 198 195 195 197 197 203 203 198 198 195 195 203 203 200 200 201 201 204 204 205 205 200 200 204 204 204 204 206 206 205 205 206 206 207 207 205 205 207 207 206 206 208 208 206 206 209 209 208 208 206 206 210 210 209 209 210 210 206 206 204 204 210 210 211 211 209 209 209 209 211 211 212 212 213 213 209 209 212 212 209 209 213 213 208 208 214 214 210 210 204 204 201 201 202 202 214 214 204 204 201 201 214 214 213 213 212 212 215 215 216 216 213 213 215 215 213 213 216 216 217 217 218 218 213 213 217 217 213 213 218 218 208 208 216 216 219 219 217 217 219 219 220 220 217 217 220 220 219 219 221 221 219 219 222 222 221 221 222 222 223 223 221 221 223 223 224 224 221 221 225 225 223 223 222 222 226 226 225 225 222 222 222 222 219 219 226 226 219 219 227 227 226 226 227 227 219 219 216 216 215 215 227 227 216 216 228 228 224 224 223 223 229 229 228 228 223 223 223 223 225 225 230 230 229 229 223 223 230 230 231 231 220 220 221 221 232 232 231 231 221 221 232 232 221 221 224 224 231 231 232 232 233 233 234 234 233 233 232 232 235 235 234 234 232 232 235 235 232 232 224 224 235 235 224 224 228 228 233 233 234 234 236 236 234 234 237 237 236 236 236 236 237 237 238 238 239 239 236 236 238 238 240 240 236 236 239 239 241 241 240 240 239 239 242 242 233 233 236 236 240 240 242 242 236 236 242 242 231 231 233 233 241 241 239 239 243 243 244 244 241 241 243 243 244 244 243 243 245 245 246 246 245 245 243 243 247 247 246 246 243 243 239 239 238 238 247 247 243 243 239 239 247 247 247 247 238 238 248 248 238 238 249 249 248 248 249 249 238 238 237 237 250 250 244 244 245 245 250 250 245 245 251 251 245 245 252 252 251 251 247 247 248 248 253 253 246 246 247 247 253 253 246 246 253 253 254 254 255 255 246 246 254 254 245 245 246 246 255 255 252 252 245 245 255 255 68 68 240 240 241 241 72 72 68 68 241 241 244 244 250 250 76 76 76 76 250 250 251 251 73 73 244 244 76 76 77 77 76 76 251 251 72 72 241 241 73 73 241 241 244 244 73 73 256 256 255 255 254 254 257 257 256 256 254 254 251 251 252 252 258 258 258 258 252 252 255 255 256 256 258 258 255 255 258 258 256 256 259 259 256 256 260 260 259 259 256 256 257 257 260 260 259 259 261 261 258 258 261 261 262 262 258 258 262 262 251 251 258 258 261 261 259 259 263 263 259 259 264 264 263 263 264 264 259 259 260 260 265 265 263 263 264 264 266 266 265 265 264 264 266 266 264 264 267 267 267 267 264 264 260 260 267 267 260 260 268 268 257 257 268 268 260 260 269 269 267 267 268 268 270 270 266 266 267 267 267 267 269 269 270 270 270 270 271 271 266 266 271 271 272 272 266 266 272 272 271 271 273 273 271 271 274 274 273 273 266 266 272 272 275 275 265 265 266 266 275 275 272 272 273 273 276 276 275 275 272 272 276 276 274 274 271 271 277 277 271 271 278 278 277 277 270 270 269 269 278 278 271 271 270 270 278 278 265 265 118 118 263 263 117 117 118 118 265 265 275 275 117 117 265 265 117 117 275 275 276 276 119 119 117 117 276 276 276 276 273 273 279 279 280 280 276 276 279 279 119 119 276 276 280 280 280 280 279 279 281 281 279 279 282 282 281 281 283 283 282 282 279 279 284 284 283 283 279 279 273 273 274 274 284 284 279 279 273 273 284 284 283 283 225 225 282 282 225 225 226 226 282 282 281 281 282 282 226 226 227 227 281 281 226 226 284 284 285 285 283 283 285 285 286 286 283 283 230 230 225 225 283 283 286 286 230 230 283 283 287 287 280 280 281 281 287 287 119 119 280 280 288 288 287 287 281 281 288 288 281 281 227 227 288 288 289 289 287 287 289 289 290 290 287 287 288 288 215 215 289 289 215 215 288 288 227 227 215 215 212 212 289 289 289 289 212 212 291 291 212 212 211 211 291 291 211 211 210 210 291 291 210 210 292 292 291 291 291 291 292 292 293 293 293 293 290 290 289 289 291 291 293 293 289 289 292 292 294 294 293 293 295 295 294 294 292 292 296 296 295 295 292 292 296 296 292 292 210 210 214 214 296 296 210 210 295 295 296 296 297 297 296 296 298 298 297 297 296 296 214 214 298 298 298 298 299 299 297 297 299 299 300 300 297 297 298 298 202 202 299 299 214 214 202 202 298 298 202 202 203 203 299 299 300 300 299 299 301 301 299 299 302 302 301 301 299 299 203 203 302 302 301 301 302 302 186 186 302 302 188 188 186 186 302 302 197 197 188 188 203 203 197 197 302 302 294 294 295 295 116 116 104 104 294 294 116 116 297 297 300 300 130 130 115 115 297 297 130 130 115 115 130 130 113 113 130 130 120 120 113 113 301 301 186 186 148 148 148 148 186 186 149 149 129 129 301 301 148 148 300 300 301 301 129 129 130 130 300 300 129 129 116 116 295 295 115 115 295 295 297 297 115 115 293 293 294 294 104 104 105 105 293 293 104 104 290 290 293 293 105 105 107 107 290 290 105 105 287 287 290 290 107 107 119 119 287 287 107 107 304 304 303 303 4 4 305 305 304 304 4 4 305 305 306 306 304 304 306 306 307 307 304 304 15 15 303 303 304 304 15 15 12 12 303 303 12 12 7 7 303 303 33 33 15 15 304 304 33 33 304 304 307 307 34 34 33 33 307 307 2 2 4 4 303 303 7 7 2 2 303 303 305 305 4 4 5 5 308 308 305 305 5 5 308 308 306 306 305 305 5 5 309 309 308 308 310 310 306 306 308 308 311 311 310 310 308 308 308 308 309 309 311 311 311 311 312 312 310 310 312 312 313 313 310 310 309 309 314 314 311 311 311 311 314 314 312 312 314 314 315 315 312 312 316 316 315 315 314 314 316 316 314 314 309 309 316 316 309 309 317 317 317 317 309 309 5 5 317 317 6 6 316 316 5 5 6 6 317 317 316 316 6 6 318 318 318 318 319 319 316 316 320 320 319 319 318 318 316 316 321 321 315 315 316 316 319 319 321 321 321 321 322 322 315 315 318 318 6 6 0 0 0 0 320 320 318 318 9 9 320 320 0 0 320 320 9 9 323 323 323 323 319 319 320 320 324 324 319 319 323 323 319 319 324 324 321 321 325 325 324 324 323 323 9 9 326 326 323 323 323 323 326 326 325 325 321 321 324 324 327 327 322 322 321 321 327 327 324 324 328 328 327 327 328 328 324 324 325 325 326 326 9 9 10 10 329 329 326 326 10 10 330 330 326 326 329 329 326 326 330 330 325 325 325 325 330 330 331 331 331 331 328 328 325 325 330 330 332 332 331 331 333 333 330 330 329 329 332 332 330 330 333 333 333 333 329 329 334 334 335 335 333 333 334 334 335 335 334 334 23 23 329 329 10 10 17 17 334 334 329 329 17 17 334 334 17 17 23 23 336 336 333 333 335 335 336 336 332 332 333 333 337 337 336 336 335 335 337 337 335 335 25 25 25 25 335 335 23 23 332 332 338 338 331 331 338 338 339 339 331 331 328 328 331 331 339 339 340 340 328 328 339 339 340 340 339 339 341 341 176 176 340 340 341 341 342 342 341 341 339 339 338 338 342 342 339 339 341 341 342 342 161 161 177 177 341 341 161 161 176 176 341 341 177 177 343 343 342 342 338 338 344 344 343 343 338 338 345 345 343 343 344 344 346 346 345 345 344 344 336 336 337 337 346 346 344 344 336 336 346 346 346 346 337 337 25 25 345 345 346 346 139 139 346 346 25 25 139 139 342 342 343 343 162 162 161 161 342 342 162 162 343 343 345 345 142 142 162 162 343 343 142 142 142 142 345 345 139 139 164 164 177 177 161 161 338 338 332 332 344 344 332 332 336 336 344 344 340 340 176 176 178 178 178 178 327 327 340 340 327 327 328 328 340 340 327 327 178 178 179 179 347 347 327 327 179 179 347 347 322 322 327 327 322 322 347 347 348 348 347 347 349 349 348 348 322 322 348 348 350 350 350 350 348 348 351 351 348 348 352 352 351 351 352 352 348 348 349 349 315 315 322 322 350 350 351 351 352 352 353 353 351 351 353 353 354 354 313 313 351 351 354 354 351 351 313 313 350 350 355 355 354 354 353 353 356 356 355 355 353 353 355 355 356 356 191 191 352 352 357 357 353 353 353 353 357 357 356 356 352 352 358 358 357 357 358 358 352 352 349 349 358 358 359 359 357 357 360 360 357 357 359 359 357 357 360 360 356 356 356 356 360 360 191 191 361 361 360 360 359 359 360 360 361 361 190 190 191 191 360 360 190 190 313 313 354 354 362 362 310 310 313 313 362 362 310 310 362 362 306 306 362 362 307 307 306 306 307 307 362 362 363 363 354 354 355 355 363 363 362 362 354 354 363 363 34 34 307 307 363 363 363 363 194 194 34 34 363 363 355 355 194 194 194 194 355 355 191 191 194 194 32 32 34 34 194 194 193 193 32 32 193 193 31 31 32 32 193 193 196 196 31 31 196 196 47 47 31 31 196 196 199 199 47 47 199 199 48 48 47 47 199 199 200 200 48 48 200 200 52 52 48 48 200 200 205 205 52 52 205 205 53 53 52 52 205 205 207 207 53 53 207 207 58 58 53 53 207 207 208 208 58 58 208 208 59 59 58 58 208 208 218 218 59 59 218 218 62 62 59 59 218 218 217 217 62 62 217 217 70 70 62 62 70 70 217 217 220 220 231 231 70 70 220 220 70 70 231 231 69 69 231 231 242 242 69 69 69 69 242 242 240 240 68 68 69 69 240 240 234 234 235 235 364 364 365 365 234 234 364 364 237 237 234 234 365 365 249 249 237 237 365 365 364 364 235 235 228 228 313 313 312 312 350 350 350 350 312 312 315 315 366 366 349 349 347 347 179 179 366 366 347 347 367 367 366 366 179 179 366 366 367 367 368 368 369 369 366 366 368 368 349 349 366 366 369 369 173 173 367 367 179 179 368 368 370 370 369 369 371 371 370 370 368 368 182 182 371 371 368 368 368 368 367 367 182 182 371 371 372 372 370 370 372 372 373 373 370 370 373 373 372 372 187 187 370 370 374 374 369 369 370 370 373 373 374 374 369 369 374 374 358 358 358 358 349 349 369 369 374 374 359 359 358 358 374 374 375 375 359 359 373 373 375 375 374 374 375 375 373 373 187 187 375 375 361 361 359 359 361 361 375 375 190 190 375 375 187 187 190 190 183 183 371 371 182 182 184 184 372 372 371 371 183 183 184 184 371 371 372 372 184 184 185 185 372 372 185 185 187 187 367 367 174 174 182 182 174 174 367 367 173 173 136 136 44 44 43 43 126 126 136 136 43 43 136 136 137 137 44 44 137 137 24 24 44 44 126 126 43 43 85 85 87 87 126 126 85 85 87 87 88 88 124 124 88 88 91 91 124 124 124 124 91 91 122 122 91 91 376 376 122 122 376 376 91 91 98 98 376 376 98 98 103 103 112 112 376 376 103 103 376 376 112 112 114 114 122 122 376 376 114 114 118 118 109 109 263 263 109 109 110 110 263 263 110 110 261 261 263 263 110 110 96 96 261 261 96 96 262 262 261 261 262 262 96 96 251 251 96 96 77 77 251 251 274 274 277 277 285 285 284 284 274 274 285 285</p>
        </triangles>
      </mesh>
    </geometry>
    <geometry id="toro_larm-lib" name="toro_larmMesh">
      <mesh>
        <source id="toro_larm-POSITION">
          <float_array id="toro_larm-POSITION-array" count="762">
0.260313 -0.040632 -0.000047
0.257088 -0.047431 -0.004448
0.256636 -0.048895 -0.000026
0.257062 -0.047465 0.003733
0.258350 -0.043952 0.006260
0.259430 -0.040339 0.006708
0.258362 -0.044029 -0.006575
0.259435 -0.040339 -0.006794
0.260614 -0.036770 -0.004698
0.261312 -0.034665 -0.000043
0.260614 -0.036770 0.004611
0.252020 -0.054729 -0.004013
0.256046 -0.042910 -0.013343
0.259465 -0.032206 -0.009304
0.260606 -0.028658 -0.003552
0.258332 -0.022523 -0.005098
0.256998 -0.026523 -0.011828
0.256683 -0.020943 -0.005468
0.255297 -0.025222 -0.012745
0.227427 -0.015014 -0.012120
0.228761 -0.010829 -0.005193
0.191923 -0.004000 -0.012099
0.192887 0.000254 -0.005274
0.153189 0.008116 -0.011944
0.151661 0.013136 -0.005266
0.259460 -0.032146 0.009192
0.257867 -0.036981 0.012241
0.260614 -0.028658 0.003604
0.229058 -0.009843 0.000202
0.192620 0.001369 0.000060
0.192900 0.000254 0.005360
0.151687 0.013132 0.005184
0.151131 0.014269 0.000004
0.228774 -0.010829 0.005563
0.257036 -0.019883 -0.000000
0.256696 -0.020943 0.005580
0.227431 -0.015022 0.012559
0.255305 -0.025218 0.012757
0.258660 -0.021739 0.000189
0.258263 -0.022798 0.005425
0.260774 -0.028198 -0.000043
0.256868 -0.026975 0.012073
0.153219 0.008090 0.011952
0.191927 -0.004004 0.012224
0.254108 -0.028908 0.016030
0.226273 -0.018691 0.015638
0.252197 -0.034807 0.019427
0.224012 -0.025864 0.019246
0.191501 -0.007909 0.015332
0.190523 -0.015281 0.018841
0.154098 0.003733 0.014996
0.155239 -0.004461 0.018501
0.253811 -0.035315 0.018226
0.255508 -0.030703 0.015457
0.222096 -0.032172 0.019883
0.189675 -0.021954 0.019590
0.219715 -0.040275 0.017920
0.247723 -0.049398 0.017924
0.246091 -0.055521 0.013425
0.217537 -0.046595 0.013360
0.188478 -0.029989 0.017911
0.187634 -0.037093 0.013210
0.248063 -0.055237 0.013055
0.249523 -0.049476 0.017059
0.156995 -0.019922 0.017873
0.158119 -0.027543 0.013055
0.103692 -0.018424 0.013166
0.106267 -0.010928 0.017911
0.069191 -0.010501 0.017907
0.068257 -0.017063 0.013339
0.250238 -0.041080 0.020150
0.156113 -0.011604 0.019367
0.108984 -0.004499 0.019448
0.070057 -0.003445 0.019323
0.034686 -0.003449 0.019315
0.034686 -0.010501 0.017903
0.034686 -0.017055 0.013343
-0.000254 -0.010476 0.017903
-0.000254 -0.016994 0.013356
-0.007823 -0.009081 0.015035
-0.007823 -0.016447 0.009076
-0.000254 -0.003457 0.019285
-0.007828 -0.000112 0.015840
-0.012887 -0.007182 0.011388
-0.012887 -0.000004 0.011767
0.111860 0.002002 0.018755
-0.000254 0.003216 0.018398
-0.007711 0.010837 0.011393
-0.000254 0.010282 0.014996
0.034686 0.003238 0.018561
0.034686 0.011651 0.014902
0.070905 0.003216 0.018531
0.071951 0.011113 0.014953
0.115739 0.010398 0.014927
0.121629 0.009408 0.014915
0.118267 0.014096 0.011909
0.123657 0.013278 0.011931
0.121242 0.018144 0.005347
0.072804 0.019323 0.005300
0.072528 0.014949 0.011901
0.126908 0.017253 0.005287
0.121978 0.018725 -0.000004
0.127317 0.018032 -0.000000
0.034695 0.019896 0.005257
0.034686 0.020856 -0.000013
0.073226 0.020275 -0.000000
0.121216 0.018144 -0.005206
0.072795 0.019323 -0.005253
-0.000254 0.019440 -0.000000
-0.000245 0.018488 0.005223
-0.007819 0.016723 0.000030
-0.000258 0.018488 -0.005300
-0.007909 0.015922 -0.004586
-0.007905 0.015922 0.004534
-0.012925 0.011965 0.002179
0.034682 0.019896 -0.005296
0.034686 0.015513 -0.011922
-0.000254 0.014127 -0.011862
-0.007703 0.010846 -0.011341
-0.000250 0.014114 0.011845
0.118219 0.014079 -0.011905
0.072524 0.014940 -0.011905
0.034690 0.015509 0.011883
-0.000254 0.010282 -0.014997
-0.007815 -0.000121 -0.015918
-0.000254 0.003216 -0.018407
0.034686 0.011651 -0.014928
0.034690 0.003238 -0.018600
0.071951 0.011113 -0.014953
0.070909 0.003216 -0.018544
0.115705 0.010368 -0.014846
0.111873 0.002041 -0.018407
0.070065 -0.003462 -0.019457
0.108997 -0.004542 -0.019289
0.069191 -0.010691 -0.018243
0.106267 -0.011121 -0.018243
0.156113 -0.011621 -0.019492
0.156995 -0.020112 -0.018277
0.189679 -0.021985 -0.019651
0.188478 -0.030178 -0.018247
0.222101 -0.032223 -0.019750
0.219715 -0.040464 -0.018247
0.250251 -0.041106 -0.020292
0.247723 -0.049588 -0.018256
0.249601 -0.049678 -0.017455
0.251861 -0.041816 -0.018923
0.034686 -0.010691 -0.018243
0.034690 -0.003466 -0.019461
-0.000254 -0.010665 -0.018243
-0.000254 -0.003475 -0.019414
-0.007815 -0.009296 -0.015556
0.217666 -0.046242 -0.014790
0.246147 -0.055400 -0.015207
0.187763 -0.036645 -0.014463
0.158055 -0.027487 -0.014471
-0.000254 -0.016874 -0.014506
0.034686 -0.016947 -0.014488
0.068278 -0.016951 -0.014484
0.103744 -0.018320 -0.014368
-0.007815 -0.016288 -0.010445
-0.012878 -0.007612 -0.011440
-0.012882 -0.013231 -0.007470
0.102629 -0.022032 -0.010088
0.158589 -0.031224 -0.010303
0.102108 -0.023380 -0.002859
0.159084 -0.032869 -0.003079
0.067904 -0.022088 -0.002829
0.067904 -0.020671 -0.010058
0.187354 -0.039646 -0.010049
0.187587 -0.040977 -0.002837
0.034686 -0.022084 -0.002829
0.034686 -0.020671 -0.010058
-0.000254 -0.022032 -0.002837
-0.000254 -0.020628 -0.010036
-0.007819 -0.019690 -0.000000
0.217128 -0.049067 -0.010049
0.217132 -0.050582 -0.002837
0.245368 -0.058216 -0.010045
0.244972 -0.060068 -0.002833
0.247465 -0.057958 -0.009378
0.246810 -0.059676 -0.002855
0.217132 -0.050488 0.002932
0.244972 -0.059977 0.002923
0.217128 -0.049162 0.008770
0.187410 -0.039556 0.008766
0.187587 -0.040882 0.002928
0.245368 -0.058320 0.008727
0.158601 -0.031319 0.008525
0.159071 -0.032770 0.002665
0.102607 -0.022122 0.008736
0.102129 -0.023289 0.002893
0.067904 -0.020766 0.008770
0.067904 -0.021993 0.002915
0.034686 -0.020762 0.008770
0.034686 -0.021993 0.002915
-0.000254 -0.020719 0.008753
-0.000254 -0.021941 0.002923
0.247426 -0.057876 0.007707
0.246875 -0.059439 0.002893
0.252003 -0.054750 0.003350
0.253441 -0.051108 0.009317
0.254853 -0.046768 0.012073
0.251727 -0.041756 0.019065
0.256012 -0.042888 0.013046
0.253575 -0.050875 -0.010501
0.254879 -0.046927 -0.012616
0.248137 -0.055280 -0.014587
0.257872 -0.037002 -0.012344
0.253910 -0.035341 -0.017980
0.255723 -0.030152 -0.015207
0.254134 -0.028818 -0.015982
0.252201 -0.034807 -0.019461
0.224017 -0.025864 -0.018876
0.226277 -0.018691 -0.015238
0.190528 -0.015285 -0.018751
0.191501 -0.007909 -0.015212
0.155234 -0.004461 -0.018488
0.154081 0.003733 -0.014962
0.121487 0.009395 -0.014829
0.148479 0.004766 -0.014945
0.147816 0.009141 -0.011957
0.145965 0.014040 -0.005270
0.145896 0.015027 -0.000000
0.145982 0.014040 0.005180
0.147837 0.009119 0.011957
0.148513 0.004762 0.014971
0.142511 0.014626 -0.005270
0.144092 0.009830 -0.011961
0.130339 0.016676 -0.005244
0.127360 0.012684 -0.011944
0.130693 0.017485 -0.000000
0.142524 0.015565 -0.000000
0.130361 0.016676 0.005253
0.142533 0.014622 0.005188
0.127382 0.012680 0.011944
0.144113 0.009808 0.011961
0.126895 0.017253 -0.005231
0.123614 0.013274 -0.011931
-0.015978 -0.009050 0.004301
-0.015978 -0.004435 0.007014
-0.012887 -0.013352 0.006721
-0.015978 -0.000000 0.006803
-0.015978 -0.011083 -0.000000
-0.015978 -0.000000 -0.006803
-0.015978 -0.004999 -0.006626
-0.012878 -0.000013 -0.011819
-0.015978 -0.008982 -0.004439
-0.015978 0.006906 -0.000000
-0.015978 0.004672 -0.004693
-0.015978 0.004672 0.004693
-0.012822 0.008150 -0.008043
-0.012831 0.008142 0.008051
-0.012882 -0.016288 -0.000009
-0.012930 0.011965 -0.002217
</float_array>
          <technique_common>
            <accessor source="#toro_larm-POSITION-array" count="254" stride="3">
              <param name="X" type="float"/>
              <param name="Y" type="float"/>
              <param name="Z" type="float"/>
            </accessor>
          </technique_common>
        </source>
        <source id="toro_larm-Normal0">
          <float_array id="toro_larm-Normal0-array" count="762">
0.956393 -0.292081 0.001318
0.863897 -0.486407 -0.130730
0.851250 -0.524757 0.002040
0.862855 -0.484548 0.143853
0.894629 -0.388074 0.221446
0.931683 -0.231793 0.279713
0.903096 -0.368943 -0.219770
0.935673 -0.220849 -0.275212
0.975595 -0.085571 -0.202216
0.999597 -0.028362 -0.000709
0.975425 -0.085108 0.203228
0.744480 -0.660249 -0.099097
0.824932 -0.239066 -0.512187
0.929322 0.081300 -0.360209
0.963243 0.162997 -0.213529
0.874165 0.398135 -0.278074
0.847113 0.306285 -0.434268
0.334136 0.851412 -0.404292
0.286245 0.729019 -0.621768
0.241252 0.736865 -0.631528
0.287262 0.869816 -0.401124
0.227672 0.737173 -0.636193
0.271785 0.875461 -0.399626
0.223290 0.747913 -0.625115
0.259134 0.887628 -0.380744
0.921145 0.085892 0.379624
0.869710 -0.097695 0.483797
0.962968 0.165111 0.213146
0.313781 0.949495 0.000250
0.296191 0.955129 -0.000482
0.269709 0.876085 0.399665
0.257850 0.887489 0.381939
0.277778 0.960645 -0.000763
0.287178 0.869778 0.401266
0.372359 0.928087 -0.001755
0.342417 0.849036 0.402354
0.240810 0.736603 0.632001
0.299243 0.719542 0.626668
0.905648 0.423757 0.015229
0.873699 0.385051 0.297299
0.973966 0.226676 0.002734
0.850093 0.262994 0.456263
0.222039 0.752514 0.620018
0.225191 0.738685 0.635321
0.211276 0.509286 0.834260
0.150808 0.488125 0.859646
0.124462 0.278809 0.952247
0.078720 0.278716 0.957142
0.144281 0.488149 0.860752
0.078580 0.282102 0.956161
0.137953 0.496127 0.857220
0.064618 0.268331 0.961157
0.763684 -0.048744 0.643747
0.817520 0.123866 0.562423
-0.033959 -0.081186 0.996120
-0.025248 -0.057910 0.998003
-0.123514 -0.375686 0.918480
-0.102437 -0.396781 0.912179
-0.187920 -0.684241 0.704628
-0.214773 -0.666585 0.713818
-0.120120 -0.367608 0.922191
-0.214595 -0.660838 0.719195
0.612203 -0.656336 0.440942
0.646587 -0.456646 0.611064
-0.082443 -0.384169 0.919574
-0.142276 -0.643081 0.752465
-0.066784 -0.623760 0.778758
-0.044450 -0.391082 0.919282
-0.005269 -0.397553 0.917564
-0.011517 -0.661670 0.749707
-0.007672 -0.100202 0.994937
-0.006960 -0.042699 0.999064
-0.010998 -0.059203 0.998185
-0.000714 -0.042498 0.999096
-0.001346 -0.046482 0.998918
-0.000331 -0.400828 0.916153
-0.000411 -0.664707 0.747104
-0.079934 -0.393250 0.915950
-0.083729 -0.663212 0.743733
-0.492057 -0.313065 0.812324
-0.509273 -0.694885 0.507716
-0.084312 -0.043086 0.995507
-0.503874 0.156155 0.849545
-0.716724 -0.234387 0.656787
-0.705231 0.166409 0.689171
0.019220 0.274492 0.961397
-0.091070 0.299731 0.949667
-0.494739 0.530981 0.687963
-0.076856 0.504717 0.859857
-0.004150 0.281988 0.959409
-0.006637 0.481364 0.876496
0.003416 0.290122 0.956983
0.007483 0.492252 0.870421
0.018255 0.509902 0.860039
0.069113 0.421406 0.904234
0.027360 0.790897 0.611337
0.115184 0.741428 0.661072
0.040688 0.937649 0.345194
0.016709 0.913810 0.405798
0.012469 0.762232 0.647183
0.146280 0.905631 0.398037
0.045052 0.998985 0.000144
0.141802 0.989895 -0.000821
-0.010800 0.912660 0.408578
-0.011501 0.999934 -0.000035
0.020755 0.999785 -0.000027
0.040443 0.937033 -0.346891
0.017256 0.913666 -0.406099
-0.094697 0.995506 -0.000019
-0.092222 0.905971 0.413173
-0.474399 0.880310 0.000718
-0.092692 0.906477 -0.411955
-0.469729 0.783504 -0.406788
-0.468772 0.783626 0.407656
-0.761354 0.608838 0.222835
-0.010317 0.912984 -0.407865
-0.008243 0.760864 -0.648859
-0.093274 0.761053 -0.641949
-0.484925 0.520870 -0.702526
-0.091362 0.763352 0.639489
0.028195 0.793858 -0.607449
0.013110 0.762669 -0.646656
-0.009534 0.761639 0.647931
-0.102289 0.498707 -0.860714
-0.508871 0.169670 -0.843956
-0.086535 0.307833 -0.947497
-0.002419 0.481633 -0.876369
-0.000161 0.288906 -0.957358
0.007766 0.492050 -0.870533
0.005251 0.296715 -0.954952
0.021370 0.494866 -0.868707
0.021306 0.270221 -0.962563
0.001731 -0.018799 -0.999822
-0.003185 -0.008408 -0.999960
-0.001797 -0.342899 -0.939371
-0.038445 -0.322098 -0.945926
-0.005662 -0.016797 -0.999843
-0.069702 -0.312047 -0.947506
-0.011741 -0.027913 -0.999541
-0.100961 -0.315260 -0.943619
-0.021781 -0.035233 -0.999142
-0.104656 -0.304202 -0.946841
0.005835 -0.075352 -0.997140
-0.079806 -0.319873 -0.944093
0.647449 -0.405952 -0.644991
0.708894 -0.232462 -0.665906
-0.000159 -0.345149 -0.938548
-0.000010 -0.024424 -0.999702
-0.075608 -0.350009 -0.933690
-0.081594 -0.012841 -0.996583
-0.511381 -0.293295 -0.807755
-0.210161 -0.638942 -0.739990
-0.187712 -0.650270 -0.736147
-0.195671 -0.623311 -0.757098
-0.131850 -0.593961 -0.793616
-0.082437 -0.629703 -0.772450
-0.000494 -0.633502 -0.773741
-0.008469 -0.628798 -0.777523
-0.068395 -0.584561 -0.808462
-0.528924 -0.699765 -0.480175
-0.736600 -0.208961 -0.643239
-0.717910 -0.574059 -0.393778
-0.106117 -0.905249 -0.411416
-0.190289 -0.896792 -0.399441
-0.115038 -0.988328 -0.099867
-0.203946 -0.973117 -0.106997
-0.019584 -0.994638 -0.101542
-0.017666 -0.913648 -0.406123
-0.272726 -0.899712 -0.340792
-0.289085 -0.953331 -0.087125
-0.000773 -0.994848 -0.101371
-0.000727 -0.914872 -0.403743
-0.063964 -0.992485 -0.104320
-0.093492 -0.911707 -0.400062
-0.487683 -0.873021 -0.000314
-0.289944 -0.895795 -0.336873
-0.310638 -0.944571 -0.106249
-0.263756 -0.896159 -0.356836
-0.291783 -0.946784 -0.135876
0.605115 -0.761797 -0.231301
0.585646 -0.808178 -0.062185
-0.313386 -0.942626 0.115090
-0.281588 -0.948044 0.148056
-0.291337 -0.891643 0.346549
-0.281039 -0.897458 0.339981
-0.291142 -0.950018 0.112708
-0.239701 -0.885451 0.398146
-0.184442 -0.887294 0.422718
-0.201848 -0.972160 0.119003
-0.102136 -0.892650 0.439026
-0.115295 -0.986952 0.112398
-0.017255 -0.902590 0.430156
-0.019077 -0.993371 0.113362
-0.000670 -0.903780 0.427997
-0.000746 -0.993572 0.113203
-0.090927 -0.900935 0.424321
-0.061880 -0.991338 0.115845
0.601448 -0.758456 0.251009
0.594738 -0.799458 0.084583
0.736882 -0.668025 0.103670
0.765510 -0.569112 0.300177
0.783681 -0.429165 0.449067
0.703179 -0.263075 0.660554
0.820309 -0.267902 0.505294
0.780781 -0.551293 -0.294036
0.792991 -0.393729 -0.464912
0.632485 -0.625959 -0.456221
0.866224 -0.096390 -0.490271
0.766222 -0.044991 -0.640999
0.792380 0.132763 -0.595405
0.190050 0.512590 -0.837336
0.118479 0.293273 -0.948659
0.085327 0.293972 -0.951998
0.153739 0.489880 -0.858127
0.086701 0.293130 -0.952133
0.148007 0.489469 -0.859368
0.065809 0.278842 -0.958080
0.141580 0.494220 -0.857731
0.060840 0.404036 -0.912717
0.072719 0.438696 -0.895688
0.134666 0.734316 -0.665316
0.144619 0.897489 -0.416653
0.149793 0.988717 -0.000783
0.146005 0.897059 0.417093
0.135615 0.738030 0.660999
0.074198 0.434942 0.897396
0.149266 0.894017 -0.422438
0.113892 0.671607 -0.732101
0.149496 0.888688 -0.433456
0.118167 0.706251 -0.698030
0.162038 0.986779 -0.003373
0.162142 0.986767 -0.000390
0.151460 0.895412 0.418684
0.150835 0.885872 0.438726
0.114174 0.676968 0.727103
0.122907 0.711452 0.691904
0.140807 0.906399 -0.398265
0.111209 0.741815 -0.661319
-0.944401 -0.235117 0.229840
-0.907803 -0.092774 0.409006
-0.708994 -0.548704 0.443002
-0.982641 0.057169 0.176489
-0.976049 -0.217540 -0.002293
-0.981862 0.051277 -0.182533
-0.949338 -0.064950 -0.307472
-0.711693 0.162083 -0.683537
-0.916176 -0.290216 -0.276398
-0.978962 0.204042 0.000257
-0.915637 0.273526 -0.294607
-0.915731 0.274244 0.293644
-0.722676 0.435720 -0.536552
-0.723909 0.436152 0.534535
-0.694669 -0.719329 0.000542
-0.761658 0.608399 -0.222997
</float_array>
          <technique_common>
            <accessor source="#toro_larm-Normal0-array" count="254" stride="3">
              <param name="X" type="float"/>
              <param name="Y" type="float"/>
              <param name="Z" type="float"/>
            </accessor>
          </technique_common>
        </source>
        <source id="toro_larm-UV0">
          <float_array id="toro_larm-UV0-array" count="508">
0.000000 0.000000
0.000000 0.000000
0.000000 0.000000
0.000000 0.000000
0.000000 0.000000
0.000000 0.000000
0.000000 0.000000
0.000000 0.000000
0.000000 0.000000
0.000000 0.000000
0.000000 0.000000
0.000000 0.000000
0.000000 0.000000
0.000000 0.000000
0.000000 0.000000
0.000000 0.000000
0.000000 0.000000
0.000000 0.000000
0.000000 0.000000
0.000000 0.000000
0.000000 0.000000
0.000000 0.000000
0.000000 0.000000
0.000000 0.000000
0.000000 0.000000
0.000000 0.000000
0.000000 0.000000
0.000000 0.000000
0.000000 0.000000
0.000000 0.000000
0.000000 0.000000
0.000000 0.000000
0.000000 0.000000
0.000000 0.000000
0.000000 0.000000
0.000000 0.000000
0.000000 0.000000
0.000000 0.000000
0.000000 0.000000
0.000000 0.000000
0.000000 0.000000
0.000000 0.000000
0.000000 0.000000
0.000000 0.000000
0.000000 0.000000
0.000000 0.000000
0.000000 0.000000
0.000000 0.000000
0.000000 0.000000
0.000000 0.000000
0.000000 0.000000
0.000000 0.000000
0.000000 0.000000
0.000000 0.000000
0.000000 0.000000
0.000000 0.000000
0.000000 0.000000
0.000000 0.000000
0.000000 0.000000
0.000000 0.000000
0.000000 0.000000
0.000000 0.000000
0.000000 0.000000
0.000000 0.000000
0.000000 0.000000
0.000000 0.000000
0.000000 0.000000
0.000000 0.000000
0.000000 0.000000
0.000000 0.000000
0.000000 0.000000
0.000000 0.000000
0.000000 0.000000
0.000000 0.000000
0.000000 0.000000
0.000000 0.000000
0.000000 0.000000
0.000000 0.000000
0.000000 0.000000
0.000000 0.000000
0.000000 0.000000
0.000000 0.000000
0.000000 0.000000
0.000000 0.000000
0.000000 0.000000
0.000000 0.000000
0.000000 0.000000
0.000000 0.000000
0.000000 0.000000
0.000000 0.000000
0.000000 0.000000
0.000000 0.000000
0.000000 0.000000
0.000000 0.000000
0.000000 0.000000
0.000000 0.000000
0.000000 0.000000
0.000000 0.000000
0.000000 0.000000
0.000000 0.000000
0.000000 0.000000
0.000000 0.000000
0.000000 0.000000
0.000000 0.000000
0.000000 0.000000
0.000000 0.000000
0.000000 0.000000
0.000000 0.000000
0.000000 0.000000
0.000000 0.000000
0.000000 0.000000
0.000000 0.000000
0.000000 0.000000
0.000000 0.000000
0.000000 0.000000
0.000000 0.000000
0.000000 0.000000
0.000000 0.000000
0.000000 0.000000
0.000000 0.000000
0.000000 0.000000
0.000000 0.000000
0.000000 0.000000
0.000000 0.000000
0.000000 0.000000
0.000000 0.000000
0.000000 0.000000
0.000000 0.000000
0.000000 0.000000
0.000000 0.000000
0.000000 0.000000
0.000000 0.000000
0.000000 0.000000
0.000000 0.000000
0.000000 0.000000
0.000000 0.000000
0.000000 0.000000
0.000000 0.000000
0.000000 0.000000
0.000000 0.000000
0.000000 0.000000
0.000000 0.000000
0.000000 0.000000
0.000000 0.000000
0.000000 0.000000
0.000000 0.000000
0.000000 0.000000
0.000000 0.000000
0.000000 0.000000
0.000000 0.000000
0.000000 0.000000
0.000000 0.000000
0.000000 0.000000
0.000000 0.000000
0.000000 0.000000
0.000000 0.000000
0.000000 0.000000
0.000000 0.000000
0.000000 0.000000
0.000000 0.000000
0.000000 0.000000
0.000000 0.000000
0.000000 0.000000
0.000000 0.000000
0.000000 0.000000
0.000000 0.000000
0.000000 0.000000
0.000000 0.000000
0.000000 0.000000
0.000000 0.000000
0.000000 0.000000
0.000000 0.000000
0.000000 0.000000
0.000000 0.000000
0.000000 0.000000
0.000000 0.000000
0.000000 0.000000
0.000000 0.000000
0.000000 0.000000
0.000000 0.000000
0.000000 0.000000
0.000000 0.000000
0.000000 0.000000
0.000000 0.000000
0.000000 0.000000
0.000000 0.000000
0.000000 0.000000
0.000000 0.000000
0.000000 0.000000
0.000000 0.000000
0.000000 0.000000
0.000000 0.000000
0.000000 0.000000
0.000000 0.000000
0.000000 0.000000
0.000000 0.000000
0.000000 0.000000
0.000000 0.000000
0.000000 0.000000
0.000000 0.000000
0.000000 0.000000
0.000000 0.000000
0.000000 0.000000
0.000000 0.000000
0.000000 0.000000
0.000000 0.000000
0.000000 0.000000
0.000000 0.000000
0.000000 0.000000
0.000000 0.000000
0.000000 0.000000
0.000000 0.000000
0.000000 0.000000
0.000000 0.000000
0.000000 0.000000
0.000000 0.000000
0.000000 0.000000
0.000000 0.000000
0.000000 0.000000
0.000000 0.000000
0.000000 0.000000
0.000000 0.000000
0.000000 0.000000
0.000000 0.000000
0.000000 0.000000
0.000000 0.000000
0.000000 0.000000
0.000000 0.000000
0.000000 0.000000
0.000000 0.000000
0.000000 0.000000
0.000000 0.000000
0.000000 0.000000
0.000000 0.000000
0.000000 0.000000
0.000000 0.000000
0.000000 0.000000
0.000000 0.000000
0.000000 0.000000
0.000000 0.000000
0.000000 0.000000
0.000000 0.000000
0.000000 0.000000
0.000000 0.000000
0.000000 0.000000
0.000000 0.000000
0.000000 0.000000
0.000000 0.000000
0.000000 0.000000
0.000000 0.000000
0.000000 0.000000
0.000000 0.000000
0.000000 0.000000
0.000000 0.000000
</float_array>
          <technique_common>
            <accessor source="#toro_larm-UV0-array" count="254" stride="2">
              <param name="S" type="float"/>
              <param name="T" type="float"/>
            </accessor>
          </technique_common>
        </source>
        <vertices id="toro_larm-VERTEX">
          <input semantic="POSITION" source="#toro_larm-POSITION"/>
          <input semantic="NORMAL" source="#toro_larm-Normal0"/>
        </vertices>
        <triangles count="504" material="CH_toro_body_high">
          <input semantic="VERTEX" offset="0" source="#toro_larm-VERTEX"/>
          <input semantic="TEXCOORD" offset="1" set="0" source="#toro_larm-UV0"/>
          <p> 2 2 1 1 0 0 3 3 2 2 0 0 4 4 3 3 0 0 5 5 4 4 0 0 1 1 6 6 0 0 6 6 7 7 0 0 7 7 8 8 0 0 8 8 9 9 0 0 9 9 10 10 0 0 0 0 10 10 5 5 11 11 1 1 2 2 12 12 7 7 6 6 8 8 13 13 9 9 14 14 9 9 13 13 14 14 13 13 15 15 16 16 15 15 13 13 15 15 16 16 17 17 18 18 17 17 16 16 18 18 19 19 17 17 20 20 17 17 19 19 19 19 21 21 20 20 22 22 20 20 21 21 21 21 23 23 22 22 24 24 22 22 23 23 10 10 9 9 25 25 10 10 25 25 26 26 27 27 25 25 9 9 20 20 22 22 28 28 29 29 28 28 22 22 22 22 24 24 29 29 29 29 30 30 28 28 30 30 29 29 31 31 32 32 31 31 29 29 32 32 29 29 24 24 33 33 28 28 30 30 28 28 34 34 20 20 28 28 33 33 34 34 35 35 34 34 33 33 33 33 36 36 35 35 37 37 35 35 36 36 34 34 35 35 38 38 39 39 38 38 35 35 35 35 37 37 39 39 27 27 40 40 39 39 38 38 39 39 40 40 38 38 40 40 15 15 14 14 15 15 40 40 27 27 39 39 25 25 41 41 25 25 39 39 41 41 39 39 37 37 31 31 42 42 30 30 36 36 33 33 43 43 43 43 30 30 42 42 30 30 43 43 33 33 15 15 17 17 38 38 34 34 38 38 17 17 17 17 20 20 34 34 37 37 36 36 44 44 45 45 44 44 36 36 44 44 45 45 46 46 47 47 46 46 45 45 45 45 48 48 47 47 48 48 45 45 43 43 43 43 42 42 48 48 49 49 47 47 48 48 48 48 50 50 49 49 50 50 48 48 42 42 51 51 49 49 50 50 46 46 52 52 44 44 53 53 44 44 52 52 52 52 26 26 53 53 36 36 43 43 45 45 47 47 49 49 54 54 55 55 54 54 49 49 49 49 51 51 55 55 54 54 55 55 56 56 56 56 57 57 54 54 57 57 56 56 58 58 59 59 58 58 56 56 56 56 60 60 59 59 60 60 56 56 55 55 61 61 59 59 60 60 58 58 62 62 57 57 63 63 57 57 62 62 60 60 64 64 61 61 65 65 61 61 64 64 65 65 64 64 66 66 67 67 66 66 64 64 67 67 68 68 66 66 69 69 66 66 68 68 70 70 54 54 57 57 57 57 63 63 70 70 55 55 71 71 60 60 64 64 60 60 71 71 67 67 64 64 72 72 71 71 72 72 64 64 72 72 73 73 67 67 68 68 67 67 73 73 73 73 74 74 68 68 75 75 68 68 74 74 68 68 75 75 69 69 76 76 69 69 75 75 75 75 77 77 76 76 78 78 76 76 77 77 77 77 79 79 78 78 80 80 78 78 79 79 74 74 81 81 75 75 77 77 75 75 81 81 81 81 82 82 77 77 79 79 77 77 82 82 79 79 82 82 83 83 84 84 83 83 82 82 72 72 71 71 85 85 51 51 85 85 71 71 81 81 86 86 82 82 81 81 74 74 86 86 82 82 86 86 87 87 82 82 87 87 84 84 88 88 87 87 86 86 86 86 89 89 88 88 90 90 88 88 89 89 89 89 91 91 90 90 92 92 90 90 91 91 91 91 85 85 92 92 93 93 92 92 85 85 94 94 93 93 85 85 85 85 51 51 94 94 93 93 94 94 95 95 96 96 95 95 94 94 95 95 96 96 97 97 97 97 98 98 95 95 99 99 95 95 98 98 95 95 99 99 93 93 92 92 93 93 99 99 100 100 97 97 96 96 97 97 100 100 101 101 102 102 101 101 100 100 98 98 103 103 99 99 103 103 98 98 104 104 105 105 104 104 98 98 98 98 97 97 105 105 101 101 105 105 97 97 101 101 106 106 105 105 107 107 105 105 106 106 105 105 107 107 104 104 104 104 108 108 103 103 109 109 103 103 108 108 108 108 110 110 109 109 108 108 111 111 110 110 112 112 110 110 111 111 113 113 109 109 110 110 114 114 113 113 110 110 115 115 104 104 107 107 111 111 108 108 115 115 104 104 115 115 108 108 115 115 116 116 111 111 117 117 111 111 116 116 112 112 111 111 118 118 117 117 118 118 111 111 113 113 87 87 109 109 119 119 109 109 87 87 106 106 120 120 107 107 121 121 107 107 120 120 107 107 121 121 115 115 116 116 115 115 121 121 119 119 122 122 109 109 103 103 109 109 122 122 122 122 99 99 103 103 119 119 87 87 88 88 117 117 123 123 118 118 117 117 116 116 123 123 118 118 123 123 124 124 125 125 124 124 123 123 123 123 126 126 125 125 126 126 123 123 116 116 116 116 121 121 126 126 127 127 125 125 126 126 126 126 128 128 127 127 121 121 120 120 128 128 128 128 126 126 121 121 129 129 127 127 128 128 128 128 130 130 129 129 130 130 128 128 120 120 131 131 129 129 130 130 129 129 131 131 132 132 133 133 132 132 131 131 132 132 133 133 134 134 135 135 134 134 133 133 133 133 136 136 135 135 133 133 131 131 136 136 137 137 135 135 136 136 136 136 138 138 137 137 139 139 137 137 138 138 138 138 140 140 139 139 141 141 139 139 140 140 140 140 142 142 141 141 143 143 141 141 142 142 143 143 142 142 144 144 145 145 144 144 142 142 134 134 146 146 132 132 147 147 132 132 146 146 146 146 148 148 147 147 149 149 147 147 148 148 148 148 150 150 149 149 124 124 149 149 150 150 141 141 143 143 151 151 152 152 151 151 143 143 151 151 153 153 141 141 139 139 141 141 153 153 153 153 154 154 139 139 148 148 146 146 155 155 156 156 155 155 146 146 146 146 134 134 156 156 157 157 156 156 134 134 134 134 135 135 157 157 158 158 157 157 135 135 154 154 158 158 137 137 135 135 137 137 158 158 137 137 139 139 154 154 155 155 159 159 148 148 150 150 148 148 159 159 150 150 159 159 160 160 161 161 160 160 159 159 158 158 154 154 162 162 163 163 162 162 154 154 162 162 163 163 164 164 165 165 164 164 163 163 164 164 166 166 162 162 167 167 162 162 166 166 162 162 167 167 158 158 157 157 158 158 167 167 163 163 168 168 165 165 169 169 165 165 168 168 166 166 170 170 167 167 171 171 167 167 170 170 170 170 172 172 171 171 173 173 171 171 172 172 173 173 172 172 174 174 168 168 175 175 169 169 176 176 169 169 175 175 175 175 177 177 176 176 178 178 176 176 177 177 177 177 179 179 178 178 180 180 178 178 179 179 11 11 180 180 179 179 177 177 175 175 152 152 151 151 152 152 175 175 175 175 168 168 151 151 176 176 178 178 181 181 182 182 181 181 178 178 178 178 180 180 182 182 181 181 182 182 183 183 183 183 184 184 181 181 185 185 181 181 184 184 181 181 185 185 176 176 186 186 183 183 182 182 184 184 187 187 185 185 188 188 185 185 187 187 187 187 189 189 188 188 190 190 188 188 189 189 189 189 191 191 190 190 192 192 190 190 191 191 191 191 193 193 192 192 194 194 192 192 193 193 193 193 195 195 194 194 196 196 194 194 195 195 195 195 174 174 196 196 186 186 182 182 197 197 198 198 197 197 182 182 197 197 198 198 199 199 188 188 190 190 165 165 164 164 165 165 190 190 190 190 192 192 164 164 195 195 193 193 78 78 76 76 78 78 193 193 193 193 191 191 76 76 196 196 174 174 172 172 166 166 164 164 192 192 192 192 194 194 166 166 172 172 170 170 196 196 194 194 196 196 170 170 170 170 166 166 194 194 195 195 78 78 80 80 80 80 174 174 195 195 198 198 182 182 180 180 197 197 199 199 62 62 62 62 58 58 197 197 186 186 197 197 58 58 58 58 59 59 186 186 183 183 186 186 59 59 59 59 61 61 183 183 184 184 183 183 61 61 61 61 65 65 184 184 187 187 184 184 65 65 65 65 66 66 187 187 189 189 187 187 66 66 66 66 69 69 189 189 191 191 189 189 69 69 69 69 76 76 191 191 62 62 200 200 63 63 201 201 63 63 200 200 63 63 201 201 202 202 203 203 202 202 201 201 202 202 70 70 63 63 200 200 3 3 201 201 4 4 201 201 3 3 201 201 4 4 203 203 203 203 4 4 5 5 203 203 5 5 26 26 26 26 52 52 203 203 202 202 203 203 52 52 52 52 46 46 202 202 70 70 202 202 46 46 46 46 47 47 70 70 54 54 70 70 47 47 5 5 10 10 26 26 199 199 3 3 200 200 199 199 2 2 3 3 11 11 2 2 199 199 199 199 198 198 11 11 180 180 11 11 198 198 25 25 41 41 26 26 53 53 26 26 41 41 41 41 37 37 53 53 44 44 53 53 37 37 204 204 1 1 11 11 204 204 205 205 1 1 205 205 204 204 144 144 206 206 144 144 204 204 144 144 145 145 205 205 12 12 205 205 145 145 144 144 206 206 143 143 152 152 143 143 206 206 6 6 1 1 205 205 205 205 12 12 6 6 12 12 145 145 207 207 208 208 207 207 145 145 209 209 207 207 208 208 209 209 208 208 210 210 211 211 210 210 208 208 211 211 212 212 210 210 213 213 210 210 212 212 212 212 214 214 213 213 215 215 213 213 214 214 214 214 216 216 215 215 217 217 215 215 216 216 212 212 211 211 140 140 142 142 140 140 211 211 211 211 208 208 142 142 140 140 138 138 212 212 214 214 212 212 138 138 210 210 213 213 18 18 19 19 18 18 213 213 213 213 215 215 19 19 21 21 19 19 215 215 215 215 217 217 21 21 145 145 142 142 208 208 138 138 136 136 214 214 216 216 214 214 136 136 216 216 136 136 131 131 131 131 218 218 216 216 219 219 216 216 218 218 217 217 216 216 219 219 217 217 219 219 23 23 23 23 21 21 217 217 220 220 23 23 219 219 23 23 220 220 24 24 221 221 24 24 220 220 24 24 221 221 32 32 222 222 32 32 221 221 222 222 223 223 32 32 31 31 32 32 223 223 223 223 224 224 31 31 42 42 31 31 224 224 224 224 225 225 42 42 50 50 42 42 225 225 221 221 220 220 226 226 227 227 226 226 220 220 227 227 220 220 219 219 219 219 218 218 227 227 226 226 227 227 228 228 229 229 228 228 227 227 228 228 230 230 226 226 231 231 226 226 230 230 222 222 221 221 231 231 226 226 231 231 221 221 230 230 232 232 231 231 233 233 231 231 232 232 231 231 233 233 222 222 223 223 222 222 233 233 232 232 234 234 233 233 235 235 233 233 234 234 224 224 223 223 235 235 233 233 235 235 223 223 235 235 234 234 225 225 224 224 235 235 225 225 232 232 230 230 100 100 102 102 100 100 230 230 230 230 228 228 102 102 228 228 229 229 236 236 236 236 102 102 228 228 102 102 236 236 101 101 106 106 101 101 236 236 236 236 237 237 106 106 237 237 236 236 229 229 120 120 106 106 237 237 237 237 218 218 120 120 229 229 218 218 237 237 130 130 120 120 218 218 234 234 232 232 96 96 100 100 96 96 232 232 234 234 96 96 94 94 130 130 218 218 131 131 94 94 225 225 234 234 225 225 94 94 51 51 50 50 225 225 51 51 71 71 55 55 51 51 229 229 227 227 218 218 239 239 238 238 83 83 240 240 83 83 238 238 239 239 241 241 238 238 238 238 241 241 242 242 238 238 242 242 240 240 242 242 241 241 243 243 244 244 242 242 243 243 243 243 245 245 244 244 160 160 244 244 245 245 246 246 242 242 244 244 244 244 160 160 246 246 243 243 241 241 247 247 248 248 243 243 247 247 241 241 249 249 247 247 245 245 243 243 250 250 248 248 250 250 243 243 247 247 249 249 114 114 251 251 114 114 249 249 249 249 241 241 251 251 246 246 161 161 242 242 161 161 246 246 160 160 252 252 242 242 161 161 252 252 240 240 242 242 240 240 252 252 80 80 174 174 80 80 252 252 252 252 161 161 174 174 80 80 79 79 240 240 83 83 240 240 79 79 245 245 124 124 160 160 247 247 114 114 253 253 250 250 248 248 253 253 247 247 253 253 248 248 253 253 112 112 250 250 118 118 250 250 112 112 250 250 118 118 245 245 124 124 245 245 118 118 114 114 251 251 113 113 87 87 113 113 251 251 251 251 84 84 87 87 83 83 84 84 239 239 241 241 239 239 84 84 84 84 251 251 241 241 112 112 253 253 110 110 253 253 114 114 110 110 125 125 149 149 124 124 125 125 127 127 149 149 147 147 149 149 127 127 127 127 129 129 147 147 132 132 147 147 129 129 207 207 8 8 7 7 13 13 8 8 207 207 207 207 209 209 13 13 16 16 13 13 209 209 209 209 210 210 16 16 18 18 16 16 210 210 7 7 12 12 207 207 74 74 73 73 89 89 91 91 89 89 73 73 89 89 86 86 74 74 73 73 72 72 91 91 85 85 91 91 72 72 99 99 122 122 92 92 90 90 92 92 122 122 122 122 119 119 90 90 88 88 90 90 119 119 40 40 9 9 14 14 40 40 27 27 9 9 155 155 173 173 159 159 155 155 156 156 173 173 171 171 173 173 156 156 156 156 157 157 171 171 167 167 171 171 157 157 159 159 173 173 174 174 159 159 174 174 161 161 168 168 163 163 153 153 154 154 153 153 163 163 153 153 151 151 168 168 165 165 169 169 188 188 185 185 188 188 169 169 169 169 176 176 185 185 179 179 177 177 206 206 152 152 206 206 177 177 206 206 204 204 179 179 11 11 179 179 204 204 200 200 62 62 199 199 150 150 160 160 124 124</p>
        </triangles>
      </mesh>
    </geometry>
    <geometry id="toro_lleg-lib" name="toro_llegMesh">
      <mesh>
        <source id="toro_lleg-POSITION">
          <float_array id="toro_lleg-POSITION-array" count="720">
0.000130 0.002366 -0.190768
0.021071 -0.013636 -0.187001
0.023679 -0.005093 -0.187001
0.015785 -0.021815 -0.187001
0.021071 -0.017568 -0.159175
0.015818 -0.025541 -0.157479
0.021071 -0.022848 -0.121833
0.015842 -0.030662 -0.117843
0.023679 -0.014545 -0.125576
0.023679 -0.009170 -0.160530
0.024649 -0.001312 -0.161888
0.024649 0.002910 -0.187001
0.024649 -0.006785 -0.129322
0.023679 0.000975 -0.133068
0.023679 0.006528 -0.163239
0.020335 0.009623 -0.136815
0.020335 0.015254 -0.164590
0.013819 0.018460 -0.141507
0.020335 0.006234 -0.066282
0.013808 0.014504 -0.062687
0.023679 -0.001356 -0.083007
0.023679 0.000336 -0.118275
0.020335 0.009359 -0.037469
0.013869 0.016852 -0.036959
0.020335 0.013389 -0.000292
0.013916 0.020234 -0.000292
0.013423 0.018680 0.007805
0.019403 0.012653 0.007805
0.013802 0.024183 -0.166286
0.020335 0.019798 -0.187001
0.013751 0.029020 -0.187001
0.023679 0.010910 -0.187001
0.010501 0.030621 -0.187001
0.023679 -0.001954 -0.069150
0.010501 0.025811 -0.166566
-0.010501 0.030621 -0.187001
-0.010501 0.025811 -0.166566
-0.010501 0.020095 -0.142298
0.010501 0.020095 -0.142298
-0.010501 0.016031 -0.062086
0.010501 0.016031 -0.062086
0.010501 0.018325 -0.036868
-0.010501 0.018325 -0.036868
-0.010491 0.021649 -0.000292
0.010491 0.021649 -0.000292
-0.009802 0.020112 0.007805
0.009802 0.020112 0.007805
-0.013802 0.024183 -0.166286
-0.013751 0.029020 -0.187001
-0.020335 0.019798 -0.187001
-0.020335 0.015254 -0.164590
-0.013818 0.018460 -0.141507
-0.020335 0.009623 -0.136815
-0.013808 0.014504 -0.062687
-0.020335 0.006234 -0.066282
-0.020335 0.009359 -0.037469
-0.013869 0.016852 -0.036959
-0.020335 0.013389 -0.000292
-0.013916 0.020234 -0.000292
-0.019403 0.012653 0.007805
-0.013423 0.018680 0.007805
-0.023679 0.006251 -0.000292
-0.023679 0.001785 -0.037878
-0.023679 -0.001954 -0.069150
-0.024649 -0.004900 -0.038283
-0.024649 -0.009255 -0.072014
-0.023679 -0.001356 -0.083007
-0.024649 -0.008657 -0.085213
-0.022592 0.006042 0.007805
-0.023517 0.000333 0.007805
-0.024649 0.000002 -0.000292
-0.023679 -0.006251 -0.000292
-0.022592 -0.005376 0.007805
-0.023679 -0.011545 -0.038689
-0.020105 -0.011636 0.007805
-0.021071 -0.013042 -0.000292
-0.015447 -0.016592 0.007805
-0.016007 -0.018832 -0.000292
-0.021071 -0.018730 -0.039094
-0.015970 -0.024997 -0.039587
-0.021071 -0.024396 -0.077747
-0.015889 -0.031584 -0.080767
-0.023679 -0.016551 -0.074883
-0.021071 -0.024467 -0.088740
-0.015842 -0.031841 -0.090172
-0.021071 -0.024267 -0.099732
-0.015835 -0.031787 -0.099732
-0.023679 -0.016214 -0.099732
-0.023679 -0.016521 -0.086960
-0.024649 -0.008059 -0.099732
-0.023679 -0.015518 -0.113292
-0.024649 -0.007424 -0.115887
-0.015825 -0.031375 -0.108935
-0.021071 -0.023693 -0.110938
-0.015842 -0.030662 -0.117843
-0.021071 -0.022848 -0.121833
-0.023679 -0.014545 -0.125576
-0.015818 -0.025541 -0.157479
-0.021071 -0.017568 -0.159175
-0.015785 -0.021815 -0.187001
-0.021071 -0.013636 -0.187001
-0.023679 -0.009170 -0.160530
-0.024649 -0.006785 -0.129322
-0.024649 -0.001312 -0.161888
-0.023679 -0.005093 -0.187001
-0.024649 0.002910 -0.187001
-0.023679 0.000975 -0.133068
-0.023679 0.006528 -0.163239
-0.023679 0.010910 -0.187001
-0.023679 0.000336 -0.118275
0.009937 -0.026081 -0.187001
0.002610 -0.028794 -0.187001
0.009930 -0.029814 -0.157077
0.002620 -0.032473 -0.156570
0.009927 -0.034929 -0.116042
0.002627 -0.037543 -0.114647
0.009927 -0.035588 -0.107887
0.002620 -0.038158 -0.107188
0.009927 -0.035973 -0.099732
0.002623 -0.038500 -0.099732
0.002627 -0.038489 -0.091490
0.009923 -0.036003 -0.090956
0.002640 -0.038202 -0.083244
0.009917 -0.035763 -0.082179
0.002657 -0.031209 -0.039864
0.009903 -0.029041 -0.039716
0.002667 -0.024831 -0.000292
0.009896 -0.022798 -0.000292
0.009680 -0.020612 0.007805
0.002833 -0.022332 0.007805
0.015970 -0.024997 -0.039587
0.015889 -0.031584 -0.080767
0.021071 -0.024396 -0.077747
0.021071 -0.018730 -0.039094
0.023679 -0.016551 -0.074883
0.023679 -0.011545 -0.038689
0.016008 -0.018832 -0.000292
0.021071 -0.013042 -0.000292
0.020105 -0.011636 0.007805
0.015447 -0.016592 0.007805
0.023679 -0.006251 -0.000292
0.022592 -0.005376 0.007805
0.024649 -0.009255 -0.072014
0.024649 -0.004900 -0.038283
0.023679 0.001785 -0.037878
0.024649 0.000002 -0.000292
0.023679 0.006251 -0.000292
0.023517 0.000333 0.007805
0.022592 0.006042 0.007805
0.024649 -0.008657 -0.085213
0.023679 -0.016521 -0.086960
0.024649 -0.008059 -0.099732
0.023679 -0.016214 -0.099732
0.023679 -0.015518 -0.113292
0.024649 -0.007424 -0.115887
0.021071 -0.024467 -0.088740
0.021071 -0.023693 -0.110938
0.021071 -0.024267 -0.099732
0.015842 -0.031841 -0.090172
0.015835 -0.031787 -0.099732
0.015825 -0.031375 -0.108935
-0.002610 -0.028794 -0.187001
-0.009937 -0.026081 -0.187001
-0.009930 -0.029814 -0.157077
-0.002620 -0.032473 -0.156570
-0.009927 -0.034929 -0.116042
-0.002626 -0.037543 -0.114647
-0.009927 -0.035588 -0.107887
-0.002620 -0.038158 -0.107188
-0.009927 -0.035973 -0.099732
-0.002623 -0.038500 -0.099732
-0.002626 -0.038489 -0.091490
-0.009927 -0.036003 -0.090956
-0.002640 -0.038202 -0.083244
-0.009917 -0.035763 -0.082179
-0.002657 -0.031209 -0.039864
-0.009903 -0.029041 -0.039716
-0.002667 -0.024831 -0.000292
-0.009896 -0.022798 -0.000292
-0.002833 -0.022332 0.007805
-0.009680 -0.020612 0.007805
-0.013825 -0.014957 0.013112
-0.018024 -0.010596 0.013112
-0.008596 -0.018616 0.013112
-0.002704 -0.020058 0.013112
-0.016862 -0.004349 0.017805
-0.017561 0.000052 0.017805
-0.012325 -0.000191 0.021649
-0.011839 -0.003127 0.021649
-0.016855 0.004451 0.017805
-0.011839 0.002741 0.021649
-0.010535 -0.006792 0.021649
-0.014967 -0.009275 0.017805
-0.007728 -0.009437 0.021649
-0.011396 -0.013004 0.017805
-0.010167 0.006180 0.021649
-0.014406 0.009123 0.017805
-0.009602 0.013849 0.017805
-0.006251 0.009477 0.021649
-0.007707 0.014501 0.017805
0.007707 0.014501 0.017805
0.006251 0.009477 0.021649
0.009603 0.013849 0.017805
0.010167 0.006180 0.021649
0.014406 0.009123 0.017805
0.016855 0.004451 0.017805
0.011839 0.002741 0.021649
0.012325 -0.000191 0.021649
0.017562 0.000052 0.017805
0.016862 -0.004349 0.017805
0.011839 -0.003127 0.021649
0.010535 -0.006792 0.021649
0.014967 -0.009275 0.017805
0.011396 -0.013004 0.017805
0.007728 -0.009437 0.021649
0.006954 -0.016136 0.017805
0.004285 -0.011352 0.021649
0.002407 -0.017268 0.017805
0.001964 -0.011974 0.021649
-0.002407 -0.017268 0.017805
-0.001964 -0.011974 0.021649
-0.006954 -0.016136 0.017805
-0.004285 -0.011352 0.021649
-0.000002 -0.001309 0.023646
-0.020267 -0.004947 0.013112
-0.021095 0.000157 0.013112
-0.020250 0.005255 0.013112
-0.017355 0.011231 0.013112
-0.011859 0.016616 0.013112
-0.008937 0.017707 0.013112
0.008937 0.017707 0.013112
0.011859 0.016616 0.013112
0.017355 0.011231 0.013112
0.020251 0.005255 0.013112
0.021095 0.000157 0.013112
0.020267 -0.004947 0.013112
0.018024 -0.010596 0.013112
0.013825 -0.014957 0.013112
0.008596 -0.018616 0.013112
0.002704 -0.020058 0.013112
</float_array>
          <technique_common>
            <accessor source="#toro_lleg-POSITION-array" count="240" stride="3">
              <param name="X" type="float"/>
              <param name="Y" type="float"/>
              <param name="Z" type="float"/>
            </accessor>
          </technique_common>
        </source>
        <source id="toro_lleg-Normal0">
          <float_array id="toro_lleg-Normal0-array" count="720">
0.000285 0.023216 -0.999730
0.697234 -0.326075 -0.638388
0.754529 -0.159809 -0.636511
0.574285 -0.514677 -0.636635
0.894829 -0.442116 -0.061760
0.728003 -0.679742 -0.089235
0.873481 -0.483235 -0.059294
0.691858 -0.717165 -0.083711
0.968606 -0.246556 -0.031823
0.974764 -0.220704 -0.033537
0.999999 -0.000809 0.000851
0.776646 0.007051 -0.629898
0.999658 -0.025639 -0.005152
0.968828 0.245843 0.030563
0.964856 0.258161 0.049047
0.840576 0.539586 0.047728
0.860943 0.498008 0.103750
0.692235 0.717901 0.073681
0.839689 0.543062 0.002541
0.699310 0.714812 0.003079
0.945184 0.326168 0.015531
0.954883 0.296649 0.014028
0.837869 0.542760 -0.058203
0.669094 0.739618 -0.072658
0.816944 0.576340 -0.020871
0.637732 0.769844 -0.025255
0.598705 0.752315 0.274907
0.783814 0.565737 0.256081
0.712790 0.684478 0.153038
0.651827 0.370890 -0.661485
0.553334 0.523059 -0.648252
0.744301 0.199519 -0.637345
0.050267 0.782777 -0.620269
0.966909 0.254599 -0.016306
0.062370 0.971525 0.228581
-0.050775 0.784470 -0.618085
-0.062236 0.971555 0.228488
-0.058966 0.993767 0.094605
0.060039 0.993713 0.094495
-0.061114 0.998005 0.015862
0.060243 0.998057 0.015898
0.060514 0.994063 -0.090429
-0.060109 0.994079 -0.090524
-0.057447 0.997514 -0.040814
0.058069 0.997401 -0.042651
-0.058618 0.959542 0.275397
0.057462 0.958441 0.279445
-0.712793 0.684550 0.152701
-0.551270 0.521569 -0.651205
-0.649294 0.369382 -0.664811
-0.860943 0.498008 0.103752
-0.698376 0.712052 0.072475
-0.837735 0.544011 0.047460
-0.693774 0.720191 0.001303
-0.841958 0.539543 0.000243
-0.837869 0.542760 -0.058200
-0.669754 0.739011 -0.072749
-0.817281 0.575839 -0.021473
-0.636535 0.770733 -0.028164
-0.785555 0.561630 0.259758
-0.593351 0.751423 0.288613
-0.949547 0.313573 -0.005732
-0.957239 0.287337 -0.033645
-0.966909 0.254600 -0.016303
-0.999991 -0.003961 0.001169
-0.999650 -0.025893 0.005360
-0.945184 0.326168 0.015534
-0.999995 0.002880 0.000962
-0.918012 0.306493 0.251627
-0.968242 0.002391 0.250002
-0.999678 0.008997 0.023713
-0.964485 -0.258172 0.055824
-0.929836 -0.262301 0.258075
-0.966426 -0.254453 0.035691
-0.817199 -0.509160 0.270078
-0.855071 -0.509897 0.094116
-0.631250 -0.716064 0.297954
-0.657922 -0.741036 0.134178
-0.861435 -0.502371 0.074524
-0.670042 -0.733531 0.113908
-0.861336 -0.504095 0.063160
-0.673800 -0.732783 0.094993
-0.966298 -0.255832 0.028590
-0.893264 -0.449528 -0.002131
-0.722416 -0.691447 0.004121
-0.894927 -0.445981 -0.014403
-0.724354 -0.689202 -0.017662
-0.977253 -0.211931 -0.007838
-0.976380 -0.216040 -0.002919
-0.998924 0.046306 0.002484
-0.977169 -0.212043 -0.013346
-0.999991 0.004187 -0.000582
-0.728330 -0.683899 -0.042622
-0.896692 -0.441754 -0.028239
-0.692947 -0.715918 -0.085354
-0.873481 -0.483235 -0.059291
-0.968606 -0.246557 -0.031820
-0.726843 -0.681029 -0.088877
-0.894829 -0.442116 -0.061757
-0.573143 -0.514976 -0.637422
-0.694947 -0.324950 -0.641449
-0.974764 -0.220705 -0.033534
-0.999658 -0.025639 -0.005149
-0.999999 -0.000809 0.000854
-0.751528 -0.159156 -0.640215
-0.773379 0.007020 -0.633905
-0.968827 0.245844 0.030566
-0.964856 0.258162 0.049050
-0.741174 0.198651 -0.641248
-0.954883 0.296650 0.014031
0.346305 -0.650985 -0.675493
0.155303 -0.723587 -0.672535
0.455736 -0.883236 -0.110446
0.200331 -0.972505 -0.118748
0.425702 -0.898910 -0.103630
0.183703 -0.976649 -0.111400
0.453800 -0.889330 -0.056199
0.198462 -0.978152 -0.061899
0.455531 -0.889969 -0.021137
0.196991 -0.980187 -0.020694
0.195515 -0.980569 0.016105
0.449250 -0.893336 0.011197
0.172572 -0.975764 0.134551
0.408831 -0.904169 0.123835
0.166256 -0.973638 0.156165
0.415601 -0.898305 0.142565
0.157237 -0.971588 0.176898
0.408917 -0.898117 0.161780
0.404156 -0.861408 0.307626
0.131369 -0.934548 0.330699
0.669669 -0.733928 0.113549
0.675785 -0.730968 0.094874
0.861336 -0.504095 0.063158
0.861435 -0.502371 0.074522
0.966299 -0.255831 0.028587
0.966427 -0.254453 0.035688
0.655806 -0.742782 0.134885
0.855378 -0.509592 0.092974
0.818614 -0.504645 0.274234
0.623167 -0.721226 0.302483
0.964485 -0.258171 0.055821
0.930423 -0.260341 0.257945
0.999650 -0.025892 0.005358
0.999991 -0.003961 0.001167
0.957239 0.287336 -0.033648
0.999678 0.008997 0.023710
0.949547 0.313572 -0.005735
0.968274 0.005027 0.249841
0.917118 0.309099 0.251699
0.999995 0.002880 0.000959
0.976380 -0.216039 -0.002922
0.998924 0.046305 0.002481
0.977253 -0.211930 -0.007841
0.977169 -0.212042 -0.013349
0.999991 0.004187 -0.000585
0.893264 -0.449528 -0.002133
0.896692 -0.441754 -0.028241
0.894926 -0.445981 -0.014405
0.722978 -0.690858 0.004138
0.724888 -0.688640 -0.017662
0.727979 -0.684286 -0.042420
-0.155199 -0.722860 -0.673340
-0.347503 -0.651131 -0.674737
-0.457632 -0.882365 -0.109570
-0.200308 -0.972510 -0.118747
-0.424129 -0.899494 -0.105000
-0.183702 -0.976649 -0.111403
-0.452218 -0.890104 -0.056689
-0.198482 -0.978148 -0.061893
-0.456095 -0.889680 -0.021154
-0.196953 -0.980195 -0.020694
-0.195386 -0.980594 0.016090
-0.450491 -0.892714 0.010961
-0.172515 -0.975774 0.134549
-0.410831 -0.903331 0.123338
-0.166227 -0.973643 0.156166
-0.414791 -0.898610 0.143000
-0.158253 -0.971131 0.178494
-0.407778 -0.898753 0.161124
-0.134075 -0.936403 0.324303
-0.395148 -0.864990 0.309274
-0.571898 -0.673980 0.467637
-0.736012 -0.474604 0.482740
-0.368024 -0.810260 0.456111
-0.110920 -0.886623 0.448995
-0.692066 -0.195971 0.694723
-0.707104 -0.001707 0.707107
-0.353786 0.000185 0.935326
-0.323744 -0.087307 0.942108
-0.674900 0.233943 0.699843
-0.311220 0.105338 0.944482
-0.305901 -0.196259 0.931615
-0.611006 -0.393604 0.686839
-0.217255 -0.290658 0.931836
-0.469513 -0.557834 0.684382
-0.274041 0.221880 0.935773
-0.566233 0.426306 0.705438
-0.438136 0.556356 0.706049
-0.068309 0.372176 0.925645
-0.029675 0.730130 0.682664
0.026502 0.741719 0.670187
0.072255 0.357083 0.931274
0.431711 0.559430 0.707576
0.274016 0.221854 0.935786
0.557900 0.433765 0.707528
0.674544 0.235677 0.699604
0.311177 0.105322 0.944498
0.353736 0.000185 0.935345
0.707101 0.003922 0.707102
0.691686 -0.191194 0.696430
0.323694 -0.087293 0.942126
0.310438 -0.200100 0.929294
0.612696 -0.387978 0.688532
0.476175 -0.561170 0.677012
0.215684 -0.288374 0.932910
0.310182 -0.667687 0.676743
0.138960 -0.335061 0.931893
0.090015 -0.734726 0.672365
0.035619 -0.359801 0.932349
-0.087517 -0.731306 0.676412
-0.041880 -0.367110 0.929234
-0.309396 -0.664236 0.680489
-0.154420 -0.326271 0.932578
-0.000007 0.052167 0.998638
-0.834855 -0.240648 0.495082
-0.863987 -0.003770 0.503501
-0.818549 0.271707 0.506115
-0.693301 0.506050 0.513076
-0.529582 0.673495 0.515701
-0.050906 0.873116 0.484847
0.043139 0.873566 0.484791
0.518987 0.680048 0.517868
0.687642 0.514949 0.511837
0.817540 0.277270 0.504727
0.863567 0.004571 0.504213
0.837065 -0.234747 0.494183
0.741394 -0.467936 0.481009
0.578205 -0.669472 0.466355
0.379054 -0.805278 0.455900
0.118809 -0.886310 0.447592
</float_array>
          <technique_common>
            <accessor source="#toro_lleg-Normal0-array" count="240" stride="3">
              <param name="X" type="float"/>
              <param name="Y" type="float"/>
              <param name="Z" type="float"/>
            </accessor>
          </technique_common>
        </source>
        <source id="toro_lleg-UV0">
          <float_array id="toro_lleg-UV0-array" count="480">
0.000000 0.000000
0.000000 0.000000
0.000000 0.000000
0.000000 0.000000
0.000000 0.000000
0.000000 0.000000
0.000000 0.000000
0.000000 0.000000
0.000000 0.000000
0.000000 0.000000
0.000000 0.000000
0.000000 0.000000
0.000000 0.000000
0.000000 0.000000
0.000000 0.000000
0.000000 0.000000
0.000000 0.000000
0.000000 0.000000
0.000000 0.000000
0.000000 0.000000
0.000000 0.000000
0.000000 0.000000
0.000000 0.000000
0.000000 0.000000
0.000000 0.000000
0.000000 0.000000
0.000000 0.000000
0.000000 0.000000
0.000000 0.000000
0.000000 0.000000
0.000000 0.000000
0.000000 0.000000
0.000000 0.000000
0.000000 0.000000
0.000000 0.000000
0.000000 0.000000
0.000000 0.000000
0.000000 0.000000
0.000000 0.000000
0.000000 0.000000
0.000000 0.000000
0.000000 0.000000
0.000000 0.000000
0.000000 0.000000
0.000000 0.000000
0.000000 0.000000
0.000000 0.000000
0.000000 0.000000
0.000000 0.000000
0.000000 0.000000
0.000000 0.000000
0.000000 0.000000
0.000000 0.000000
0.000000 0.000000
0.000000 0.000000
0.000000 0.000000
0.000000 0.000000
0.000000 0.000000
0.000000 0.000000
0.000000 0.000000
0.000000 0.000000
0.000000 0.000000
0.000000 0.000000
0.000000 0.000000
0.000000 0.000000
0.000000 0.000000
0.000000 0.000000
0.000000 0.000000
0.000000 0.000000
0.000000 0.000000
0.000000 0.000000
0.000000 0.000000
0.000000 0.000000
0.000000 0.000000
0.000000 0.000000
0.000000 0.000000
0.000000 0.000000
0.000000 0.000000
0.000000 0.000000
0.000000 0.000000
0.000000 0.000000
0.000000 0.000000
0.000000 0.000000
0.000000 0.000000
0.000000 0.000000
0.000000 0.000000
0.000000 0.000000
0.000000 0.000000
0.000000 0.000000
0.000000 0.000000
0.000000 0.000000
0.000000 0.000000
0.000000 0.000000
0.000000 0.000000
0.000000 0.000000
0.000000 0.000000
0.000000 0.000000
0.000000 0.000000
0.000000 0.000000
0.000000 0.000000
0.000000 0.000000
0.000000 0.000000
0.000000 0.000000
0.000000 0.000000
0.000000 0.000000
0.000000 0.000000
0.000000 0.000000
0.000000 0.000000
0.000000 0.000000
0.000000 0.000000
0.000000 0.000000
0.000000 0.000000
0.000000 0.000000
0.000000 0.000000
0.000000 0.000000
0.000000 0.000000
0.000000 0.000000
0.000000 0.000000
0.000000 0.000000
0.000000 0.000000
0.000000 0.000000
0.000000 0.000000
0.000000 0.000000
0.000000 0.000000
0.000000 0.000000
0.000000 0.000000
0.000000 0.000000
0.000000 0.000000
0.000000 0.000000
0.000000 0.000000
0.000000 0.000000
0.000000 0.000000
0.000000 0.000000
0.000000 0.000000
0.000000 0.000000
0.000000 0.000000
0.000000 0.000000
0.000000 0.000000
0.000000 0.000000
0.000000 0.000000
0.000000 0.000000
0.000000 0.000000
0.000000 0.000000
0.000000 0.000000
0.000000 0.000000
0.000000 0.000000
0.000000 0.000000
0.000000 0.000000
0.000000 0.000000
0.000000 0.000000
0.000000 0.000000
0.000000 0.000000
0.000000 0.000000
0.000000 0.000000
0.000000 0.000000
0.000000 0.000000
0.000000 0.000000
0.000000 0.000000
0.000000 0.000000
0.000000 0.000000
0.000000 0.000000
0.000000 0.000000
0.000000 0.000000
0.000000 0.000000
0.000000 0.000000
0.000000 0.000000
0.000000 0.000000
0.000000 0.000000
0.000000 0.000000
0.000000 0.000000
0.000000 0.000000
0.000000 0.000000
0.000000 0.000000
0.000000 0.000000
0.000000 0.000000
0.000000 0.000000
0.000000 0.000000
0.000000 0.000000
0.000000 0.000000
0.000000 0.000000
0.000000 0.000000
0.000000 0.000000
0.000000 0.000000
0.000000 0.000000
0.000000 0.000000
0.000000 0.000000
0.000000 0.000000
0.000000 0.000000
0.000000 0.000000
0.000000 0.000000
0.000000 0.000000
0.000000 0.000000
0.000000 0.000000
0.000000 0.000000
0.000000 0.000000
0.000000 0.000000
0.000000 0.000000
0.000000 0.000000
0.000000 0.000000
0.000000 0.000000
0.000000 0.000000
0.000000 0.000000
0.000000 0.000000
0.000000 0.000000
0.000000 0.000000
0.000000 0.000000
0.000000 0.000000
0.000000 0.000000
0.000000 0.000000
0.000000 0.000000
0.000000 0.000000
0.000000 0.000000
0.000000 0.000000
0.000000 0.000000
0.000000 0.000000
0.000000 0.000000
0.000000 0.000000
0.000000 0.000000
0.000000 0.000000
0.000000 0.000000
0.000000 0.000000
0.000000 0.000000
0.000000 0.000000
0.000000 0.000000
0.000000 0.000000
0.000000 0.000000
0.000000 0.000000
0.000000 0.000000
0.000000 0.000000
0.000000 0.000000
0.000000 0.000000
0.000000 0.000000
0.000000 0.000000
0.000000 0.000000
0.000000 0.000000
0.000000 0.000000
0.000000 0.000000
0.000000 0.000000
0.000000 0.000000
0.000000 0.000000
</float_array>
          <technique_common>
            <accessor source="#toro_lleg-UV0-array" count="240" stride="2">
              <param name="S" type="float"/>
              <param name="T" type="float"/>
            </accessor>
          </technique_common>
        </source>
        <vertices id="toro_lleg-VERTEX">
          <input semantic="POSITION" source="#toro_lleg-POSITION"/>
          <input semantic="NORMAL" source="#toro_lleg-Normal0"/>
        </vertices>
        <triangles count="476" material="CH_toro_body_high">
          <input semantic="VERTEX" offset="0" source="#toro_lleg-VERTEX"/>
          <input semantic="TEXCOORD" offset="1" set="0" source="#toro_lleg-UV0"/>
          <p> 2 2 1 1 0 0 3 3 0 0 1 1 1 1 4 4 3 3 4 4 5 5 3 3 5 5 4 4 6 6 7 7 5 5 6 6 8 8 6 6 4 4 9 9 8 8 4 4 1 1 2 2 9 9 4 4 1 1 9 9 9 9 2 2 10 10 2 2 11 11 10 10 11 11 2 2 0 0 12 12 8 8 9 9 10 10 12 12 9 9 13 13 12 12 10 10 14 14 13 13 10 10 10 10 11 11 14 14 15 15 13 13 14 14 16 16 15 15 14 14 15 15 16 16 17 17 15 15 17 17 18 18 17 17 19 19 18 18 18 18 20 20 15 15 20 20 21 21 15 15 15 15 21 21 13 13 13 13 21 21 12 12 18 18 19 19 22 22 19 19 23 23 22 22 22 22 23 23 24 24 23 23 25 25 24 24 25 25 26 26 24 24 26 26 27 27 24 24 16 16 28 28 17 17 28 28 16 16 29 29 30 30 28 28 29 29 31 31 29 29 16 16 31 31 0 0 29 29 29 29 0 0 30 30 0 0 32 32 30 30 33 33 20 20 18 18 34 34 28 28 30 30 32 32 34 34 30 30 34 34 32 32 35 35 35 35 32 32 0 0 36 36 34 34 35 35 34 34 36 36 37 37 38 38 34 34 37 37 34 34 38 38 28 28 37 37 39 39 38 38 39 39 40 40 38 38 41 41 40 40 39 39 42 42 41 41 39 39 41 41 42 42 43 43 44 44 41 41 43 43 44 44 43 43 45 45 46 46 44 44 45 45 47 47 36 36 35 35 48 48 47 47 35 35 47 47 48 48 49 49 50 50 47 47 49 49 51 51 47 47 50 50 51 51 37 37 36 36 47 47 51 51 36 36 52 52 51 51 50 50 51 51 52 52 53 53 52 52 54 54 53 53 54 54 55 55 53 53 55 55 56 56 53 53 56 56 55 55 57 57 58 58 56 56 57 57 57 57 59 59 58 58 59 59 60 60 58 58 61 61 57 57 55 55 57 57 61 61 59 59 62 62 61 61 55 55 55 55 54 54 62 62 51 51 53 53 37 37 53 53 39 39 37 37 53 53 56 56 39 39 56 56 42 42 39 39 42 42 56 56 58 58 58 58 60 60 43 43 43 43 42 42 58 58 60 60 45 45 43 43 54 54 63 63 62 62 62 62 63 63 64 64 63 63 65 65 64 64 63 63 66 66 65 65 66 66 67 67 65 65 61 61 68 68 59 59 68 68 61 61 69 69 61 61 70 70 69 69 70 70 61 61 62 62 64 64 70 70 62 62 69 69 70 70 71 71 71 71 70 70 64 64 72 72 69 69 71 71 73 73 71 71 64 64 64 64 65 65 73 73 74 74 72 72 71 71 75 75 74 74 71 71 75 75 71 71 73 73 74 74 75 75 76 76 75 75 77 77 76 76 75 75 78 78 77 77 78 78 75 75 73 73 78 78 79 79 77 77 79 79 78 78 80 80 81 81 79 79 80 80 82 82 80 80 78 78 73 73 82 82 78 78 65 65 82 82 73 73 80 80 83 83 81 81 83 83 84 84 81 81 84 84 83 83 85 85 86 86 84 84 85 85 85 85 83 83 87 87 83 83 88 88 87 87 88 88 83 83 80 80 82 82 88 88 80 80 87 87 88 88 89 89 88 88 67 67 89 89 67 67 88 88 82 82 65 65 67 67 82 82 90 90 87 87 89 89 91 91 90 90 89 89 86 86 85 85 92 92 85 85 93 93 92 92 87 87 90 90 93 93 85 85 87 87 93 93 92 92 93 93 94 94 93 93 95 95 94 94 93 93 90 90 95 95 90 90 96 96 95 95 96 96 90 90 91 91 94 94 95 95 97 97 95 95 98 98 97 97 95 95 96 96 98 98 97 97 98 98 99 99 98 98 100 100 99 99 98 98 101 101 100 100 96 96 101 101 98 98 101 101 96 96 102 102 102 102 96 96 91 91 103 103 101 101 102 102 104 104 101 101 103 103 101 101 104 104 100 100 105 105 104 104 103 103 102 102 106 106 103 103 106 106 107 107 103 103 103 103 107 107 105 105 104 104 0 0 100 100 100 100 0 0 99 99 105 105 0 0 104 104 107 107 108 108 105 105 105 105 108 108 0 0 108 108 49 49 0 0 49 49 48 48 0 0 0 0 48 48 35 35 107 107 106 106 52 52 106 106 109 109 52 52 109 109 106 106 102 102 50 50 107 107 52 52 108 108 107 107 50 50 49 49 108 108 50 50 91 91 109 109 102 102 109 109 66 66 52 52 66 66 109 109 89 89 89 89 109 109 91 91 66 66 54 54 52 52 54 54 66 66 63 63 89 89 67 67 66 66 111 111 0 0 110 110 110 110 112 112 111 111 112 112 113 113 111 111 113 113 112 112 114 114 115 115 113 113 114 114 114 114 116 116 115 115 116 116 117 117 115 115 117 117 116 116 118 118 119 119 117 117 118 118 120 120 119 119 118 118 121 121 120 120 118 118 122 122 120 120 121 121 123 123 122 122 121 121 124 124 122 122 123 123 125 125 124 124 123 123 126 126 124 124 125 125 127 127 126 126 125 125 126 126 127 127 128 128 129 129 126 126 128 128 130 130 125 125 123 123 131 131 130 130 123 123 123 123 121 121 131 131 130 130 131 131 132 132 133 133 130 130 132 132 132 132 134 134 133 133 134 134 135 135 133 133 136 136 130 130 133 133 136 136 127 127 125 125 130 130 136 136 125 125 137 137 136 136 133 133 133 133 135 135 137 137 136 136 137 137 138 138 139 139 136 136 138 138 139 139 128 128 127 127 136 136 139 139 127 127 138 138 137 137 140 140 135 135 140 140 137 137 141 141 138 138 140 140 135 135 134 134 142 142 143 143 135 135 142 142 140 140 135 135 143 143 142 142 33 33 143 143 33 33 144 144 143 143 143 143 144 144 145 145 145 145 140 140 143 143 144 144 146 146 145 145 147 147 145 145 146 146 147 147 141 141 140 140 145 145 147 147 140 140 148 148 147 147 146 146 144 144 33 33 18 18 22 22 144 144 18 18 146 146 144 144 22 22 27 27 148 148 146 146 24 24 27 27 146 146 24 24 146 146 22 22 20 20 33 33 142 142 149 149 20 20 142 142 142 142 134 134 149 149 134 134 150 150 149 149 149 149 150 150 151 151 151 151 20 20 149 149 150 150 152 152 151 151 152 152 153 153 151 151 153 153 154 154 151 151 154 154 21 21 151 151 151 151 21 21 20 20 150 150 134 134 132 132 155 155 150 150 132 132 152 152 150 150 155 155 156 156 153 153 152 152 157 157 156 156 152 152 157 157 152 152 155 155 155 155 158 158 157 157 158 158 159 159 157 157 160 160 156 156 157 157 159 159 160 160 157 157 131 131 158 158 155 155 132 132 131 131 155 155 154 154 153 153 8 8 12 12 154 154 8 8 21 21 154 154 12 12 156 156 160 160 7 7 6 6 156 156 7 7 153 153 156 156 6 6 8 8 153 153 6 6 121 121 158 158 131 131 116 116 160 160 159 159 118 118 116 116 159 159 118 118 159 159 158 158 121 121 118 118 158 158 114 114 7 7 160 160 116 116 114 114 160 160 7 7 114 114 112 112 5 5 7 7 112 112 5 5 112 112 110 110 3 3 5 5 110 110 3 3 110 110 0 0 162 162 0 0 161 161 163 163 162 162 161 161 164 164 163 163 161 161 165 165 163 163 164 164 166 166 165 165 164 164 167 167 165 165 166 166 168 168 167 167 166 166 169 169 167 167 168 168 170 170 169 169 168 168 170 170 171 171 169 169 171 171 172 172 169 169 172 172 171 171 173 173 174 174 172 172 173 173 173 173 175 175 174 174 175 175 176 176 174 174 176 176 175 175 177 177 178 178 176 176 177 177 178 178 177 177 179 179 180 180 178 178 179 179 178 178 180 180 77 77 180 180 76 76 77 77 174 174 176 176 81 81 176 176 79 79 81 81 178 178 77 77 79 79 176 176 178 178 79 79 84 84 172 172 174 174 81 81 84 84 174 174 84 84 86 86 172 172 86 86 169 169 172 172 86 86 92 92 169 169 92 92 167 167 169 169 92 92 94 94 167 167 94 94 165 165 167 167 165 165 94 94 97 97 163 163 165 165 97 97 163 163 97 97 99 99 162 162 163 163 99 99 76 76 180 180 181 181 181 181 182 182 76 76 180 180 183 183 181 181 183 183 180 180 179 179 184 184 183 183 179 179 179 179 129 129 184 184 129 129 179 179 177 177 126 126 129 129 177 177 126 126 177 177 175 175 124 124 126 126 175 175 124 124 175 175 173 173 122 122 124 124 173 173 173 173 171 171 122 122 171 171 120 120 122 122 171 171 170 170 120 120 170 170 119 119 120 120 170 170 168 168 119 119 168 168 117 117 119 119 168 168 166 166 117 117 166 166 115 115 117 117 115 115 166 166 164 164 113 113 115 115 164 164 113 113 164 164 161 161 111 111 113 113 161 161 111 111 161 161 0 0 162 162 99 99 0 0 11 11 0 0 31 31 11 11 31 31 14 14 14 14 31 31 16 16 187 187 186 186 185 185 188 188 187 187 185 185 189 189 186 186 187 187 190 190 189 189 187 187 191 191 188 188 185 185 192 192 191 191 185 185 191 191 192 192 193 193 192 192 194 194 193 193 189 189 190 190 195 195 196 196 189 189 195 195 197 197 196 196 195 195 198 198 197 197 195 195 197 197 198 198 199 199 200 200 199 199 198 198 201 201 200 200 198 198 200 200 201 201 202 202 201 201 203 203 202 202 203 203 204 204 202 202 204 204 203 203 205 205 203 203 206 206 205 205 206 206 207 207 205 205 207 207 208 208 205 205 208 208 207 207 209 209 207 207 210 210 209 209 210 210 211 211 209 209 211 211 212 212 209 209 213 213 212 212 211 211 214 214 213 213 211 211 213 213 214 214 215 215 214 214 216 216 215 215 217 217 215 215 216 216 218 218 217 217 216 216 217 217 218 218 219 219 218 218 220 220 219 219 221 221 219 219 220 220 222 222 221 221 220 220 221 221 222 222 194 194 222 222 193 193 194 194 222 222 223 223 193 193 220 220 223 223 222 222 218 218 223 223 220 220 216 216 223 223 218 218 214 214 223 223 216 216 211 211 223 223 214 214 210 210 223 223 211 211 193 193 223 223 191 191 191 191 223 223 188 188 188 188 223 223 187 187 187 187 223 223 190 190 190 190 223 223 195 195 195 195 223 223 198 198 198 198 223 223 201 201 201 201 223 223 203 203 203 203 223 223 206 206 206 206 223 223 207 207 207 207 223 223 210 210 183 183 221 221 194 194 181 181 183 183 194 194 194 194 192 192 181 181 192 192 182 182 181 181 192 192 185 185 182 182 185 185 224 224 182 182 182 182 224 224 74 74 224 224 72 72 74 74 182 182 74 74 76 76 224 224 225 225 72 72 225 225 69 69 72 72 69 69 225 225 226 226 68 68 69 69 226 226 68 68 226 226 227 227 59 59 68 68 227 227 59 59 227 227 228 228 60 60 59 59 228 228 60 60 228 228 229 229 45 45 60 60 229 229 229 229 230 230 45 45 230 230 46 46 45 45 46 46 230 230 231 231 26 26 46 46 231 231 26 26 25 25 46 46 25 25 44 44 46 46 44 44 25 25 23 23 41 41 44 44 23 23 23 23 19 19 41 41 19 19 40 40 41 41 19 19 17 17 40 40 17 17 38 38 40 40 38 38 17 17 28 28 26 26 231 231 232 232 27 27 26 26 232 232 232 232 233 233 27 27 233 233 148 148 27 27 233 233 234 234 148 148 234 234 147 147 148 148 234 234 235 235 147 147 235 235 141 141 147 147 235 235 236 236 141 141 236 236 138 138 141 141 236 236 237 237 138 138 237 237 139 139 138 138 139 139 237 237 238 238 128 128 139 139 238 238 238 238 239 239 128 128 239 239 129 129 128 128 129 129 239 239 184 184 238 238 237 237 215 215 237 237 213 213 215 215 213 213 237 237 236 236 184 184 239 239 219 219 239 239 217 217 219 219 217 217 239 239 238 238 215 215 217 217 238 238 219 219 221 221 184 184 221 221 183 183 184 184 212 212 213 213 236 236 212 212 236 236 235 235 209 209 212 212 235 235 209 209 235 235 234 234 208 208 209 209 234 234 208 208 234 234 233 233 205 205 208 208 233 233 205 205 233 233 232 232 204 204 205 205 232 232 232 232 231 231 204 204 231 231 202 202 204 204 231 231 230 230 202 202 230 230 200 200 202 202 200 200 230 230 229 229 199 199 200 200 229 229 229 229 228 228 199 199 228 228 197 197 199 199 228 228 227 227 197 197 227 227 196 196 197 197 227 227 226 226 196 196 226 226 189 189 196 196 226 226 225 225 189 189 225 225 186 186 189 189 186 186 225 225 224 224 185 185 186 186 224 224</p>
        </triangles>
      </mesh>
    </geometry>
    <geometry id="toro_rarm-lib" name="toro_rarmMesh">
      <mesh>
        <source id="toro_rarm-POSITION">
          <float_array id="toro_rarm-POSITION-array" count="762">
-0.260311 -0.040635 -0.000049
-0.256633 -0.048893 -0.000030
-0.257085 -0.047431 -0.004448
-0.257060 -0.047466 0.003732
-0.258350 -0.043950 0.006262
-0.259429 -0.040340 0.006708
-0.258364 -0.044028 -0.006572
-0.259434 -0.040340 -0.006792
-0.260615 -0.036770 -0.004698
-0.261312 -0.034662 -0.000045
-0.260611 -0.036770 0.004614
-0.252024 -0.054729 -0.004012
-0.256045 -0.042910 -0.013344
-0.259463 -0.032205 -0.009303
-0.260606 -0.028659 -0.003551
-0.258330 -0.022524 -0.005100
-0.256996 -0.026521 -0.011829
-0.256682 -0.020940 -0.005468
-0.255300 -0.025221 -0.012741
-0.227430 -0.015011 -0.012118
-0.228764 -0.010828 -0.005194
-0.191921 -0.003997 -0.012098
-0.192887 0.000255 -0.005272
-0.153189 0.008116 -0.011942
-0.151664 0.013137 -0.005267
-0.259458 -0.032146 0.009195
-0.257864 -0.036981 0.012240
-0.229058 -0.009843 0.000201
-0.192617 0.001368 0.000063
-0.192897 0.000255 0.005360
-0.151684 0.013132 0.005183
-0.151130 0.014265 0.000005
-0.228774 -0.010828 0.005561
-0.257036 -0.019881 -0.000000
-0.256697 -0.020940 0.005580
-0.227430 -0.015021 0.012559
-0.255304 -0.025217 0.012760
-0.258659 -0.021740 0.000186
-0.258262 -0.022799 0.005423
-0.260777 -0.028198 -0.000045
-0.260611 -0.028659 0.003604
-0.256869 -0.026972 0.012073
-0.191926 -0.004002 0.012225
-0.153219 0.008091 0.011951
-0.254108 -0.028904 0.016031
-0.226273 -0.018694 0.015638
-0.252195 -0.034809 0.019429
-0.224012 -0.025864 0.019248
-0.191499 -0.007910 0.015334
-0.190523 -0.015281 0.018841
-0.154097 0.003732 0.014996
-0.155239 -0.004458 0.018502
-0.253814 -0.035319 0.018228
-0.255506 -0.030704 0.015457
-0.222100 -0.032175 0.019885
-0.189675 -0.021950 0.019591
-0.219716 -0.040272 0.017919
-0.247723 -0.049398 0.017924
-0.246090 -0.055518 0.013427
-0.217539 -0.046598 0.013363
-0.188478 -0.029988 0.017914
-0.187635 -0.037094 0.013211
-0.248061 -0.055234 0.013054
-0.249523 -0.049476 0.017060
-0.156995 -0.019920 0.017870
-0.158123 -0.027541 0.013054
-0.103694 -0.018420 0.013167
-0.106263 -0.010931 0.017909
-0.069194 -0.010500 0.017904
-0.068258 -0.017061 0.013338
-0.250239 -0.041081 0.020150
-0.156112 -0.011603 0.019365
-0.108985 -0.004497 0.019449
-0.070058 -0.003443 0.019321
-0.034685 -0.003448 0.019316
-0.034685 -0.010500 0.017904
-0.034685 -0.017056 0.013343
0.000255 -0.010475 0.017904
0.000255 -0.016993 0.013353
0.007827 -0.009083 0.015035
0.007822 -0.016448 0.009077
0.000255 -0.003458 0.019287
0.007827 -0.000108 0.015839
0.012888 -0.007180 0.011387
0.012888 -0.000005 0.011764
-0.111859 0.002005 0.018752
0.000255 0.003217 0.018394
0.007709 0.010837 0.011392
0.000255 0.010283 0.014996
-0.034685 0.003241 0.018561
-0.034690 0.011651 0.014903
-0.070906 0.003212 0.018532
-0.071950 0.011112 0.014957
-0.115743 0.010396 0.014927
-0.121628 0.009405 0.014917
-0.118263 0.014098 0.011911
-0.123658 0.013280 0.011931
-0.121240 0.018144 0.005350
-0.072804 0.019326 0.005301
-0.072529 0.014947 0.011902
-0.126909 0.017252 0.005286
-0.121981 0.018723 -0.000005
-0.127316 0.018031 -0.000000
-0.034695 0.019895 0.005257
-0.034690 0.020856 -0.000010
-0.073225 0.020277 -0.000000
-0.121216 0.018144 -0.005203
-0.072794 0.019326 -0.005253
0.000255 0.019439 -0.000000
0.000246 0.018488 0.005222
0.007817 0.016722 0.000029
0.000260 0.018488 -0.005302
0.007910 0.015923 -0.004586
0.007906 0.015923 0.004536
0.012927 0.011965 0.002177
-0.034680 0.019895 -0.005297
-0.034685 0.015516 -0.011922
0.000255 0.014128 -0.011863
0.007704 0.010847 -0.011338
0.000250 0.014113 0.011843
-0.118219 0.014079 -0.011902
-0.072524 0.014942 -0.011907
-0.034690 0.015511 0.011882
0.000255 0.010283 -0.014997
0.007812 -0.000123 -0.015919
0.000250 0.003217 -0.018405
-0.034690 0.011651 -0.014928
-0.034690 0.003236 -0.018601
-0.071950 0.011112 -0.014957
-0.070906 0.003217 -0.018547
-0.115708 0.010367 -0.014850
-0.111874 0.002040 -0.018405
-0.070067 -0.003463 -0.019454
-0.108995 -0.004541 -0.019288
-0.069194 -0.010691 -0.018243
-0.106263 -0.011123 -0.018243
-0.156112 -0.011623 -0.019489
-0.156995 -0.020112 -0.018277
-0.189680 -0.021985 -0.019651
-0.188478 -0.030179 -0.018248
-0.222105 -0.032224 -0.019754
-0.219716 -0.040463 -0.018248
-0.250248 -0.041105 -0.020293
-0.247723 -0.049589 -0.018258
-0.249601 -0.049677 -0.017454
-0.251862 -0.041816 -0.018925
-0.034685 -0.010691 -0.018243
-0.034690 -0.003467 -0.019464
0.000255 -0.010666 -0.018243
0.000250 -0.003472 -0.019415
0.007812 -0.009298 -0.015556
-0.217667 -0.046245 -0.014786
-0.246149 -0.055400 -0.015208
-0.187762 -0.036648 -0.014462
-0.158054 -0.027487 -0.014472
-0.103743 -0.018322 -0.014369
-0.068277 -0.016953 -0.014487
-0.034685 -0.016948 -0.014487
0.000255 -0.016875 -0.014506
0.007817 -0.016286 -0.010446
0.012878 -0.007611 -0.011441
0.012878 -0.013231 -0.007474
-0.102630 -0.022034 -0.010088
-0.158589 -0.031224 -0.010304
-0.102105 -0.023382 -0.002859
-0.159084 -0.032867 -0.003080
-0.067905 -0.022088 -0.002830
-0.067905 -0.020671 -0.010058
-0.187355 -0.039649 -0.010053
-0.187586 -0.040973 -0.002840
-0.034685 -0.022083 -0.002830
-0.034685 -0.020671 -0.010058
0.000255 -0.022034 -0.002840
0.000255 -0.020626 -0.010039
0.007822 -0.019690 -0.000000
-0.217127 -0.049069 -0.010053
-0.217132 -0.050580 -0.002835
-0.245364 -0.058215 -0.010044
-0.244972 -0.060069 -0.002835
-0.247463 -0.057960 -0.009382
-0.246811 -0.059672 -0.002854
-0.217132 -0.050487 0.002932
-0.244972 -0.059976 0.002922
-0.217127 -0.049163 0.008768
-0.187409 -0.039556 0.008763
-0.187586 -0.040880 0.002927
-0.245364 -0.058318 0.008729
-0.158603 -0.031322 0.008528
-0.159069 -0.032769 0.002662
-0.102605 -0.022122 0.008734
-0.102129 -0.023289 0.002893
-0.067905 -0.020764 0.008768
-0.067905 -0.021995 0.002913
-0.034685 -0.020764 0.008768
-0.034685 -0.021995 0.002913
0.000255 -0.020720 0.008753
0.000255 -0.021941 0.002927
-0.247429 -0.057877 0.007704
-0.253441 -0.051105 0.009317
-0.254853 -0.046769 0.012073
-0.251729 -0.041758 0.019066
-0.256011 -0.042885 0.013044
-0.252004 -0.054753 0.003354
-0.246875 -0.059441 0.002893
-0.253573 -0.050874 -0.010505
-0.254878 -0.046926 -0.012613
-0.248135 -0.055278 -0.014585
-0.257874 -0.037001 -0.012344
-0.253907 -0.035343 -0.017978
-0.255721 -0.030155 -0.015208
-0.254137 -0.028816 -0.015982
-0.252200 -0.034804 -0.019459
-0.224012 -0.025864 -0.018876
-0.226273 -0.018694 -0.015237
-0.190528 -0.015286 -0.018748
-0.191499 -0.007910 -0.015212
-0.155234 -0.004458 -0.018488
-0.154082 0.003736 -0.014962
-0.121485 0.009396 -0.014830
-0.148477 0.004766 -0.014948
-0.147815 0.009141 -0.011956
-0.145966 0.014045 -0.005272
-0.145897 0.015025 -0.000000
-0.145981 0.014040 0.005178
-0.147839 0.009121 0.011955
-0.148511 0.004761 0.014971
-0.142509 0.014623 -0.005267
-0.144088 0.009832 -0.011961
-0.130342 0.016673 -0.005243
-0.127360 0.012681 -0.011946
-0.130690 0.017487 -0.000000
-0.142523 0.015565 -0.000000
-0.130361 0.016673 0.005252
-0.142533 0.014623 0.005188
-0.127380 0.012681 0.011941
-0.144112 0.009808 0.011960
-0.126894 0.017252 -0.005228
-0.123614 0.013275 -0.011932
0.015977 -0.009048 0.004300
0.012883 -0.013349 0.006723
0.015977 -0.004434 0.007017
0.015977 -0.000000 0.006801
0.015977 -0.011083 -0.000000
0.015977 -0.000000 -0.006802
0.015977 -0.004998 -0.006626
0.012878 -0.000010 -0.011819
0.015977 -0.008980 -0.004438
0.015977 0.006909 -0.000000
0.015977 0.004673 0.004693
0.015977 0.004673 -0.004693
0.012824 0.008150 -0.008043
0.012829 0.008145 0.008052
0.012883 -0.016291 -0.000010
0.012927 0.011965 -0.002217
</float_array>
          <technique_common>
            <accessor source="#toro_rarm-POSITION-array" count="254" stride="3">
              <param name="X" type="float"/>
              <param name="Y" type="float"/>
              <param name="Z" type="float"/>
            </accessor>
          </technique_common>
        </source>
        <source id="toro_rarm-Normal0">
          <float_array id="toro_rarm-Normal0-array" count="762">
-0.956368 -0.292161 0.001488
-0.851391 -0.524528 0.001933
-0.863865 -0.486469 -0.130706
-0.862883 -0.484559 0.143652
-0.894639 -0.388072 0.221407
-0.931734 -0.231486 0.279795
-0.903035 -0.369180 -0.219623
-0.935631 -0.221019 -0.275218
-0.975612 -0.085491 -0.202168
-0.999596 -0.028404 -0.000480
-0.975376 -0.085226 0.203416
-0.744555 -0.660146 -0.099221
-0.824921 -0.239405 -0.512046
-0.929302 0.081639 -0.360185
-0.963144 0.162958 -0.214006
-0.874201 0.397959 -0.278209
-0.847259 0.306017 -0.434171
-0.334191 0.851344 -0.404389
-0.286177 0.729014 -0.621804
-0.241200 0.736610 -0.631845
-0.287258 0.869862 -0.401028
-0.227656 0.737200 -0.636167
-0.271787 0.875609 -0.399301
-0.223309 0.747877 -0.625150
-0.259242 0.887712 -0.380476
-0.921176 0.085787 0.379571
-0.869844 -0.097685 0.483559
-0.313738 0.949509 0.000326
-0.296176 0.955133 -0.000375
-0.269710 0.876172 0.399474
-0.257843 0.887602 0.381679
-0.277784 0.960643 -0.000480
-0.287164 0.869825 0.401174
-0.372380 0.928079 -0.001752
-0.342466 0.849025 0.402335
-0.240771 0.736565 0.632061
-0.299217 0.719600 0.626615
-0.905570 0.423927 0.015111
-0.873920 0.384684 0.297123
-0.973985 0.226592 0.003045
-0.962879 0.165059 0.213588
-0.850171 0.262974 0.456130
-0.225177 0.738729 0.635275
-0.222045 0.752508 0.620022
-0.211205 0.509184 0.834341
-0.150839 0.488193 0.859602
-0.124367 0.278675 0.952299
-0.078756 0.278796 0.957115
-0.144189 0.487979 0.860863
-0.078554 0.282100 0.956163
-0.138022 0.496262 0.857131
-0.064611 0.268255 0.961179
-0.763876 -0.048621 0.643528
-0.817732 0.123716 0.562146
0.034055 -0.081376 0.996102
0.025178 -0.057735 0.998014
0.123475 -0.375643 0.918502
0.102499 -0.396779 0.912174
0.187789 -0.684101 0.704798
0.214692 -0.666504 0.713918
0.120100 -0.367464 0.922251
0.214745 -0.660991 0.719010
-0.612198 -0.656280 0.441033
-0.646356 -0.456995 0.611048
0.082503 -0.384197 0.919558
0.142239 -0.642751 0.752754
0.066829 -0.623844 0.778686
0.044454 -0.391144 0.919255
0.005227 -0.397475 0.917598
0.011471 -0.661662 0.749714
0.007705 -0.100362 0.994921
0.007062 -0.042930 0.999053
0.010980 -0.059169 0.998188
0.000720 -0.042747 0.999086
0.001306 -0.046345 0.998925
0.000271 -0.400811 0.916161
0.000400 -0.664754 0.747062
0.080009 -0.393499 0.915837
0.083722 -0.663248 0.743702
0.492165 -0.312944 0.812305
0.509285 -0.694892 0.507694
0.084357 -0.042768 0.995517
0.503928 0.156383 0.849471
0.716884 -0.234253 0.656661
0.705258 0.166476 0.689127
-0.019245 0.274554 0.961379
0.091076 0.299840 0.949632
0.494611 0.530924 0.688098
0.076955 0.504684 0.859867
0.004145 0.282013 0.959402
0.006642 0.481445 0.876451
-0.003387 0.289825 0.957074
-0.007487 0.492180 0.870461
-0.018209 0.509641 0.860195
-0.069034 0.421330 0.904276
-0.027351 0.790768 0.611505
-0.115589 0.741315 0.661129
-0.040785 0.937784 0.344814
-0.016652 0.913707 0.406032
-0.012432 0.762182 0.647244
-0.146555 0.905621 0.397960
-0.045141 0.998981 0.000144
-0.141471 0.989942 -0.000940
0.010817 0.912659 0.408579
0.011545 0.999933 -0.000026
-0.020755 0.999785 -0.000038
-0.040520 0.937057 -0.346816
-0.017264 0.913662 -0.406108
0.094692 0.995507 -0.000022
0.092211 0.905975 0.413167
0.474323 0.880351 0.000708
0.092703 0.906545 -0.411803
0.469821 0.783542 -0.406609
0.468648 0.783720 0.407617
0.761393 0.608895 0.222548
0.010345 0.913089 -0.407629
0.008248 0.760921 -0.648792
0.093321 0.761090 -0.641898
0.484981 0.520825 -0.702521
0.091387 0.763413 0.639413
-0.028202 0.793877 -0.607424
-0.013143 0.762686 -0.646636
0.009536 0.761759 0.647790
0.102355 0.498521 -0.860813
0.508751 0.169582 -0.844046
0.086501 0.307921 -0.947471
0.002453 0.481578 -0.876400
0.000214 0.289004 -0.957328
-0.007763 0.492054 -0.870530
-0.005283 0.296322 -0.955073
-0.021450 0.495062 -0.868593
-0.021334 0.269958 -0.962636
-0.001792 -0.019003 -0.999818
0.003168 -0.008276 -0.999961
0.001823 -0.342552 -0.939497
0.038405 -0.321907 -0.945992
0.005652 -0.016765 -0.999843
0.069673 -0.311884 -0.947562
0.011737 -0.027665 -0.999548
0.100980 -0.315227 -0.943629
0.021750 -0.035157 -0.999145
0.104734 -0.304546 -0.946722
-0.005892 -0.075154 -0.997155
0.079784 -0.319957 -0.944067
-0.647616 -0.406089 -0.644737
-0.708698 -0.232354 -0.666152
0.000107 -0.345395 -0.938457
-0.000015 -0.024508 -0.999700
0.075658 -0.349988 -0.933694
0.081616 -0.012721 -0.996583
0.511337 -0.293231 -0.807806
0.210062 -0.638662 -0.740260
0.187618 -0.650371 -0.736082
0.195616 -0.623143 -0.757250
0.131849 -0.593973 -0.793607
0.068373 -0.584576 -0.808453
0.008496 -0.628811 -0.777511
0.000499 -0.633512 -0.773733
0.082447 -0.629727 -0.772429
0.529009 -0.699699 -0.480177
0.736615 -0.208828 -0.643264
0.718045 -0.573872 -0.393805
0.106131 -0.905198 -0.411524
0.190290 -0.896853 -0.399305
0.114994 -0.988347 -0.099731
0.203926 -0.973127 -0.106951
0.019630 -0.994618 -0.101735
0.017685 -0.913724 -0.405950
0.272776 -0.899810 -0.340493
0.289088 -0.953360 -0.086797
0.000765 -0.994832 -0.101535
0.000723 -0.914898 -0.403683
0.063984 -0.992481 -0.104343
0.093520 -0.911654 -0.400176
0.487658 -0.873035 -0.000381
0.289942 -0.895898 -0.336601
0.310652 -0.944598 -0.105968
0.263872 -0.896100 -0.356899
0.291728 -0.946814 -0.135785
-0.604702 -0.761987 -0.231758
-0.585606 -0.808210 -0.062151
0.313427 -0.942641 0.114854
0.281630 -0.948028 0.148078
0.291387 -0.891738 0.346261
0.281076 -0.897528 0.339763
0.291135 -0.950054 0.112416
0.239634 -0.885492 0.398094
0.184429 -0.887273 0.422767
0.201843 -0.972213 0.118581
0.102132 -0.892522 0.439288
0.115270 -0.986922 0.112680
0.017205 -0.902511 0.430324
0.019060 -0.993348 0.113567
0.000677 -0.903815 0.427922
0.000770 -0.993596 0.112986
0.090930 -0.900805 0.424596
0.061854 -0.991335 0.115886
-0.601073 -0.758581 0.251528
-0.765475 -0.569073 0.300340
-0.783756 -0.429198 0.448905
-0.703190 -0.263255 0.660470
-0.820565 -0.267650 0.505012
-0.737015 -0.667840 0.103919
-0.594196 -0.799889 0.084308
-0.780830 -0.551101 -0.294267
-0.793065 -0.393780 -0.464742
-0.632524 -0.625945 -0.456187
-0.866241 -0.096215 -0.490275
-0.766037 -0.044807 -0.641232
-0.792471 0.132407 -0.595364
-0.190107 0.512750 -0.837225
-0.118589 0.293333 -0.948627
-0.085370 0.294285 -0.951897
-0.153705 0.489837 -0.858158
-0.086704 0.293080 -0.952148
-0.148011 0.489233 -0.859502
-0.065751 0.278500 -0.958183
-0.141661 0.494499 -0.857556
-0.060761 0.403839 -0.912810
-0.072703 0.438662 -0.895706
-0.134868 0.734291 -0.665302
-0.143908 0.897436 -0.417011
-0.150228 0.988651 -0.000344
-0.146231 0.897078 0.416975
-0.135536 0.738061 0.660981
-0.074291 0.435165 0.897280
-0.149009 0.894100 -0.422352
-0.113993 0.671859 -0.731855
-0.149465 0.888674 -0.433496
-0.118177 0.706464 -0.697813
-0.162049 0.986777 -0.003346
-0.162059 0.986781 -0.000625
-0.151393 0.895434 0.418662
-0.150828 0.885869 0.438734
-0.114235 0.677107 0.726964
-0.122835 0.711438 0.691931
-0.140995 0.906387 -0.398226
-0.111151 0.741956 -0.661171
0.944352 -0.235319 0.229834
0.709166 -0.548464 0.443024
0.907895 -0.092751 0.408807
0.982659 0.057207 0.176378
0.976030 -0.217624 -0.002266
0.981890 0.051195 -0.182403
0.949356 -0.064920 -0.307423
0.711602 0.162149 -0.683615
0.916114 -0.290359 -0.276454
0.978957 0.204068 0.000142
0.915739 0.274097 0.293757
0.915688 0.273505 -0.294466
0.722750 0.435714 -0.536458
0.723784 0.436105 0.534742
0.694855 -0.719150 0.000473
0.761615 0.608466 -0.222963
</float_array>
          <technique_common>
            <accessor source="#toro_rarm-Normal0-array" count="254" stride="3">
              <param name="X" type="float"/>
              <param name="Y" type="float"/>
              <param name="Z" type="float"/>
            </accessor>
          </technique_common>
        </source>
        <source id="toro_rarm-UV0">
          <float_array id="toro_rarm-UV0-array" count="508">
0.000000 0.000000
0.000000 0.000000
0.000000 0.000000
0.000000 0.000000
0.000000 0.000000
0.000000 0.000000
0.000000 0.000000
0.000000 0.000000
0.000000 0.000000
0.000000 0.000000
0.000000 0.000000
0.000000 0.000000
0.000000 0.000000
0.000000 0.000000
0.000000 0.000000
0.000000 0.000000
0.000000 0.000000
0.000000 0.000000
0.000000 0.000000
0.000000 0.000000
0.000000 0.000000
0.000000 0.000000
0.000000 0.000000
0.000000 0.000000
0.000000 0.000000
0.000000 0.000000
0.000000 0.000000
0.000000 0.000000
0.000000 0.000000
0.000000 0.000000
0.000000 0.000000
0.000000 0.000000
0.000000 0.000000
0.000000 0.000000
0.000000 0.000000
0.000000 0.000000
0.000000 0.000000
0.000000 0.000000
0.000000 0.000000
0.000000 0.000000
0.000000 0.000000
0.000000 0.000000
0.000000 0.000000
0.000000 0.000000
0.000000 0.000000
0.000000 0.000000
0.000000 0.000000
0.000000 0.000000
0.000000 0.000000
0.000000 0.000000
0.000000 0.000000
0.000000 0.000000
0.000000 0.000000
0.000000 0.000000
0.000000 0.000000
0.000000 0.000000
0.000000 0.000000
0.000000 0.000000
0.000000 0.000000
0.000000 0.000000
0.000000 0.000000
0.000000 0.000000
0.000000 0.000000
0.000000 0.000000
0.000000 0.000000
0.000000 0.000000
0.000000 0.000000
0.000000 0.000000
0.000000 0.000000
0.000000 0.000000
0.000000 0.000000
0.000000 0.000000
0.000000 0.000000
0.000000 0.000000
0.000000 0.000000
0.000000 0.000000
0.000000 0.000000
0.000000 0.000000
0.000000 0.000000
0.000000 0.000000
0.000000 0.000000
0.000000 0.000000
0.000000 0.000000
0.000000 0.000000
0.000000 0.000000
0.000000 0.000000
0.000000 0.000000
0.000000 0.000000
0.000000 0.000000
0.000000 0.000000
0.000000 0.000000
0.000000 0.000000
0.000000 0.000000
0.000000 0.000000
0.000000 0.000000
0.000000 0.000000
0.000000 0.000000
0.000000 0.000000
0.000000 0.000000
0.000000 0.000000
0.000000 0.000000
0.000000 0.000000
0.000000 0.000000
0.000000 0.000000
0.000000 0.000000
0.000000 0.000000
0.000000 0.000000
0.000000 0.000000
0.000000 0.000000
0.000000 0.000000
0.000000 0.000000
0.000000 0.000000
0.000000 0.000000
0.000000 0.000000
0.000000 0.000000
0.000000 0.000000
0.000000 0.000000
0.000000 0.000000
0.000000 0.000000
0.000000 0.000000
0.000000 0.000000
0.000000 0.000000
0.000000 0.000000
0.000000 0.000000
0.000000 0.000000
0.000000 0.000000
0.000000 0.000000
0.000000 0.000000
0.000000 0.000000
0.000000 0.000000
0.000000 0.000000
0.000000 0.000000
0.000000 0.000000
0.000000 0.000000
0.000000 0.000000
0.000000 0.000000
0.000000 0.000000
0.000000 0.000000
0.000000 0.000000
0.000000 0.000000
0.000000 0.000000
0.000000 0.000000
0.000000 0.000000
0.000000 0.000000
0.000000 0.000000
0.000000 0.000000
0.000000 0.000000
0.000000 0.000000
0.000000 0.000000
0.000000 0.000000
0.000000 0.000000
0.000000 0.000000
0.000000 0.000000
0.000000 0.000000
0.000000 0.000000
0.000000 0.000000
0.000000 0.000000
0.000000 0.000000
0.000000 0.000000
0.000000 0.000000
0.000000 0.000000
0.000000 0.000000
0.000000 0.000000
0.000000 0.000000
0.000000 0.000000
0.000000 0.000000
0.000000 0.000000
0.000000 0.000000
0.000000 0.000000
0.000000 0.000000
0.000000 0.000000
0.000000 0.000000
0.000000 0.000000
0.000000 0.000000
0.000000 0.000000
0.000000 0.000000
0.000000 0.000000
0.000000 0.000000
0.000000 0.000000
0.000000 0.000000
0.000000 0.000000
0.000000 0.000000
0.000000 0.000000
0.000000 0.000000
0.000000 0.000000
0.000000 0.000000
0.000000 0.000000
0.000000 0.000000
0.000000 0.000000
0.000000 0.000000
0.000000 0.000000
0.000000 0.000000
0.000000 0.000000
0.000000 0.000000
0.000000 0.000000
0.000000 0.000000
0.000000 0.000000
0.000000 0.000000
0.000000 0.000000
0.000000 0.000000
0.000000 0.000000
0.000000 0.000000
0.000000 0.000000
0.000000 0.000000
0.000000 0.000000
0.000000 0.000000
0.000000 0.000000
0.000000 0.000000
0.000000 0.000000
0.000000 0.000000
0.000000 0.000000
0.000000 0.000000
0.000000 0.000000
0.000000 0.000000
0.000000 0.000000
0.000000 0.000000
0.000000 0.000000
0.000000 0.000000
0.000000 0.000000
0.000000 0.000000
0.000000 0.000000
0.000000 0.000000
0.000000 0.000000
0.000000 0.000000
0.000000 0.000000
0.000000 0.000000
0.000000 0.000000
0.000000 0.000000
0.000000 0.000000
0.000000 0.000000
0.000000 0.000000
0.000000 0.000000
0.000000 0.000000
0.000000 0.000000
0.000000 0.000000
0.000000 0.000000
0.000000 0.000000
0.000000 0.000000
0.000000 0.000000
0.000000 0.000000
0.000000 0.000000
0.000000 0.000000
0.000000 0.000000
0.000000 0.000000
0.000000 0.000000
0.000000 0.000000
0.000000 0.000000
0.000000 0.000000
0.000000 0.000000
0.000000 0.000000
0.000000 0.000000
0.000000 0.000000
0.000000 0.000000
0.000000 0.000000
</float_array>
          <technique_common>
            <accessor source="#toro_rarm-UV0-array" count="254" stride="2">
              <param name="S" type="float"/>
              <param name="T" type="float"/>
            </accessor>
          </technique_common>
        </source>
        <vertices id="toro_rarm-VERTEX">
          <input semantic="POSITION" source="#toro_rarm-POSITION"/>
          <input semantic="NORMAL" source="#toro_rarm-Normal0"/>
        </vertices>
        <triangles count="504" material="CH_toro_body_high">
          <input semantic="VERTEX" offset="0" source="#toro_rarm-VERTEX"/>
          <input semantic="TEXCOORD" offset="1" set="0" source="#toro_rarm-UV0"/>
          <p> 2 2 1 1 0 0 1 1 3 3 0 0 3 3 4 4 0 0 4 4 5 5 0 0 6 6 2 2 0 0 7 7 6 6 0 0 8 8 7 7 0 0 9 9 8 8 0 0 10 10 9 9 0 0 10 10 0 0 5 5 2 2 11 11 1 1 7 7 12 12 6 6 8 8 9 9 13 13 14 14 13 13 9 9 14 14 15 15 13 13 16 16 13 13 15 15 15 15 17 17 16 16 18 18 16 16 17 17 18 18 17 17 19 19 20 20 19 19 17 17 19 19 20 20 21 21 22 22 21 21 20 20 21 21 22 22 23 23 24 24 23 23 22 22 10 10 25 25 9 9 25 25 10 10 26 26 20 20 27 27 22 22 28 28 22 22 27 27 22 22 28 28 24 24 28 28 27 27 29 29 29 29 30 30 28 28 31 31 28 28 30 30 31 31 24 24 28 28 32 32 29 29 27 27 27 27 20 20 33 33 27 27 33 33 32 32 17 17 33 33 20 20 34 34 32 32 33 33 32 32 34 34 35 35 36 36 35 35 34 34 33 33 37 37 34 34 33 33 17 17 37 37 38 38 34 34 37 37 34 34 38 38 36 36 37 37 39 39 38 38 40 40 38 38 39 39 37 37 15 15 39 39 15 15 37 37 17 17 14 14 39 39 15 15 40 40 25 25 38 38 40 40 9 9 25 25 9 9 39 39 14 14 40 40 39 39 9 9 41 41 38 38 25 25 41 41 36 36 38 38 35 35 42 42 32 32 29 29 32 32 42 42 42 42 43 43 29 29 30 30 29 29 43 43 36 36 44 44 35 35 45 45 35 35 44 44 44 44 46 46 45 45 47 47 45 45 46 46 45 45 47 47 48 48 48 48 42 42 45 45 42 42 48 48 43 43 49 49 48 48 47 47 48 48 49 49 50 50 50 50 43 43 48 48 51 51 50 50 49 49 46 46 44 44 52 52 53 53 52 52 44 44 26 26 52 52 53 53 53 53 41 41 26 26 35 35 45 45 42 42 47 47 54 54 49 49 55 55 49 49 54 54 49 49 55 55 51 51 54 54 56 56 55 55 56 56 54 54 57 57 57 57 58 58 56 56 59 59 56 56 58 58 56 56 59 59 60 60 60 60 55 55 56 56 61 61 60 60 59 59 58 58 57 57 62 62 63 63 62 62 57 57 60 60 61 61 64 64 65 65 64 64 61 61 65 65 66 66 64 64 67 67 64 64 66 66 67 67 66 66 68 68 69 69 68 68 66 66 70 70 57 57 54 54 57 57 70 70 63 63 64 64 71 71 60 60 55 55 60 60 71 71 71 71 64 64 72 72 67 67 72 72 64 64 68 68 73 73 67 67 72 72 67 67 73 73 73 73 68 68 74 74 75 75 74 74 68 68 68 68 69 69 75 75 76 76 75 75 69 69 75 75 76 76 77 77 78 78 77 77 76 76 77 77 78 78 79 79 80 80 79 79 78 78 77 77 81 81 75 75 74 74 75 75 81 81 79 79 82 82 77 77 81 81 77 77 82 82 79 79 83 83 82 82 84 84 82 82 83 83 72 72 85 85 71 71 51 51 71 71 85 85 86 86 81 81 82 82 81 81 86 86 74 74 82 82 87 87 86 86 82 82 84 84 87 87 88 88 86 86 87 87 86 86 88 88 89 89 90 90 89 89 88 88 89 89 90 90 91 91 92 92 91 91 90 90 91 91 92 92 85 85 93 93 85 85 92 92 93 93 94 94 85 85 85 85 94 94 51 51 93 93 95 95 94 94 96 96 94 94 95 95 95 95 97 97 96 96 97 97 95 95 98 98 99 99 98 98 95 95 92 92 99 99 93 93 95 95 93 93 99 99 100 100 96 96 97 97 97 97 101 101 100 100 102 102 100 100 101 101 98 98 99 99 103 103 103 103 104 104 98 98 105 105 98 98 104 104 101 101 97 97 105 105 98 98 105 105 97 97 101 101 105 105 106 106 107 107 106 106 105 105 105 105 104 104 107 107 104 104 103 103 108 108 109 109 108 108 103 103 108 108 109 109 110 110 108 108 110 110 111 111 112 112 111 111 110 110 113 113 110 110 109 109 113 113 114 114 110 110 115 115 107 107 104 104 104 104 108 108 115 115 111 111 115 115 108 108 115 115 111 111 116 116 117 117 116 116 111 111 117 117 111 111 118 118 112 112 118 118 111 111 113 113 109 109 87 87 119 119 87 87 109 109 106 106 107 107 120 120 121 121 120 120 107 107 116 116 121 121 115 115 107 107 115 115 121 121 119 119 109 109 122 122 103 103 122 122 109 109 122 122 103 103 99 99 87 87 119 119 88 88 123 123 117 117 118 118 117 117 123 123 116 116 118 118 124 124 123 123 125 125 123 123 124 124 123 123 125 125 126 126 126 126 116 116 123 123 116 116 126 126 121 121 127 127 126 126 125 125 126 126 127 127 128 128 121 121 128 128 120 120 128 128 121 121 126 126 129 129 128 128 127 127 128 128 129 129 130 130 130 130 120 120 128 128 131 131 130 130 129 129 129 129 132 132 131 131 133 133 131 131 132 132 132 132 134 134 133 133 135 135 133 133 134 134 133 133 135 135 136 136 133 133 136 136 131 131 137 137 136 136 135 135 136 136 137 137 138 138 139 139 138 138 137 137 138 138 139 139 140 140 141 141 140 140 139 139 140 140 141 141 142 142 143 143 142 142 141 141 143 143 144 144 142 142 145 145 142 142 144 144 134 134 132 132 146 146 147 147 146 146 132 132 146 146 147 147 148 148 149 149 148 148 147 147 148 148 149 149 150 150 124 124 150 150 149 149 141 141 151 151 143 143 152 152 143 143 151 151 139 139 153 153 141 141 151 151 141 141 153 153 153 153 139 139 154 154 137 137 154 154 139 139 154 154 137 137 155 155 135 135 155 155 137 137 155 155 135 135 156 156 134 134 156 156 135 135 146 146 157 157 134 134 156 156 134 134 157 157 148 148 158 158 146 146 157 157 146 146 158 158 150 150 159 159 148 148 158 158 148 148 159 159 150 150 160 160 159 159 161 161 159 159 160 160 155 155 162 162 154 154 163 163 154 154 162 162 162 162 164 164 163 163 165 165 163 163 164 164 164 164 162 162 166 166 167 167 166 166 162 162 163 163 165 165 168 168 169 169 168 168 165 165 166 166 167 167 170 170 171 171 170 170 167 167 170 170 171 171 172 172 173 173 172 172 171 171 172 172 173 173 174 174 168 168 169 169 175 175 176 176 175 175 169 169 175 175 176 176 177 177 178 178 177 177 176 176 177 177 178 178 179 179 180 180 179 179 178 178 180 180 11 11 179 179 177 177 152 152 175 175 151 151 175 175 152 152 175 175 151 151 168 168 176 176 181 181 178 178 182 182 178 178 181 181 178 178 182 182 180 180 181 181 183 183 182 182 183 183 181 181 184 184 185 185 184 184 181 181 181 181 176 176 185 185 186 186 182 182 183 183 184 184 185 185 187 187 188 188 187 187 185 185 187 187 188 188 189 189 190 190 189 189 188 188 189 189 190 190 191 191 192 192 191 191 190 190 191 191 192 192 193 193 194 194 193 193 192 192 193 193 194 194 195 195 196 196 195 195 194 194 174 174 195 195 196 196 186 186 197 197 182 182 188 188 165 165 190 190 164 164 190 190 165 165 190 190 164 164 192 192 186 186 58 58 197 197 58 58 186 186 59 59 183 183 59 59 186 186 59 59 183 183 61 61 184 184 61 61 183 183 62 62 197 197 58 58 195 195 78 78 193 193 76 76 193 193 78 78 174 174 196 196 172 172 172 172 196 196 170 170 194 194 170 170 196 196 61 61 184 184 65 65 187 187 65 65 184 184 65 65 187 187 66 66 189 189 66 66 187 187 66 66 189 189 69 69 191 191 69 69 189 189 69 69 191 191 76 76 170 170 194 194 166 166 192 192 166 166 194 194 166 166 192 192 164 164 193 193 76 76 191 191 62 62 63 63 198 198 199 199 198 198 63 63 63 63 200 200 199 199 201 201 199 199 200 200 200 200 63 63 70 70 198 198 199 199 3 3 4 4 3 3 199 199 4 4 199 199 201 201 4 4 201 201 5 5 5 5 201 201 26 26 200 200 52 52 201 201 26 26 201 201 52 52 70 70 46 46 200 200 52 52 200 200 46 46 46 46 70 70 47 47 54 54 47 47 70 70 10 10 5 5 26 26 3 3 202 202 198 198 1 1 202 202 3 3 1 1 11 11 202 202 202 202 11 11 203 203 203 203 197 197 202 202 203 203 182 182 197 197 203 203 180 180 182 182 180 180 203 203 11 11 197 197 62 62 202 202 198 198 202 202 62 62 25 25 26 26 41 41 41 41 53 53 36 36 44 44 36 36 53 53 2 2 204 204 11 11 204 204 2 2 205 205 205 205 144 144 204 204 206 206 204 204 144 144 144 144 205 205 145 145 12 12 145 145 205 205 144 144 143 143 206 206 152 152 206 206 143 143 6 6 205 205 2 2 12 12 205 205 6 6 12 12 207 207 145 145 208 208 145 145 207 207 207 207 209 209 208 208 209 209 210 210 208 208 211 211 208 208 210 210 211 211 210 210 212 212 213 213 212 212 210 210 212 212 213 213 214 214 215 215 214 214 213 213 214 214 215 215 216 216 217 217 216 216 215 215 212 212 140 140 211 211 142 142 211 211 140 140 211 211 142 142 208 208 214 214 138 138 212 212 140 140 212 212 138 138 210 210 18 18 213 213 19 19 213 213 18 18 213 213 19 19 215 215 21 21 215 215 19 19 215 215 21 21 217 217 145 145 208 208 142 142 216 216 136 136 214 214 138 138 214 214 136 136 216 216 131 131 136 136 131 131 216 216 218 218 219 219 218 218 216 216 216 216 217 217 219 219 217 217 23 23 219 219 23 23 217 217 21 21 220 220 219 219 23 23 23 23 24 24 220 220 221 221 220 220 24 24 24 24 31 31 221 221 222 222 221 221 31 31 222 222 31 31 223 223 30 30 223 223 31 31 223 223 30 30 224 224 43 43 224 224 30 30 224 224 43 43 225 225 50 50 225 225 43 43 221 221 226 226 220 220 227 227 220 220 226 226 220 220 227 227 219 219 219 219 227 227 218 218 226 226 228 228 227 227 229 229 227 227 228 228 228 228 226 226 230 230 231 231 230 230 226 226 226 226 221 221 231 231 222 222 231 231 221 221 230 230 231 231 232 232 233 233 232 232 231 231 223 223 233 233 222 222 231 231 222 222 233 233 232 232 233 233 234 234 235 235 234 234 233 233 233 233 223 223 235 235 224 224 235 235 223 223 235 235 225 225 234 234 235 235 224 224 225 225 232 232 100 100 230 230 102 102 230 230 100 100 230 230 102 102 228 228 228 228 236 236 229 229 236 236 228 228 102 102 102 102 101 101 236 236 106 106 236 236 101 101 236 236 106 106 237 237 237 237 229 229 236 236 120 120 237 237 106 106 237 237 120 120 218 218 218 218 229 229 237 237 130 130 218 218 120 120 100 100 232 232 96 96 234 234 96 96 232 232 96 96 234 234 94 94 218 218 130 130 131 131 94 94 234 234 225 225 225 225 51 51 94 94 225 225 50 50 51 51 71 71 51 51 55 55 229 229 218 218 227 227 239 239 238 238 83 83 240 240 83 83 238 238 240 240 238 238 241 241 238 238 242 242 241 241 238 238 239 239 242 242 242 242 243 243 241 241 244 244 243 243 242 242 243 243 244 244 245 245 160 160 245 245 244 244 246 246 244 244 242 242 244 244 246 246 160 160 241 241 243 243 247 247 248 248 241 241 247 247 243 243 249 249 247 247 249 249 243 243 250 250 245 245 250 250 243 243 247 247 114 114 248 248 251 251 248 248 114 114 248 248 251 251 241 241 246 246 242 242 161 161 161 161 160 160 246 246 252 252 161 161 242 242 245 245 160 160 124 124 150 150 124 124 160 160 114 114 247 247 253 253 247 247 249 249 253 253 250 250 253 253 249 249 253 253 250 250 112 112 118 118 112 112 250 250 124 124 118 118 245 245 250 250 245 245 118 118 114 114 113 113 251 251 87 87 251 251 113 113 251 251 87 87 84 84 84 84 241 241 251 251 241 241 84 84 240 240 83 83 240 240 84 84 252 252 174 174 161 161 174 174 252 252 80 80 239 239 80 80 252 252 80 80 239 239 79 79 83 83 79 79 239 239 252 252 242 242 239 239 174 174 80 80 195 195 78 78 195 195 80 80 159 159 161 161 174 174 173 173 159 159 174 174 173 173 158 158 159 159 158 158 173 173 157 157 171 171 157 157 173 173 157 157 171 171 156 156 167 167 156 156 171 171 156 156 167 167 155 155 162 162 155 155 167 167 8 8 207 207 7 7 8 8 13 13 207 207 207 207 13 13 209 209 16 16 209 209 13 13 209 209 16 16 210 210 18 18 210 210 16 16 12 12 7 7 207 207 149 149 125 125 124 124 125 125 149 149 127 127 147 147 127 127 149 149 127 127 147 147 129 129 132 132 129 129 147 147 91 91 73 73 89 89 74 74 89 89 73 73 89 89 74 74 86 86 73 73 91 91 72 72 85 85 72 72 91 91 90 90 122 122 92 92 99 99 92 92 122 122 122 122 90 90 119 119 88 88 119 119 90 90 154 154 163 163 153 153 168 168 153 153 163 163 153 153 168 168 151 151 185 185 169 169 188 188 165 165 188 188 169 169 169 169 185 185 176 176 152 152 177 177 206 206 179 179 206 206 177 177 206 206 179 179 204 204 11 11 204 204 179 179 114 114 253 253 110 110 253 253 112 112 110 110</p>
        </triangles>
      </mesh>
    </geometry>
    <geometry id="toro_rleg-lib" name="toro_rlegMesh">
      <mesh>
        <source id="toro_rleg-POSITION">
          <float_array id="toro_rleg-POSITION-array" count="720">
-0.000133 0.002366 -0.190768
-0.023679 -0.005093 -0.187001
-0.021071 -0.013636 -0.187001
-0.015785 -0.021815 -0.187001
-0.021071 -0.017568 -0.159175
-0.015818 -0.025541 -0.157479
-0.021071 -0.022848 -0.121833
-0.015842 -0.030662 -0.117843
-0.023679 -0.014545 -0.125576
-0.023679 -0.009170 -0.160530
-0.024649 -0.001312 -0.161888
-0.024649 0.002910 -0.187001
-0.024649 -0.006785 -0.129322
-0.023679 0.000975 -0.133068
-0.023679 0.006528 -0.163239
-0.020335 0.009623 -0.136815
-0.020335 0.015254 -0.164590
-0.013818 0.018460 -0.141507
-0.020335 0.006234 -0.066282
-0.013808 0.014504 -0.062687
-0.023679 -0.001356 -0.083007
-0.023679 0.000336 -0.118275
-0.020335 0.009359 -0.037469
-0.013869 0.016852 -0.036959
-0.020335 0.013389 -0.000292
-0.013916 0.020234 -0.000292
-0.013423 0.018680 0.007805
-0.019403 0.012653 0.007805
-0.013802 0.024183 -0.166286
-0.020335 0.019798 -0.187001
-0.013751 0.029020 -0.187001
-0.023679 0.010910 -0.187001
-0.010501 0.030621 -0.187001
-0.023679 -0.001954 -0.069150
-0.010501 0.025811 -0.166566
0.010501 0.030621 -0.187001
0.010501 0.025811 -0.166566
0.010501 0.020095 -0.142298
-0.010501 0.020095 -0.142298
0.010501 0.016031 -0.062086
-0.010501 0.016031 -0.062086
-0.010501 0.018325 -0.036868
0.010501 0.018325 -0.036868
0.010491 0.021649 -0.000292
-0.010491 0.021649 -0.000292
0.009802 0.020112 0.007805
-0.009802 0.020112 0.007805
0.013802 0.024183 -0.166286
0.013751 0.029020 -0.187001
0.020335 0.019798 -0.187001
0.020335 0.015254 -0.164590
0.013819 0.018460 -0.141507
0.020335 0.009623 -0.136815
0.013808 0.014504 -0.062687
0.020335 0.006234 -0.066282
0.020335 0.009359 -0.037469
0.013869 0.016852 -0.036959
0.020335 0.013389 -0.000292
0.013916 0.020234 -0.000292
0.019403 0.012653 0.007805
0.013423 0.018680 0.007805
0.023679 0.006251 -0.000292
0.023679 0.001785 -0.037878
0.023679 -0.001954 -0.069150
0.024649 -0.004900 -0.038283
0.024649 -0.009255 -0.072014
0.023679 -0.001356 -0.083007
0.024649 -0.008657 -0.085213
0.022592 0.006042 0.007805
0.023517 0.000333 0.007805
0.024649 0.000002 -0.000292
0.023679 -0.006251 -0.000292
0.022592 -0.005376 0.007805
0.023679 -0.011545 -0.038689
0.020105 -0.011636 0.007805
0.021071 -0.013042 -0.000292
0.015447 -0.016592 0.007805
0.016008 -0.018832 -0.000292
0.021071 -0.018730 -0.039094
0.015970 -0.024997 -0.039587
0.021071 -0.024396 -0.077747
0.015889 -0.031584 -0.080767
0.023679 -0.016551 -0.074883
0.021071 -0.024467 -0.088740
0.015842 -0.031841 -0.090172
0.021071 -0.024267 -0.099732
0.015835 -0.031787 -0.099732
0.023679 -0.016214 -0.099732
0.023679 -0.016521 -0.086960
0.024649 -0.008059 -0.099732
0.023679 -0.015518 -0.113292
0.024649 -0.007424 -0.115887
0.015825 -0.031375 -0.108935
0.021071 -0.023693 -0.110938
0.015842 -0.030662 -0.117843
0.021071 -0.022848 -0.121833
0.023679 -0.014545 -0.125576
0.015818 -0.025541 -0.157479
0.021071 -0.017568 -0.159175
0.015785 -0.021815 -0.187001
0.021071 -0.013636 -0.187001
0.023679 -0.009170 -0.160530
0.024649 -0.006785 -0.129322
0.024649 -0.001312 -0.161888
0.023679 -0.005093 -0.187001
0.024649 0.002910 -0.187001
0.023679 0.000975 -0.133068
0.023679 0.006528 -0.163239
0.023679 0.010910 -0.187001
0.023679 0.000336 -0.118275
-0.009937 -0.026081 -0.187001
-0.002610 -0.028794 -0.187001
-0.009930 -0.029814 -0.157077
-0.002620 -0.032473 -0.156570
-0.009927 -0.034929 -0.116042
-0.002626 -0.037543 -0.114647
-0.009930 -0.035588 -0.107887
-0.002620 -0.038158 -0.107188
-0.009927 -0.035973 -0.099732
-0.002623 -0.038500 -0.099732
-0.002626 -0.038489 -0.091490
-0.009927 -0.036003 -0.090956
-0.002640 -0.038202 -0.083244
-0.009917 -0.035763 -0.082179
-0.002657 -0.031209 -0.039864
-0.009903 -0.029041 -0.039716
-0.002667 -0.024831 -0.000292
-0.009896 -0.022798 -0.000292
-0.009680 -0.020612 0.007805
-0.002833 -0.022332 0.007805
-0.015970 -0.024997 -0.039587
-0.015889 -0.031584 -0.080767
-0.021071 -0.024396 -0.077747
-0.021071 -0.018730 -0.039094
-0.023679 -0.016551 -0.074883
-0.023679 -0.011545 -0.038689
-0.016007 -0.018832 -0.000292
-0.021071 -0.013042 -0.000292
-0.020105 -0.011636 0.007805
-0.015447 -0.016592 0.007805
-0.023679 -0.006251 -0.000292
-0.022592 -0.005376 0.007805
-0.024649 -0.009255 -0.072014
-0.024649 -0.004900 -0.038283
-0.023679 0.001785 -0.037878
-0.024649 0.000002 -0.000292
-0.023679 0.006251 -0.000292
-0.023517 0.000333 0.007805
-0.022592 0.006042 0.007805
-0.024649 -0.008657 -0.085213
-0.023679 -0.016521 -0.086960
-0.024649 -0.008059 -0.099732
-0.023679 -0.016214 -0.099732
-0.023679 -0.015518 -0.113292
-0.024649 -0.007424 -0.115887
-0.021071 -0.024467 -0.088740
-0.021071 -0.023693 -0.110938
-0.021071 -0.024267 -0.099732
-0.015842 -0.031841 -0.090172
-0.015835 -0.031787 -0.099732
-0.015825 -0.031375 -0.108935
0.002610 -0.028794 -0.187001
0.009937 -0.026081 -0.187001
0.009930 -0.029814 -0.157077
0.002620 -0.032473 -0.156570
0.009927 -0.034929 -0.116042
0.002627 -0.037543 -0.114647
0.009927 -0.035588 -0.107887
0.002620 -0.038158 -0.107188
0.009927 -0.035973 -0.099732
0.002623 -0.038500 -0.099732
0.002627 -0.038489 -0.091490
0.009923 -0.036003 -0.090956
0.002640 -0.038202 -0.083244
0.009917 -0.035763 -0.082179
0.002657 -0.031209 -0.039864
0.009903 -0.029041 -0.039716
0.002667 -0.024831 -0.000292
0.009896 -0.022798 -0.000292
0.002833 -0.022332 0.007805
0.009680 -0.020612 0.007805
0.013825 -0.014957 0.013112
0.018021 -0.010596 0.013112
0.008596 -0.018616 0.013112
0.002704 -0.020058 0.013112
0.016862 -0.004349 0.017805
0.011839 -0.003127 0.021649
0.012325 -0.000191 0.021649
0.017562 0.000052 0.017805
0.016855 0.004451 0.017805
0.011839 0.002741 0.021649
0.010535 -0.006792 0.021649
0.014967 -0.009275 0.017805
0.007728 -0.009437 0.021649
0.011396 -0.013004 0.017805
0.010167 0.006180 0.021649
0.014406 0.009123 0.017805
0.009603 0.013849 0.017805
0.006251 0.009477 0.021649
0.007707 0.014501 0.017805
-0.007707 0.014501 0.017805
-0.006251 0.009477 0.021649
-0.009602 0.013849 0.017805
-0.010167 0.006180 0.021649
-0.014406 0.009123 0.017805
-0.016855 0.004451 0.017805
-0.011839 0.002741 0.021649
-0.012325 -0.000191 0.021649
-0.017561 0.000052 0.017805
-0.016862 -0.004349 0.017805
-0.011839 -0.003127 0.021649
-0.010535 -0.006792 0.021649
-0.014967 -0.009275 0.017805
-0.011396 -0.013004 0.017805
-0.007728 -0.009437 0.021649
-0.006954 -0.016136 0.017805
-0.004285 -0.011352 0.021649
-0.002407 -0.017268 0.017805
-0.001964 -0.011974 0.021649
0.002407 -0.017268 0.017805
0.001964 -0.011974 0.021649
0.006954 -0.016136 0.017805
0.004285 -0.011352 0.021649
-0.000002 -0.001309 0.023646
-0.002704 -0.020058 0.013112
-0.008596 -0.018616 0.013112
-0.013825 -0.014957 0.013112
-0.018024 -0.010596 0.013112
-0.020267 -0.004947 0.013112
-0.021095 0.000157 0.013112
-0.020250 0.005255 0.013112
-0.017355 0.011231 0.013112
-0.011859 0.016616 0.013112
-0.008937 0.017707 0.013112
0.008937 0.017707 0.013112
0.011859 0.016616 0.013112
0.017355 0.011231 0.013112
0.020251 0.005255 0.013112
0.021095 0.000157 0.013112
0.020267 -0.004947 0.013112
</float_array>
          <technique_common>
            <accessor source="#toro_rleg-POSITION-array" count="240" stride="3">
              <param name="X" type="float"/>
              <param name="Y" type="float"/>
              <param name="Z" type="float"/>
            </accessor>
          </technique_common>
        </source>
        <source id="toro_rleg-Normal0">
          <float_array id="toro_rleg-Normal0-array" count="720">
-0.000296 0.023216 -0.999730
-0.754570 -0.159818 -0.636460
-0.697265 -0.326090 -0.638347
-0.574306 -0.514696 -0.636601
-0.894829 -0.442116 -0.061757
-0.728003 -0.679742 -0.089233
-0.873481 -0.483235 -0.059291
-0.691859 -0.717164 -0.083709
-0.968606 -0.246557 -0.031820
-0.974764 -0.220706 -0.033534
-0.999999 -0.000810 0.000854
-0.776690 0.007052 -0.629843
-0.999658 -0.025639 -0.005149
-0.968827 0.245844 0.030566
-0.964856 0.258162 0.049050
-0.840577 0.539586 0.047730
-0.860943 0.498008 0.103752
-0.692236 0.717900 0.073683
-0.839689 0.543061 0.002543
-0.699310 0.714812 0.003081
-0.945184 0.326168 0.015534
-0.954883 0.296649 0.014031
-0.837869 0.542760 -0.058200
-0.669094 0.739617 -0.072657
-0.816944 0.576339 -0.020869
-0.637732 0.769844 -0.025254
-0.598705 0.752315 0.274909
-0.783813 0.565737 0.256083
-0.712790 0.684477 0.153040
-0.651862 0.370909 -0.661440
-0.553367 0.523091 -0.648199
-0.744344 0.199531 -0.637291
-0.050267 0.782761 -0.620288
-0.966909 0.254600 -0.016303
-0.062369 0.971525 0.228581
0.050776 0.784486 -0.618064
0.062236 0.971555 0.228488
0.058966 0.993767 0.094605
-0.060039 0.993713 0.094495
0.061114 0.998005 0.015862
-0.060244 0.998057 0.015898
-0.060514 0.994063 -0.090429
0.060108 0.994079 -0.090525
0.057447 0.997514 -0.040814
-0.058069 0.997401 -0.042651
0.058618 0.959542 0.275397
-0.057462 0.958441 0.279445
0.712793 0.684551 0.152699
0.551239 0.521537 -0.651257
0.649260 0.369363 -0.664855
0.860943 0.498008 0.103750
0.698375 0.712053 0.072473
0.837735 0.544011 0.047457
0.693774 0.720192 0.001302
0.841958 0.539544 0.000241
0.837869 0.542760 -0.058203
0.669753 0.739012 -0.072751
0.817281 0.575840 -0.021475
0.636535 0.770733 -0.028166
0.785556 0.561630 0.259756
0.593352 0.751423 0.288612
0.949547 0.313572 -0.005735
0.957239 0.287336 -0.033648
0.966909 0.254599 -0.016306
0.999991 -0.003960 0.001167
0.999650 -0.025892 0.005358
0.945184 0.326168 0.015531
0.999995 0.002881 0.000959
0.918012 0.306494 0.251625
0.968243 0.002390 0.250000
0.999678 0.008997 0.023710
0.964485 -0.258171 0.055821
0.929837 -0.262301 0.258073
0.966427 -0.254452 0.035688
0.817155 -0.509165 0.270202
0.855071 -0.509898 0.094114
0.631267 -0.716035 0.297987
0.657922 -0.741037 0.134176
0.861435 -0.502371 0.074522
0.670042 -0.733532 0.113906
0.861336 -0.504095 0.063158
0.673799 -0.732783 0.094991
0.966299 -0.255832 0.028587
0.893264 -0.449528 -0.002133
0.722340 -0.691526 0.004092
0.894926 -0.445981 -0.014405
0.724331 -0.689227 -0.017637
0.977253 -0.211929 -0.007841
0.976380 -0.216039 -0.002922
0.998924 0.046305 0.002481
0.977169 -0.212042 -0.013349
0.999991 0.004187 -0.000585
0.728330 -0.683900 -0.042623
0.896692 -0.441754 -0.028241
0.692946 -0.715919 -0.085356
0.873481 -0.483235 -0.059294
0.968606 -0.246556 -0.031823
0.726842 -0.681029 -0.088879
0.894829 -0.442116 -0.061760
0.573122 -0.514958 -0.637455
0.694915 -0.324936 -0.641491
0.974764 -0.220704 -0.033537
0.999658 -0.025639 -0.005152
0.999999 -0.000809 0.000851
0.751488 -0.159147 -0.640264
0.773334 0.007019 -0.633959
0.968828 0.245843 0.030564
0.964856 0.258161 0.049047
0.741131 0.198640 -0.641301
0.954883 0.296650 0.014028
-0.346314 -0.650997 -0.675477
-0.155308 -0.723597 -0.672523
-0.455736 -0.883237 -0.110445
-0.200331 -0.972505 -0.118747
-0.425701 -0.898908 -0.103648
-0.183698 -0.976649 -0.111408
-0.453831 -0.889313 -0.056205
-0.198425 -0.978161 -0.061876
-0.455481 -0.889995 -0.021103
-0.196991 -0.980187 -0.020693
-0.195476 -0.980577 0.016084
-0.449287 -0.893318 0.011146
-0.172567 -0.975764 0.134556
-0.408820 -0.904170 0.123865
-0.166255 -0.973638 0.156165
-0.415600 -0.898305 0.142566
-0.157236 -0.971588 0.176899
-0.408917 -0.898117 0.161782
-0.404155 -0.861408 0.307627
-0.131367 -0.934548 0.330700
-0.669669 -0.733928 0.113550
-0.675791 -0.730961 0.094885
-0.861336 -0.504095 0.063160
-0.861435 -0.502371 0.074524
-0.966298 -0.255832 0.028590
-0.966426 -0.254454 0.035691
-0.655806 -0.742782 0.134887
-0.855378 -0.509591 0.092976
-0.818613 -0.504645 0.274236
-0.623167 -0.721226 0.302485
-0.964485 -0.258173 0.055824
-0.930423 -0.260340 0.257947
-0.999650 -0.025893 0.005361
-0.999991 -0.003961 0.001169
-0.957239 0.287336 -0.033645
-0.999678 0.008996 0.023713
-0.949547 0.313573 -0.005732
-0.968273 0.005026 0.249843
-0.917117 0.309100 0.251702
-0.999995 0.002880 0.000962
-0.976380 -0.216040 -0.002919
-0.998924 0.046306 0.002484
-0.977253 -0.211931 -0.007838
-0.977169 -0.212043 -0.013346
-0.999991 0.004187 -0.000582
-0.893263 -0.449528 -0.002131
-0.896692 -0.441754 -0.028239
-0.894927 -0.445981 -0.014402
-0.723061 -0.690772 0.004114
-0.724914 -0.688614 -0.017631
-0.728049 -0.684210 -0.042443
0.155196 -0.722850 -0.673352
0.347496 -0.651118 -0.674753
0.457632 -0.882365 -0.109572
0.200307 -0.972510 -0.118748
0.424128 -0.899494 -0.105001
0.183701 -0.976649 -0.111403
0.452218 -0.890104 -0.056689
0.198482 -0.978148 -0.061893
0.456132 -0.889662 -0.021084
0.196953 -0.980195 -0.020695
0.195424 -0.980587 0.016111
0.450461 -0.892729 0.010950
0.172520 -0.975774 0.134543
0.410832 -0.903333 0.123318
0.166228 -0.973643 0.156166
0.414792 -0.898609 0.142999
0.158254 -0.971131 0.178494
0.407778 -0.898753 0.161123
0.134076 -0.936404 0.324303
0.395149 -0.864990 0.309273
0.572004 -0.673914 0.467601
0.735961 -0.474640 0.482781
0.368025 -0.810260 0.456110
0.110922 -0.886623 0.448994
0.692089 -0.196056 0.694676
0.323694 -0.087293 0.942126
0.353736 0.000184 0.935345
0.707107 -0.001706 0.707105
0.674902 0.233943 0.699842
0.311176 0.105322 0.944498
0.305865 -0.196231 0.931633
0.611129 -0.393587 0.686739
0.217237 -0.290627 0.931850
0.469515 -0.557834 0.684380
0.274016 0.221854 0.935786
0.566235 0.426306 0.705436
0.438137 0.556356 0.706048
0.068315 0.372170 0.925647
0.029677 0.730129 0.682664
-0.026500 0.741719 0.670187
-0.072249 0.357091 0.931271
-0.431709 0.559430 0.707577
-0.274041 0.221879 0.935773
-0.557898 0.433766 0.707529
-0.674543 0.235677 0.699606
-0.311220 0.105338 0.944482
-0.353786 0.000185 0.935326
-0.707099 0.003922 0.707104
-0.691684 -0.191194 0.696432
-0.323744 -0.087307 0.942108
-0.310474 -0.200127 0.929276
-0.612695 -0.387979 0.688533
-0.476174 -0.561169 0.677014
-0.215702 -0.288404 0.932897
-0.310180 -0.667687 0.676744
-0.138967 -0.335089 0.931882
-0.090013 -0.734726 0.672365
-0.035613 -0.359803 0.932348
0.087520 -0.731305 0.676412
0.041885 -0.367109 0.929235
0.309398 -0.664236 0.680488
0.154412 -0.326244 0.932589
-0.000007 0.052167 0.998638
-0.118808 -0.886310 0.447592
-0.379052 -0.805279 0.455900
-0.578204 -0.669471 0.466357
-0.741393 -0.467936 0.481011
-0.837063 -0.234748 0.494185
-0.863566 0.004571 0.504215
-0.817538 0.277270 0.504730
-0.687641 0.514948 0.511838
-0.518986 0.680047 0.517870
-0.043138 0.873566 0.484791
0.050908 0.873116 0.484846
0.529583 0.673495 0.515699
0.693302 0.506050 0.513074
0.818551 0.271706 0.506112
0.863988 -0.003770 0.503498
0.834785 -0.240805 0.495123
</float_array>
          <technique_common>
            <accessor source="#toro_rleg-Normal0-array" count="240" stride="3">
              <param name="X" type="float"/>
              <param name="Y" type="float"/>
              <param name="Z" type="float"/>
            </accessor>
          </technique_common>
        </source>
        <source id="toro_rleg-UV0">
          <float_array id="toro_rleg-UV0-array" count="480">
0.000000 0.000000
0.000000 0.000000
0.000000 0.000000
0.000000 0.000000
0.000000 0.000000
0.000000 0.000000
0.000000 0.000000
0.000000 0.000000
0.000000 0.000000
0.000000 0.000000
0.000000 0.000000
0.000000 0.000000
0.000000 0.000000
0.000000 0.000000
0.000000 0.000000
0.000000 0.000000
0.000000 0.000000
0.000000 0.000000
0.000000 0.000000
0.000000 0.000000
0.000000 0.000000
0.000000 0.000000
0.000000 0.000000
0.000000 0.000000
0.000000 0.000000
0.000000 0.000000
0.000000 0.000000
0.000000 0.000000
0.000000 0.000000
0.000000 0.000000
0.000000 0.000000
0.000000 0.000000
0.000000 0.000000
0.000000 0.000000
0.000000 0.000000
0.000000 0.000000
0.000000 0.000000
0.000000 0.000000
0.000000 0.000000
0.000000 0.000000
0.000000 0.000000
0.000000 0.000000
0.000000 0.000000
0.000000 0.000000
0.000000 0.000000
0.000000 0.000000
0.000000 0.000000
0.000000 0.000000
0.000000 0.000000
0.000000 0.000000
0.000000 0.000000
0.000000 0.000000
0.000000 0.000000
0.000000 0.000000
0.000000 0.000000
0.000000 0.000000
0.000000 0.000000
0.000000 0.000000
0.000000 0.000000
0.000000 0.000000
0.000000 0.000000
0.000000 0.000000
0.000000 0.000000
0.000000 0.000000
0.000000 0.000000
0.000000 0.000000
0.000000 0.000000
0.000000 0.000000
0.000000 0.000000
0.000000 0.000000
0.000000 0.000000
0.000000 0.000000
0.000000 0.000000
0.000000 0.000000
0.000000 0.000000
0.000000 0.000000
0.000000 0.000000
0.000000 0.000000
0.000000 0.000000
0.000000 0.000000
0.000000 0.000000
0.000000 0.000000
0.000000 0.000000
0.000000 0.000000
0.000000 0.000000
0.000000 0.000000
0.000000 0.000000
0.000000 0.000000
0.000000 0.000000
0.000000 0.000000
0.000000 0.000000
0.000000 0.000000
0.000000 0.000000
0.000000 0.000000
0.000000 0.000000
0.000000 0.000000
0.000000 0.000000
0.000000 0.000000
0.000000 0.000000
0.000000 0.000000
0.000000 0.000000
0.000000 0.000000
0.000000 0.000000
0.000000 0.000000
0.000000 0.000000
0.000000 0.000000
0.000000 0.000000
0.000000 0.000000
0.000000 0.000000
0.000000 0.000000
0.000000 0.000000
0.000000 0.000000
0.000000 0.000000
0.000000 0.000000
0.000000 0.000000
0.000000 0.000000
0.000000 0.000000
0.000000 0.000000
0.000000 0.000000
0.000000 0.000000
0.000000 0.000000
0.000000 0.000000
0.000000 0.000000
0.000000 0.000000
0.000000 0.000000
0.000000 0.000000
0.000000 0.000000
0.000000 0.000000
0.000000 0.000000
0.000000 0.000000
0.000000 0.000000
0.000000 0.000000
0.000000 0.000000
0.000000 0.000000
0.000000 0.000000
0.000000 0.000000
0.000000 0.000000
0.000000 0.000000
0.000000 0.000000
0.000000 0.000000
0.000000 0.000000
0.000000 0.000000
0.000000 0.000000
0.000000 0.000000
0.000000 0.000000
0.000000 0.000000
0.000000 0.000000
0.000000 0.000000
0.000000 0.000000
0.000000 0.000000
0.000000 0.000000
0.000000 0.000000
0.000000 0.000000
0.000000 0.000000
0.000000 0.000000
0.000000 0.000000
0.000000 0.000000
0.000000 0.000000
0.000000 0.000000
0.000000 0.000000
0.000000 0.000000
0.000000 0.000000
0.000000 0.000000
0.000000 0.000000
0.000000 0.000000
0.000000 0.000000
0.000000 0.000000
0.000000 0.000000
0.000000 0.000000
0.000000 0.000000
0.000000 0.000000
0.000000 0.000000
0.000000 0.000000
0.000000 0.000000
0.000000 0.000000
0.000000 0.000000
0.000000 0.000000
0.000000 0.000000
0.000000 0.000000
0.000000 0.000000
0.000000 0.000000
0.000000 0.000000
0.000000 0.000000
0.000000 0.000000
0.000000 0.000000
0.000000 0.000000
0.000000 0.000000
0.000000 0.000000
0.000000 0.000000
0.000000 0.000000
0.000000 0.000000
0.000000 0.000000
0.000000 0.000000
0.000000 0.000000
0.000000 0.000000
0.000000 0.000000
0.000000 0.000000
0.000000 0.000000
0.000000 0.000000
0.000000 0.000000
0.000000 0.000000
0.000000 0.000000
0.000000 0.000000
0.000000 0.000000
0.000000 0.000000
0.000000 0.000000
0.000000 0.000000
0.000000 0.000000
0.000000 0.000000
0.000000 0.000000
0.000000 0.000000
0.000000 0.000000
0.000000 0.000000
0.000000 0.000000
0.000000 0.000000
0.000000 0.000000
0.000000 0.000000
0.000000 0.000000
0.000000 0.000000
0.000000 0.000000
0.000000 0.000000
0.000000 0.000000
0.000000 0.000000
0.000000 0.000000
0.000000 0.000000
0.000000 0.000000
0.000000 0.000000
0.000000 0.000000
0.000000 0.000000
0.000000 0.000000
0.000000 0.000000
0.000000 0.000000
0.000000 0.000000
0.000000 0.000000
0.000000 0.000000
0.000000 0.000000
0.000000 0.000000
0.000000 0.000000
0.000000 0.000000
0.000000 0.000000
</float_array>
          <technique_common>
            <accessor source="#toro_rleg-UV0-array" count="240" stride="2">
              <param name="S" type="float"/>
              <param name="T" type="float"/>
            </accessor>
          </technique_common>
        </source>
        <vertices id="toro_rleg-VERTEX">
          <input semantic="POSITION" source="#toro_rleg-POSITION"/>
          <input semantic="NORMAL" source="#toro_rleg-Normal0"/>
        </vertices>
        <triangles count="476" material="CH_toro_body_high">
          <input semantic="VERTEX" offset="0" source="#toro_rleg-VERTEX"/>
          <input semantic="TEXCOORD" offset="1" set="0" source="#toro_rleg-UV0"/>
          <p> 2 2 1 1 0 0 0 0 3 3 2 2 4 4 2 2 3 3 5 5 4 4 3 3 4 4 5 5 6 6 5 5 7 7 6 6 6 6 8 8 4 4 8 8 9 9 4 4 2 2 4 4 9 9 1 1 2 2 9 9 1 1 9 9 10 10 11 11 1 1 10 10 1 1 11 11 0 0 12 12 10 10 9 9 8 8 12 12 9 9 12 12 13 13 10 10 13 13 14 14 10 10 11 11 10 10 14 14 13 13 15 15 14 14 15 15 16 16 14 14 16 16 15 15 17 17 17 17 15 15 18 18 19 19 17 17 18 18 20 20 18 18 15 15 21 21 20 20 15 15 21 21 15 15 13 13 21 21 13 13 12 12 19 19 18 18 22 22 23 23 19 19 22 22 23 23 22 22 24 24 25 25 23 23 24 24 26 26 25 25 24 24 27 27 26 26 24 24 28 28 16 16 17 17 16 16 28 28 29 29 28 28 30 30 29 29 29 29 31 31 16 16 0 0 31 31 29 29 0 0 29 29 30 30 32 32 0 0 30 30 20 20 33 33 18 18 34 34 32 32 30 30 28 28 34 34 30 30 32 32 34 34 35 35 32 32 35 35 0 0 34 34 36 36 35 35 36 36 34 34 37 37 34 34 38 38 37 37 38 38 34 34 28 28 39 39 37 37 38 38 40 40 39 39 38 38 40 40 41 41 39 39 41 41 42 42 39 39 42 42 41 41 43 43 41 41 44 44 43 43 43 43 44 44 45 45 44 44 46 46 45 45 36 36 47 47 35 35 47 47 48 48 35 35 48 48 47 47 49 49 47 47 50 50 49 49 47 47 51 51 50 50 51 51 47 47 36 36 37 37 51 51 36 36 51 51 52 52 50 50 52 52 51 51 53 53 54 54 52 52 53 53 55 55 54 54 53 53 56 56 55 55 53 53 55 55 56 56 57 57 56 56 58 58 57 57 59 59 57 57 58 58 60 60 59 59 58 58 57 57 61 61 55 55 61 61 57 57 59 59 61 61 62 62 55 55 54 54 55 55 62 62 53 53 51 51 37 37 39 39 53 53 37 37 56 56 53 53 39 39 42 42 56 56 39 39 56 56 42 42 58 58 60 60 58 58 43 43 42 42 43 43 58 58 45 45 60 60 43 43 63 63 54 54 62 62 63 63 62 62 64 64 65 65 63 63 64 64 66 66 63 63 65 65 67 67 66 66 65 65 68 68 61 61 59 59 61 61 68 68 69 69 70 70 61 61 69 69 70 70 64 64 62 62 61 61 70 70 62 62 70 70 69 69 71 71 70 70 71 71 64 64 69 69 72 72 71 71 71 71 73 73 64 64 65 65 64 64 73 73 72 72 74 74 71 71 74 74 75 75 71 71 71 71 75 75 73 73 75 75 74 74 76 76 77 77 75 75 76 76 78 78 75 75 77 77 75 75 78 78 73 73 79 79 78 78 77 77 78 78 79 79 80 80 79 79 81 81 80 80 82 82 73 73 78 78 80 80 82 82 78 78 82 82 65 65 73 73 83 83 80 80 81 81 84 84 83 83 81 81 83 83 84 84 85 85 84 84 86 86 85 85 83 83 85 85 87 87 88 88 83 83 87 87 88 88 82 82 80 80 83 83 88 88 80 80 88 88 87 87 89 89 67 67 88 88 89 89 67 67 65 65 82 82 88 88 67 67 82 82 87 87 90 90 89 89 90 90 91 91 89 89 85 85 86 86 92 92 93 93 85 85 92 92 87 87 85 85 93 93 90 90 87 87 93 93 93 93 92 92 94 94 95 95 93 93 94 94 90 90 93 93 95 95 96 96 90 90 95 95 90 90 96 96 91 91 95 95 94 94 97 97 98 98 95 95 97 97 96 96 95 95 98 98 98 98 97 97 99 99 100 100 98 98 99 99 101 101 98 98 100 100 101 101 96 96 98 98 96 96 101 101 102 102 96 96 102 102 91 91 101 101 103 103 102 102 101 101 104 104 103 103 104 104 101 101 100 100 104 104 105 105 103 103 106 106 102 102 103 103 107 107 106 106 103 103 107 107 103 103 105 105 0 0 104 104 100 100 0 0 100 100 99 99 0 0 105 105 104 104 108 108 107 107 105 105 108 108 105 105 0 0 49 49 108 108 0 0 48 48 49 49 0 0 48 48 0 0 35 35 106 106 107 107 52 52 109 109 106 106 52 52 106 106 109 109 102 102 107 107 50 50 52 52 108 108 49 49 50 50 107 107 108 108 50 50 109 109 91 91 102 102 66 66 109 109 52 52 109 109 66 66 89 89 109 109 89 89 91 91 54 54 66 66 52 52 66 66 54 54 63 63 67 67 89 89 66 66 0 0 111 111 110 110 112 112 110 110 111 111 113 113 112 112 111 111 112 112 113 113 114 114 113 113 115 115 114 114 116 116 114 114 115 115 117 117 116 116 115 115 116 116 117 117 118 118 117 117 119 119 118 118 119 119 120 120 118 118 120 120 121 121 118 118 120 120 122 122 121 121 122 122 123 123 121 121 122 122 124 124 123 123 124 124 125 125 123 123 124 124 126 126 125 125 126 126 127 127 125 125 127 127 126 126 128 128 126 126 129 129 128 128 125 125 130 130 123 123 130 130 131 131 123 123 121 121 123 123 131 131 131 131 130 130 132 132 130 130 133 133 132 132 134 134 132 132 133 133 135 135 134 134 133 133 130 130 136 136 133 133 136 136 130 130 125 125 127 127 136 136 125 125 136 136 137 137 133 133 135 135 133 133 137 137 137 137 136 136 138 138 136 136 139 139 138 138 139 139 136 136 127 127 128 128 139 139 127 127 137 137 138 138 140 140 140 140 135 135 137 137 138 138 141 141 140 140 134 134 135 135 142 142 135 135 143 143 142 142 135 135 140 140 143 143 33 33 142 142 143 143 144 144 33 33 143 143 144 144 143 143 145 145 140 140 145 145 143 143 146 146 144 144 145 145 145 145 147 147 146 146 147 147 145 145 140 140 141 141 147 147 140 140 147 147 148 148 146 146 33 33 144 144 18 18 144 144 22 22 18 18 144 144 146 146 22 22 148 148 27 27 146 146 27 27 24 24 146 146 146 146 24 24 22 22 33 33 20 20 142 142 20 20 149 149 142 142 134 134 142 142 149 149 150 150 134 134 149 149 150 150 149 149 151 151 20 20 151 151 149 149 152 152 150 150 151 151 153 153 152 152 151 151 154 154 153 153 151 151 21 21 154 154 151 151 21 21 151 151 20 20 134 134 150 150 132 132 150 150 155 155 132 132 150 150 152 152 155 155 153 153 156 156 152 152 156 156 157 157 152 152 152 152 157 157 155 155 158 158 155 155 157 157 159 159 158 158 157 157 160 160 159 159 157 157 156 156 160 160 157 157 131 131 132 132 155 155 158 158 131 131 155 155 153 153 154 154 8 8 154 154 12 12 8 8 154 154 21 21 12 12 160 160 156 156 7 7 156 156 6 6 7 7 153 153 8 8 6 6 156 156 153 153 6 6 158 158 121 121 131 131 160 160 116 116 159 159 116 116 118 118 159 159 118 118 121 121 158 158 159 159 118 118 158 158 114 114 116 116 160 160 7 7 114 114 160 160 114 114 7 7 112 112 7 7 5 5 112 112 112 112 5 5 110 110 5 5 3 3 110 110 110 110 3 3 0 0 0 0 162 162 161 161 162 162 163 163 161 161 163 163 164 164 161 161 163 163 165 165 164 164 165 165 166 166 164 164 165 165 167 167 166 166 167 167 168 168 166 166 167 167 169 169 168 168 169 169 170 170 168 168 171 171 170 170 169 169 172 172 171 171 169 169 171 171 172 172 173 173 172 172 174 174 173 173 175 175 173 173 174 174 176 176 175 175 174 174 175 175 176 176 177 177 176 176 178 178 177 177 177 177 178 178 179 179 178 178 180 180 179 179 180 180 178 178 77 77 76 76 180 180 77 77 176 176 174 174 81 81 79 79 176 176 81 81 178 178 176 176 79 79 77 77 178 178 79 79 84 84 81 81 174 174 172 172 84 84 174 174 86 86 84 84 172 172 169 169 86 86 172 172 92 92 86 86 169 169 167 167 92 92 169 169 94 94 92 92 167 167 165 165 94 94 167 167 94 94 165 165 97 97 165 165 163 163 97 97 97 97 163 163 99 99 163 163 162 162 99 99 180 180 76 76 181 181 182 182 181 181 76 76 183 183 180 180 181 181 180 180 183 183 179 179 183 183 184 184 179 179 129 129 179 179 184 184 179 179 129 129 177 177 129 129 126 126 177 177 177 177 126 126 175 175 126 126 124 124 175 175 175 175 124 124 173 173 124 124 122 122 173 173 171 171 173 173 122 122 120 120 171 171 122 122 170 170 171 171 120 120 119 119 170 170 120 120 168 168 170 170 119 119 117 117 168 168 119 119 166 166 168 168 117 117 115 115 166 166 117 117 166 166 115 115 164 164 115 115 113 113 164 164 164 164 113 113 161 161 113 113 111 111 161 161 161 161 111 111 0 0 99 99 162 162 0 0 0 0 11 11 31 31 31 31 11 11 14 14 31 31 14 14 16 16 187 187 186 186 185 185 188 188 187 187 185 185 188 188 189 189 187 187 189 189 190 190 187 187 186 186 191 191 185 185 191 191 192 192 185 185 192 192 191 191 193 193 194 194 192 192 193 193 190 190 189 189 195 195 189 189 196 196 195 195 196 196 197 197 195 195 197 197 198 198 195 195 198 198 197 197 199 199 199 199 200 200 198 198 200 200 201 201 198 198 201 201 200 200 202 202 203 203 201 201 202 202 204 204 203 203 202 202 203 203 204 204 205 205 206 206 203 203 205 205 207 207 206 206 205 205 208 208 207 207 205 205 207 207 208 208 209 209 210 210 207 207 209 209 211 211 210 210 209 209 212 212 211 211 209 209 212 212 213 213 211 211 213 213 214 214 211 211 214 214 213 213 215 215 216 216 214 214 215 215 215 215 217 217 216 216 217 217 218 218 216 216 218 218 217 217 219 219 220 220 218 218 219 219 219 219 221 221 220 220 221 221 222 222 220 220 222 222 221 221 194 194 193 193 222 222 194 194 223 223 222 222 193 193 223 223 220 220 222 222 223 223 218 218 220 220 223 223 216 216 218 218 223 223 214 214 216 216 223 223 211 211 214 214 223 223 210 210 211 211 223 223 193 193 191 191 223 223 191 191 186 186 223 223 186 186 187 187 223 223 187 187 190 190 223 223 190 190 195 195 223 223 195 195 198 198 223 223 198 198 201 201 223 223 201 201 203 203 223 223 203 203 206 206 223 223 206 206 207 207 223 223 207 207 210 210 221 221 183 183 194 194 183 183 181 181 194 194 183 183 221 221 184 184 221 221 219 219 184 184 224 224 184 184 219 219 224 224 129 129 184 184 129 129 224 224 128 128 224 224 225 225 128 128 139 139 128 128 225 225 226 226 139 139 225 225 139 139 226 226 138 138 226 226 227 227 138 138 138 138 227 227 141 141 227 227 228 228 141 141 141 141 228 228 147 147 228 228 229 229 147 147 147 147 229 229 148 148 229 229 230 230 148 148 148 148 230 230 27 27 230 230 231 231 27 27 26 26 27 27 231 231 232 232 26 26 231 231 46 46 26 26 232 232 25 25 26 26 46 46 44 44 25 25 46 46 25 25 44 44 23 23 44 44 41 41 23 23 19 19 23 23 41 41 40 40 19 19 41 41 17 17 19 19 40 40 38 38 17 17 40 40 17 17 38 38 28 28 233 233 46 46 232 232 46 46 233 233 45 45 233 233 234 234 45 45 60 60 45 45 234 234 235 235 60 60 234 234 59 59 60 60 235 235 236 236 59 59 235 235 68 68 59 59 236 236 237 237 68 68 236 236 69 69 68 68 237 237 238 238 69 69 237 237 69 69 238 238 72 72 238 238 239 239 72 72 72 72 239 239 74 74 239 239 182 182 74 74 74 74 182 182 76 76 236 236 235 235 197 197 196 196 236 236 197 197 237 237 236 236 196 196 189 189 237 237 196 196 238 238 237 237 189 189 197 197 235 235 199 199 235 235 234 234 199 199 188 188 238 238 189 189 238 238 188 188 239 239 239 239 185 185 182 182 188 188 185 185 239 239 185 185 192 192 182 182 182 182 192 192 181 181 192 192 194 194 181 181 200 200 199 199 234 234 233 233 200 200 234 234 200 200 233 233 202 202 233 233 232 232 202 202 202 202 232 232 204 204 232 232 231 231 204 204 205 205 204 204 231 231 230 230 205 205 231 231 208 208 205 205 230 230 229 229 208 208 230 230 209 209 208 208 229 229 228 228 209 209 229 229 212 212 209 209 228 228 227 227 212 212 228 228 213 213 212 212 227 227 226 226 213 213 227 227 213 213 226 226 215 215 226 226 225 225 215 215 217 217 215 215 225 225 224 224 217 217 225 225 217 217 224 224 219 219</p>
        </triangles>
      </mesh>
    </geometry>
    <geometry id="toro_head-lib" name="toro_headMesh">
      <mesh>
        <source id="toro_head-POSITION">
          <float_array id="toro_head-POSITION-array" count="2529">
0.000003 0.044135 0.323353
0.000003 0.068606 0.314450
0.034998 0.067979 0.309178
0.030303 0.045199 0.318120
0.011383 0.025861 0.327302
0.000003 0.025354 0.328754
0.016943 -0.001783 0.324208
0.035545 -0.002828 0.320548
0.049930 -0.046816 0.313843
0.023927 -0.051471 0.316519
0.031845 -0.083453 0.290635
0.000003 -0.086835 0.290814
0.000003 -0.053889 0.316877
0.062374 -0.075614 0.289302
0.078668 -0.069596 0.286776
0.000003 -0.001644 0.325163
0.029656 0.024697 0.320916
0.037256 -0.106571 0.263936
0.000003 -0.110898 0.263936
0.072709 -0.099558 0.263936
0.091660 -0.059628 0.284587
0.097787 -0.087501 0.263936
0.121124 -0.067119 0.263936
0.000003 -0.121403 0.248856
0.039574 -0.116767 0.248846
0.000003 -0.129749 0.233775
0.041902 -0.124815 0.233765
0.077703 -0.108590 0.248875
0.082687 -0.115474 0.233815
0.105457 -0.095072 0.248816
0.111883 -0.101140 0.233705
0.043792 -0.133012 0.215720
0.000003 -0.138254 0.215750
0.000003 -0.147814 0.185122
0.045572 -0.142094 0.185122
0.086745 -0.122616 0.215621
0.090476 -0.130226 0.185122
0.117434 -0.107586 0.215581
0.122248 -0.114549 0.185122
0.138105 -0.093480 0.215382
0.143536 -0.099041 0.185122
0.152956 -0.078350 0.215312
0.159005 -0.083542 0.185122
0.173966 -0.063001 0.185122
0.165948 -0.056644 0.216486
0.133151 -0.089123 0.233238
0.144839 -0.074669 0.233029
0.159293 -0.051611 0.234481
0.175080 -0.034551 0.217660
0.167679 -0.030542 0.235924
0.154876 -0.023260 0.261847
0.172941 -0.012925 0.240062
0.175448 0.005488 0.244777
0.167380 0.010771 0.261986
0.172474 0.038713 0.262096
0.184520 0.027164 0.230045
0.182531 -0.008080 0.223081
0.192289 -0.020037 0.185122
0.185495 -0.040071 0.185122
0.185913 0.012919 0.227478
0.195850 -0.000003 0.185122
0.194567 0.026756 0.190354
0.189504 0.053515 0.195576
0.179029 0.057445 0.228065
0.181675 0.075181 0.191617
0.171041 0.079011 0.226663
0.166983 0.099244 0.187618
0.157940 0.099672 0.225310
0.198685 0.051715 0.128580
0.190737 0.074037 0.128580
0.185336 0.088640 0.128580
0.152688 0.112077 0.185012
0.145526 0.110515 0.224603
0.203331 0.025811 0.128580
0.205927 0.050282 0.075678
0.211001 0.024976 0.074574
0.204167 -0.000162 0.128580
0.212274 -0.000331 0.073470
0.206574 0.050690 0.063970
0.212144 0.025403 0.062757
0.200854 -0.022773 0.128580
0.209399 -0.025498 0.072157
0.193314 -0.045314 0.128580
0.201302 -0.050666 0.070854
0.210841 -0.025458 0.061085
0.213925 0.000117 0.061543
0.210931 0.025831 0.050949
0.213149 0.000564 0.049616
0.210334 -0.025011 0.050014
0.202286 -0.050596 0.050402
0.202535 -0.051034 0.060628
0.189335 -0.074788 0.060419
0.188161 -0.074331 0.070436
0.209170 0.000286 0.040156
0.206445 -0.024762 0.040355
0.199979 -0.000003 0.030705
0.207151 0.025244 0.040822
0.198427 0.023881 0.030705
0.176363 -0.000003 0.017714
0.175786 0.021036 0.017684
0.154498 0.018221 0.008403
0.153673 -0.000003 0.008403
0.134653 0.000903 0.002236
0.134195 0.016978 0.002255
0.082747 0.021524 -0.003892
0.151275 -0.018227 0.008403
0.132743 -0.015143 0.002245
0.128117 -0.031178 0.002245
0.146152 -0.036441 0.008403
0.167201 -0.042111 0.017734
0.173797 -0.021052 0.017724
0.189215 -0.047622 0.030705
0.176990 -0.070053 0.030705
0.157105 -0.061916 0.017734
0.197004 -0.023807 0.030705
0.198486 -0.049800 0.040554
0.082747 -0.020246 -0.003892
0.115116 -0.051800 0.002245
0.061290 -0.041335 -0.003892
0.000003 0.000644 -0.007165
0.039833 -0.062424 -0.003892
0.000003 -0.066940 -0.003892
0.062344 0.041230 -0.003892
0.126347 0.046930 0.002265
0.131350 0.033043 0.002285
0.063359 -0.093669 0.002255
0.099130 -0.070730 0.002245
0.114420 -0.081195 0.008403
0.073336 -0.105835 0.008403
0.111774 -0.107387 0.017714
0.130186 -0.093838 0.017774
0.143934 -0.080100 0.017734
0.161790 -0.090864 0.030705
0.145834 -0.106392 0.030705
0.124248 -0.121721 0.030705
0.082567 -0.121512 0.017694
0.091859 -0.137299 0.030705
0.096683 -0.142740 0.040554
0.048527 -0.154817 0.040554
0.046408 -0.148908 0.030705
0.000003 -0.160666 0.040554
0.000003 -0.154588 0.030705
0.130147 -0.126416 0.040554
0.041812 -0.132325 0.017833
0.037117 -0.115434 0.008403
0.152986 -0.110580 0.040554
0.169310 -0.094564 0.040554
0.185376 -0.072988 0.040554
0.032103 -0.100175 0.002255
0.000003 -0.136225 0.017704
0.000003 -0.117931 0.008403
0.000003 -0.103079 0.002285
0.132365 -0.128824 0.050402
0.098086 -0.145158 0.050402
0.132484 -0.129470 0.060210
0.098374 -0.145943 0.060210
0.049601 -0.157701 0.050402
0.049422 -0.158537 0.060210
0.000003 -0.164864 0.060210
0.000003 -0.163720 0.050402
0.156140 -0.113077 0.060210
0.156080 -0.112400 0.050402
0.173180 -0.096922 0.060210
0.172394 -0.096235 0.050402
0.188827 -0.074221 0.050402
0.049243 -0.157940 0.070018
0.000003 -0.163949 0.070018
0.000003 -0.156707 0.128580
0.047383 -0.150838 0.128580
0.094027 -0.138592 0.128580
0.097708 -0.145307 0.070018
0.127123 -0.122616 0.128580
0.132166 -0.129003 0.070018
0.155374 -0.112579 0.070018
0.149346 -0.106651 0.128580
0.172056 -0.096365 0.070018
0.165421 -0.090804 0.128580
0.180959 -0.069546 0.128580
-0.045577 -0.142094 0.185122
-0.043796 -0.133012 0.215720
-0.086750 -0.122616 0.215621
-0.090480 -0.130226 0.185122
-0.117438 -0.107586 0.215581
-0.122253 -0.114549 0.185122
-0.138109 -0.093480 0.215382
-0.143541 -0.099041 0.185122
-0.152961 -0.078350 0.215312
-0.159009 -0.083542 0.185122
-0.173960 -0.063001 0.185122
-0.165953 -0.056644 0.216486
-0.041896 -0.124815 0.233765
-0.039579 -0.116767 0.248846
-0.077698 -0.108590 0.248875
-0.082681 -0.115474 0.233815
-0.105451 -0.095072 0.248816
-0.111888 -0.101140 0.233705
-0.133155 -0.089123 0.233238
-0.144844 -0.074669 0.233029
-0.159298 -0.051611 0.234481
-0.175084 -0.034551 0.217660
-0.167683 -0.030542 0.235924
-0.154881 -0.023260 0.261847
-0.172936 -0.012925 0.240062
-0.175373 0.005160 0.244727
-0.166957 0.009656 0.261986
-0.172468 0.038713 0.262096
-0.184515 0.027164 0.230045
-0.182525 -0.008080 0.223081
-0.192294 -0.020037 0.185122
-0.185490 -0.040071 0.185122
-0.185907 0.012919 0.227478
-0.195845 -0.000003 0.185122
-0.194562 0.026756 0.190354
-0.189508 0.053515 0.195576
-0.178994 0.057624 0.228055
-0.181680 0.075181 0.191617
-0.171036 0.079011 0.226663
-0.166977 0.099244 0.187618
-0.157935 0.099672 0.225310
-0.198680 0.051715 0.128580
-0.190732 0.074037 0.128580
-0.185330 0.088640 0.128580
-0.152683 0.112077 0.185012
-0.145520 0.110515 0.224603
-0.203336 0.025811 0.128580
-0.205932 0.050282 0.075678
-0.210995 0.024976 0.074574
-0.204161 -0.000162 0.128580
-0.212268 -0.000331 0.073470
-0.206578 0.050690 0.063970
-0.212149 0.025403 0.062757
-0.200849 -0.022773 0.128580
-0.209394 -0.025498 0.072157
-0.193308 -0.045314 0.128580
-0.201296 -0.050666 0.070854
-0.210846 -0.025458 0.061085
-0.213930 0.000117 0.061543
-0.210935 0.025831 0.050949
-0.213144 0.000564 0.049616
-0.210329 -0.025011 0.050014
-0.202291 -0.050596 0.050402
-0.202530 -0.051034 0.060628
-0.189339 -0.074788 0.060419
-0.188156 -0.074331 0.070436
-0.209175 0.000286 0.040156
-0.206439 -0.024762 0.040355
-0.199983 -0.000003 0.030705
-0.207145 0.025244 0.040822
-0.198431 0.023881 0.030705
-0.176358 -0.000003 0.017714
-0.175781 0.021036 0.017684
-0.154493 0.018221 0.008403
-0.153677 -0.000003 0.008403
-0.134648 0.000903 0.002236
-0.134200 0.016978 0.002255
-0.082751 0.021524 -0.003892
-0.151270 -0.018227 0.008403
-0.132748 -0.015143 0.002245
-0.128122 -0.031178 0.002245
-0.146157 -0.036441 0.008403
-0.167206 -0.042111 0.017734
-0.173791 -0.021052 0.017724
-0.189220 -0.047622 0.030705
-0.176984 -0.070053 0.030705
-0.157099 -0.061916 0.017734
-0.197009 -0.023807 0.030705
-0.198481 -0.049800 0.040554
-0.082751 -0.020246 -0.003892
-0.115111 -0.051800 0.002245
-0.061284 -0.041335 -0.003892
-0.039827 -0.062424 -0.003892
-0.062349 0.041230 -0.003892
-0.126341 0.046930 0.002265
-0.131355 0.033043 0.002285
-0.063363 -0.093669 0.002255
-0.099135 -0.070730 0.002245
-0.114414 -0.081195 0.008403
-0.073331 -0.105835 0.008403
-0.111778 -0.107387 0.017714
-0.130191 -0.093838 0.017774
-0.143939 -0.080100 0.017734
-0.161785 -0.090864 0.030705
-0.145839 -0.106392 0.030705
-0.124242 -0.121721 0.030705
-0.082562 -0.121512 0.017694
-0.091863 -0.137299 0.030705
-0.096678 -0.142740 0.040554
-0.048531 -0.154817 0.040554
-0.046413 -0.148908 0.030705
-0.130141 -0.126416 0.040554
-0.041807 -0.132325 0.017833
-0.037122 -0.115434 0.008403
-0.152981 -0.110580 0.040554
-0.169305 -0.094564 0.040554
-0.185380 -0.072988 0.040554
-0.032098 -0.100175 0.002255
-0.132360 -0.128824 0.050402
-0.098090 -0.145158 0.050402
-0.132489 -0.129470 0.060210
-0.098369 -0.145943 0.060210
-0.049596 -0.157701 0.050402
-0.049427 -0.158537 0.060210
-0.156134 -0.113077 0.060210
-0.156085 -0.112400 0.050402
-0.173175 -0.096922 0.060210
-0.172399 -0.096235 0.050402
-0.188822 -0.074221 0.050402
-0.049248 -0.157940 0.070018
-0.047378 -0.150838 0.128580
-0.094032 -0.138592 0.128580
-0.097712 -0.145307 0.070018
-0.127117 -0.122616 0.128580
-0.132161 -0.129003 0.070018
-0.155368 -0.112579 0.070018
-0.149350 -0.106651 0.128580
-0.172060 -0.096365 0.070018
-0.165415 -0.090804 0.128580
-0.180963 -0.069546 0.128580
0.068641 0.121855 0.262195
0.050576 0.093126 0.285691
0.000003 0.104705 0.286587
0.000003 0.118174 0.273814
0.000003 0.126590 0.261459
0.039853 0.138895 0.207494
0.075236 0.136359 0.200968
0.096763 0.132767 0.196989
0.114818 0.124342 0.223698
0.078588 0.143789 0.128580
0.101070 0.139940 0.128580
0.118011 0.127575 0.193010
0.136831 0.120711 0.189011
0.123233 0.134469 0.128580
0.000003 0.139582 0.213870
0.142800 0.127296 0.128580
0.127202 0.139711 0.079588
0.147674 0.132668 0.079230
0.159820 0.117548 0.128580
0.166097 0.122372 0.078882
0.127491 0.139611 0.068208
0.148022 0.132718 0.067820
0.175478 0.114364 0.078464
0.166505 0.122571 0.067432
0.147386 0.131484 0.056410
0.166097 0.121646 0.055982
0.175896 0.114494 0.066974
0.175508 0.113628 0.055485
0.163113 0.118861 0.043339
0.172374 0.110873 0.043090
0.163879 0.105372 0.030705
0.154896 0.113171 0.030705
0.144421 0.128779 0.043558
0.138970 0.123089 0.030705
0.137637 0.103313 0.017724
0.122626 0.111848 0.017734
0.119881 0.094052 0.008403
0.105258 0.102646 0.008403
0.126625 0.138080 0.056828
0.123681 0.135433 0.043767
0.146709 0.095574 0.017734
0.128724 0.085646 0.008403
0.182322 0.105322 0.055037
0.182660 0.106178 0.066566
0.189922 0.094340 0.066109
0.188728 0.094330 0.054530
0.198745 0.073301 0.065044
0.198198 0.073112 0.076673
0.189454 0.093654 0.077678
0.198158 0.072704 0.053406
0.204933 0.051088 0.052272
0.185386 0.091525 0.042613
0.194826 0.071391 0.042056
0.202008 0.050203 0.041489
0.193344 0.047775 0.030705
0.186052 0.067730 0.030705
0.172314 0.041906 0.017654
0.167201 0.059921 0.017704
0.152380 0.037082 0.008403
0.147774 0.052690 0.008403
0.158895 0.076991 0.017754
0.176592 0.086571 0.030705
0.170285 0.097185 0.030705
0.179109 0.102547 0.042871
0.152469 0.087307 0.017744
0.141129 0.067362 0.008403
0.135250 0.076982 0.008403
0.118369 0.060837 0.002245
0.041952 0.060946 -0.003892
0.097738 0.083278 0.002255
0.077614 0.091565 0.002255
0.057490 0.100547 0.002245
0.090337 0.108744 0.008403
0.105278 0.118741 0.017744
0.088098 0.123954 0.017724
0.097927 0.135185 0.030705
0.119582 0.130092 0.030705
0.101727 0.140745 0.043886
0.076599 0.113270 0.008403
0.063180 0.116473 0.008403
0.079504 0.144436 0.044005
0.080618 0.147112 0.057305
0.103756 0.143401 0.057067
0.076012 0.138676 0.030705
0.039753 0.147152 0.044055
0.038002 0.141312 0.030705
0.081036 0.148644 0.068645
0.040519 0.151429 0.068745
0.040310 0.149897 0.057405
0.000003 0.150822 0.057514
0.000003 0.147997 0.044105
0.104402 0.144933 0.068427
0.104154 0.145043 0.079787
0.080837 0.148773 0.079986
0.069049 0.127555 0.017714
0.034531 0.129883 0.017724
0.031586 0.118473 0.008403
0.000003 0.142078 0.030705
0.000003 0.130340 0.017734
0.000003 0.118602 0.008403
0.028801 0.101990 0.002236
0.000003 0.102268 0.002226
0.041952 0.060946 -0.003892
0.000003 0.063622 -0.003892
-0.034525 0.129883 0.017724
-0.038007 0.141312 0.030705
-0.028796 0.101990 0.002236
-0.031591 0.118473 0.008403
-0.063174 0.116473 0.008403
-0.069053 0.127555 0.017714
-0.076594 0.113270 0.008403
-0.057484 0.100547 0.002245
-0.041946 0.060946 -0.003892
-0.088093 0.123954 0.017724
-0.090331 0.108744 0.008403
-0.077618 0.091565 0.002255
-0.105272 0.118741 0.017744
-0.097931 0.135185 0.030705
-0.119577 0.130092 0.030705
-0.101731 0.140745 0.043886
-0.123685 0.135433 0.043767
-0.138965 0.123089 0.030705
-0.144426 0.128779 0.043558
-0.154901 0.113171 0.030705
-0.163108 0.118861 0.043339
-0.137642 0.103313 0.017724
-0.122621 0.111848 0.017734
-0.119875 0.094052 0.008403
-0.105262 0.102646 0.008403
-0.126630 0.138080 0.056828
-0.147390 0.131484 0.056410
-0.163883 0.105372 0.030705
-0.172379 0.110873 0.043090
-0.175502 0.113628 0.055485
-0.166092 0.121646 0.055982
-0.166500 0.122571 0.067432
-0.148027 0.132718 0.067820
-0.175890 0.114494 0.066974
-0.175472 0.114364 0.078464
-0.166102 0.122372 0.078882
-0.159815 0.117548 0.128580
-0.147679 0.132668 0.079230
-0.142805 0.127296 0.128580
-0.127495 0.139611 0.068208
-0.104397 0.144933 0.068427
-0.103760 0.143401 0.057067
-0.127197 0.139711 0.079588
-0.182326 0.105322 0.055037
-0.182655 0.106178 0.066566
-0.189916 0.094340 0.066109
-0.188723 0.094330 0.054530
-0.198750 0.073301 0.065044
-0.198193 0.073112 0.076673
-0.189459 0.093654 0.077678
-0.198153 0.072704 0.053406
-0.204927 0.051088 0.052272
-0.185390 0.091525 0.042613
-0.194820 0.071391 0.042056
-0.202003 0.050203 0.041489
-0.193338 0.047775 0.030705
-0.186047 0.067730 0.030705
-0.172309 0.041906 0.017654
-0.167196 0.059921 0.017704
-0.152374 0.037082 0.008403
-0.147778 0.052690 0.008403
-0.158900 0.076991 0.017754
-0.176596 0.086571 0.030705
-0.170280 0.097185 0.030705
-0.179103 0.102547 0.042871
-0.152474 0.087307 0.017744
-0.141133 0.067362 0.008403
-0.135254 0.076982 0.008403
-0.118373 0.060837 0.002245
-0.041946 0.060946 -0.003892
-0.097742 0.083278 0.002255
-0.128729 0.085646 0.008403
-0.146704 0.095574 0.017734
0.000003 0.000644 -0.007165
0.000003 0.063622 -0.003892
0.045383 0.039380 0.342870
0.035326 0.029124 0.327332
0.036341 0.048790 0.325382
0.047303 0.057076 0.342870
0.040420 0.070118 0.316807
0.054157 0.077071 0.342870
0.049880 0.017057 0.342870
0.040499 0.003081 0.327242
0.060414 0.054699 0.366108
0.061857 0.068069 0.366108
0.072849 0.067382 0.385346
0.073913 0.077180 0.385346
0.083960 0.078712 0.402526
0.084676 0.085318 0.402526
0.094445 0.089406 0.418730
0.094833 0.092987 0.418730
0.106720 0.101920 0.437700
0.106720 0.101970 0.437700
0.106740 0.102020 0.437700
0.096225 0.096310 0.418730
0.095350 0.084880 0.418730
0.106730 0.101850 0.437700
0.106770 0.101761 0.437700
0.098066 0.079001 0.418730
0.087233 0.091435 0.402526
0.090904 0.099572 0.402526
0.098096 0.100975 0.418730
0.085641 0.070386 0.402526
0.090625 0.059563 0.402526
0.083930 0.098110 0.385346
0.077703 0.087576 0.385346
0.075336 0.055027 0.385346
0.082737 0.038952 0.385346
0.076738 0.096827 0.366108
0.067039 0.082870 0.366108
0.063806 0.037828 0.366108
0.073913 0.015874 0.366108
0.068800 0.095434 0.342870
0.063249 -0.011990 0.342870
0.060484 0.094559 0.316678
0.051342 -0.043105 0.316937
0.087312 0.112793 0.342870
0.092406 0.110177 0.366108
0.110411 0.111977 0.342870
0.109555 0.109570 0.366108
0.095479 0.108018 0.385346
0.108849 0.107570 0.385346
0.099210 0.106088 0.402526
0.108212 0.105790 0.402526
0.102721 0.104268 0.418730
0.107615 0.104109 0.418730
0.106840 0.102139 0.437700
0.106909 0.102139 0.437700
0.106770 0.102089 0.437700
0.110391 0.102865 0.418730
0.106959 0.102119 0.437700
0.113325 0.103502 0.402526
0.111525 0.101880 0.418730
0.106969 0.102099 0.437700
0.112748 0.100000 0.418730
0.106989 0.102069 0.437700
0.113465 0.098239 0.418730
0.106999 0.102049 0.437700
0.114181 0.095166 0.418730
0.107009 0.102000 0.437700
0.107009 0.101970 0.437700
0.113863 0.092898 0.418730
0.112152 0.088391 0.418730
0.106979 0.101900 0.437700
0.115414 0.101701 0.402526
0.117663 0.098230 0.402526
0.119413 0.084363 0.402526
0.116558 0.076862 0.402526
0.118986 0.094997 0.402526
0.120299 0.089326 0.402526
0.119533 0.101502 0.385346
0.122885 0.096349 0.385346
0.125173 0.074992 0.385346
0.121244 0.064637 0.385346
0.124845 0.091555 0.385346
0.116429 0.104178 0.385346
0.126784 0.083129 0.385346
0.119075 0.105312 0.366108
0.124148 0.101283 0.366108
0.128714 0.094251 0.366108
0.131728 0.064776 0.366108
0.126476 0.050939 0.366108
0.131400 0.086869 0.366108
0.133788 0.076196 0.366108
0.122507 0.106576 0.342870
0.129729 0.101015 0.342870
0.135767 0.091704 0.342870
0.140124 0.050899 0.340920
0.133698 0.032088 0.339617
0.139617 0.080901 0.342870
0.142541 0.067830 0.342870
0.111565 0.115210 0.313147
0.081284 0.116304 0.315256
0.127202 0.108177 0.312082
0.144969 0.088401 0.312580
0.137060 0.100667 0.312301
0.141964 0.010472 0.309247
0.150131 0.035361 0.311426
0.150977 0.074226 0.312749
0.153414 0.057096 0.313097
0.112530 0.117926 0.286716
0.075127 0.119189 0.288934
0.131510 0.109341 0.286388
0.113385 0.120323 0.262424
0.135777 0.110326 0.262384
0.143268 0.100368 0.286438
0.149047 0.100090 0.262344
0.152748 0.085596 0.286935
0.160228 0.082900 0.262275
0.160178 0.068556 0.287154
0.168873 0.063015 0.262195
0.163352 0.047457 0.286358
0.159383 0.021942 0.284776
0.148381 -0.006290 0.285701
0.135419 -0.070959 0.248488
0.120289 -0.086119 0.248647
0.175189 0.102955 0.128580
0.182212 0.106128 0.078096
0.049930 -0.046816 0.313843
0.154876 -0.023260 0.261847
0.091660 -0.059628 0.284587
0.148381 -0.006290 0.285701
0.121124 -0.067119 0.263936
0.051342 -0.043105 0.316937
0.141964 0.010472 0.309247
0.063249 -0.011990 0.342870
0.133698 0.032088 0.339617
0.073913 0.015874 0.366108
0.126476 0.050939 0.366108
0.082737 0.038952 0.385346
0.121244 0.064637 0.385346
0.090625 0.059563 0.402526
0.116558 0.076862 0.402526
0.098066 0.079001 0.418730
0.112152 0.088391 0.418730
0.106770 0.101761 0.437700
0.106979 0.101900 0.437700
0.106899 0.102109 0.437989
0.040420 0.151558 0.080075
0.040201 0.146744 0.128580
0.000003 0.152494 0.080165
0.000003 0.152354 0.068844
0.000003 0.147818 0.128580
-0.040514 0.151429 0.068745
-0.040414 0.151558 0.080075
-0.040205 0.146744 0.128580
-0.078583 0.143789 0.128580
-0.080841 0.148773 0.079986
-0.040305 0.149897 0.057405
-0.080612 0.147112 0.057305
-0.081030 0.148644 0.068645
-0.104158 0.145043 0.079787
-0.079508 0.144436 0.044005
-0.076007 0.138676 0.030705
-0.039748 0.147152 0.044055
-0.123228 0.134469 0.128580
-0.136836 0.120711 0.189011
-0.114812 0.124342 0.223698
-0.118005 0.127575 0.193010
-0.101075 0.139940 0.128580
-0.096757 0.132767 0.196989
-0.068645 0.121855 0.262195
-0.075231 0.136359 0.200968
-0.039857 0.138895 0.207494
-0.175194 0.102955 0.128580
-0.182207 0.106128 0.078096
0.131778 -0.059658 0.008403
0.000003 0.000644 -0.007165
-0.034993 0.067979 0.309178
-0.030298 0.045199 0.318120
-0.011387 0.025861 0.327302
-0.016938 -0.001783 0.324208
-0.035550 -0.002828 0.320548
-0.023931 -0.051471 0.316519
-0.049855 -0.046816 0.313843
-0.031849 -0.083453 0.290635
-0.062369 -0.075614 0.289302
-0.078663 -0.069596 0.286776
-0.029661 0.024697 0.320916
-0.037251 -0.106571 0.263936
-0.072714 -0.099558 0.263936
-0.097792 -0.087501 0.263936
-0.091664 -0.059628 0.284587
-0.121129 -0.067119 0.263936
-0.120283 -0.086119 0.248647
-0.135414 -0.070959 0.248488
-0.148385 -0.006290 0.285701
-0.159039 0.020947 0.284697
-0.163356 0.047457 0.286358
-0.168798 0.063314 0.262195
-0.160123 0.068805 0.287144
-0.160233 0.082900 0.262275
-0.152752 0.085596 0.286935
-0.149052 0.100090 0.262344
-0.143272 0.100368 0.286438
-0.135772 0.110326 0.262384
-0.131514 0.109341 0.286388
-0.113390 0.120323 0.262424
-0.112534 0.117926 0.286716
-0.075121 0.119189 0.288934
-0.081279 0.116304 0.315256
-0.111569 0.115210 0.313147
-0.110415 0.111977 0.342870
-0.087307 0.112793 0.342870
-0.092410 0.110177 0.366108
-0.109560 0.109570 0.366108
-0.095484 0.108018 0.385346
-0.108844 0.107570 0.385346
-0.099214 0.106088 0.402526
-0.108217 0.105790 0.402526
-0.102726 0.104268 0.418730
-0.107610 0.104109 0.418730
-0.106914 0.102139 0.437700
-0.106844 0.102139 0.437700
-0.098100 0.100975 0.418730
-0.106774 0.102089 0.437700
-0.110385 0.102865 0.418730
-0.106954 0.102119 0.437700
-0.113320 0.103502 0.402526
-0.111529 0.101880 0.418730
-0.106973 0.102099 0.437700
-0.106993 0.102069 0.437700
-0.112753 0.100000 0.418730
-0.113469 0.098239 0.418730
-0.107003 0.102049 0.437700
-0.114175 0.095166 0.418730
-0.107013 0.102000 0.437700
-0.107003 0.101970 0.437700
-0.113857 0.092898 0.418730
-0.106983 0.101900 0.437700
-0.112146 0.088391 0.418730
-0.115409 0.101701 0.402526
-0.117667 0.098230 0.402526
-0.119368 0.084253 0.402526
-0.116563 0.076862 0.402526
-0.118990 0.094997 0.402526
-0.120303 0.089326 0.402526
-0.119537 0.101502 0.385346
-0.122880 0.096349 0.385346
-0.125068 0.074713 0.385346
-0.121238 0.064637 0.385346
-0.124839 0.091555 0.385346
-0.116434 0.104178 0.385346
-0.126789 0.083129 0.385346
-0.119070 0.105312 0.366108
-0.124153 0.101283 0.366108
-0.128719 0.094251 0.366108
-0.131574 0.064358 0.366108
-0.126481 0.050939 0.366108
-0.131395 0.086869 0.366108
-0.133782 0.076196 0.366108
-0.122512 0.106576 0.342870
-0.129724 0.101015 0.342870
-0.135772 0.091704 0.342870
-0.139920 0.050292 0.340881
-0.133693 0.032088 0.339617
-0.139592 0.081000 0.342870
-0.142546 0.067830 0.342870
-0.127207 0.108177 0.312082
-0.137065 0.100667 0.312301
-0.144963 0.088401 0.312580
-0.149867 0.034555 0.311356
-0.141969 0.010472 0.309247
-0.150942 0.074415 0.312739
-0.153409 0.057096 0.313097
0.036908 0.068337 0.310133
0.051511 0.093305 0.286169
0.053312 0.093584 0.292476
0.032690 0.046035 0.319553
0.031974 0.025712 0.322149
0.037376 -0.001584 0.322030
-0.050581 0.093126 0.285691
-0.051516 0.093305 0.286169
-0.036903 0.068337 0.310133
-0.053306 0.093584 0.292476
-0.032685 0.046035 0.319553
-0.031979 0.025712 0.322149
-0.037380 -0.001584 0.322030
-0.035331 0.029124 0.327332
-0.036346 0.048790 0.325382
-0.047298 0.057076 0.342870
-0.045388 0.039380 0.342870
-0.040424 0.070118 0.316807
-0.054152 0.077071 0.342870
-0.049874 0.017057 0.342870
-0.040504 0.003081 0.327242
-0.060409 0.054699 0.366108
-0.061861 0.068069 0.366108
-0.072853 0.067382 0.385346
-0.073918 0.077180 0.385346
-0.083965 0.078712 0.402526
-0.084681 0.085318 0.402526
-0.094440 0.089406 0.418730
-0.094837 0.092987 0.418730
-0.106725 0.101970 0.437700
-0.106715 0.101920 0.437700
-0.106745 0.102020 0.437700
-0.096220 0.096310 0.418730
-0.095355 0.084880 0.418730
-0.106735 0.101850 0.437700
-0.098060 0.079001 0.418730
-0.106774 0.101761 0.437700
-0.087237 0.091435 0.402526
-0.090898 0.099572 0.402526
-0.085636 0.070386 0.402526
-0.090620 0.059563 0.402526
-0.083935 0.098110 0.385346
-0.077708 0.087576 0.385346
-0.075340 0.055027 0.385346
-0.082741 0.038952 0.385346
-0.076743 0.096827 0.366108
-0.067044 0.082870 0.366108
-0.063801 0.037828 0.366108
-0.073908 0.015874 0.366108
-0.068795 0.095434 0.342870
-0.063244 -0.011990 0.342870
-0.060488 0.094559 0.316678
-0.051277 -0.043115 0.316937
-0.106904 0.102109 0.437989
-0.131773 -0.059658 0.008403
-0.154881 -0.023260 0.261847
-0.148385 -0.006290 0.285701
-0.049855 -0.046816 0.313843
-0.091664 -0.059628 0.284587
-0.121129 -0.067119 0.263936
-0.051277 -0.043115 0.316937
-0.141969 0.010472 0.309247
-0.063244 -0.011990 0.342870
-0.133693 0.032088 0.339617
-0.073908 0.015874 0.366108
-0.126481 0.050939 0.366108
-0.082741 0.038952 0.385346
-0.121238 0.064637 0.385346
-0.090620 0.059563 0.402526
-0.116563 0.076862 0.402526
-0.098060 0.079001 0.418730
-0.112146 0.088391 0.418730
-0.106774 0.101761 0.437700
-0.106983 0.101900 0.437700
-0.106904 0.102109 0.437989
0.106899 0.102109 0.437989
</float_array>
          <technique_common>
            <accessor source="#toro_head-POSITION-array" count="843" stride="3">
              <param name="X" type="float"/>
              <param name="Y" type="float"/>
              <param name="Z" type="float"/>
            </accessor>
          </technique_common>
        </source>
        <source id="toro_head-Normal0">
          <float_array id="toro_head-Normal0-array" count="14328">
-0.160434 0.568135 0.807146
-0.003626 0.474050 0.880491
-0.003626 0.317242 0.948338
-0.168274 0.285880 0.943375
-0.160434 0.568135 0.807146
-0.003626 0.317242 0.948338
-0.003626 0.317242 0.948338
0.192384 0.105551 0.975627
-0.168274 0.285880 0.943375
-0.003626 0.082030 0.996623
0.192384 0.105551 0.975627
-0.003626 0.317242 0.948338
-0.003626 0.082030 0.996623
0.113980 -0.113980 0.986923
0.192384 0.105551 0.975627
-0.152593 -0.153182 0.976345
0.192384 0.105551 0.975627
0.113980 -0.113980 0.986923
0.192384 -0.482479 0.854519
-0.152593 -0.153182 0.976345
0.113980 -0.113980 0.986923
0.113980 -0.388394 0.914417
0.192384 -0.482479 0.854519
0.113980 -0.113980 0.986923
0.192384 -0.482479 0.854519
0.113980 -0.388394 0.914417
0.129661 -0.670649 0.730355
0.129661 -0.670649 0.730355
0.113980 -0.388394 0.914417
-0.003626 -0.686329 0.727282
0.113980 -0.388394 0.914417
-0.003626 -0.411915 0.911215
-0.003626 -0.686329 0.727282
0.247267 -0.615766 0.748125
0.192384 -0.482479 0.854519
0.129661 -0.670649 0.730355
0.247267 -0.615766 0.748125
0.380554 -0.506000 0.774043
0.192384 -0.482479 0.854519
-0.003626 0.082030 0.996623
-0.003626 -0.145342 0.989375
0.113980 -0.113980 0.986923
0.113980 -0.388394 0.914417
0.113980 -0.113980 0.986923
-0.003626 -0.145342 0.989375
-0.003626 -0.411915 0.911215
0.113980 -0.388394 0.914417
-0.003626 -0.145342 0.989375
-0.168274 0.285880 0.943375
0.192384 0.105551 0.975627
-0.066349 0.042828 0.996877
-0.066349 0.042828 0.996877
0.192384 0.105551 0.975627
-0.152593 -0.153182 0.976345
0.129661 -0.772574 0.621545
0.129661 -0.670649 0.730355
-0.003626 -0.686329 0.727282
0.247267 -0.615766 0.748125
0.129661 -0.670649 0.730355
0.129661 -0.772574 0.621545
-0.003626 -0.788254 0.615339
0.129661 -0.772574 0.621545
-0.003626 -0.686329 0.727282
0.255107 -0.725531 0.639159
0.247267 -0.615766 0.748125
0.129661 -0.772574 0.621545
0.192384 -0.482479 0.854519
0.380554 -0.506000 0.774043
0.458958 -0.388394 0.799067
0.458958 -0.388394 0.799067
0.380554 -0.506000 0.774043
0.404075 -0.623606 0.669208
0.247267 -0.615766 0.748125
0.255107 -0.725531 0.639159
0.404075 -0.623606 0.669208
0.380554 -0.506000 0.774043
0.247267 -0.615766 0.748125
0.404075 -0.623606 0.669208
0.513840 -0.451117 0.729699
0.458958 -0.388394 0.799067
0.404075 -0.623606 0.669208
-0.003626 -0.788254 0.615339
-0.003626 -0.850978 0.525189
0.129661 -0.772574 0.621545
-0.003626 -0.850978 0.525189
0.137501 -0.843137 0.519820
0.129661 -0.772574 0.621545
0.129661 -0.772574 0.621545
0.137501 -0.843137 0.519820
0.255107 -0.725531 0.639159
0.137501 -0.843137 0.519820
-0.003626 -0.850978 0.525189
-0.003626 -0.890180 0.455595
0.153182 -0.882339 0.444986
0.137501 -0.843137 0.519820
-0.003626 -0.890180 0.455595
0.278628 -0.803935 0.525409
0.137501 -0.843137 0.519820
0.153182 -0.882339 0.444986
0.137501 -0.843137 0.519820
0.278628 -0.803935 0.525409
0.255107 -0.725531 0.639159
0.255107 -0.725531 0.639159
0.278628 -0.803935 0.525409
0.404075 -0.623606 0.669208
0.302150 -0.843137 0.444776
0.278628 -0.803935 0.525409
0.153182 -0.882339 0.444986
0.404075 -0.749052 0.525018
0.278628 -0.803935 0.525409
0.302150 -0.843137 0.444776
0.278628 -0.803935 0.525409
0.404075 -0.749052 0.525018
0.404075 -0.623606 0.669208
0.427596 -0.788254 0.442512
0.404075 -0.749052 0.525018
0.302150 -0.843137 0.444776
0.168863 -0.921541 0.349639
0.153182 -0.882339 0.444986
-0.003626 -0.890180 0.455595
-0.003626 -0.937222 0.348714
0.168863 -0.921541 0.349639
-0.003626 -0.890180 0.455595
-0.003626 -0.937222 0.348714
-0.003626 -0.976424 0.215831
0.168863 -0.921541 0.349639
-0.003626 -0.976424 0.215831
0.184544 -0.960743 0.207162
0.168863 -0.921541 0.349639
0.168863 -0.921541 0.349639
0.184544 -0.960743 0.207162
0.325671 -0.882339 0.339729
0.325671 -0.882339 0.339729
0.302150 -0.843137 0.444776
0.153182 -0.882339 0.444986
0.168863 -0.921541 0.349639
0.325671 -0.882339 0.339729
0.153182 -0.882339 0.444986
0.184544 -0.960743 0.207162
0.341352 -0.913701 0.220522
0.325671 -0.882339 0.339729
0.325671 -0.882339 0.339729
0.341352 -0.913701 0.220522
0.474638 -0.819616 0.320855
0.474638 -0.819616 0.320855
0.427596 -0.788254 0.442512
0.302150 -0.843137 0.444776
0.325671 -0.882339 0.339729
0.474638 -0.819616 0.320855
0.302150 -0.843137 0.444776
0.341352 -0.913701 0.220522
0.498160 -0.835297 0.232629
0.474638 -0.819616 0.320855
0.474638 -0.819616 0.320855
0.498160 -0.835297 0.232629
0.615766 -0.717691 0.325196
0.427596 -0.788254 0.442512
0.474638 -0.819616 0.320855
0.615766 -0.717691 0.325196
0.498160 -0.835297 0.232629
0.631446 -0.741212 0.227772
0.615766 -0.717691 0.325196
0.615766 -0.717691 0.325196
0.631446 -0.741212 0.227772
0.741212 -0.584404 0.330268
0.631446 -0.741212 0.227772
0.749052 -0.623606 0.223687
0.741212 -0.584404 0.330268
0.741212 -0.584404 0.330268
0.749052 -0.623606 0.223687
0.835297 -0.490319 0.248729
0.811776 -0.451117 0.370828
0.741212 -0.584404 0.330268
0.835297 -0.490319 0.248729
0.615766 -0.717691 0.325196
0.741212 -0.584404 0.330268
0.576564 -0.670648 0.466696
0.576564 -0.670648 0.466696
0.427596 -0.788254 0.442512
0.615766 -0.717691 0.325196
0.741212 -0.584404 0.330268
0.702010 -0.529521 0.476224
0.576564 -0.670648 0.466696
0.741212 -0.584404 0.330268
0.811776 -0.451117 0.370828
0.702010 -0.529521 0.476224
0.811776 -0.451117 0.370828
0.764733 -0.427596 0.482022
0.702010 -0.529521 0.476224
0.811776 -0.451117 0.370828
0.858818 -0.349192 0.374829
0.764733 -0.427596 0.482022
0.858818 -0.349192 0.374829
0.811776 -0.451117 0.370828
0.835297 -0.490319 0.248729
0.858818 -0.349192 0.374829
0.819616 -0.349192 0.454197
0.764733 -0.427596 0.482022
0.764733 -0.427596 0.482022
0.819616 -0.349192 0.454197
0.702010 -0.411915 0.580954
0.819616 -0.349192 0.454197
0.835297 -0.286469 0.469271
0.702010 -0.411915 0.580954
0.835297 -0.286469 0.469271
0.866658 -0.200224 0.456961
0.702010 -0.411915 0.580954
0.866658 -0.200224 0.456961
0.866658 -0.231586 0.441895
0.702010 -0.411915 0.580954
0.937222 0.003626 0.348714
0.866658 -0.231586 0.441895
0.866658 -0.200224 0.456961
0.945062 0.058509 0.321611
0.937222 0.003626 0.348714
0.866658 -0.200224 0.456961
0.898020 -0.255107 0.358442
0.835297 -0.286469 0.469271
0.819616 -0.349192 0.454197
0.858818 -0.349192 0.374829
0.898020 -0.255107 0.358442
0.819616 -0.349192 0.454197
0.898020 -0.255107 0.358442
0.866658 -0.200224 0.456961
0.835297 -0.286469 0.469271
0.898020 -0.255107 0.358442
0.858818 -0.349192 0.374829
0.937222 -0.247267 0.245915
0.858818 -0.349192 0.374829
0.898020 -0.372713 0.233763
0.937222 -0.247267 0.245915
0.898020 -0.372713 0.233763
0.858818 -0.349192 0.374829
0.835297 -0.490319 0.248729
0.929382 -0.082619 0.359756
0.945062 0.058509 0.321611
0.866658 -0.200224 0.456961
0.929382 -0.082619 0.359756
0.866658 -0.200224 0.456961
0.898020 -0.255107 0.358442
0.929382 -0.082619 0.359756
0.898020 -0.255107 0.358442
0.976424 -0.082619 0.199425
0.976424 -0.082619 0.199425
0.898020 -0.255107 0.358442
0.937222 -0.247267 0.245915
0.945062 0.058509 0.321611
0.929382 -0.082619 0.359756
0.976424 0.082030 0.199668
0.976424 -0.082619 0.199425
0.976424 0.082030 0.199668
0.929382 -0.082619 0.359756
0.976424 0.082030 0.199668
0.945062 0.254519 0.205128
0.945062 0.058509 0.321611
0.945062 0.254519 0.205128
0.929382 0.270199 0.251480
0.945062 0.058509 0.321611
0.945062 0.254519 0.205128
0.882339 0.434848 0.179958
0.929382 0.270199 0.251480
0.882339 0.434848 0.179958
0.866658 0.450529 0.214306
0.929382 0.270199 0.251480
0.882339 0.434848 0.179958
0.749052 0.638698 0.176026
0.866658 0.450529 0.214306
0.749052 0.638698 0.176026
0.741212 0.654379 0.149642
0.866658 0.450529 0.214306
0.945062 0.254519 0.205128
0.960743 0.254519 0.110421
0.882339 0.434848 0.179958
0.945062 0.254519 0.205128
0.976424 0.082030 0.199668
0.960743 0.254519 0.110421
0.960743 0.254519 0.110421
0.929382 0.348603 0.121349
0.882339 0.434848 0.179958
0.929382 0.348603 0.121349
0.874499 0.458369 0.158587
0.882339 0.434848 0.179958
0.749052 0.638698 0.176026
0.882339 0.434848 0.179958
0.874499 0.458369 0.158587
0.749052 0.638698 0.176026
0.576564 0.803347 0.149026
0.741212 0.654379 0.149642
0.576564 0.803347 0.149026
0.529521 0.842549 0.098585
0.741212 0.654379 0.149642
0.976424 0.082030 0.199668
0.976424 -0.082619 0.199425
0.984264 0.105551 0.141713
0.976424 0.082030 0.199668
0.984264 0.105551 0.141713
0.960743 0.254519 0.110421
0.960743 0.254519 0.110421
0.984264 0.105551 0.141713
0.960743 0.254519 0.110421
0.984264 0.105551 0.141713
0.984264 0.121232 0.128555
0.960743 0.254519 0.110421
0.984264 0.105551 0.141713
0.984264 -0.059097 0.166527
0.984264 0.121232 0.128555
0.984264 -0.059097 0.166527
0.992105 -0.043417 0.117657
0.984264 0.121232 0.128555
0.960743 0.254519 0.110421
0.984264 0.121232 0.128555
0.960743 0.270199 -0.062967
0.984264 0.121232 0.128555
0.989523 0.144376 0.000000
0.960743 0.270199 -0.062967
0.989523 0.144376 0.000000
0.984264 0.121232 0.128555
0.992105 -0.043417 0.117657
0.984264 -0.059097 0.166527
0.960743 -0.231586 0.152776
0.992105 -0.043417 0.117657
0.960743 -0.231586 0.152776
0.968584 -0.223746 0.108553
0.992105 -0.043417 0.117657
0.960743 -0.231586 0.152776
0.905860 -0.388394 0.169018
0.968584 -0.223746 0.108553
0.905860 -0.388394 0.169018
0.905860 -0.396234 0.149717
0.968584 -0.223746 0.108553
0.968584 -0.223746 0.108553
0.976415 -0.215903 0.000000
0.992105 -0.043417 0.117657
0.976415 -0.215903 0.000000
0.968584 -0.223746 0.108553
0.905860 -0.396234 0.149717
0.976415 -0.215903 0.000000
0.999616 -0.027727 0.000000
0.992105 -0.043417 0.117657
0.999616 -0.027727 0.000000
0.989523 0.144376 0.000000
0.992105 -0.043417 0.117657
0.989523 0.144376 0.000000
0.999616 -0.027727 0.000000
0.960743 0.160434 -0.226348
0.999616 -0.027727 0.000000
0.976424 -0.012055 -0.215525
0.960743 0.160434 -0.226348
0.999616 -0.027727 0.000000
0.976415 -0.215903 0.000000
0.952903 -0.200224 -0.227786
0.976424 -0.012055 -0.215525
0.999616 -0.027727 0.000000
0.952903 -0.200224 -0.227786
0.952903 -0.200224 -0.227786
0.976415 -0.215903 0.000000
0.898020 -0.388394 -0.206664
0.976415 -0.215903 0.000000
0.913701 -0.404075 0.043295
0.898020 -0.388394 -0.206664
0.913701 -0.404075 0.043295
0.976415 -0.215903 0.000000
0.905860 -0.396234 0.149717
0.843137 -0.537362 0.019030
0.913701 -0.404075 0.043295
0.905860 -0.396234 0.149717
0.835297 -0.529521 0.147941
0.843137 -0.537362 0.019030
0.905860 -0.396234 0.149717
0.976424 -0.012055 -0.215525
0.952903 -0.200224 -0.227786
0.843137 -0.012055 -0.537563
0.952903 -0.200224 -0.227786
0.819616 -0.176703 -0.544982
0.843137 -0.012055 -0.537563
0.819616 -0.176703 -0.544982
0.952903 -0.200224 -0.227786
0.898020 -0.388394 -0.206664
0.843137 -0.012055 -0.537563
0.819616 -0.176703 -0.544982
0.615766 -0.012055 -0.787837
0.850978 0.136913 -0.507042
0.843137 -0.012055 -0.537563
0.615766 -0.012055 -0.787837
0.850978 0.136913 -0.507042
0.960743 0.160434 -0.226348
0.976424 -0.012055 -0.215525
0.843137 -0.012055 -0.537563
0.850978 0.136913 -0.507042
0.976424 -0.012055 -0.215525
0.631446 0.089870 -0.770194
0.850978 0.136913 -0.507042
0.615766 -0.012055 -0.787837
0.631446 0.089870 -0.770194
0.615766 -0.012055 -0.787837
0.435436 -0.019895 -0.900000
0.443277 0.042828 -0.895361
0.631446 0.089870 -0.770194
0.435436 -0.019895 -0.900000
0.443277 0.042828 -0.895361
0.435436 -0.019895 -0.900000
0.341352 0.019307 -0.939737
0.435436 -0.019895 -0.900000
0.341352 -0.019895 -0.939725
0.341352 0.019307 -0.939737
0.341352 0.019307 -0.939737
0.341352 -0.019895 -0.939725
0.215905 -0.012055 -0.976340
0.208065 0.019307 -0.977925
0.341352 0.019307 -0.939737
0.215905 -0.012055 -0.976340
0.208065 0.019307 -0.977925
0.215905 -0.012055 -0.976340
0.082619 0.027147 -0.996211
0.341352 -0.019895 -0.939725
0.341352 -0.074778 -0.936956
0.215905 -0.012055 -0.976340
0.341352 -0.074778 -0.936956
0.215905 -0.043417 -0.975449
0.215905 -0.012055 -0.976340
0.215905 -0.043417 -0.975449
0.341352 -0.074778 -0.936956
0.208065 -0.098299 -0.973163
0.341352 -0.074778 -0.936956
0.325671 -0.137501 -0.935431
0.208065 -0.098299 -0.973163
0.411915 -0.176703 -0.893925
0.325671 -0.137501 -0.935431
0.341352 -0.074778 -0.936956
0.427596 -0.090459 -0.899432
0.411915 -0.176703 -0.893925
0.341352 -0.074778 -0.936956
0.427596 -0.090459 -0.899432
0.341352 -0.074778 -0.936956
0.341352 -0.019895 -0.939725
0.435436 -0.019895 -0.900000
0.427596 -0.090459 -0.899432
0.341352 -0.019895 -0.939725
0.576564 -0.247267 -0.778738
0.411915 -0.176703 -0.893925
0.427596 -0.090459 -0.899432
0.411915 -0.176703 -0.893925
0.576564 -0.247267 -0.778738
0.545202 -0.349192 -0.762115
0.388394 -0.247267 -0.887699
0.411915 -0.176703 -0.893925
0.545202 -0.349192 -0.762115
0.411915 -0.176703 -0.893925
0.388394 -0.247267 -0.887699
0.325671 -0.137501 -0.935431
0.600085 -0.129661 -0.789358
0.576564 -0.247267 -0.778738
0.427596 -0.090459 -0.899432
0.780414 -0.341352 -0.523864
0.576564 -0.247267 -0.778738
0.600085 -0.129661 -0.789358
0.819616 -0.176703 -0.544982
0.780414 -0.341352 -0.523864
0.600085 -0.129661 -0.789358
0.215905 -0.043417 -0.975449
0.208065 -0.098299 -0.973163
0.082619 -0.035576 -0.995946
0.082619 -0.035576 -0.995946
0.082619 0.027147 -0.996211
0.215905 -0.012055 -0.976340
0.215905 -0.043417 -0.975449
0.082619 -0.035576 -0.995946
0.215905 -0.012055 -0.976340
0.082619 -0.035576 -0.995946
0.208065 -0.098299 -0.973163
0.184544 -0.137501 -0.973158
0.066938 -0.059097 -0.996005
0.082619 -0.035576 -0.995946
0.184544 -0.137501 -0.973158
0.082619 0.027147 -0.996211
0.082619 -0.035576 -0.995946
-0.003626 0.003626 -0.999987
0.082619 -0.035576 -0.995946
0.066938 -0.059097 -0.996005
-0.003626 0.003626 -0.999987
0.066938 -0.059097 -0.996005
0.043417 -0.098299 -0.994209
-0.003626 0.003626 -0.999987
0.043417 -0.098299 -0.994209
-0.003626 -0.113980 -0.993477
-0.003626 0.003626 -0.999987
0.059097 0.050668 -0.996966
0.082619 0.027147 -0.996211
-0.003626 0.003626 -0.999987
0.059097 0.050668 -0.996966
0.176703 0.089870 -0.980153
0.082619 0.027147 -0.996211
0.176703 0.089870 -0.980153
0.192384 0.058509 -0.979574
0.082619 0.027147 -0.996211
-0.003626 -0.113980 -0.993477
0.043417 -0.098299 -0.994209
0.098299 -0.255107 -0.961903
0.098299 -0.255107 -0.961903
0.043417 -0.098299 -0.994209
0.161022 -0.184544 -0.969544
0.066938 -0.059097 -0.996005
0.184544 -0.137501 -0.973158
0.161022 -0.184544 -0.969544
0.043417 -0.098299 -0.994209
0.066938 -0.059097 -0.996005
0.161022 -0.184544 -0.969544
0.161022 -0.184544 -0.969544
0.247267 -0.286469 -0.925632
0.098299 -0.255107 -0.961903
0.247267 -0.286469 -0.925632
0.161022 -0.184544 -0.969544
0.184544 -0.137501 -0.973158
0.247267 -0.286469 -0.925632
0.153182 -0.380554 -0.911984
0.098299 -0.255107 -0.961903
0.247267 -0.286469 -0.925632
0.255107 -0.435436 -0.863317
0.153182 -0.380554 -0.911984
0.255107 -0.435436 -0.863317
0.247267 -0.286469 -0.925632
0.317830 -0.372713 -0.871819
0.317830 -0.372713 -0.871819
0.247267 -0.286469 -0.925632
0.357032 -0.309990 -0.881155
0.357032 -0.309990 -0.881155
0.498160 -0.435436 -0.749821
0.317830 -0.372713 -0.871819
0.498160 -0.435436 -0.749821
0.435436 -0.529521 -0.728013
0.317830 -0.372713 -0.871819
0.317830 -0.372713 -0.871819
0.435436 -0.529521 -0.728013
0.255107 -0.435436 -0.863317
0.435436 -0.529521 -0.728013
0.357032 -0.607925 -0.709193
0.255107 -0.435436 -0.863317
0.255107 -0.435436 -0.863317
0.184544 -0.490319 -0.851781
0.153182 -0.380554 -0.911984
0.255107 -0.435436 -0.863317
0.357032 -0.607925 -0.709193
0.184544 -0.490319 -0.851781
0.357032 -0.607925 -0.709193
0.247267 -0.678489 -0.691746
0.184544 -0.490319 -0.851781
0.309990 -0.850978 -0.423961
0.247267 -0.678489 -0.691746
0.357032 -0.607925 -0.709193
0.309990 -0.850978 -0.423961
0.168863 -0.898020 -0.406258
0.247267 -0.678489 -0.691746
0.168863 -0.898020 -0.406258
0.129661 -0.725531 -0.675864
0.247267 -0.678489 -0.691746
0.168863 -0.898020 -0.406258
-0.003626 -0.913701 -0.406371
0.129661 -0.725531 -0.675864
-0.003626 -0.913701 -0.406371
-0.003626 -0.741212 -0.671261
0.129661 -0.725531 -0.675864
0.451117 -0.772574 -0.446792
0.309990 -0.850978 -0.423961
0.357032 -0.607925 -0.709193
0.451117 -0.772574 -0.446792
0.357032 -0.607925 -0.709193
0.435436 -0.529521 -0.728013
0.090459 -0.529521 -0.843460
0.184544 -0.490319 -0.851781
0.247267 -0.678489 -0.691746
0.129661 -0.725531 -0.675864
0.090459 -0.529521 -0.843460
0.247267 -0.678489 -0.691746
0.184544 -0.490319 -0.851781
0.090459 -0.529521 -0.843460
0.066938 -0.419756 -0.905165
0.153182 -0.380554 -0.911984
0.184544 -0.490319 -0.851781
0.066938 -0.419756 -0.905165
0.560883 -0.678489 -0.474408
0.451117 -0.772574 -0.446792
0.435436 -0.529521 -0.728013
0.560883 -0.678489 -0.474408
0.435436 -0.529521 -0.728013
0.498160 -0.435436 -0.749821
0.654968 -0.568723 -0.497565
0.560883 -0.678489 -0.474408
0.498160 -0.435436 -0.749821
0.654968 -0.568723 -0.497565
0.498160 -0.435436 -0.749821
0.545202 -0.349192 -0.762115
0.725531 -0.466798 -0.505672
0.654968 -0.568723 -0.497565
0.545202 -0.349192 -0.762115
0.066938 -0.419756 -0.905165
0.043417 -0.270788 -0.961659
0.153182 -0.380554 -0.911984
0.043417 -0.270788 -0.961659
0.098299 -0.255107 -0.961903
0.153182 -0.380554 -0.911984
0.043417 -0.270788 -0.961659
-0.003626 -0.113980 -0.993477
0.098299 -0.255107 -0.961903
-0.003626 -0.529521 -0.848289
0.090459 -0.529521 -0.843460
0.129661 -0.725531 -0.675864
-0.003626 -0.741212 -0.671261
-0.003626 -0.529521 -0.848289
0.129661 -0.725531 -0.675864
-0.003626 -0.419756 -0.907630
0.066938 -0.419756 -0.905165
0.090459 -0.529521 -0.843460
-0.003626 -0.529521 -0.848289
-0.003626 -0.419756 -0.907630
0.090459 -0.529521 -0.843460
-0.003626 -0.278628 -0.960392
0.043417 -0.270788 -0.961659
0.066938 -0.419756 -0.905165
-0.003626 -0.419756 -0.907630
-0.003626 -0.278628 -0.960392
0.066938 -0.419756 -0.905165
0.043417 -0.270788 -0.961659
-0.003626 -0.278628 -0.960392
-0.003626 -0.113980 -0.993477
0.498160 -0.850978 -0.166355
0.451117 -0.772574 -0.446792
0.560883 -0.678489 -0.474408
0.498160 -0.850978 -0.166355
0.341352 -0.921541 -0.185043
0.451117 -0.772574 -0.446792
0.498160 -0.850978 -0.166355
0.504205 -0.863584 0.000000
0.341352 -0.921541 -0.185043
0.504205 -0.863584 0.000000
0.341352 -0.937222 -0.071372
0.341352 -0.921541 -0.185043
0.341352 -0.921541 -0.185043
0.341352 -0.937222 -0.071372
0.184544 -0.968584 -0.166702
0.341352 -0.937222 -0.071372
0.184283 -0.982873 0.000000
0.184544 -0.968584 -0.166702
0.184283 -0.982873 0.000000
-0.003626 -0.999945 -0.009823
0.184544 -0.968584 -0.166702
-0.003626 -0.999945 -0.009823
-0.003626 -0.984264 -0.176665
0.184544 -0.968584 -0.166702
0.631446 -0.772574 0.066374
0.504205 -0.863584 0.000000
0.498160 -0.850978 -0.166355
0.623606 -0.756893 -0.195522
0.631446 -0.772574 0.066374
0.498160 -0.850978 -0.166355
0.756186 -0.654356 0.000000
0.631446 -0.772574 0.066374
0.623606 -0.756893 -0.195522
0.741212 -0.639287 -0.204737
0.756186 -0.654356 0.000000
0.623606 -0.756893 -0.195522
0.843137 -0.537362 0.019030
0.756186 -0.654356 0.000000
0.741212 -0.639287 -0.204737
0.819616 -0.529521 -0.218717
0.843137 -0.537362 0.019030
0.741212 -0.639287 -0.204737
-0.003626 -0.999945 -0.009823
0.184283 -0.982873 0.000000
0.184544 -0.976424 0.111982
-0.003626 -0.992105 0.125359
-0.003626 -0.999945 -0.009823
0.184544 -0.976424 0.111982
-0.003626 -0.992105 0.125359
-0.003626 -0.992105 0.125359
0.184544 -0.976424 0.111982
0.184544 -0.968584 0.166702
-0.003626 -0.992105 0.125359
0.184544 -0.976424 0.111982
0.341352 -0.929382 0.140460
0.184544 -0.968584 0.166702
0.184544 -0.976424 0.111982
0.341352 -0.937222 0.071372
0.341352 -0.929382 0.140460
0.184544 -0.976424 0.111982
0.184544 -0.976424 0.111982
0.184283 -0.982873 0.000000
0.341352 -0.937222 0.071372
0.506000 -0.850978 0.140716
0.341352 -0.929382 0.140460
0.341352 -0.937222 0.071372
0.506000 -0.858818 0.079973
0.506000 -0.850978 0.140716
0.341352 -0.937222 0.071372
0.506000 -0.850978 0.140716
0.506000 -0.858818 0.079973
0.631446 -0.764733 0.128291
0.639287 -0.756893 0.135741
0.506000 -0.850978 0.140716
0.631446 -0.764733 0.128291
0.639287 -0.756893 0.135741
0.631446 -0.764733 0.128291
0.749052 -0.654968 0.099689
0.749052 -0.647127 0.141940
0.639287 -0.756893 0.135741
0.749052 -0.654968 0.099689
0.749052 -0.647127 0.141940
0.749052 -0.654968 0.099689
0.835297 -0.529521 0.147941
0.835297 -0.521681 0.173575
0.749052 -0.647127 0.141940
0.835297 -0.529521 0.147941
0.341352 -0.937222 0.071372
0.341352 -0.937222 -0.071372
0.506000 -0.858818 0.079973
0.184283 -0.982873 0.000000
0.341352 -0.937222 -0.071372
0.341352 -0.937222 0.071372
0.341352 -0.937222 -0.071372
0.504205 -0.863584 0.000000
0.506000 -0.858818 0.079973
0.506000 -0.858818 0.079973
0.504205 -0.863584 0.000000
0.631446 -0.764733 0.128291
0.504205 -0.863584 0.000000
0.631446 -0.772574 0.066374
0.631446 -0.764733 0.128291
0.631446 -0.764733 0.128291
0.631446 -0.772574 0.066374
0.749052 -0.654968 0.099689
0.631446 -0.772574 0.066374
0.756186 -0.654356 0.000000
0.749052 -0.654968 0.099689
0.749052 -0.654968 0.099689
0.756186 -0.654356 0.000000
0.835297 -0.529521 0.147941
0.835297 -0.521681 0.173575
0.835297 -0.529521 0.147941
0.905860 -0.396234 0.149717
0.905860 -0.388394 0.169018
0.835297 -0.521681 0.173575
0.905860 -0.396234 0.149717
0.756186 -0.654356 0.000000
0.843137 -0.537362 0.019030
0.835297 -0.529521 0.147941
0.749052 -0.623606 0.223687
0.749052 -0.647127 0.141940
0.835297 -0.521681 0.173575
0.639287 -0.756893 0.135741
0.749052 -0.647127 0.141940
0.749052 -0.623606 0.223687
0.835297 -0.490319 0.248729
0.749052 -0.623606 0.223687
0.835297 -0.521681 0.173575
0.835297 -0.490319 0.248729
0.835297 -0.521681 0.173575
0.905860 -0.388394 0.169018
0.631446 -0.741212 0.227772
0.639287 -0.756893 0.135741
0.749052 -0.623606 0.223687
0.506000 -0.850978 0.140716
0.639287 -0.756893 0.135741
0.631446 -0.741212 0.227772
0.498160 -0.835297 0.232629
0.506000 -0.850978 0.140716
0.631446 -0.741212 0.227772
0.341352 -0.929382 0.140460
0.506000 -0.850978 0.140716
0.498160 -0.835297 0.232629
0.341352 -0.913701 0.220522
0.341352 -0.929382 0.140460
0.498160 -0.835297 0.232629
0.184544 -0.968584 0.166702
0.341352 -0.929382 0.140460
0.341352 -0.913701 0.220522
0.184544 -0.960743 0.207162
0.184544 -0.968584 0.166702
0.341352 -0.913701 0.220522
-0.003626 -0.992105 0.125359
0.184544 -0.968584 0.166702
0.184544 -0.960743 0.207162
-0.003626 -0.976424 0.215831
-0.003626 -0.992105 0.125359
0.184544 -0.960743 0.207162
0.898020 -0.372713 0.233763
0.835297 -0.490319 0.248729
0.905860 -0.388394 0.169018
0.898020 -0.372713 0.233763
0.905860 -0.388394 0.169018
0.960743 -0.231586 0.152776
0.937222 -0.247267 0.245915
0.898020 -0.372713 0.233763
0.960743 -0.231586 0.152776
0.937222 -0.247267 0.245915
0.960743 -0.231586 0.152776
0.976424 -0.082619 0.199425
0.960743 -0.231586 0.152776
0.984264 -0.059097 0.166527
0.976424 -0.082619 0.199425
0.976424 -0.082619 0.199425
0.984264 -0.059097 0.166527
0.984264 0.105551 0.141713
-0.003626 -0.992105 0.125359
-0.003626 -0.976424 0.215831
-0.183955 -0.960743 0.207685
-0.183955 -0.960743 0.207685
-0.003626 -0.976424 0.215831
-0.168274 -0.921541 0.349922
-0.003626 -0.976424 0.215831
-0.003626 -0.937222 0.348714
-0.168274 -0.921541 0.349922
-0.183955 -0.960743 0.207685
-0.168274 -0.921541 0.349922
-0.325082 -0.882339 0.340293
-0.340763 -0.913701 0.221431
-0.183955 -0.960743 0.207685
-0.325082 -0.882339 0.340293
-0.340763 -0.913701 0.221431
-0.325082 -0.882339 0.340293
-0.474050 -0.819616 0.321724
-0.497571 -0.835297 0.233885
-0.340763 -0.913701 0.221431
-0.474050 -0.819616 0.321724
-0.497571 -0.835297 0.233885
-0.474050 -0.819616 0.321724
-0.615177 -0.717691 0.326308
-0.630858 -0.741212 0.229397
-0.497571 -0.835297 0.233885
-0.615177 -0.717691 0.326308
-0.630858 -0.741212 0.229397
-0.615177 -0.717691 0.326308
-0.740623 -0.584404 0.331586
-0.748464 -0.623606 0.225649
-0.630858 -0.741212 0.229397
-0.740623 -0.584404 0.331586
-0.748464 -0.623606 0.225649
-0.740623 -0.584404 0.331586
-0.834708 -0.490319 0.250698
-0.740623 -0.584404 0.331586
-0.819027 -0.451117 0.354524
-0.834708 -0.490319 0.250698
-0.168274 -0.921541 0.349922
-0.003626 -0.937222 0.348714
-0.003626 -0.890180 0.455595
-0.152593 -0.882339 0.445188
-0.168274 -0.921541 0.349922
-0.003626 -0.890180 0.455595
-0.325082 -0.882339 0.340293
-0.168274 -0.921541 0.349922
-0.152593 -0.882339 0.445188
-0.136913 -0.843137 0.519976
-0.152593 -0.882339 0.445188
-0.003626 -0.890180 0.455595
-0.003626 -0.850978 0.525189
-0.136913 -0.843137 0.519976
-0.003626 -0.890180 0.455595
-0.136913 -0.843137 0.519976
-0.278040 -0.803935 0.525721
-0.152593 -0.882339 0.445188
-0.278040 -0.803935 0.525721
-0.301561 -0.843137 0.445175
-0.152593 -0.882339 0.445188
-0.301561 -0.843137 0.445175
-0.325082 -0.882339 0.340293
-0.152593 -0.882339 0.445188
-0.474050 -0.819616 0.321724
-0.325082 -0.882339 0.340293
-0.301561 -0.843137 0.445175
-0.278040 -0.803935 0.525721
-0.403486 -0.749052 0.525471
-0.301561 -0.843137 0.445175
-0.403486 -0.749052 0.525471
-0.427007 -0.788254 0.443080
-0.301561 -0.843137 0.445175
-0.427007 -0.788254 0.443080
-0.474050 -0.819616 0.321724
-0.301561 -0.843137 0.445175
-0.474050 -0.819616 0.321724
-0.427007 -0.788254 0.443080
-0.615177 -0.717691 0.326308
-0.740623 -0.584404 0.331586
-0.615177 -0.717691 0.326308
-0.575975 -0.670648 0.467422
-0.427007 -0.788254 0.443080
-0.575975 -0.670648 0.467422
-0.615177 -0.717691 0.326308
-0.575975 -0.670648 0.467422
-0.427007 -0.788254 0.443080
-0.403486 -0.749052 0.525471
-0.701421 -0.529521 0.477090
-0.740623 -0.584404 0.331586
-0.575975 -0.670648 0.467422
-0.819027 -0.451117 0.354524
-0.740623 -0.584404 0.331586
-0.701421 -0.529521 0.477090
-0.764145 -0.427596 0.482954
-0.819027 -0.451117 0.354524
-0.701421 -0.529521 0.477090
-0.858229 -0.349192 0.376174
-0.819027 -0.451117 0.354524
-0.764145 -0.427596 0.482954
-0.819027 -0.451117 0.354524
-0.858229 -0.349192 0.376174
-0.834708 -0.490319 0.250698
-0.819027 -0.349192 0.455257
-0.858229 -0.349192 0.376174
-0.764145 -0.427596 0.482954
-0.819027 -0.349192 0.455257
-0.764145 -0.427596 0.482954
-0.701421 -0.411915 0.581665
-0.834708 -0.286469 0.470317
-0.819027 -0.349192 0.455257
-0.701421 -0.411915 0.581665
-0.866070 -0.200224 0.458076
-0.834708 -0.286469 0.470317
-0.701421 -0.411915 0.581665
-0.866070 -0.239426 0.438860
-0.866070 -0.200224 0.458076
-0.701421 -0.411915 0.581665
-0.866070 -0.239426 0.438860
-0.936633 -0.004215 0.350286
-0.866070 -0.200224 0.458076
-0.936633 -0.004215 0.350286
-0.944474 0.058509 0.323336
-0.866070 -0.200224 0.458076
-0.897431 -0.255107 0.359913
-0.858229 -0.349192 0.376174
-0.819027 -0.349192 0.455257
-0.834708 -0.286469 0.470317
-0.897431 -0.255107 0.359913
-0.819027 -0.349192 0.455257
-0.866070 -0.200224 0.458076
-0.897431 -0.255107 0.359913
-0.834708 -0.286469 0.470317
-0.858229 -0.349192 0.376174
-0.897431 -0.255107 0.359913
-0.944474 -0.247267 0.216399
-0.897431 -0.372713 0.236012
-0.858229 -0.349192 0.376174
-0.944474 -0.247267 0.216399
-0.944474 0.058509 0.323336
-0.928793 -0.074778 0.362976
-0.866070 -0.200224 0.458076
-0.866070 -0.200224 0.458076
-0.928793 -0.074778 0.362976
-0.897431 -0.255107 0.359913
-0.897431 -0.255107 0.359913
-0.928793 -0.074778 0.362976
-0.975835 -0.082619 0.202286
-0.897431 -0.255107 0.359913
-0.975835 -0.082619 0.202286
-0.944474 -0.247267 0.216399
-0.928793 -0.074778 0.362976
-0.944474 0.058509 0.323336
-0.975835 0.082030 0.202525
-0.975835 0.082030 0.202525
-0.975835 -0.082619 0.202286
-0.928793 -0.074778 0.362976
-0.944474 0.254519 0.207821
-0.975835 0.082030 0.202525
-0.944474 0.058509 0.323336
-0.928793 0.270199 0.253645
-0.944474 0.254519 0.207821
-0.944474 0.058509 0.323336
-0.881751 0.434848 0.182820
-0.944474 0.254519 0.207821
-0.928793 0.270199 0.253645
-0.866070 0.450529 0.216673
-0.881751 0.434848 0.182820
-0.928793 0.270199 0.253645
-0.748464 0.638698 0.178512
-0.881751 0.434848 0.182820
-0.866070 0.450529 0.216673
-0.740623 0.654379 0.152529
-0.748464 0.638698 0.178512
-0.866070 0.450529 0.216673
-0.960155 0.254519 0.115428
-0.944474 0.254519 0.207821
-0.881751 0.434848 0.182820
-0.975835 0.082030 0.202525
-0.944474 0.254519 0.207821
-0.960155 0.254519 0.115428
-0.928793 0.348603 0.125775
-0.960155 0.254519 0.115428
-0.881751 0.434848 0.182820
-0.873910 0.458369 0.161799
-0.928793 0.348603 0.125775
-0.881751 0.434848 0.182820
-0.881751 0.434848 0.182820
-0.748464 0.638698 0.178512
-0.873910 0.458369 0.161799
-0.575975 0.803347 0.151285
-0.748464 0.638698 0.178512
-0.740623 0.654379 0.152529
-0.528933 0.842549 0.101697
-0.575975 0.803347 0.151285
-0.740623 0.654379 0.152529
-0.975835 -0.082619 0.202286
-0.975835 0.082030 0.202525
-0.983676 0.105551 0.145743
-0.983676 0.105551 0.145743
-0.975835 0.082030 0.202525
-0.960155 0.254519 0.115428
-0.983676 0.105551 0.145743
-0.960155 0.254519 0.115428
-0.960155 0.254519 0.115428
-0.983676 0.121232 0.132985
-0.983676 0.105551 0.145743
-0.960155 0.254519 0.115428
-0.983676 -0.059097 0.169969
-0.983676 0.105551 0.145743
-0.983676 0.121232 0.132985
-0.991516 -0.043417 0.122518
-0.983676 -0.059097 0.169969
-0.983676 0.121232 0.132985
-0.983676 0.121232 0.132985
-0.960155 0.254519 0.115428
-0.960155 0.270199 -0.071383
-0.989511 0.144460 0.000000
-0.983676 0.121232 0.132985
-0.960155 0.270199 -0.071383
-0.983676 0.121232 0.132985
-0.989511 0.144460 0.000000
-0.991516 -0.043417 0.122518
-0.960155 -0.231586 0.156432
-0.983676 -0.059097 0.169969
-0.991516 -0.043417 0.122518
-0.967995 -0.223746 0.113682
-0.960155 -0.231586 0.156432
-0.991516 -0.043417 0.122518
-0.905272 -0.388394 0.172143
-0.960155 -0.231586 0.156432
-0.967995 -0.223746 0.113682
-0.905272 -0.396234 0.153236
-0.905272 -0.388394 0.172143
-0.967995 -0.223746 0.113682
-0.975835 -0.215905 0.033620
-0.967995 -0.223746 0.113682
-0.991516 -0.043417 0.122518
-0.967995 -0.223746 0.113682
-0.975835 -0.215905 0.033620
-0.905272 -0.396234 0.153236
-0.999357 -0.027736 0.022744
-0.975835 -0.215905 0.033620
-0.991516 -0.043417 0.122518
-0.989511 0.144460 0.000000
-0.999357 -0.027736 0.022744
-0.991516 -0.043417 0.122518
-0.999357 -0.027736 0.022744
-0.989511 0.144460 0.000000
-0.960155 0.160434 -0.228832
-0.975835 -0.012055 -0.218174
-0.999357 -0.027736 0.022744
-0.960155 0.160434 -0.228832
-0.999357 -0.027736 0.022744
-0.975835 -0.012055 -0.218174
-0.952314 -0.200224 -0.230235
-0.975835 -0.215905 0.033620
-0.999357 -0.027736 0.022744
-0.952314 -0.200224 -0.230235
-0.975835 -0.215905 0.033620
-0.952314 -0.200224 -0.230235
-0.897431 -0.388394 -0.209206
-0.913112 -0.404075 0.054311
-0.975835 -0.215905 0.033620
-0.897431 -0.388394 -0.209206
-0.975835 -0.215905 0.033620
-0.913112 -0.404075 0.054311
-0.905272 -0.396234 0.153236
-0.913112 -0.404075 0.054311
-0.842549 -0.537362 0.036801
-0.905272 -0.396234 0.153236
-0.842549 -0.537362 0.036801
-0.834708 -0.529521 0.151227
-0.905272 -0.396234 0.153236
-0.952314 -0.200224 -0.230235
-0.975835 -0.012055 -0.218174
-0.842549 -0.012055 -0.538485
-0.819027 -0.176703 -0.545866
-0.952314 -0.200224 -0.230235
-0.842549 -0.012055 -0.538485
-0.952314 -0.200224 -0.230235
-0.819027 -0.176703 -0.545866
-0.897431 -0.388394 -0.209206
-0.819027 -0.176703 -0.545866
-0.842549 -0.012055 -0.538485
-0.615177 -0.012055 -0.788297
-0.842549 -0.012055 -0.538485
-0.850389 0.136913 -0.508029
-0.615177 -0.012055 -0.788297
-0.850389 0.136913 -0.508029
-0.842549 -0.012055 -0.538485
-0.975835 -0.012055 -0.218174
-0.960155 0.160434 -0.228832
-0.850389 0.136913 -0.508029
-0.975835 -0.012055 -0.218174
-0.850389 0.136913 -0.508029
-0.630858 0.089870 -0.770676
-0.615177 -0.012055 -0.788297
-0.615177 -0.012055 -0.788297
-0.630858 0.089870 -0.770676
-0.434848 -0.019895 -0.900284
-0.630858 0.089870 -0.770676
-0.450529 0.042828 -0.891734
-0.434848 -0.019895 -0.900284
-0.434848 -0.019895 -0.900284
-0.450529 0.042828 -0.891734
-0.348603 0.019307 -0.937071
-0.348603 -0.019895 -0.937059
-0.434848 -0.019895 -0.900284
-0.348603 0.019307 -0.937071
-0.348603 -0.019895 -0.937059
-0.348603 0.019307 -0.937071
-0.215317 -0.012055 -0.976470
-0.348603 0.019307 -0.937071
-0.207476 0.019307 -0.978050
-0.215317 -0.012055 -0.976470
-0.215317 -0.012055 -0.976470
-0.207476 0.019307 -0.978050
-0.082030 0.027147 -0.996260
-0.340763 -0.074778 -0.937171
-0.348603 -0.019895 -0.937059
-0.215317 -0.012055 -0.976470
-0.215317 -0.043417 -0.975579
-0.340763 -0.074778 -0.937171
-0.215317 -0.012055 -0.976470
-0.340763 -0.074778 -0.937171
-0.215317 -0.043417 -0.975579
-0.207476 -0.098299 -0.973289
-0.325082 -0.137501 -0.935636
-0.340763 -0.074778 -0.937171
-0.207476 -0.098299 -0.973289
-0.325082 -0.137501 -0.935636
-0.411327 -0.176703 -0.894196
-0.340763 -0.074778 -0.937171
-0.411327 -0.176703 -0.894196
-0.427007 -0.090459 -0.899712
-0.340763 -0.074778 -0.937171
-0.427007 -0.090459 -0.899712
-0.434848 -0.019895 -0.900284
-0.348603 -0.019895 -0.937059
-0.340763 -0.074778 -0.937171
-0.427007 -0.090459 -0.899712
-0.348603 -0.019895 -0.937059
-0.411327 -0.176703 -0.894196
-0.575975 -0.247267 -0.779174
-0.427007 -0.090459 -0.899712
-0.575975 -0.247267 -0.779174
-0.411327 -0.176703 -0.894196
-0.544613 -0.349192 -0.762536
-0.411327 -0.176703 -0.894196
-0.387805 -0.247267 -0.887956
-0.544613 -0.349192 -0.762536
-0.387805 -0.247267 -0.887956
-0.411327 -0.176703 -0.894196
-0.325082 -0.137501 -0.935636
-0.575975 -0.247267 -0.779174
-0.599496 -0.129661 -0.789805
-0.427007 -0.090459 -0.899712
-0.575975 -0.247267 -0.779174
-0.779825 -0.341352 -0.524739
-0.599496 -0.129661 -0.789805
-0.779825 -0.341352 -0.524739
-0.819027 -0.176703 -0.545866
-0.599496 -0.129661 -0.789805
-0.207476 -0.098299 -0.973289
-0.215317 -0.043417 -0.975579
-0.082030 -0.035576 -0.995995
-0.082030 -0.035576 -0.995995
-0.215317 -0.043417 -0.975579
-0.215317 -0.012055 -0.976470
-0.082030 0.027147 -0.996260
-0.082030 -0.035576 -0.995995
-0.215317 -0.012055 -0.976470
-0.207476 -0.098299 -0.973289
-0.082030 -0.035576 -0.995995
-0.183955 -0.137501 -0.973270
-0.082030 -0.035576 -0.995995
-0.066349 -0.059097 -0.996045
-0.183955 -0.137501 -0.973270
-0.082030 -0.035576 -0.995995
-0.082030 0.027147 -0.996260
-0.003626 0.003626 -0.999987
-0.066349 -0.059097 -0.996045
-0.082030 -0.035576 -0.995995
-0.003626 0.003626 -0.999987
-0.042828 -0.098299 -0.994235
-0.066349 -0.059097 -0.996045
-0.003626 0.003626 -0.999987
-0.003626 -0.113980 -0.993477
-0.042828 -0.098299 -0.994235
-0.003626 0.003626 -0.999987
-0.082030 0.027147 -0.996260
-0.058509 0.050668 -0.997000
-0.003626 0.003626 -0.999987
-0.176115 0.089870 -0.980259
-0.058509 0.050668 -0.997000
-0.082030 0.027147 -0.996260
-0.191795 0.058509 -0.979689
-0.176115 0.089870 -0.980259
-0.082030 0.027147 -0.996260
-0.042828 -0.098299 -0.994235
-0.003626 -0.113980 -0.993477
-0.097711 -0.255107 -0.961963
-0.042828 -0.098299 -0.994235
-0.097711 -0.255107 -0.961963
-0.160434 -0.184544 -0.969642
-0.066349 -0.059097 -0.996045
-0.042828 -0.098299 -0.994235
-0.160434 -0.184544 -0.969642
-0.183955 -0.137501 -0.973270
-0.066349 -0.059097 -0.996045
-0.160434 -0.184544 -0.969642
-0.246678 -0.286469 -0.925789
-0.160434 -0.184544 -0.969642
-0.097711 -0.255107 -0.961963
-0.160434 -0.184544 -0.969642
-0.246678 -0.286469 -0.925789
-0.183955 -0.137501 -0.973270
-0.152593 -0.380554 -0.912082
-0.246678 -0.286469 -0.925789
-0.097711 -0.255107 -0.961963
-0.254519 -0.435436 -0.863490
-0.246678 -0.286469 -0.925789
-0.152593 -0.380554 -0.912082
-0.246678 -0.286469 -0.925789
-0.254519 -0.435436 -0.863490
-0.317242 -0.372713 -0.872034
-0.246678 -0.286469 -0.925789
-0.317242 -0.372713 -0.872034
-0.356444 -0.309990 -0.881393
-0.497571 -0.435436 -0.750212
-0.356444 -0.309990 -0.881393
-0.317242 -0.372713 -0.872034
-0.434848 -0.529521 -0.728364
-0.497571 -0.435436 -0.750212
-0.317242 -0.372713 -0.872034
-0.434848 -0.529521 -0.728364
-0.317242 -0.372713 -0.872034
-0.254519 -0.435436 -0.863490
-0.356444 -0.607925 -0.709489
-0.434848 -0.529521 -0.728364
-0.254519 -0.435436 -0.863490
-0.183955 -0.490319 -0.851908
-0.254519 -0.435436 -0.863490
-0.152593 -0.380554 -0.912082
-0.356444 -0.607925 -0.709489
-0.254519 -0.435436 -0.863490
-0.183955 -0.490319 -0.851908
-0.246678 -0.678489 -0.691956
-0.356444 -0.607925 -0.709489
-0.183955 -0.490319 -0.851908
-0.246678 -0.678489 -0.691956
-0.317242 -0.850978 -0.418563
-0.356444 -0.607925 -0.709489
-0.168274 -0.898020 -0.406502
-0.317242 -0.850978 -0.418563
-0.246678 -0.678489 -0.691956
-0.136913 -0.725531 -0.674433
-0.168274 -0.898020 -0.406502
-0.246678 -0.678489 -0.691956
-0.003626 -0.913701 -0.406371
-0.168274 -0.898020 -0.406502
-0.136913 -0.725531 -0.674433
-0.003626 -0.741212 -0.671261
-0.003626 -0.913701 -0.406371
-0.136913 -0.725531 -0.674433
-0.317242 -0.850978 -0.418563
-0.450529 -0.772574 -0.447386
-0.356444 -0.607925 -0.709489
-0.356444 -0.607925 -0.709489
-0.450529 -0.772574 -0.447386
-0.434848 -0.529521 -0.728364
-0.097711 -0.529521 -0.842651
-0.136913 -0.725531 -0.674433
-0.246678 -0.678489 -0.691956
-0.183955 -0.490319 -0.851908
-0.097711 -0.529521 -0.842651
-0.246678 -0.678489 -0.691956
-0.183955 -0.490319 -0.851908
-0.152593 -0.380554 -0.912082
-0.066349 -0.419756 -0.905209
-0.097711 -0.529521 -0.842651
-0.183955 -0.490319 -0.851908
-0.066349 -0.419756 -0.905209
-0.450529 -0.772574 -0.447386
-0.560294 -0.678489 -0.475104
-0.434848 -0.529521 -0.728364
-0.434848 -0.529521 -0.728364
-0.560294 -0.678489 -0.475104
-0.497571 -0.435436 -0.750212
-0.560294 -0.678489 -0.475104
-0.654379 -0.568723 -0.498339
-0.497571 -0.435436 -0.750212
-0.497571 -0.435436 -0.750212
-0.654379 -0.568723 -0.498339
-0.544613 -0.349192 -0.762536
-0.654379 -0.568723 -0.498339
-0.724943 -0.466798 -0.506515
-0.544613 -0.349192 -0.762536
-0.042828 -0.270788 -0.961686
-0.066349 -0.419756 -0.905209
-0.152593 -0.380554 -0.912082
-0.097711 -0.255107 -0.961963
-0.042828 -0.270788 -0.961686
-0.152593 -0.380554 -0.912082
-0.003626 -0.113980 -0.993477
-0.042828 -0.270788 -0.961686
-0.097711 -0.255107 -0.961963
-0.003626 -0.529521 -0.848289
-0.003626 -0.741212 -0.671261
-0.136913 -0.725531 -0.674433
-0.097711 -0.529521 -0.842651
-0.003626 -0.529521 -0.848289
-0.136913 -0.725531 -0.674433
-0.003626 -0.419756 -0.907630
-0.003626 -0.529521 -0.848289
-0.097711 -0.529521 -0.842651
-0.066349 -0.419756 -0.905209
-0.003626 -0.419756 -0.907630
-0.097711 -0.529521 -0.842651
-0.003626 -0.278628 -0.960392
-0.003626 -0.419756 -0.907630
-0.066349 -0.419756 -0.905209
-0.042828 -0.270788 -0.961686
-0.003626 -0.278628 -0.960392
-0.066349 -0.419756 -0.905209
-0.003626 -0.278628 -0.960392
-0.042828 -0.270788 -0.961686
-0.003626 -0.113980 -0.993477
-0.450529 -0.772574 -0.447386
-0.497571 -0.850978 -0.168108
-0.560294 -0.678489 -0.475104
-0.340763 -0.921541 -0.186125
-0.497571 -0.850978 -0.168108
-0.450529 -0.772574 -0.447386
-0.503767 -0.863839 0.000000
-0.497571 -0.850978 -0.168108
-0.340763 -0.921541 -0.186125
-0.340763 -0.937222 -0.074132
-0.503767 -0.863839 0.000000
-0.340763 -0.921541 -0.186125
-0.340763 -0.937222 -0.074132
-0.340763 -0.921541 -0.186125
-0.183955 -0.968584 -0.167351
-0.183715 -0.982980 0.000000
-0.340763 -0.937222 -0.074132
-0.183955 -0.968584 -0.167351
-0.003626 -0.999945 -0.009823
-0.183715 -0.982980 0.000000
-0.183955 -0.968584 -0.167351
-0.003626 -0.984264 -0.176665
-0.003626 -0.999945 -0.009823
-0.183955 -0.968584 -0.167351
-0.503767 -0.863839 0.000000
-0.630858 -0.772574 0.071753
-0.497571 -0.850978 -0.168108
-0.630858 -0.772574 0.071753
-0.630858 -0.756893 -0.170680
-0.497571 -0.850978 -0.168108
-0.630858 -0.772574 0.071753
-0.755934 -0.654647 0.000000
-0.630858 -0.756893 -0.170680
-0.755934 -0.654647 0.000000
-0.740623 -0.639287 -0.206856
-0.630858 -0.756893 -0.170680
-0.755934 -0.654647 0.000000
-0.842549 -0.537362 0.036801
-0.740623 -0.639287 -0.206856
-0.842549 -0.537362 0.036801
-0.819027 -0.529521 -0.220911
-0.740623 -0.639287 -0.206856
-0.183715 -0.982980 0.000000
-0.003626 -0.999945 -0.009823
-0.183955 -0.976424 0.112946
-0.003626 -0.999945 -0.009823
-0.003626 -0.992105 0.125359
-0.183955 -0.976424 0.112946
-0.003626 -0.992105 0.125359
-0.003626 -0.992105 0.125359
-0.183955 -0.976424 0.112946
-0.003626 -0.992105 0.125359
-0.183955 -0.968584 0.167351
-0.183955 -0.976424 0.112946
-0.183955 -0.968584 0.167351
-0.340763 -0.929382 0.141882
-0.183955 -0.976424 0.112946
-0.340763 -0.929382 0.141882
-0.340763 -0.937222 0.074132
-0.183955 -0.976424 0.112946
-0.183715 -0.982980 0.000000
-0.183955 -0.976424 0.112946
-0.340763 -0.937222 0.074132
-0.340763 -0.929382 0.141882
-0.505411 -0.850978 0.142816
-0.340763 -0.937222 0.074132
-0.505411 -0.850978 0.142816
-0.505411 -0.858818 0.083612
-0.340763 -0.937222 0.074132
-0.505411 -0.858818 0.083612
-0.505411 -0.850978 0.142816
-0.630858 -0.764733 0.131155
-0.505411 -0.850978 0.142816
-0.638698 -0.756893 0.138484
-0.630858 -0.764733 0.131155
-0.630858 -0.764733 0.131155
-0.638698 -0.756893 0.138484
-0.748464 -0.654968 0.104017
-0.638698 -0.756893 0.138484
-0.748464 -0.647127 0.145012
-0.748464 -0.654968 0.104017
-0.748464 -0.654968 0.104017
-0.748464 -0.647127 0.145012
-0.834708 -0.529521 0.151227
-0.748464 -0.647127 0.145012
-0.842549 -0.521681 0.134018
-0.834708 -0.529521 0.151227
-0.340763 -0.937222 -0.074132
-0.340763 -0.937222 0.074132
-0.505411 -0.858818 0.083612
-0.340763 -0.937222 -0.074132
-0.183715 -0.982980 0.000000
-0.340763 -0.937222 0.074132
-0.503767 -0.863839 0.000000
-0.340763 -0.937222 -0.074132
-0.505411 -0.858818 0.083612
-0.503767 -0.863839 0.000000
-0.505411 -0.858818 0.083612
-0.630858 -0.764733 0.131155
-0.630858 -0.772574 0.071753
-0.503767 -0.863839 0.000000
-0.630858 -0.764733 0.131155
-0.630858 -0.772574 0.071753
-0.630858 -0.764733 0.131155
-0.748464 -0.654968 0.104017
-0.755934 -0.654647 0.000000
-0.630858 -0.772574 0.071753
-0.748464 -0.654968 0.104017
-0.755934 -0.654647 0.000000
-0.748464 -0.654968 0.104017
-0.834708 -0.529521 0.151227
-0.834708 -0.529521 0.151227
-0.842549 -0.521681 0.134018
-0.905272 -0.396234 0.153236
-0.842549 -0.521681 0.134018
-0.905272 -0.388394 0.172143
-0.905272 -0.396234 0.153236
-0.842549 -0.537362 0.036801
-0.755934 -0.654647 0.000000
-0.834708 -0.529521 0.151227
-0.748464 -0.647127 0.145012
-0.748464 -0.623606 0.225649
-0.842549 -0.521681 0.134018
-0.748464 -0.647127 0.145012
-0.638698 -0.756893 0.138484
-0.748464 -0.623606 0.225649
-0.748464 -0.623606 0.225649
-0.834708 -0.490319 0.250698
-0.842549 -0.521681 0.134018
-0.842549 -0.521681 0.134018
-0.834708 -0.490319 0.250698
-0.905272 -0.388394 0.172143
-0.638698 -0.756893 0.138484
-0.630858 -0.741212 0.229397
-0.748464 -0.623606 0.225649
-0.638698 -0.756893 0.138484
-0.505411 -0.850978 0.142816
-0.630858 -0.741212 0.229397
-0.505411 -0.850978 0.142816
-0.497571 -0.835297 0.233885
-0.630858 -0.741212 0.229397
-0.505411 -0.850978 0.142816
-0.340763 -0.929382 0.141882
-0.497571 -0.835297 0.233885
-0.340763 -0.929382 0.141882
-0.340763 -0.913701 0.221431
-0.497571 -0.835297 0.233885
-0.340763 -0.929382 0.141882
-0.183955 -0.968584 0.167351
-0.340763 -0.913701 0.221431
-0.183955 -0.968584 0.167351
-0.183955 -0.960743 0.207685
-0.340763 -0.913701 0.221431
-0.183955 -0.968584 0.167351
-0.003626 -0.992105 0.125359
-0.183955 -0.960743 0.207685
-0.834708 -0.490319 0.250698
-0.897431 -0.372713 0.236012
-0.905272 -0.388394 0.172143
-0.858229 -0.349192 0.376174
-0.897431 -0.372713 0.236012
-0.834708 -0.490319 0.250698
-0.905272 -0.388394 0.172143
-0.897431 -0.372713 0.236012
-0.960155 -0.231586 0.156432
-0.897431 -0.372713 0.236012
-0.944474 -0.247267 0.216399
-0.960155 -0.231586 0.156432
-0.960155 -0.231586 0.156432
-0.944474 -0.247267 0.216399
-0.975835 -0.082619 0.202286
-0.983676 -0.059097 0.169969
-0.960155 -0.231586 0.156432
-0.975835 -0.082619 0.202286
-0.983676 -0.059097 0.169969
-0.975835 -0.082619 0.202286
-0.983676 0.105551 0.145743
-0.003626 0.638698 0.769449
-0.136913 0.701421 0.699473
-0.042828 0.944474 0.325784
-0.003626 0.756304 0.654210
-0.003626 0.638698 0.769449
-0.042828 0.944474 0.325784
-0.003626 0.905272 0.424817
-0.003626 0.756304 0.654210
-0.042828 0.944474 0.325784
-0.003626 0.905272 0.424817
-0.042828 0.944474 0.325784
0.066938 0.983676 0.167037
0.066938 0.983676 0.167037
-0.042828 0.944474 0.325784
0.145342 0.975835 0.163160
0.145342 0.975835 0.163160
-0.042828 0.944474 0.325784
0.200224 0.967995 0.151314
0.200224 0.967995 0.151314
-0.042828 0.944474 0.325784
0.270788 0.952314 0.140612
0.121821 0.983676 0.132446
0.145342 0.975835 0.163160
0.200224 0.967995 0.151314
0.208065 0.975835 0.066741
0.121821 0.983676 0.132446
0.200224 0.967995 0.151314
0.208065 0.975835 0.066741
0.200224 0.967995 0.151314
0.309990 0.944474 0.108975
0.309990 0.944474 0.108975
0.200224 0.967995 0.151314
0.270788 0.952314 0.140612
0.270788 0.952314 0.140612
0.443277 0.881751 0.161312
0.309990 0.944474 0.108975
0.576564 0.803347 0.149026
0.443277 0.881751 0.161312
0.270788 0.952314 0.140612
0.294309 0.944474 0.146121
0.208065 0.975835 0.066741
0.309990 0.944474 0.108975
0.309990 0.944474 0.108975
0.443277 0.881751 0.161312
0.294309 0.944474 0.146121
-0.003626 0.983676 0.179914
-0.003626 0.905272 0.424817
0.066938 0.983676 0.167037
0.443277 0.881751 0.161312
0.576564 0.803347 0.149026
0.419756 0.897431 0.135728
0.443277 0.881751 0.161312
0.419756 0.897431 0.135728
0.294309 0.944474 0.146121
0.294309 0.944474 0.146121
0.419756 0.897431 0.135728
0.278628 0.960155 0.021667
0.419756 0.897431 0.135728
0.411915 0.905272 0.103966
0.278628 0.960155 0.021667
0.419756 0.897431 0.135728
0.584404 0.795506 0.160131
0.411915 0.905272 0.103966
0.576564 0.803347 0.149026
0.584404 0.795506 0.160131
0.419756 0.897431 0.135728
0.584404 0.795506 0.160131
0.568723 0.819027 0.075817
0.411915 0.905272 0.103966
0.278628 0.960155 0.021667
0.411915 0.905272 0.103966
0.270788 0.960155 -0.069116
0.411915 0.905272 0.103966
0.396234 0.913112 -0.096044
0.270788 0.960155 -0.069116
0.396234 0.913112 -0.096044
0.411915 0.905272 0.103966
0.568723 0.819027 0.075817
0.568723 0.819027 0.075817
0.584404 0.795506 0.160131
0.709850 0.693581 0.122710
0.568723 0.819027 0.075817
0.709850 0.693581 0.122710
0.566699 0.823925 0.000000
0.566699 0.823925 0.000000
0.396234 0.913112 -0.096044
0.568723 0.819027 0.075817
0.396234 0.913112 -0.096044
0.566699 0.823925 0.000000
0.380554 0.905272 -0.188844
0.566699 0.823925 0.000000
0.553042 0.811187 -0.190052
0.380554 0.905272 -0.188844
0.709850 0.693581 0.122710
0.715166 0.698954 0.000000
0.566699 0.823925 0.000000
0.566699 0.823925 0.000000
0.715166 0.698954 0.000000
0.553042 0.811187 -0.190052
0.715166 0.698954 0.000000
0.694170 0.685741 -0.218834
0.553042 0.811187 -0.190052
0.553042 0.811187 -0.190052
0.694170 0.685741 -0.218834
0.506000 0.740623 -0.442087
0.553042 0.811187 -0.190052
0.506000 0.740623 -0.442087
0.380554 0.905272 -0.188844
0.694170 0.685741 -0.218834
0.623606 0.615177 -0.482362
0.506000 0.740623 -0.442087
0.506000 0.740623 -0.442087
0.623606 0.615177 -0.482362
0.490319 0.466209 -0.736367
0.411915 0.583815 -0.699632
0.506000 0.740623 -0.442087
0.490319 0.466209 -0.736367
0.364873 0.842549 -0.396207
0.506000 0.740623 -0.442087
0.411915 0.583815 -0.699632
0.506000 0.740623 -0.442087
0.364873 0.842549 -0.396207
0.380554 0.905272 -0.188844
0.317830 0.685741 -0.654785
0.364873 0.842549 -0.396207
0.411915 0.583815 -0.699632
0.317830 0.685741 -0.654785
0.411915 0.583815 -0.699632
0.302150 0.427007 -0.852274
0.239426 0.505411 -0.828996
0.317830 0.685741 -0.654785
0.302150 0.427007 -0.852274
0.239426 0.505411 -0.828996
0.302150 0.427007 -0.852274
0.215905 0.301561 -0.928680
0.168863 0.372125 -0.912693
0.239426 0.505411 -0.828996
0.215905 0.301561 -0.928680
0.380554 0.905272 -0.188844
0.364873 0.842549 -0.396207
0.262948 0.944474 -0.197048
0.364873 0.842549 -0.396207
0.255107 0.905272 -0.339711
0.262948 0.944474 -0.197048
0.255107 0.905272 -0.339711
0.364873 0.842549 -0.396207
0.317830 0.685741 -0.654785
0.411915 0.583815 -0.699632
0.490319 0.466209 -0.736367
0.364873 0.340763 -0.866457
0.302150 0.427007 -0.852274
0.411915 0.583815 -0.699632
0.364873 0.340763 -0.866457
0.302150 0.427007 -0.852274
0.364873 0.340763 -0.866457
0.255107 0.230997 -0.938915
0.215905 0.301561 -0.928680
0.302150 0.427007 -0.852274
0.255107 0.230997 -0.938915
0.694170 0.685741 -0.218834
0.715166 0.698954 0.000000
0.803935 0.568135 -0.175816
0.715166 0.698954 0.000000
0.818178 0.574965 0.000000
0.803935 0.568135 -0.175816
0.818178 0.574965 0.000000
0.890180 0.450529 -0.067855
0.803935 0.568135 -0.175816
0.890180 0.450529 -0.067855
0.866658 0.450529 -0.214306
0.803935 0.568135 -0.175816
0.890180 0.450529 -0.067855
0.934684 0.355479 0.000000
0.866658 0.450529 -0.214306
0.929382 0.348603 0.121349
0.934684 0.355479 0.000000
0.890180 0.450529 -0.067855
0.890180 0.450529 0.067855
0.929382 0.348603 0.121349
0.890180 0.450529 -0.067855
0.890180 0.450529 -0.067855
0.818178 0.574965 0.000000
0.890180 0.450529 0.067855
0.934684 0.355479 0.000000
0.913701 0.356444 -0.195189
0.866658 0.450529 -0.214306
0.934684 0.355479 0.000000
0.960743 0.270199 -0.062967
0.913701 0.356444 -0.195189
0.960743 0.270199 -0.062967
0.945062 0.270199 -0.183982
0.913701 0.356444 -0.195189
0.866658 0.450529 -0.214306
0.913701 0.356444 -0.195189
0.764733 0.411327 -0.495977
0.913701 0.356444 -0.195189
0.811776 0.332923 -0.479774
0.764733 0.411327 -0.495977
0.811776 0.332923 -0.479774
0.913701 0.356444 -0.195189
0.945062 0.270199 -0.183982
0.960743 0.270199 -0.062967
0.989523 0.144376 0.000000
0.945062 0.270199 -0.183982
0.989523 0.144376 0.000000
0.960743 0.160434 -0.226348
0.945062 0.270199 -0.183982
0.945062 0.270199 -0.183982
0.960743 0.160434 -0.226348
0.843137 0.246678 -0.477776
0.843137 0.246678 -0.477776
0.811776 0.332923 -0.479774
0.945062 0.270199 -0.183982
0.811776 0.332923 -0.479774
0.843137 0.246678 -0.477776
0.631446 0.176115 -0.755155
0.607925 0.254519 -0.752095
0.811776 0.332923 -0.479774
0.631446 0.176115 -0.755155
0.607925 0.254519 -0.752095
0.631446 0.176115 -0.755155
0.451117 0.105551 -0.886201
0.443277 0.176115 -0.878914
0.607925 0.254519 -0.752095
0.451117 0.105551 -0.886201
0.443277 0.176115 -0.878914
0.451117 0.105551 -0.886201
0.341352 0.074189 -0.937003
0.317830 0.121232 -0.940365
0.443277 0.176115 -0.878914
0.341352 0.074189 -0.937003
0.317830 0.121232 -0.940365
0.341352 0.074189 -0.937003
0.192384 0.058509 -0.979574
0.176703 0.089870 -0.980153
0.317830 0.121232 -0.940365
0.192384 0.058509 -0.979574
0.960743 0.160434 -0.226348
0.850978 0.136913 -0.507042
0.843137 0.246678 -0.477776
0.843137 0.246678 -0.477776
0.850978 0.136913 -0.507042
0.631446 0.176115 -0.755155
0.850978 0.136913 -0.507042
0.631446 0.089870 -0.770194
0.631446 0.176115 -0.755155
0.631446 0.176115 -0.755155
0.631446 0.089870 -0.770194
0.451117 0.105551 -0.886201
0.631446 0.089870 -0.770194
0.443277 0.042828 -0.895361
0.451117 0.105551 -0.886201
0.451117 0.105551 -0.886201
0.443277 0.042828 -0.895361
0.341352 0.074189 -0.937003
0.443277 0.042828 -0.895361
0.341352 0.019307 -0.939737
0.341352 0.074189 -0.937003
0.341352 0.074189 -0.937003
0.341352 0.019307 -0.939737
0.192384 0.058509 -0.979574
0.341352 0.019307 -0.939737
0.208065 0.019307 -0.977925
0.192384 0.058509 -0.979574
0.192384 0.058509 -0.979574
0.208065 0.019307 -0.977925
0.082619 0.027147 -0.996211
0.607925 0.254519 -0.752095
0.443277 0.176115 -0.878914
0.419756 0.230997 -0.877750
0.576564 0.317242 -0.752949
0.607925 0.254519 -0.752095
0.419756 0.230997 -0.877750
0.545202 0.379965 -0.747249
0.576564 0.317242 -0.752949
0.419756 0.230997 -0.877750
0.545202 0.379965 -0.747249
0.717691 0.497571 -0.487179
0.576564 0.317242 -0.752949
0.717691 0.497571 -0.487179
0.764733 0.411327 -0.495977
0.576564 0.317242 -0.752949
0.404075 0.270199 -0.873908
0.545202 0.379965 -0.747249
0.419756 0.230997 -0.877750
0.404075 0.270199 -0.873908
0.419756 0.230997 -0.877750
0.302150 0.168274 -0.938291
0.302150 0.168274 -0.938291
0.317830 0.121232 -0.940365
0.176703 0.089870 -0.980153
0.278628 0.191795 -0.941053
0.404075 0.270199 -0.873908
0.302150 0.168274 -0.938291
0.278628 0.191795 -0.941053
0.302150 0.168274 -0.938291
0.153182 0.105551 -0.982545
0.153182 0.105551 -0.982545
0.302150 0.168274 -0.938291
0.176703 0.089870 -0.980153
0.153182 0.105551 -0.982545
0.176703 0.089870 -0.980153
0.059097 0.050668 -0.996966
0.035576 0.089870 -0.995318
0.153182 0.105551 -0.982545
0.059097 0.050668 -0.996966
0.113980 0.168274 -0.979128
0.153182 0.105551 -0.982545
0.035576 0.089870 -0.995318
0.035576 0.089870 -0.995318
0.082619 0.199636 -0.976381
0.113980 0.168274 -0.979128
0.764733 0.411327 -0.495977
0.811776 0.332923 -0.479774
0.576564 0.317242 -0.752949
0.811776 0.332923 -0.479774
0.607925 0.254519 -0.752095
0.576564 0.317242 -0.752949
0.419756 0.230997 -0.877750
0.443277 0.176115 -0.878914
0.302150 0.168274 -0.938291
0.443277 0.176115 -0.878914
0.317830 0.121232 -0.940365
0.302150 0.168274 -0.938291
0.035576 0.089870 -0.995318
0.059097 0.050668 -0.996966
-0.003626 0.003626 -0.999987
0.153182 0.105551 -0.982545
0.113980 0.168274 -0.979128
0.255107 0.230997 -0.938915
0.278628 0.191795 -0.941053
0.153182 0.105551 -0.982545
0.255107 0.230997 -0.938915
0.364873 0.340763 -0.866457
0.404075 0.270199 -0.873908
0.278628 0.191795 -0.941053
0.255107 0.230997 -0.938915
0.364873 0.340763 -0.866457
0.278628 0.191795 -0.941053
0.215905 0.301561 -0.928680
0.255107 0.230997 -0.938915
0.113980 0.168274 -0.979128
0.113980 0.168274 -0.979128
0.082619 0.199636 -0.976381
0.168863 0.372125 -0.912693
0.215905 0.301561 -0.928680
0.113980 0.168274 -0.979128
0.168863 0.372125 -0.912693
0.051257 0.246678 -0.967741
0.082619 0.199636 -0.976381
0.035576 0.089870 -0.995318
0.082619 0.199636 -0.976381
0.051257 0.246678 -0.967741
0.145342 0.403486 -0.903369
0.168863 0.372125 -0.912693
0.082619 0.199636 -0.976381
0.145342 0.403486 -0.903369
0.145342 0.403486 -0.903369
0.192384 0.575975 -0.794507
0.168863 0.372125 -0.912693
0.145342 0.623017 -0.768586
0.192384 0.575975 -0.794507
0.145342 0.403486 -0.903369
0.145342 0.623017 -0.768586
0.168863 0.795506 -0.581941
0.192384 0.575975 -0.794507
0.168863 0.795506 -0.581941
0.231586 0.756304 -0.611859
0.192384 0.575975 -0.794507
0.168863 0.795506 -0.581941
0.184544 0.928793 -0.321383
0.231586 0.756304 -0.611859
0.184544 0.928793 -0.321383
0.255107 0.905272 -0.339711
0.231586 0.756304 -0.611859
0.121821 0.450529 -0.884412
0.145342 0.623017 -0.768586
0.145342 0.403486 -0.903369
0.145342 0.403486 -0.903369
0.051257 0.246678 -0.967741
0.121821 0.450529 -0.884412
0.121821 0.450529 -0.884412
0.051257 0.246678 -0.967741
0.066938 0.489731 -0.869300
0.231586 0.756304 -0.611859
0.255107 0.905272 -0.339711
0.317830 0.685741 -0.654785
0.231586 0.756304 -0.611859
0.317830 0.685741 -0.654785
0.239426 0.505411 -0.828996
0.192384 0.575975 -0.794507
0.231586 0.756304 -0.611859
0.239426 0.505411 -0.828996
0.192384 0.575975 -0.794507
0.239426 0.505411 -0.828996
0.168863 0.372125 -0.912693
0.106140 0.944474 -0.310972
0.184544 0.928793 -0.321383
0.168863 0.795506 -0.581941
0.184544 0.928793 -0.321383
0.106140 0.944474 -0.310972
0.113980 0.975835 -0.186424
0.192384 0.967995 -0.161165
0.184544 0.928793 -0.321383
0.113980 0.975835 -0.186424
0.255107 0.905272 -0.339711
0.184544 0.928793 -0.321383
0.192384 0.967995 -0.161165
0.098299 0.826868 -0.553739
0.106140 0.944474 -0.310972
0.168863 0.795506 -0.581941
0.098299 0.826868 -0.553739
0.168863 0.795506 -0.581941
0.145342 0.623017 -0.768586
0.043417 0.952314 -0.302015
0.106140 0.944474 -0.310972
0.098299 0.826868 -0.553739
0.035576 0.842549 -0.537444
0.043417 0.952314 -0.302015
0.098299 0.826868 -0.553739
0.113980 0.975835 -0.186424
0.113980 0.991516 -0.062484
0.192384 0.967995 -0.161165
0.043404 0.999058 0.000000
0.113980 0.991516 -0.062484
0.113980 0.975835 -0.186424
0.043417 0.983676 -0.174634
0.043404 0.999058 0.000000
0.113980 0.975835 -0.186424
0.106140 0.944474 -0.310972
0.043417 0.952314 -0.302015
0.043417 0.983676 -0.174634
0.113980 0.975835 -0.186424
0.106140 0.944474 -0.310972
0.043417 0.983676 -0.174634
0.043417 0.983676 -0.174634
0.043417 0.952314 -0.302015
-0.003626 0.983676 -0.179914
0.043404 0.999058 0.000000
0.043417 0.983676 -0.174634
-0.003626 0.983676 -0.179914
0.043417 0.952314 -0.302015
-0.003626 0.952314 -0.305098
-0.003626 0.983676 -0.179914
-0.003626 0.952314 -0.305098
0.043417 0.952314 -0.302015
0.035576 0.842549 -0.537444
0.113980 0.991516 -0.062484
0.192384 0.975835 -0.103604
0.192384 0.967995 -0.161165
0.192384 0.967995 -0.161165
0.192384 0.975835 -0.103604
0.262948 0.944474 -0.197048
0.192384 0.975835 -0.103604
0.270788 0.960155 -0.069116
0.262948 0.944474 -0.197048
0.192384 0.975835 0.103604
0.192384 0.975835 -0.103604
0.113980 0.991516 -0.062484
0.113980 0.991516 0.062484
0.192384 0.975835 0.103604
0.113980 0.991516 -0.062484
0.113980 0.991516 -0.062484
0.043404 0.999058 0.000000
0.113980 0.991516 0.062484
0.270788 0.960155 -0.069116
0.396234 0.913112 -0.096044
0.262948 0.944474 -0.197048
0.396234 0.913112 -0.096044
0.380554 0.905272 -0.188844
0.262948 0.944474 -0.197048
0.192384 0.975835 -0.103604
0.192384 0.975835 0.103604
0.278628 0.960155 0.021667
0.270788 0.960155 -0.069116
0.192384 0.975835 -0.103604
0.278628 0.960155 0.021667
0.098299 0.826868 -0.553739
0.082619 0.670060 -0.737695
0.035576 0.842549 -0.537444
0.082619 0.670060 -0.737695
0.098299 0.826868 -0.553739
0.145342 0.623017 -0.768586
0.082619 0.670060 -0.737695
0.145342 0.623017 -0.768586
0.121821 0.450529 -0.884412
0.066938 0.489731 -0.869300
0.082619 0.670060 -0.737695
0.121821 0.450529 -0.884412
0.027736 0.685741 -0.727317
0.082619 0.670060 -0.737695
0.066938 0.489731 -0.869300
0.019895 0.497571 -0.867195
0.027736 0.685741 -0.727317
0.066938 0.489731 -0.869300
0.082619 0.670060 -0.737695
0.027736 0.685741 -0.727317
0.035576 0.842549 -0.537444
0.035576 0.842549 -0.537444
0.027736 0.685741 -0.727317
-0.003626 0.842549 -0.538608
0.027736 0.685741 -0.727317
-0.003626 0.685741 -0.727837
-0.003626 0.842549 -0.538608
-0.003626 0.685741 -0.727837
0.027736 0.685741 -0.727317
0.019895 0.497571 -0.867195
-0.003626 0.497571 -0.867416
-0.003626 0.685741 -0.727837
0.019895 0.497571 -0.867195
0.019895 0.497571 -0.867195
0.012055 0.254519 -0.966993
-0.003626 0.497571 -0.867416
0.012055 0.254519 -0.966993
-0.003626 0.254519 -0.967061
-0.003626 0.497571 -0.867416
0.051257 0.246678 -0.967741
0.012055 0.254519 -0.966993
0.019895 0.497571 -0.867195
0.066938 0.489731 -0.869300
0.051257 0.246678 -0.967741
0.019895 0.497571 -0.867195
0.035576 0.089870 -0.995318
0.012055 0.254519 -0.966993
0.051257 0.246678 -0.967741
-0.003626 0.842549 -0.538608
-0.003626 0.952314 -0.305098
0.035576 0.842549 -0.537444
-0.003626 0.254519 -0.967061
0.012055 0.254519 -0.966993
-0.003626 0.105551 -0.994407
-0.003626 0.105551 -0.994407
0.012055 0.254519 -0.966993
0.035576 0.089870 -0.995318
-0.003626 0.685741 -0.727837
-0.027147 0.685741 -0.727340
-0.003626 0.842549 -0.538608
-0.027147 0.685741 -0.727340
-0.034987 0.842549 -0.537483
-0.003626 0.842549 -0.538608
-0.003626 0.952314 -0.305098
-0.003626 0.842549 -0.538608
-0.034987 0.842549 -0.537483
-0.003626 0.254519 -0.967061
-0.011466 0.254519 -0.967000
-0.003626 0.497571 -0.867416
-0.011466 0.254519 -0.967000
-0.019307 0.497571 -0.867208
-0.003626 0.497571 -0.867416
-0.003626 0.685741 -0.727837
-0.003626 0.497571 -0.867416
-0.019307 0.497571 -0.867208
-0.027147 0.685741 -0.727340
-0.003626 0.685741 -0.727837
-0.019307 0.497571 -0.867208
-0.027147 0.685741 -0.727340
-0.019307 0.497571 -0.867208
-0.066349 0.489731 -0.869346
-0.082030 0.670060 -0.737761
-0.027147 0.685741 -0.727340
-0.066349 0.489731 -0.869346
-0.027147 0.685741 -0.727340
-0.082030 0.670060 -0.737761
-0.034987 0.842549 -0.537483
-0.082030 0.670060 -0.737761
-0.066349 0.489731 -0.869346
-0.121232 0.450529 -0.884492
-0.050668 0.246678 -0.967772
-0.121232 0.450529 -0.884492
-0.066349 0.489731 -0.869346
-0.050668 0.246678 -0.967772
-0.066349 0.489731 -0.869346
-0.019307 0.497571 -0.867208
-0.011466 0.254519 -0.967000
-0.050668 0.246678 -0.967772
-0.019307 0.497571 -0.867208
-0.011466 0.254519 -0.967000
-0.034987 0.089870 -0.995339
-0.050668 0.246678 -0.967772
-0.152593 0.623017 -0.767180
-0.082030 0.670060 -0.737761
-0.121232 0.450529 -0.884492
-0.152593 0.623017 -0.767180
-0.121232 0.450529 -0.884492
-0.144753 0.403486 -0.903463
-0.050668 0.246678 -0.967772
-0.144753 0.403486 -0.903463
-0.121232 0.450529 -0.884492
-0.050668 0.246678 -0.967772
-0.082030 0.199636 -0.976431
-0.144753 0.403486 -0.903463
-0.191795 0.575975 -0.794649
-0.152593 0.623017 -0.767180
-0.144753 0.403486 -0.903463
-0.168274 0.795506 -0.582111
-0.152593 0.623017 -0.767180
-0.191795 0.575975 -0.794649
-0.230997 0.756304 -0.612082
-0.168274 0.795506 -0.582111
-0.191795 0.575975 -0.794649
-0.183955 0.928793 -0.321721
-0.168274 0.795506 -0.582111
-0.230997 0.756304 -0.612082
-0.254519 0.905272 -0.340152
-0.183955 0.928793 -0.321721
-0.230997 0.756304 -0.612082
-0.254519 0.905272 -0.340152
-0.230997 0.756304 -0.612082
-0.317242 0.685741 -0.655071
-0.364284 0.842549 -0.396748
-0.254519 0.905272 -0.340152
-0.317242 0.685741 -0.655071
-0.364284 0.842549 -0.396748
-0.317242 0.685741 -0.655071
-0.411327 0.583815 -0.699979
-0.505411 0.740623 -0.442760
-0.364284 0.842549 -0.396748
-0.411327 0.583815 -0.699979
-0.411327 0.583815 -0.699979
-0.317242 0.685741 -0.655071
-0.309401 0.427007 -0.849668
-0.317242 0.685741 -0.655071
-0.238838 0.505411 -0.829166
-0.309401 0.427007 -0.849668
-0.230997 0.756304 -0.612082
-0.191795 0.575975 -0.794649
-0.238838 0.505411 -0.829166
-0.317242 0.685741 -0.655071
-0.230997 0.756304 -0.612082
-0.238838 0.505411 -0.829166
-0.309401 0.427007 -0.849668
-0.238838 0.505411 -0.829166
-0.215317 0.301561 -0.928816
-0.238838 0.505411 -0.829166
-0.176115 0.372125 -0.911322
-0.215317 0.301561 -0.928816
-0.191795 0.575975 -0.794649
-0.144753 0.403486 -0.903463
-0.176115 0.372125 -0.911322
-0.238838 0.505411 -0.829166
-0.191795 0.575975 -0.794649
-0.176115 0.372125 -0.911322
-0.082030 0.199636 -0.976431
-0.176115 0.372125 -0.911322
-0.144753 0.403486 -0.903463
-0.254519 0.905272 -0.340152
-0.364284 0.842549 -0.396748
-0.262359 0.944474 -0.197831
-0.364284 0.842549 -0.396748
-0.379965 0.905272 -0.190025
-0.262359 0.944474 -0.197831
-0.364284 0.842549 -0.396748
-0.505411 0.740623 -0.442760
-0.379965 0.905272 -0.190025
-0.505411 0.740623 -0.442760
-0.411327 0.583815 -0.699979
-0.489731 0.466209 -0.736758
-0.630858 0.615177 -0.472838
-0.505411 0.740623 -0.442760
-0.489731 0.466209 -0.736758
-0.630858 0.615177 -0.472838
-0.701421 0.685741 -0.194340
-0.505411 0.740623 -0.442760
-0.701421 0.685741 -0.194340
-0.552454 0.811187 -0.191757
-0.505411 0.740623 -0.442760
-0.505411 0.740623 -0.442760
-0.552454 0.811187 -0.191757
-0.379965 0.905272 -0.190025
-0.552454 0.811187 -0.191757
-0.566301 0.824199 0.000000
-0.379965 0.905272 -0.190025
-0.566301 0.824199 0.000000
-0.395646 0.913112 -0.098440
-0.379965 0.905272 -0.190025
-0.379965 0.905272 -0.190025
-0.395646 0.913112 -0.098440
-0.262359 0.944474 -0.197831
-0.714880 0.699247 0.000000
-0.566301 0.824199 0.000000
-0.552454 0.811187 -0.191757
-0.701421 0.685741 -0.194340
-0.714880 0.699247 0.000000
-0.552454 0.811187 -0.191757
-0.714880 0.699247 0.000000
-0.709262 0.693581 0.126068
-0.566301 0.824199 0.000000
-0.709262 0.693581 0.126068
-0.575241 0.817984 0.000000
-0.566301 0.824199 0.000000
-0.395646 0.913112 -0.098440
-0.566301 0.824199 0.000000
-0.575241 0.817984 0.000000
-0.583815 0.795506 0.162264
-0.575241 0.817984 0.000000
-0.709262 0.693581 0.126068
-0.575241 0.817984 0.000000
-0.583815 0.795506 0.162264
-0.411327 0.905272 0.106270
-0.411327 0.905272 0.106270
-0.395646 0.913112 -0.098440
-0.575241 0.817984 0.000000
-0.583815 0.795506 0.162264
-0.419167 0.897431 0.137535
-0.411327 0.905272 0.106270
-0.395646 0.913112 -0.098440
-0.411327 0.905272 0.106270
-0.270199 0.960155 -0.071383
-0.395646 0.913112 -0.098440
-0.270199 0.960155 -0.071383
-0.262359 0.944474 -0.197831
-0.270199 0.960155 -0.071383
-0.191795 0.975835 -0.104690
-0.262359 0.944474 -0.197831
-0.191795 0.975835 -0.104690
-0.191795 0.967995 -0.161865
-0.262359 0.944474 -0.197831
-0.411327 0.905272 0.106270
-0.278040 0.960155 0.028233
-0.270199 0.960155 -0.071383
-0.411327 0.905272 0.106270
-0.419167 0.897431 0.137535
-0.278040 0.960155 0.028233
-0.191795 0.975835 -0.104690
-0.270199 0.960155 -0.071383
-0.278040 0.960155 0.028233
-0.714880 0.699247 0.000000
-0.701421 0.685741 -0.194340
-0.803347 0.568135 -0.178487
-0.817984 0.575241 0.000000
-0.714880 0.699247 0.000000
-0.803347 0.568135 -0.178487
-0.714880 0.699247 0.000000
-0.817984 0.575241 0.000000
-0.709262 0.693581 0.126068
-0.889591 0.450529 -0.075179
-0.817984 0.575241 0.000000
-0.803347 0.568135 -0.178487
-0.866070 0.450529 -0.216673
-0.889591 0.450529 -0.075179
-0.803347 0.568135 -0.178487
-0.934610 0.355674 0.000000
-0.889591 0.450529 -0.075179
-0.866070 0.450529 -0.216673
-0.934610 0.355674 0.000000
-0.928793 0.348603 0.125775
-0.889591 0.450529 -0.075179
-0.928793 0.348603 0.125775
-0.889591 0.450529 0.075179
-0.889591 0.450529 -0.075179
-0.817984 0.575241 0.000000
-0.889591 0.450529 -0.075179
-0.889591 0.450529 0.075179
-0.913112 0.356444 -0.197924
-0.934610 0.355674 0.000000
-0.866070 0.450529 -0.216673
-0.960155 0.270199 -0.071383
-0.934610 0.355674 0.000000
-0.913112 0.356444 -0.197924
-0.944474 0.270199 -0.186980
-0.960155 0.270199 -0.071383
-0.913112 0.356444 -0.197924
-0.913112 0.356444 -0.197924
-0.866070 0.450529 -0.216673
-0.771985 0.411327 -0.484613
-0.811187 0.332923 -0.480769
-0.913112 0.356444 -0.197924
-0.771985 0.411327 -0.484613
-0.913112 0.356444 -0.197924
-0.811187 0.332923 -0.480769
-0.944474 0.270199 -0.186980
-0.989511 0.144460 0.000000
-0.960155 0.270199 -0.071383
-0.944474 0.270199 -0.186980
-0.960155 0.160434 -0.228832
-0.989511 0.144460 0.000000
-0.944474 0.270199 -0.186980
-0.960155 0.160434 -0.228832
-0.944474 0.270199 -0.186980
-0.842549 0.246678 -0.478813
-0.811187 0.332923 -0.480769
-0.842549 0.246678 -0.478813
-0.944474 0.270199 -0.186980
-0.842549 0.246678 -0.478813
-0.811187 0.332923 -0.480769
-0.630858 0.176115 -0.755647
-0.811187 0.332923 -0.480769
-0.607337 0.254519 -0.752571
-0.630858 0.176115 -0.755647
-0.630858 0.176115 -0.755647
-0.607337 0.254519 -0.752571
-0.450529 0.105551 -0.886500
-0.607337 0.254519 -0.752571
-0.442688 0.176115 -0.879210
-0.450529 0.105551 -0.886500
-0.450529 0.105551 -0.886500
-0.442688 0.176115 -0.879210
-0.340763 0.074189 -0.937217
-0.442688 0.176115 -0.879210
-0.317242 0.121232 -0.940564
-0.340763 0.074189 -0.937217
-0.340763 0.074189 -0.937217
-0.317242 0.121232 -0.940564
-0.191795 0.058509 -0.979689
-0.317242 0.121232 -0.940564
-0.176115 0.089870 -0.980259
-0.191795 0.058509 -0.979689
-0.850389 0.136913 -0.508029
-0.960155 0.160434 -0.228832
-0.842549 0.246678 -0.478813
-0.850389 0.136913 -0.508029
-0.842549 0.246678 -0.478813
-0.630858 0.176115 -0.755647
-0.630858 0.089870 -0.770676
-0.850389 0.136913 -0.508029
-0.630858 0.176115 -0.755647
-0.630858 0.089870 -0.770676
-0.630858 0.176115 -0.755647
-0.450529 0.105551 -0.886500
-0.450529 0.042828 -0.891734
-0.630858 0.089870 -0.770676
-0.450529 0.105551 -0.886500
-0.450529 0.042828 -0.891734
-0.450529 0.105551 -0.886500
-0.340763 0.074189 -0.937217
-0.348603 0.019307 -0.937071
-0.450529 0.042828 -0.891734
-0.340763 0.074189 -0.937217
-0.348603 0.019307 -0.937071
-0.340763 0.074189 -0.937217
-0.191795 0.058509 -0.979689
-0.207476 0.019307 -0.978050
-0.348603 0.019307 -0.937071
-0.191795 0.058509 -0.979689
-0.207476 0.019307 -0.978050
-0.191795 0.058509 -0.979689
-0.082030 0.027147 -0.996260
-0.442688 0.176115 -0.879210
-0.607337 0.254519 -0.752571
-0.419167 0.230997 -0.878031
-0.607337 0.254519 -0.752571
-0.575975 0.317242 -0.753399
-0.419167 0.230997 -0.878031
-0.575975 0.317242 -0.753399
-0.544613 0.379965 -0.747678
-0.419167 0.230997 -0.878031
-0.717102 0.497571 -0.488045
-0.544613 0.379965 -0.747678
-0.575975 0.317242 -0.753399
-0.771985 0.411327 -0.484613
-0.717102 0.497571 -0.488045
-0.575975 0.317242 -0.753399
-0.544613 0.379965 -0.747678
-0.403486 0.270199 -0.874180
-0.419167 0.230997 -0.878031
-0.419167 0.230997 -0.878031
-0.403486 0.270199 -0.874180
-0.301561 0.168274 -0.938480
-0.317242 0.121232 -0.940564
-0.301561 0.168274 -0.938480
-0.176115 0.089870 -0.980259
-0.403486 0.270199 -0.874180
-0.278040 0.191795 -0.941227
-0.301561 0.168274 -0.938480
-0.301561 0.168274 -0.938480
-0.278040 0.191795 -0.941227
-0.152594 0.105551 -0.982636
-0.301561 0.168274 -0.938480
-0.152594 0.105551 -0.982636
-0.176115 0.089870 -0.980259
-0.176115 0.089870 -0.980259
-0.152594 0.105551 -0.982636
-0.058509 0.050668 -0.997000
-0.152594 0.105551 -0.982636
-0.034987 0.089870 -0.995339
-0.058509 0.050668 -0.997000
-0.152594 0.105551 -0.982636
-0.113392 0.168274 -0.979197
-0.034987 0.089870 -0.995339
-0.082030 0.199636 -0.976431
-0.034987 0.089870 -0.995339
-0.113392 0.168274 -0.979197
-0.811187 0.332923 -0.480769
-0.771985 0.411327 -0.484613
-0.575975 0.317242 -0.753399
-0.607337 0.254519 -0.752571
-0.811187 0.332923 -0.480769
-0.575975 0.317242 -0.753399
-0.442688 0.176115 -0.879210
-0.419167 0.230997 -0.878031
-0.301561 0.168274 -0.938480
-0.317242 0.121232 -0.940564
-0.442688 0.176115 -0.879210
-0.301561 0.168274 -0.938480
-0.058509 0.050668 -0.997000
-0.034987 0.089870 -0.995339
-0.003626 0.003626 -0.999987
-0.717102 0.497571 -0.488045
-0.771985 0.411327 -0.484613
-0.866070 0.450529 -0.216673
-0.803347 0.568135 -0.178487
-0.717102 0.497571 -0.488045
-0.866070 0.450529 -0.216673
-0.152594 0.105551 -0.982636
-0.278040 0.191795 -0.941227
-0.254519 0.230997 -0.939074
-0.113392 0.168274 -0.979197
-0.152594 0.105551 -0.982636
-0.254519 0.230997 -0.939074
-0.364284 0.340763 -0.866705
-0.254519 0.230997 -0.939074
-0.278040 0.191795 -0.941227
-0.364284 0.340763 -0.866705
-0.309401 0.427007 -0.849668
-0.254519 0.230997 -0.939074
-0.411327 0.583815 -0.699979
-0.309401 0.427007 -0.849668
-0.364284 0.340763 -0.866705
-0.489731 0.466209 -0.736758
-0.411327 0.583815 -0.699979
-0.364284 0.340763 -0.866705
-0.309401 0.427007 -0.849668
-0.215317 0.301561 -0.928816
-0.254519 0.230997 -0.939074
-0.254519 0.230997 -0.939074
-0.215317 0.301561 -0.928816
-0.113392 0.168274 -0.979197
-0.489731 0.466209 -0.736758
-0.364284 0.340763 -0.866705
-0.403486 0.270199 -0.874180
-0.544613 0.379965 -0.747678
-0.489731 0.466209 -0.736758
-0.403486 0.270199 -0.874180
-0.630858 0.615177 -0.472838
-0.489731 0.466209 -0.736758
-0.544613 0.379965 -0.747678
-0.717102 0.497571 -0.488045
-0.630858 0.615177 -0.472838
-0.544613 0.379965 -0.747678
-0.403486 0.270199 -0.874180
-0.364284 0.340763 -0.866705
-0.278040 0.191795 -0.941227
-0.717102 0.497571 -0.488045
-0.803347 0.568135 -0.178487
-0.701421 0.685741 -0.194340
-0.630858 0.615177 -0.472838
-0.717102 0.497571 -0.488045
-0.701421 0.685741 -0.194340
-0.113392 0.168274 -0.979197
-0.215317 0.301561 -0.928816
-0.176115 0.372125 -0.911322
-0.082030 0.199636 -0.976431
-0.113392 0.168274 -0.979197
-0.176115 0.372125 -0.911322
-0.082030 0.199636 -0.976431
-0.050668 0.246678 -0.967772
-0.034987 0.089870 -0.995339
-0.034987 0.089870 -0.995339
-0.003626 0.105551 -0.994407
-0.003626 0.003626 -0.999987
-0.011466 0.254519 -0.967000
-0.003626 0.254519 -0.967061
-0.003626 0.105551 -0.994407
-0.011466 0.254519 -0.967000
-0.003626 0.105551 -0.994407
-0.034987 0.089870 -0.995339
-0.873910 0.207476 0.439585
-0.826868 -0.035576 0.561270
-0.826868 -0.035576 0.561270
-0.873910 0.199636 0.443200
-0.873910 0.207476 0.439585
-0.826868 -0.035576 0.561270
-0.826868 0.481890 0.289951
-0.873910 0.207476 0.439585
-0.873910 0.199636 0.443200
-0.826868 0.458369 0.325864
-0.826868 0.481890 0.289951
-0.873910 0.199636 0.443200
-0.826868 -0.035576 0.561270
-0.826868 -0.035576 0.561270
-0.724943 -0.231586 0.648711
-0.826868 -0.035576 0.561270
-0.724943 -0.231586 0.648711
-0.724943 -0.231586 0.648711
-0.826868 -0.035576 0.561270
-0.826868 -0.035576 0.561270
-0.873910 0.199636 0.443200
-0.826868 -0.035576 0.561270
-0.866070 0.199636 0.458332
-0.873910 0.199636 0.443200
-0.873910 0.199636 0.443200
-0.866070 0.199636 0.458332
-0.826868 0.458369 0.325864
-0.826868 -0.035576 0.561270
-0.826868 -0.035576 0.561270
-0.866070 0.199636 0.458332
-0.826868 -0.035576 0.561270
-0.866070 0.207476 0.454837
-0.866070 0.199636 0.458332
-0.826868 -0.035576 0.561270
-0.826868 -0.035576 0.561270
-0.866070 0.207476 0.454837
-0.826868 -0.035576 0.561270
-0.866070 0.215317 0.451178
-0.866070 0.207476 0.454837
-0.826868 -0.035576 0.561270
-0.826868 -0.035576 0.561270
-0.866070 0.215317 0.451178
-0.826868 -0.035576 0.561270
-0.866070 0.230997 0.443355
-0.866070 0.215317 0.451178
-0.826868 -0.035576 0.561270
-0.826868 -0.035576 0.561270
-0.866070 0.230997 0.443355
-0.826868 -0.035576 0.561270
-0.866070 0.230997 0.443355
-0.866070 0.230997 0.443355
-0.866070 0.230997 0.443355
-0.858229 0.348603 0.376720
-0.866070 0.230997 0.443355
-0.858229 0.348603 0.376720
-0.858229 0.356444 0.369310
-0.866070 0.230997 0.443355
-0.826868 -0.035576 0.561270
-0.826868 -0.035576 0.561270
-0.724943 -0.231586 0.648711
-0.724943 -0.231586 0.648711
-0.826868 -0.035576 0.561270
-0.826868 -0.035576 0.561270
-0.724943 -0.231586 0.648711
-0.826868 -0.035576 0.561270
-0.724943 -0.231586 0.648711
-0.136913 -0.600085 0.788133
-0.724943 -0.231586 0.648711
-0.724943 -0.231586 0.648711
-0.136913 -0.600085 0.788133
-0.136913 -0.600085 0.788133
-0.724943 -0.231586 0.648711
-0.866070 0.230997 0.443355
-0.858229 0.356444 0.369310
-0.850389 0.379965 0.363958
-0.866070 0.215317 0.451178
-0.866070 0.230997 0.443355
-0.850389 0.379965 0.363958
-0.748464 0.599496 0.283560
-0.850389 0.379965 0.363958
-0.858229 0.356444 0.369310
-0.748464 0.591656 0.299576
-0.748464 0.599496 0.283560
-0.858229 0.356444 0.369310
-0.858229 0.356444 0.369310
-0.858229 0.348603 0.376720
-0.748464 0.591656 0.299576
-0.136913 -0.600085 0.788133
-0.724943 -0.231586 0.648711
-0.724943 -0.231586 0.648711
-0.724943 -0.231586 0.648711
-0.724943 -0.231586 0.648711
-0.826868 -0.035576 0.561270
-0.136913 -0.600085 0.788133
-0.136913 -0.600085 0.788133
-0.724943 -0.231586 0.648711
-0.748464 0.599496 0.283560
-0.740623 0.623017 0.251647
-0.850389 0.379965 0.363958
-0.740623 0.623017 0.251647
-0.842549 0.411327 0.347739
-0.850389 0.379965 0.363958
-0.866070 0.215317 0.451178
-0.850389 0.379965 0.363958
-0.842549 0.411327 0.347739
-0.866070 0.207476 0.454837
-0.866070 0.215317 0.451178
-0.842549 0.411327 0.347739
-0.136913 -0.600085 0.788133
-0.724943 -0.231586 0.648711
-0.724943 -0.231586 0.648711
-0.136913 -0.600085 0.788133
-0.136913 -0.600085 0.788133
-0.724943 -0.231586 0.648711
-0.724943 -0.231586 0.648711
-0.724943 -0.231586 0.648711
-0.826868 -0.035576 0.561270
-0.724943 -0.231586 0.648711
-0.826868 -0.035576 0.561270
-0.826868 -0.035576 0.561270
-0.740623 0.623017 0.251647
-0.724943 0.646539 0.237584
-0.842549 0.411327 0.347739
-0.724943 0.646539 0.237584
-0.834708 0.434848 0.337890
-0.842549 0.411327 0.347739
-0.866070 0.207476 0.454837
-0.842549 0.411327 0.347739
-0.834708 0.434848 0.337890
-0.866070 0.199636 0.458332
-0.866070 0.207476 0.454837
-0.834708 0.434848 0.337890
-0.136913 -0.600085 0.788133
-0.724943 -0.231586 0.648711
-0.724943 -0.231586 0.648711
-0.136913 -0.600085 0.788133
-0.136913 -0.600085 0.788133
-0.724943 -0.231586 0.648711
-0.724943 -0.231586 0.648711
-0.826868 -0.035576 0.561270
-0.826868 -0.035576 0.561270
-0.724943 -0.231586 0.648711
-0.724943 -0.231586 0.648711
-0.826868 -0.035576 0.561270
-0.724943 0.646539 0.237584
-0.724943 0.654379 0.215050
-0.834708 0.434848 0.337890
-0.724943 0.654379 0.215050
-0.826868 0.458369 0.325864
-0.834708 0.434848 0.337890
-0.866070 0.199636 0.458332
-0.834708 0.434848 0.337890
-0.826868 0.458369 0.325864
-0.136913 -0.600085 0.788133
-0.724943 -0.231586 0.648711
-0.724943 -0.231586 0.648711
-0.136913 -0.600085 0.788133
-0.136913 -0.600085 0.788133
-0.724943 -0.231586 0.648711
-0.724943 -0.231586 0.648711
-0.826868 -0.035576 0.561270
-0.826868 -0.035576 0.561270
-0.724943 -0.231586 0.648711
-0.724943 -0.231586 0.648711
-0.826868 -0.035576 0.561270
-0.724943 0.654379 0.215050
-0.732783 0.646539 0.212172
-0.826868 0.458369 0.325864
-0.732783 0.646539 0.212172
-0.826868 0.481890 0.289951
-0.826868 0.458369 0.325864
-0.136913 -0.600085 0.788133
-0.724943 -0.231586 0.648711
-0.136913 -0.600085 0.788133
-0.724943 -0.231586 0.648711
-0.724943 -0.231586 0.648711
-0.136913 -0.600085 0.788133
-0.340763 0.920953 0.189016
-0.724943 0.654379 0.215050
-0.724943 0.646539 0.237584
-0.724943 0.654379 0.215050
-0.340763 0.920953 0.189016
-0.732783 0.646539 0.212172
-0.325082 0.936633 0.130536
-0.340763 0.920953 0.189016
-0.724943 0.646539 0.237584
0.223746 0.967995 0.113683
-0.340763 0.920953 0.189016
-0.325082 0.936633 0.130536
0.223746 0.967995 0.113683
0.223746 0.967995 0.113683
-0.325082 0.936633 0.130536
0.223746 0.967995 0.113683
-0.325082 0.936633 0.130536
-0.325082 0.928793 0.177947
0.223746 0.967995 0.113683
0.223746 0.967995 0.113683
-0.325082 0.928793 0.177947
0.223746 0.967995 0.113683
-0.325082 0.928793 0.177947
-0.301561 0.936633 0.178266
0.223746 0.967995 0.113683
0.223746 0.967995 0.113683
-0.301561 0.936633 0.178266
0.223746 0.967995 0.113683
-0.301561 0.936633 0.178266
-0.285880 0.944474 0.161993
0.223746 0.967995 0.113683
0.223746 0.967995 0.113683
-0.285880 0.944474 0.161993
-0.285880 0.944474 0.161993
-0.278040 0.944474 0.175109
0.223746 0.967995 0.113683
-0.278040 0.944474 0.175109
0.223746 0.967995 0.113683
0.223746 0.967995 0.113683
-0.278040 0.944474 0.175109
-0.285880 0.944474 0.161993
-0.748464 0.591656 0.299576
-0.285880 0.944474 0.161993
-0.301561 0.936633 0.178266
-0.748464 0.591656 0.299576
-0.740623 0.591656 0.318466
-0.278040 0.944474 0.175109
-0.748464 0.591656 0.299576
0.223746 0.967995 0.113683
0.223746 0.967995 0.113683
0.529521 0.834708 0.151227
0.223746 0.967995 0.113683
0.529521 0.834708 0.151227
0.223746 0.967995 0.113683
0.223746 0.967995 0.113683
0.529521 0.834708 0.151227
0.529521 0.834708 0.151227
0.529521 0.834708 0.151227
0.529521 0.834708 0.151227
0.223746 0.967995 0.113683
0.223746 0.967995 0.113683
0.529521 0.834708 0.151227
0.223746 0.967995 0.113683
0.529521 0.834708 0.151227
0.529521 0.834708 0.151227
0.741212 0.646539 0.180534
0.529521 0.834708 0.151227
0.529521 0.834708 0.151227
0.741212 0.646539 0.180534
0.529521 0.834708 0.151227
0.741212 0.646539 0.180534
0.741212 0.646539 0.180534
0.741212 0.646539 0.180534
0.741212 0.646539 0.180534
0.866658 0.450529 0.214306
0.741212 0.646539 0.180534
0.866658 0.450529 0.214306
0.866658 0.450529 0.214306
0.866658 0.450529 0.214306
0.866658 0.450529 0.214306
0.921541 0.293721 0.253949
0.866658 0.450529 0.214306
0.921541 0.293721 0.253949
0.921541 0.293721 0.253949
0.921541 0.293721 0.253949
0.921541 0.293721 0.253949
0.937222 0.042828 0.346094
0.921541 0.293721 0.253949
0.937222 0.042828 0.346094
0.937222 0.042828 0.346094
0.937222 0.042828 0.346094
0.874499 -0.223746 0.430337
0.937222 0.042828 0.346094
0.874499 -0.223746 0.430337
0.874499 -0.231586 0.426169
0.937222 0.042828 0.346094
0.874499 -0.231586 0.426169
0.874499 -0.223746 0.430337
0.662808 -0.513840 0.544659
0.874499 -0.223746 0.430337
0.662808 -0.513840 0.544659
0.662808 -0.513840 0.544659
0.741212 0.646539 0.180534
0.741212 0.646539 0.180534
0.866658 0.450529 0.214306
0.741212 0.646539 0.180534
0.529521 0.834708 0.151227
0.741212 0.646539 0.180534
0.866658 0.450529 0.214306
0.741212 0.646539 0.180534
0.866658 0.450529 0.214306
0.866658 0.450529 0.214306
0.866658 0.450529 0.214306
0.921541 0.293721 0.253949
0.874499 -0.239426 0.421814
0.874499 -0.231586 0.426169
0.662808 -0.513840 0.544659
0.662808 -0.513840 0.544659
0.874499 -0.239426 0.421814
0.662808 -0.513840 0.544659
0.921541 0.293721 0.253949
0.866658 0.450529 0.214306
0.921541 0.293721 0.253949
0.921541 0.293721 0.253949
0.921541 0.293721 0.253949
0.937222 0.042828 0.346094
0.937222 0.027147 0.347675
0.937222 0.042828 0.346094
0.874499 -0.231586 0.426169
0.874499 -0.239426 0.421814
0.937222 0.027147 0.347675
0.874499 -0.231586 0.426169
0.937222 0.027147 0.347675
0.921541 0.293721 0.253949
0.937222 0.042828 0.346094
0.741212 0.654379 0.149642
0.741212 0.646539 0.180534
0.866658 0.450529 0.214306
0.866658 0.450529 0.214306
0.741212 0.654379 0.149642
0.866658 0.450529 0.214306
0.866658 0.450529 0.214306
0.866658 0.450529 0.214306
0.921541 0.293721 0.253949
0.874499 -0.247267 0.417266
0.874499 -0.239426 0.421814
0.662808 -0.513840 0.544659
0.662808 -0.513840 0.544659
0.874499 -0.247267 0.417266
0.662808 -0.513840 0.544659
0.921541 0.285880 0.262744
0.866658 0.450529 0.214306
0.921541 0.293721 0.253949
0.921541 0.285880 0.262744
0.921541 0.293721 0.253949
0.937222 0.027147 0.347675
0.741212 0.654379 0.149642
0.529521 0.842549 0.098585
0.741212 0.646539 0.180534
0.529521 0.842549 0.098585
0.529521 0.834708 0.151227
0.741212 0.646539 0.180534
0.529521 0.834708 0.151227
0.529521 0.842549 0.098585
0.223746 0.967995 0.113683
0.937222 0.019307 0.348199
0.937222 0.027147 0.347675
0.874499 -0.239426 0.421814
0.874499 -0.247267 0.417266
0.937222 0.019307 0.348199
0.874499 -0.239426 0.421814
0.937222 0.019307 0.348199
0.921541 0.285880 0.262744
0.937222 0.027147 0.347675
0.223746 0.967995 0.113683
0.529521 0.842549 0.098585
0.223746 0.967995 0.113683
0.529521 0.842549 0.098585
0.513840 0.850389 0.113166
0.223746 0.967995 0.113683
0.513840 0.850389 0.113166
0.529521 0.842549 0.098585
0.741212 0.654379 0.149642
0.733372 0.662219 0.153726
0.741212 0.654379 0.149642
0.866658 0.450529 0.214306
0.733372 0.662219 0.153726
0.513840 0.850389 0.113166
0.741212 0.654379 0.149642
0.874499 0.442688 0.198189
0.733372 0.662219 0.153726
0.866658 0.450529 0.214306
0.874499 0.442688 0.198189
0.866658 0.450529 0.214306
0.921541 0.285880 0.262744
0.874499 -0.247267 0.417266
0.874499 -0.247267 0.417266
0.662808 -0.513840 0.544659
0.662808 -0.513840 0.544659
0.874499 -0.247267 0.417266
0.662808 -0.513840 0.544659
0.929382 0.278040 0.242783
0.874499 0.442688 0.198189
0.921541 0.285880 0.262744
0.929382 0.278040 0.242783
0.921541 0.285880 0.262744
0.937222 0.019307 0.348199
0.937222 0.019307 0.348199
0.937222 0.019307 0.348199
0.874499 -0.247267 0.417266
0.874499 -0.247267 0.417266
0.937222 0.019307 0.348199
0.874499 -0.247267 0.417266
0.937222 0.019307 0.348199
0.929382 0.278040 0.242783
0.937222 0.019307 0.348199
0.223746 0.967995 0.113683
0.513840 0.850389 0.113166
0.223746 0.967995 0.113683
0.513840 0.850389 0.113166
0.513840 0.850389 0.113166
0.223746 0.967995 0.113683
0.513840 0.850389 0.113166
0.513840 0.850389 0.113166
0.733372 0.662219 0.153726
0.725531 0.670060 0.156921
0.733372 0.662219 0.153726
0.874499 0.442688 0.198189
0.725531 0.670060 0.156921
0.513840 0.850389 0.113166
0.733372 0.662219 0.153726
0.874499 0.442688 0.198189
0.725531 0.670060 0.156921
0.874499 0.442688 0.198189
0.874499 0.442688 0.198189
0.874499 0.442688 0.198189
0.929382 0.278040 0.242783
0.874499 -0.247267 0.417266
0.874499 -0.247267 0.417266
0.662808 -0.513840 0.544659
0.662808 -0.513840 0.544659
0.874499 -0.247267 0.417266
0.662808 -0.513840 0.544659
0.921541 0.270199 0.278844
0.874499 0.442688 0.198189
0.929382 0.278040 0.242783
0.921541 0.270199 0.278844
0.929382 0.278040 0.242783
0.937222 0.019307 0.348199
0.937222 0.011466 0.348545
0.937222 0.019307 0.348199
0.874499 -0.247267 0.417266
0.874499 -0.247267 0.417266
0.937222 0.011466 0.348545
0.874499 -0.247267 0.417266
0.937222 0.011466 0.348545
0.921541 0.270199 0.278844
0.937222 0.019307 0.348199
0.223746 0.967995 0.113683
0.513840 0.850389 0.113166
0.231586 0.967995 0.096715
-0.340763 0.920953 0.189016
0.223746 0.967995 0.113683
0.231586 0.967995 0.096715
-0.356444 0.913112 0.197924
-0.340763 0.920953 0.189016
0.231586 0.967995 0.096715
0.513840 0.850389 0.113166
0.506000 0.850389 0.144231
0.231586 0.967995 0.096715
0.513840 0.850389 0.113166
0.725531 0.670060 0.156921
0.506000 0.850389 0.144231
0.725531 0.670060 0.156921
0.874499 0.442688 0.198189
0.866658 0.458369 0.196980
0.874499 0.442688 0.198189
0.921541 0.270199 0.278844
0.866658 0.458369 0.196980
0.725531 0.670060 0.156921
0.725531 0.670060 0.156921
0.866658 0.458369 0.196980
0.725531 0.670060 0.156921
0.725531 0.670060 0.156921
0.506000 0.850389 0.144231
0.874499 -0.247267 0.417266
0.662808 -0.513840 0.544659
0.662808 -0.513840 0.544659
0.874499 -0.239426 0.421814
0.874499 -0.247267 0.417266
0.662808 -0.513840 0.544659
0.921541 0.270199 0.278844
0.921541 0.270199 0.278844
0.866658 0.458369 0.196980
0.921541 0.270199 0.278844
0.937222 0.011466 0.348545
0.921541 0.270199 0.278844
0.874499 -0.247267 0.417266
0.874499 -0.239426 0.421814
0.937222 -0.012055 0.348525
0.937222 0.011466 0.348545
0.874499 -0.247267 0.417266
0.937222 -0.012055 0.348525
0.937222 0.011466 0.348545
0.937222 -0.012055 0.348525
0.921541 0.270199 0.278844
-0.340763 0.920953 0.189016
-0.356444 0.913112 0.197924
-0.732783 0.646539 0.212172
-0.356444 0.913112 0.197924
0.231586 0.967995 0.096715
0.231586 0.967995 0.096715
0.231586 0.967995 0.096715
0.231586 0.967995 0.096715
0.506000 0.850389 0.144231
-0.372125 0.913112 0.166581
-0.356444 0.913112 0.197924
0.231586 0.967995 0.096715
-0.732783 0.646539 0.212172
-0.356444 0.913112 0.197924
-0.372125 0.913112 0.166581
0.506000 0.850389 0.144231
0.231586 0.967995 0.096715
0.506000 0.850389 0.144231
0.506000 0.850389 0.144231
0.506000 0.850389 0.144231
0.725531 0.670060 0.156921
0.231586 0.967995 0.096715
0.506000 0.850389 0.144231
0.223746 0.967995 0.113683
0.231586 0.967995 0.096715
0.223746 0.967995 0.113683
-0.372125 0.913112 0.166581
-0.372125 0.913112 0.166581
0.223746 0.967995 0.113683
-0.042828 0.944474 0.325784
0.506000 0.850389 0.144231
0.513840 0.850389 0.113166
0.223746 0.967995 0.113683
0.513840 0.850389 0.113166
0.506000 0.850389 0.144231
0.725531 0.670060 0.156921
0.725531 0.670060 0.156921
0.725531 0.670060 0.156921
0.866658 0.458369 0.196980
0.725531 0.670060 0.156921
0.506000 0.850389 0.144231
0.725531 0.670060 0.156921
0.725531 0.662219 0.187270
0.513840 0.850389 0.113166
0.725531 0.670060 0.156921
0.725531 0.662219 0.187270
0.725531 0.670060 0.156921
0.858818 0.466209 0.212322
0.858818 0.466209 0.212322
0.725531 0.670060 0.156921
0.866658 0.458369 0.196980
0.858818 0.466209 0.212322
0.866658 0.458369 0.196980
0.921541 0.270199 0.278844
0.866658 0.458369 0.196980
0.725531 0.662219 0.187270
0.858818 0.466209 0.212322
0.866658 0.458369 0.196980
0.858818 0.466209 0.212322
0.929382 0.262359 0.259649
0.929382 0.262359 0.259649
0.858818 0.466209 0.212322
0.921541 0.270199 0.278844
0.929382 0.262359 0.259649
0.921541 0.270199 0.278844
0.937222 -0.012055 0.348525
0.929382 0.262359 0.259649
0.866658 0.458369 0.196980
0.929382 0.262359 0.259649
0.929382 0.262359 0.259649
0.929382 0.262359 0.259649
0.937222 -0.012055 0.348525
0.937222 -0.012055 0.348525
0.929382 0.262359 0.259649
0.937222 -0.012055 0.348525
0.937222 0.003626 0.348714
0.929382 0.262359 0.259649
0.937222 -0.012055 0.348525
0.937222 0.003626 0.348714
0.937222 -0.012055 0.348525
0.874499 -0.239426 0.421814
0.866658 -0.231586 0.441895
0.937222 0.003626 0.348714
0.874499 -0.239426 0.421814
0.866658 -0.231586 0.441895
0.874499 -0.239426 0.421814
0.670648 -0.506000 0.542397
0.702010 -0.411915 0.580954
0.866658 -0.231586 0.441895
0.670648 -0.506000 0.542397
0.223746 0.967995 0.113683
0.270788 0.952314 0.140612
-0.042828 0.944474 0.325784
0.223746 0.967995 0.113683
0.513840 0.850389 0.113166
0.270788 0.952314 0.140612
0.513840 0.850389 0.113166
0.529521 0.842549 0.098585
0.270788 0.952314 0.140612
0.529521 0.842549 0.098585
0.513840 0.850389 0.113166
0.725531 0.662219 0.187270
0.741212 0.654379 0.149642
0.725531 0.662219 0.187270
0.866658 0.458369 0.196980
0.741212 0.654379 0.149642
0.529521 0.842549 0.098585
0.725531 0.662219 0.187270
0.866658 0.450529 0.214306
0.741212 0.654379 0.149642
0.866658 0.458369 0.196980
0.866658 0.450529 0.214306
0.866658 0.458369 0.196980
0.929382 0.262359 0.259649
0.929382 0.270199 0.251480
0.866658 0.450529 0.214306
0.929382 0.262359 0.259649
0.929382 0.262359 0.259649
0.937222 0.003626 0.348714
0.945062 0.058509 0.321611
0.929382 0.270199 0.251480
0.929382 0.262359 0.259649
0.945062 0.058509 0.321611
0.529521 0.842549 0.098585
0.576564 0.803347 0.149026
0.270788 0.952314 0.140612
0.670648 -0.506000 0.542397
0.874499 -0.239426 0.421814
0.662808 -0.513840 0.544659
0.874499 -0.239426 0.421814
0.874499 -0.239426 0.421814
0.662808 -0.513840 0.544659
0.874499 -0.239426 0.421814
0.937222 -0.012055 0.348525
0.874499 -0.239426 0.421814
0.937222 -0.012055 0.348525
0.937222 -0.012055 0.348525
0.874499 -0.239426 0.421814
0.623606 -0.498160 0.602455
0.764733 -0.427596 0.482022
0.702010 -0.411915 0.580954
0.513840 -0.451117 0.729699
0.623606 -0.498160 0.602455
0.702010 -0.411915 0.580954
0.498160 -0.631446 0.594233
0.623606 -0.498160 0.602455
0.513840 -0.451117 0.729699
0.404075 -0.623606 0.669208
0.498160 -0.631446 0.594233
0.513840 -0.451117 0.729699
0.623606 -0.498160 0.602455
0.498160 -0.631446 0.594233
0.576564 -0.670648 0.466696
0.576564 -0.670648 0.466696
0.498160 -0.631446 0.594233
0.404075 -0.749052 0.525018
0.404075 -0.749052 0.525018
0.498160 -0.631446 0.594233
0.404075 -0.623606 0.669208
0.702010 -0.529521 0.476224
0.623606 -0.498160 0.602455
0.576564 -0.670648 0.466696
0.702010 -0.529521 0.476224
0.764733 -0.427596 0.482022
0.623606 -0.498160 0.602455
0.427596 -0.788254 0.442512
0.576564 -0.670648 0.466696
0.404075 -0.749052 0.525018
0.576564 0.803347 0.149026
0.749052 0.638698 0.176026
0.756893 0.638698 0.138484
0.749052 0.638698 0.176026
0.874499 0.458369 0.158587
0.756893 0.638698 0.138484
0.756893 0.638698 0.138484
0.874499 0.458369 0.158587
0.890180 0.450529 0.067855
0.811776 0.575975 0.096298
0.756893 0.638698 0.138484
0.890180 0.450529 0.067855
0.818178 0.574965 0.000000
0.811776 0.575975 0.096298
0.890180 0.450529 0.067855
0.811776 0.575975 0.096298
0.818178 0.574965 0.000000
0.709850 0.693581 0.122710
0.756893 0.638698 0.138484
0.811776 0.575975 0.096298
0.709850 0.693581 0.122710
0.818178 0.574965 0.000000
0.715166 0.698954 0.000000
0.709850 0.693581 0.122710
0.929382 0.348603 0.121349
0.890180 0.450529 0.067855
0.874499 0.458369 0.158587
0.929382 0.348603 0.121349
0.929382 0.348603 0.121349
0.874499 0.458369 0.158587
0.929382 0.348603 0.121349
0.929382 0.348603 0.121349
0.960743 0.254519 0.110421
0.960743 0.254519 0.110421
0.929382 0.348603 0.121349
0.960743 0.254519 0.110421
0.934684 0.355479 0.000000
0.929382 0.348603 0.121349
0.960743 0.254519 0.110421
0.960743 0.270199 -0.062967
0.934684 0.355479 0.000000
0.960743 0.254519 0.110421
0.584404 0.795506 0.160131
0.756893 0.638698 0.138484
0.709850 0.693581 0.122710
0.584404 0.795506 0.160131
0.576564 0.803347 0.149026
0.756893 0.638698 0.138484
0.458958 -0.388394 0.799067
0.702010 -0.411915 0.580954
0.192384 -0.482479 0.854519
0.670648 -0.506000 0.542397
0.192384 -0.482479 0.854519
0.702010 -0.411915 0.580954
0.513840 -0.451117 0.729699
0.702010 -0.411915 0.580954
0.458958 -0.388394 0.799067
0.192384 -0.482479 0.854519
0.670648 -0.506000 0.542397
-0.136913 -0.600085 0.788133
0.670648 -0.506000 0.542397
0.662808 -0.513840 0.544659
-0.136913 -0.600085 0.788133
-0.136913 -0.600085 0.788133
-0.136913 -0.600085 0.788133
0.662808 -0.513840 0.544659
0.662808 -0.513840 0.544659
-0.136913 -0.600085 0.788133
0.662808 -0.513840 0.544659
-0.136913 -0.600085 0.788133
0.662808 -0.513840 0.544659
-0.136913 -0.600085 0.788133
0.662808 -0.513840 0.544659
0.662808 -0.513840 0.544659
-0.136913 -0.600085 0.788133
-0.136913 -0.600085 0.788133
0.662808 -0.513840 0.544659
-0.136913 -0.600085 0.788133
0.662808 -0.513840 0.544659
0.662808 -0.513840 0.544659
-0.136913 -0.600085 0.788133
-0.136913 -0.600085 0.788133
0.662808 -0.513840 0.544659
-0.136913 -0.600085 0.788133
0.662808 -0.513840 0.544659
0.662808 -0.513840 0.544659
-0.136913 -0.600085 0.788133
-0.136913 -0.600085 0.788133
0.662808 -0.513840 0.544659
-0.136913 -0.600085 0.788133
0.662808 -0.513840 0.544659
0.662808 -0.513840 0.544659
-0.136913 -0.600085 0.788133
-0.136913 -0.600085 0.788133
-0.136913 -0.600085 0.788133
0.662808 -0.513840 0.544659
0.662808 -0.513840 0.544659
-0.136913 -0.600085 0.788133
0.662808 -0.513840 0.544659
0.098299 0.332923 0.937817
-0.136913 -0.600085 0.788133
0.662808 -0.513840 0.544659
0.121821 0.983676 0.132446
0.113980 0.991516 0.062484
0.043404 0.999058 0.000000
0.051257 0.991516 0.119451
0.121821 0.983676 0.132446
0.043404 0.999058 0.000000
0.051257 0.991516 0.119451
0.043404 0.999058 0.000000
-0.003626 0.999357 0.035685
0.043404 0.999058 0.000000
0.043404 0.999058 0.000000
-0.003626 0.999357 0.035685
0.043404 0.999058 0.000000
0.043404 0.999058 0.000000
0.113980 0.991516 0.062484
0.043404 0.999058 0.000000
-0.003626 0.999357 -0.035685
-0.003626 0.999357 0.035685
-0.003626 0.991516 0.129933
0.051257 0.991516 0.119451
-0.003626 0.999357 0.035685
-0.003626 0.999357 -0.035685
0.043404 0.999058 0.000000
-0.003626 0.983676 -0.179914
0.145342 0.975835 0.163160
0.121821 0.983676 0.132446
0.051257 0.991516 0.119451
0.066938 0.983676 0.167037
0.145342 0.975835 0.163160
0.051257 0.991516 0.119451
0.066938 0.983676 0.167037
0.051257 0.991516 0.119451
-0.003626 0.991516 0.129933
0.113980 0.991516 0.062484
0.121821 0.983676 0.132446
0.208065 0.975835 0.066741
0.192384 0.975835 0.103604
0.113980 0.991516 0.062484
0.208065 0.975835 0.066741
0.192384 0.975835 0.103604
0.208065 0.975835 0.066741
0.294309 0.944474 0.146121
0.278628 0.960155 0.021667
0.192384 0.975835 0.103604
0.294309 0.944474 0.146121
-0.003626 0.983676 0.179914
0.066938 0.983676 0.167037
-0.003626 0.991516 0.129933
-0.003626 0.999357 -0.035685
-0.042816 0.999083 0.000000
-0.003626 0.999357 0.035685
-0.042816 0.999083 0.000000
-0.003626 0.999357 -0.035685
-0.003626 0.983676 -0.179914
-0.042816 0.999083 0.000000
-0.050636 0.998717 0.000000
-0.003626 0.999357 0.035685
-0.050668 0.991516 0.119702
-0.003626 0.991516 0.129933
-0.003626 0.999357 0.035685
-0.050636 0.998717 0.000000
-0.050668 0.991516 0.119702
-0.003626 0.999357 0.035685
-0.121232 0.983676 0.132985
-0.050668 0.991516 0.119702
-0.050636 0.998717 0.000000
-0.113392 0.991516 0.063546
-0.121232 0.983676 0.132985
-0.050636 0.998717 0.000000
-0.050636 0.998717 0.000000
-0.042816 0.999083 0.000000
-0.113392 0.991516 0.063546
-0.042828 0.983676 -0.174779
-0.042816 0.999083 0.000000
-0.003626 0.983676 -0.179914
-0.042816 0.999083 0.000000
-0.042828 0.983676 -0.174779
-0.113392 0.975835 -0.186783
-0.113392 0.991516 -0.063546
-0.042816 0.999083 0.000000
-0.113392 0.975835 -0.186783
-0.042816 0.999083 0.000000
-0.113392 0.991516 -0.063546
-0.113392 0.991516 0.063546
-0.191795 0.975835 0.104690
-0.113392 0.991516 0.063546
-0.113392 0.991516 -0.063546
-0.191795 0.975835 -0.104690
-0.191795 0.975835 0.104690
-0.113392 0.991516 -0.063546
-0.113392 0.991516 -0.063546
-0.113392 0.975835 -0.186783
-0.191795 0.967995 -0.161865
-0.191795 0.975835 -0.104690
-0.113392 0.991516 -0.063546
-0.191795 0.967995 -0.161865
-0.183955 0.928793 -0.321721
-0.191795 0.967995 -0.161865
-0.113392 0.975835 -0.186783
-0.113392 0.944474 -0.308402
-0.183955 0.928793 -0.321721
-0.113392 0.975835 -0.186783
-0.113392 0.944474 -0.308402
-0.113392 0.975835 -0.186783
-0.042828 0.983676 -0.174779
-0.183955 0.928793 -0.321721
-0.113392 0.944474 -0.308402
-0.168274 0.795506 -0.582111
-0.113392 0.944474 -0.308402
-0.097711 0.826868 -0.553843
-0.168274 0.795506 -0.582111
-0.113392 0.944474 -0.308402
-0.042828 0.952314 -0.302099
-0.097711 0.826868 -0.553843
-0.042828 0.952314 -0.302099
-0.113392 0.944474 -0.308402
-0.042828 0.983676 -0.174779
-0.042828 0.952314 -0.302099
-0.034987 0.842549 -0.537483
-0.097711 0.826868 -0.553843
-0.042828 0.952314 -0.302099
-0.042828 0.983676 -0.174779
-0.003626 0.983676 -0.179914
-0.003626 0.952314 -0.305098
-0.042828 0.952314 -0.302099
-0.003626 0.983676 -0.179914
-0.042828 0.952314 -0.302099
-0.003626 0.952314 -0.305098
-0.034987 0.842549 -0.537483
-0.168274 0.795506 -0.582111
-0.097711 0.826868 -0.553843
-0.152593 0.623017 -0.767180
-0.097711 0.826868 -0.553843
-0.082030 0.670060 -0.737761
-0.152593 0.623017 -0.767180
-0.082030 0.670060 -0.737761
-0.097711 0.826868 -0.553843
-0.034987 0.842549 -0.537483
-0.191795 0.975835 0.104690
-0.191795 0.975835 -0.104690
-0.278040 0.960155 0.028233
-0.183955 0.928793 -0.321721
-0.254519 0.905272 -0.340152
-0.191795 0.967995 -0.161865
-0.254519 0.905272 -0.340152
-0.262359 0.944474 -0.197831
-0.191795 0.967995 -0.161865
-0.191795 0.975835 0.104690
-0.278040 0.960155 0.028233
-0.293721 0.944474 0.147301
-0.419167 0.897431 0.137535
-0.293721 0.944474 0.147301
-0.278040 0.960155 0.028233
-0.419167 0.897431 0.137535
-0.442688 0.881751 0.162920
-0.293721 0.944474 0.147301
-0.575975 0.803347 0.151285
-0.442688 0.881751 0.162920
-0.419167 0.897431 0.137535
-0.442688 0.881751 0.162920
-0.575975 0.803347 0.151285
-0.270199 0.952314 0.141740
-0.442688 0.881751 0.162920
-0.270199 0.952314 0.141740
-0.309401 0.944474 0.110635
-0.442688 0.881751 0.162920
-0.309401 0.944474 0.110635
-0.293721 0.944474 0.147301
-0.207476 0.975835 0.068549
-0.293721 0.944474 0.147301
-0.309401 0.944474 0.110635
-0.207476 0.975835 0.068549
-0.191795 0.975835 0.104690
-0.293721 0.944474 0.147301
-0.199636 0.967995 0.152090
-0.207476 0.975835 0.068549
-0.309401 0.944474 0.110635
-0.199636 0.967995 0.152090
-0.309401 0.944474 0.110635
-0.270199 0.952314 0.141740
0.043417 0.944474 0.325706
-0.199636 0.967995 0.152090
-0.270199 0.952314 0.141740
-0.121232 0.983676 0.132985
-0.207476 0.975835 0.068549
-0.199636 0.967995 0.152090
-0.144753 0.975835 0.163682
-0.121232 0.983676 0.132985
-0.199636 0.967995 0.152090
0.043417 0.944474 0.325706
-0.144753 0.975835 0.163682
-0.199636 0.967995 0.152090
0.043417 0.944474 0.325706
-0.066349 0.983676 0.167272
-0.144753 0.975835 0.163682
0.043417 0.944474 0.325706
-0.003626 0.905272 0.424817
-0.066349 0.983676 0.167272
-0.003626 0.905272 0.424817
-0.003626 0.983676 0.179914
-0.066349 0.983676 0.167272
-0.583815 0.795506 0.162264
-0.575975 0.803347 0.151285
-0.419167 0.897431 0.137535
-0.144753 0.975835 0.163682
-0.066349 0.983676 0.167272
-0.050668 0.991516 0.119702
-0.121232 0.983676 0.132985
-0.144753 0.975835 0.163682
-0.050668 0.991516 0.119702
-0.113392 0.991516 0.063546
-0.191795 0.975835 0.104690
-0.207476 0.975835 0.068549
-0.121232 0.983676 0.132985
-0.113392 0.991516 0.063546
-0.207476 0.975835 0.068549
-0.575975 0.803347 0.151285
-0.583815 0.795506 0.162264
-0.756304 0.638698 0.141664
-0.748464 0.638698 0.178512
-0.575975 0.803347 0.151285
-0.756304 0.638698 0.141664
-0.873910 0.458369 0.161799
-0.748464 0.638698 0.178512
-0.756304 0.638698 0.141664
-0.873910 0.458369 0.161799
-0.756304 0.638698 0.141664
-0.889591 0.450529 0.075179
-0.756304 0.638698 0.141664
-0.811187 0.575975 0.101137
-0.889591 0.450529 0.075179
-0.811187 0.575975 0.101137
-0.817984 0.575241 0.000000
-0.889591 0.450529 0.075179
-0.817984 0.575241 0.000000
-0.811187 0.575975 0.101137
-0.709262 0.693581 0.126068
-0.811187 0.575975 0.101137
-0.756304 0.638698 0.141664
-0.709262 0.693581 0.126068
-0.756304 0.638698 0.141664
-0.583815 0.795506 0.162264
-0.709262 0.693581 0.126068
-0.889591 0.450529 0.075179
-0.928793 0.348603 0.125775
-0.873910 0.458369 0.161799
-0.928793 0.348603 0.125775
-0.928793 0.348603 0.125775
-0.873910 0.458369 0.161799
-0.928793 0.348603 0.125775
-0.928793 0.348603 0.125775
-0.960155 0.254519 0.115428
-0.928793 0.348603 0.125775
-0.960155 0.254519 0.115428
-0.960155 0.254519 0.115428
-0.928793 0.348603 0.125775
-0.934610 0.355674 0.000000
-0.960155 0.254519 0.115428
-0.934610 0.355674 0.000000
-0.960155 0.270199 -0.071383
-0.960155 0.254519 0.115428
-0.050668 0.991516 0.119702
-0.066349 0.983676 0.167272
-0.003626 0.991516 0.129933
-0.066349 0.983676 0.167272
-0.003626 0.983676 0.179914
-0.003626 0.991516 0.129933
0.357032 -0.309990 -0.881155
0.247267 -0.286469 -0.925632
0.294309 -0.208065 -0.932787
0.388394 -0.247267 -0.887699
0.357032 -0.309990 -0.881155
0.294309 -0.208065 -0.932787
0.294309 -0.208065 -0.932787
0.247267 -0.286469 -0.925632
0.184544 -0.137501 -0.973158
0.357032 -0.309990 -0.881155
0.388394 -0.247267 -0.887699
0.498160 -0.435436 -0.749821
0.388394 -0.247267 -0.887699
0.545202 -0.349192 -0.762115
0.498160 -0.435436 -0.749821
0.388394 -0.247267 -0.887699
0.294309 -0.208065 -0.932787
0.325671 -0.137501 -0.935431
0.294309 -0.208065 -0.932787
0.184544 -0.137501 -0.973158
0.208065 -0.098299 -0.973163
0.325671 -0.137501 -0.935431
0.294309 -0.208065 -0.932787
0.208065 -0.098299 -0.973163
0.725531 -0.466798 -0.505672
0.545202 -0.349192 -0.762115
0.576564 -0.247267 -0.778738
0.780414 -0.341352 -0.523864
0.725531 -0.466798 -0.505672
0.576564 -0.247267 -0.778738
0.819616 -0.529521 -0.218717
0.725531 -0.466798 -0.505672
0.780414 -0.341352 -0.523864
0.898020 -0.388394 -0.206664
0.819616 -0.529521 -0.218717
0.780414 -0.341352 -0.523864
0.780414 -0.341352 -0.523864
0.819616 -0.176703 -0.544982
0.898020 -0.388394 -0.206664
0.898020 -0.388394 -0.206664
0.913701 -0.404075 0.043295
0.819616 -0.529521 -0.218717
0.913701 -0.404075 0.043295
0.843137 -0.537362 0.019030
0.819616 -0.529521 -0.218717
0.725531 -0.466798 -0.505672
0.819616 -0.529521 -0.218717
0.741212 -0.639287 -0.204737
0.654968 -0.568723 -0.497565
0.725531 -0.466798 -0.505672
0.741212 -0.639287 -0.204737
0.741212 -0.639287 -0.204737
0.623606 -0.756893 -0.195522
0.654968 -0.568723 -0.497565
0.623606 -0.756893 -0.195522
0.560883 -0.678489 -0.474408
0.654968 -0.568723 -0.497565
0.623606 -0.756893 -0.195522
0.498160 -0.850978 -0.166355
0.560883 -0.678489 -0.474408
0.819616 -0.176703 -0.544982
0.600085 -0.129661 -0.789358
0.615766 -0.012055 -0.787837
0.615766 -0.012055 -0.787837
0.600085 -0.129661 -0.789358
0.435436 -0.019895 -0.900000
0.600085 -0.129661 -0.789358
0.427596 -0.090459 -0.899432
0.435436 -0.019895 -0.900000
-0.003626 0.105551 -0.994407
0.035576 0.089870 -0.995318
-0.003626 0.003626 -0.999987
-0.003626 -0.984264 -0.176665
-0.003626 -0.913701 -0.406371
0.168863 -0.898020 -0.406258
0.184544 -0.968584 -0.166702
-0.003626 -0.984264 -0.176665
0.168863 -0.898020 -0.406258
0.184544 -0.968584 -0.166702
0.168863 -0.898020 -0.406258
0.309990 -0.850978 -0.423961
0.341352 -0.921541 -0.185043
0.184544 -0.968584 -0.166702
0.309990 -0.850978 -0.423961
0.341352 -0.921541 -0.185043
0.309990 -0.850978 -0.423961
0.451117 -0.772574 -0.446792
-0.003626 -0.913701 -0.406371
-0.003626 -0.984264 -0.176665
-0.168274 -0.898020 -0.406502
-0.003626 -0.984264 -0.176665
-0.183955 -0.968584 -0.167351
-0.168274 -0.898020 -0.406502
-0.168274 -0.898020 -0.406502
-0.183955 -0.968584 -0.167351
-0.317242 -0.850978 -0.418563
-0.183955 -0.968584 -0.167351
-0.340763 -0.921541 -0.186125
-0.317242 -0.850978 -0.418563
-0.317242 -0.850978 -0.418563
-0.340763 -0.921541 -0.186125
-0.450529 -0.772574 -0.447386
0.717691 0.497571 -0.487179
0.803935 0.568135 -0.175816
0.866658 0.450529 -0.214306
0.764733 0.411327 -0.495977
0.717691 0.497571 -0.487179
0.866658 0.450529 -0.214306
0.803935 0.568135 -0.175816
0.717691 0.497571 -0.487179
0.694170 0.685741 -0.218834
0.717691 0.497571 -0.487179
0.623606 0.615177 -0.482362
0.694170 0.685741 -0.218834
0.623606 0.615177 -0.482362
0.717691 0.497571 -0.487179
0.545202 0.379965 -0.747249
0.490319 0.466209 -0.736367
0.623606 0.615177 -0.482362
0.545202 0.379965 -0.747249
0.490319 0.466209 -0.736367
0.545202 0.379965 -0.747249
0.404075 0.270199 -0.873908
0.364873 0.340763 -0.866457
0.490319 0.466209 -0.736367
0.404075 0.270199 -0.873908
0.262948 0.944474 -0.197048
0.255107 0.905272 -0.339711
0.192384 0.967995 -0.161165
-0.003626 0.474050 0.880491
-0.160434 0.568135 0.807146
-0.003626 0.638698 0.769449
0.161022 0.568135 0.807028
-0.003626 0.474050 0.880491
-0.003626 0.638698 0.769449
-0.003626 0.474050 0.880491
0.161022 0.568135 0.807028
-0.003626 0.317242 0.948338
0.161022 0.568135 0.807028
0.168863 0.285880 0.943270
-0.003626 0.317242 0.948338
-0.191795 0.105551 0.975743
-0.003626 0.317242 0.948338
0.168863 0.285880 0.943270
-0.191795 0.105551 0.975743
-0.003626 0.082030 0.996623
-0.003626 0.317242 0.948338
-0.121232 -0.113980 0.986059
-0.003626 0.082030 0.996623
-0.191795 0.105551 0.975743
-0.191795 0.105551 0.975743
0.145342 -0.145342 0.978648
-0.121232 -0.113980 0.986059
-0.003626 -0.145342 0.989375
-0.003626 0.082030 0.996623
-0.121232 -0.113980 0.986059
-0.121232 -0.113980 0.986059
-0.105551 -0.388394 0.915428
-0.003626 -0.145342 0.989375
-0.183955 -0.482479 0.856373
-0.105551 -0.388394 0.915428
-0.121232 -0.113980 0.986059
0.145342 -0.145342 0.978648
-0.183955 -0.482479 0.856373
-0.121232 -0.113980 0.986059
-0.105551 -0.388394 0.915428
-0.183955 -0.482479 0.856373
-0.129072 -0.670648 0.730459
-0.105551 -0.388394 0.915428
-0.129072 -0.670648 0.730459
-0.003626 -0.686329 0.727282
-0.003626 -0.411915 0.911215
-0.105551 -0.388394 0.915428
-0.003626 -0.686329 0.727282
-0.105551 -0.388394 0.915428
-0.003626 -0.411915 0.911215
-0.003626 -0.145342 0.989375
-0.183955 -0.482479 0.856373
-0.246678 -0.615766 0.748320
-0.129072 -0.670648 0.730459
-0.379965 -0.506000 0.774332
-0.246678 -0.615766 0.748320
-0.183955 -0.482479 0.856373
-0.191795 0.105551 0.975743
0.168863 0.285880 0.943270
0.066938 0.042828 0.996838
-0.191795 0.105551 0.975743
0.066938 0.042828 0.996838
0.145342 -0.145342 0.978648
-0.129072 -0.670648 0.730459
-0.129072 -0.772574 0.621667
-0.003626 -0.686329 0.727282
-0.129072 -0.670648 0.730459
-0.246678 -0.615766 0.748320
-0.129072 -0.772574 0.621667
-0.129072 -0.772574 0.621667
-0.003626 -0.788254 0.615339
-0.003626 -0.686329 0.727282
-0.246678 -0.615766 0.748320
-0.254519 -0.725531 0.639394
-0.129072 -0.772574 0.621667
-0.246678 -0.615766 0.748320
-0.379965 -0.506000 0.774332
-0.403486 -0.623606 0.669563
-0.254519 -0.725531 0.639394
-0.246678 -0.615766 0.748320
-0.403486 -0.623606 0.669563
-0.379965 -0.506000 0.774332
-0.458369 -0.388394 0.799405
-0.403486 -0.623606 0.669563
-0.379965 -0.506000 0.774332
-0.183955 -0.482479 0.856373
-0.458369 -0.388394 0.799405
-0.458369 -0.388394 0.799405
-0.513252 -0.451117 0.730114
-0.403486 -0.623606 0.669563
-0.003626 -0.850978 0.525189
-0.003626 -0.788254 0.615339
-0.129072 -0.772574 0.621667
-0.136913 -0.843137 0.519976
-0.003626 -0.850978 0.525189
-0.129072 -0.772574 0.621667
-0.136913 -0.843137 0.519976
-0.129072 -0.772574 0.621667
-0.254519 -0.725531 0.639394
-0.278040 -0.803935 0.525721
-0.136913 -0.843137 0.519976
-0.254519 -0.725531 0.639394
-0.278040 -0.803935 0.525721
-0.254519 -0.725531 0.639394
-0.403486 -0.623606 0.669563
-0.403486 -0.749052 0.525471
-0.278040 -0.803935 0.525721
-0.403486 -0.623606 0.669563
-0.497571 -0.631446 0.594726
-0.403486 -0.623606 0.669563
-0.513252 -0.451117 0.730114
-0.497571 -0.631446 0.594726
-0.403486 -0.749052 0.525471
-0.403486 -0.623606 0.669563
-0.623017 -0.498160 0.603064
-0.497571 -0.631446 0.594726
-0.513252 -0.451117 0.730114
-0.497571 -0.631446 0.594726
-0.575975 -0.670648 0.467422
-0.403486 -0.749052 0.525471
-0.497571 -0.631446 0.594726
-0.623017 -0.498160 0.603064
-0.575975 -0.670648 0.467422
-0.623017 -0.498160 0.603064
-0.513252 -0.451117 0.730114
-0.701421 -0.411915 0.581665
-0.764145 -0.427596 0.482954
-0.623017 -0.498160 0.603064
-0.701421 -0.411915 0.581665
-0.623017 -0.498160 0.603064
-0.701421 -0.529521 0.477090
-0.575975 -0.670648 0.467422
-0.701421 -0.529521 0.477090
-0.623017 -0.498160 0.603064
-0.764145 -0.427596 0.482954
-0.866070 -0.239426 0.438860
-0.701421 -0.411915 0.581665
-0.670060 -0.506000 0.543124
-0.873910 -0.239426 0.423032
-0.866070 -0.239426 0.438860
-0.670060 -0.506000 0.543124
-0.936633 -0.004215 0.350286
-0.866070 -0.239426 0.438860
-0.873910 -0.239426 0.423032
-0.936633 -0.019895 0.349746
-0.936633 -0.004215 0.350286
-0.873910 -0.239426 0.423032
-0.928793 0.262359 0.261747
-0.936633 -0.004215 0.350286
-0.936633 -0.019895 0.349746
-0.928793 0.262359 0.261747
-0.928793 0.262359 0.261747
-0.936633 -0.019895 0.349746
-0.866070 0.458369 0.199552
-0.928793 0.262359 0.261747
-0.928793 0.262359 0.261747
-0.858229 0.466209 0.214688
-0.866070 0.458369 0.199552
-0.928793 0.262359 0.261747
-0.724943 0.662219 0.189536
-0.866070 0.458369 0.199552
-0.858229 0.466209 0.214688
-0.724943 0.670060 0.159619
-0.724943 0.662219 0.189536
-0.858229 0.466209 0.214688
-0.513252 0.850389 0.115807
-0.724943 0.662219 0.189536
-0.724943 0.670060 0.159619
-0.505411 0.850389 0.146280
-0.513252 0.850389 0.115807
-0.724943 0.670060 0.159619
-0.513252 0.850389 0.115807
-0.505411 0.850389 0.146280
-0.223157 0.967995 0.114834
-0.505411 0.850389 0.146280
-0.230997 0.967995 0.098112
-0.223157 0.967995 0.114834
-0.513252 0.850389 0.115807
-0.223157 0.967995 0.114834
-0.270199 0.952314 0.141740
-0.270199 0.952314 0.141740
-0.223157 0.967995 0.114834
0.043417 0.944474 0.325706
-0.223157 0.967995 0.114834
0.372713 0.913112 0.165260
0.043417 0.944474 0.325706
-0.230997 0.967995 0.098112
0.372713 0.913112 0.165260
-0.223157 0.967995 0.114834
-0.528933 0.842549 0.101697
-0.513252 0.850389 0.115807
-0.270199 0.952314 0.141740
-0.513252 0.850389 0.115807
-0.528933 0.842549 0.101697
-0.724943 0.662219 0.189536
-0.724943 0.662219 0.189536
-0.740623 0.654379 0.152529
-0.866070 0.458369 0.199552
-0.528933 0.842549 0.101697
-0.740623 0.654379 0.152529
-0.724943 0.662219 0.189536
-0.740623 0.654379 0.152529
-0.866070 0.450529 0.216673
-0.866070 0.458369 0.199552
-0.866070 0.458369 0.199552
-0.866070 0.450529 0.216673
-0.928793 0.262359 0.261747
-0.866070 0.450529 0.216673
-0.928793 0.270199 0.253645
-0.928793 0.262359 0.261747
-0.575975 0.803347 0.151285
-0.528933 0.842549 0.101697
-0.270199 0.952314 0.141740
0.372713 0.913112 0.165260
-0.230997 0.967995 0.098112
0.357032 0.913112 0.196860
-0.230997 0.967995 0.098112
-0.230997 0.967995 0.098112
0.357032 0.913112 0.196860
-0.230997 0.967995 0.098112
-0.223157 0.967995 0.114834
0.357032 0.913112 0.196860
-0.223157 0.967995 0.114834
0.341352 0.920953 0.187951
0.357032 0.913112 0.196860
0.341352 0.920953 0.187951
-0.223157 0.967995 0.114834
0.325671 0.936633 0.129060
-0.223157 0.967995 0.114834
-0.223157 0.967995 0.114834
0.325671 0.936633 0.129060
0.325671 0.936633 0.129060
-0.223157 0.967995 0.114834
0.325671 0.928793 0.176868
-0.223157 0.967995 0.114834
-0.223157 0.967995 0.114834
0.325671 0.928793 0.176868
0.325671 0.928793 0.176868
-0.223157 0.967995 0.114834
0.302150 0.936633 0.177267
-0.223157 0.967995 0.114834
-0.223157 0.967995 0.114834
0.302150 0.936633 0.177267
0.302150 0.936633 0.177267
-0.223157 0.967995 0.114834
0.286469 0.944474 0.160950
-0.223157 0.967995 0.114834
-0.223157 0.967995 0.114834
0.286469 0.944474 0.160950
0.286469 0.944474 0.160950
-0.223157 0.967995 0.114834
-0.223157 0.967995 0.114834
0.278628 0.944474 0.174171
0.286469 0.944474 0.160950
-0.223157 0.967995 0.114834
0.749052 0.591656 0.298101
0.286469 0.944474 0.160950
0.278628 0.944474 0.174171
0.286469 0.944474 0.160950
0.749052 0.591656 0.298101
0.302150 0.936633 0.177267
0.741212 0.591656 0.317093
0.749052 0.591656 0.298101
0.278628 0.944474 0.174171
-0.223157 0.967995 0.114834
-0.223157 0.967995 0.114834
-0.528933 0.834708 0.153273
-0.528933 0.834708 0.153273
-0.223157 0.967995 0.114834
-0.223157 0.967995 0.114834
-0.528933 0.834708 0.153273
-0.223157 0.967995 0.114834
-0.528933 0.834708 0.153273
-0.528933 0.834708 0.153273
-0.528933 0.834708 0.153273
-0.223157 0.967995 0.114834
-0.528933 0.834708 0.153273
-0.223157 0.967995 0.114834
-0.223157 0.967995 0.114834
-0.528933 0.834708 0.153273
-0.528933 0.834708 0.153273
-0.740623 0.646539 0.182934
-0.528933 0.834708 0.153273
-0.528933 0.834708 0.153273
-0.740623 0.646539 0.182934
-0.740623 0.646539 0.182934
-0.528933 0.834708 0.153273
-0.740623 0.646539 0.182934
-0.740623 0.646539 0.182934
-0.740623 0.646539 0.182934
-0.866070 0.450529 0.216673
-0.740623 0.646539 0.182934
-0.866070 0.450529 0.216673
-0.866070 0.450529 0.216673
-0.866070 0.450529 0.216673
-0.866070 0.450529 0.216673
-0.920953 0.293721 0.256075
-0.920953 0.293721 0.256075
-0.866070 0.450529 0.216673
-0.920953 0.293721 0.256075
-0.920953 0.293721 0.256075
-0.920953 0.293721 0.256075
-0.936633 0.042828 0.347683
-0.936633 0.042828 0.347683
-0.920953 0.293721 0.256075
-0.936633 0.042828 0.347683
-0.936633 0.042828 0.347683
-0.936633 0.042828 0.347683
-0.873910 -0.223746 0.431531
-0.936633 0.042828 0.347683
-0.873910 -0.231586 0.427374
-0.873910 -0.223746 0.431531
-0.873910 -0.223746 0.431531
-0.873910 -0.231586 0.427374
-0.662219 -0.513840 0.545375
-0.873910 -0.231586 0.427374
-0.662219 -0.513840 0.545375
-0.662219 -0.513840 0.545375
-0.740623 0.646539 0.182934
-0.740623 0.646539 0.182934
-0.866070 0.450529 0.216673
-0.528933 0.834708 0.153273
-0.740623 0.646539 0.182934
-0.740623 0.646539 0.182934
-0.740623 0.646539 0.182934
-0.866070 0.450529 0.216673
-0.866070 0.450529 0.216673
-0.866070 0.450529 0.216673
-0.866070 0.450529 0.216673
-0.920953 0.293721 0.256075
-0.873910 -0.231586 0.427374
-0.873910 -0.239426 0.423032
-0.662219 -0.513840 0.545375
-0.873910 -0.239426 0.423032
-0.662219 -0.513840 0.545375
-0.662219 -0.513840 0.545375
-0.866070 0.450529 0.216673
-0.920953 0.293721 0.256075
-0.920953 0.293721 0.256075
-0.920953 0.293721 0.256075
-0.920953 0.293721 0.256075
-0.936633 0.042828 0.347683
-0.936633 0.027147 0.349258
-0.873910 -0.239426 0.423032
-0.873910 -0.231586 0.427374
-0.936633 0.042828 0.347683
-0.936633 0.027147 0.349258
-0.873910 -0.231586 0.427374
-0.920953 0.293721 0.256075
-0.936633 0.027147 0.349258
-0.936633 0.042828 0.347683
-0.740623 0.646539 0.182934
-0.740623 0.654379 0.152529
-0.866070 0.450529 0.216673
-0.740623 0.654379 0.152529
-0.866070 0.450529 0.216673
-0.866070 0.450529 0.216673
-0.866070 0.450529 0.216673
-0.866070 0.450529 0.216673
-0.920953 0.293721 0.256075
-0.873910 -0.239426 0.423032
-0.873910 -0.247267 0.418497
-0.662219 -0.513840 0.545375
-0.873910 -0.247267 0.418497
-0.662219 -0.513840 0.545375
-0.662219 -0.513840 0.545375
-0.866070 0.450529 0.216673
-0.920953 0.285880 0.264800
-0.920953 0.293721 0.256075
-0.920953 0.293721 0.256075
-0.920953 0.285880 0.264800
-0.936633 0.027147 0.349258
-0.528933 0.842549 0.101697
-0.740623 0.654379 0.152529
-0.740623 0.646539 0.182934
-0.528933 0.834708 0.153273
-0.528933 0.842549 0.101697
-0.740623 0.646539 0.182934
-0.528933 0.842549 0.101697
-0.528933 0.834708 0.153273
-0.223157 0.967995 0.114834
-0.936633 0.019307 0.349779
-0.873910 -0.247267 0.418497
-0.873910 -0.239426 0.423032
-0.936633 0.027147 0.349258
-0.936633 0.019307 0.349779
-0.873910 -0.239426 0.423032
-0.920953 0.285880 0.264800
-0.936633 0.019307 0.349779
-0.936633 0.027147 0.349258
-0.528933 0.842549 0.101697
-0.223157 0.967995 0.114834
-0.223157 0.967995 0.114834
-0.513252 0.850389 0.115807
-0.528933 0.842549 0.101697
-0.223157 0.967995 0.114834
-0.528933 0.842549 0.101697
-0.513252 0.850389 0.115807
-0.740623 0.654379 0.152529
-0.740623 0.654379 0.152529
-0.732783 0.662219 0.156508
-0.866070 0.450529 0.216673
-0.513252 0.850389 0.115807
-0.732783 0.662219 0.156508
-0.740623 0.654379 0.152529
-0.732783 0.662219 0.156508
-0.873910 0.442688 0.200769
-0.866070 0.450529 0.216673
-0.866070 0.450529 0.216673
-0.873910 0.442688 0.200769
-0.920953 0.285880 0.264800
-0.873910 -0.247267 0.418497
-0.873910 -0.247267 0.418497
-0.662219 -0.513840 0.545375
-0.873910 -0.247267 0.418497
-0.662219 -0.513840 0.545375
-0.662219 -0.513840 0.545375
-0.873910 0.442688 0.200769
-0.928793 0.278040 0.245026
-0.920953 0.285880 0.264800
-0.920953 0.285880 0.264800
-0.928793 0.278040 0.245026
-0.936633 0.019307 0.349779
-0.936633 0.019307 0.349779
-0.873910 -0.247267 0.418497
-0.873910 -0.247267 0.418497
-0.936633 0.019307 0.349779
-0.936633 0.019307 0.349779
-0.873910 -0.247267 0.418497
-0.928793 0.278040 0.245026
-0.936633 0.019307 0.349779
-0.936633 0.019307 0.349779
-0.513252 0.850389 0.115807
-0.223157 0.967995 0.114834
-0.223157 0.967995 0.114834
-0.513252 0.850389 0.115807
-0.513252 0.850389 0.115807
-0.223157 0.967995 0.114834
-0.513252 0.850389 0.115807
-0.513252 0.850389 0.115807
-0.732783 0.662219 0.156508
-0.732783 0.662219 0.156508
-0.724943 0.670060 0.159619
-0.873910 0.442688 0.200769
-0.513252 0.850389 0.115807
-0.724943 0.670060 0.159619
-0.732783 0.662219 0.156508
-0.724943 0.670060 0.159619
-0.873910 0.442688 0.200769
-0.873910 0.442688 0.200769
-0.873910 0.442688 0.200769
-0.873910 0.442688 0.200769
-0.928793 0.278040 0.245026
-0.873910 -0.247267 0.418497
-0.873910 -0.247267 0.418497
-0.662219 -0.513840 0.545375
-0.873910 -0.247267 0.418497
-0.662219 -0.513840 0.545375
-0.662219 -0.513840 0.545375
-0.873910 0.442688 0.200769
-0.928793 0.270199 0.253645
-0.928793 0.278040 0.245026
-0.928793 0.278040 0.245026
-0.928793 0.270199 0.253645
-0.936633 0.019307 0.349779
-0.936633 0.003626 0.350292
-0.873910 -0.247267 0.418497
-0.873910 -0.247267 0.418497
-0.936633 0.019307 0.349779
-0.936633 0.003626 0.350292
-0.873910 -0.247267 0.418497
-0.928793 0.270199 0.253645
-0.936633 0.003626 0.350292
-0.936633 0.019307 0.349779
-0.223157 0.967995 0.114834
-0.230997 0.967995 0.098112
-0.513252 0.850389 0.115807
-0.230997 0.967995 0.098112
-0.505411 0.850389 0.146280
-0.513252 0.850389 0.115807
-0.873910 0.442688 0.200769
-0.724943 0.670060 0.159619
-0.724943 0.670060 0.159619
-0.513252 0.850389 0.115807
-0.505411 0.850389 0.146280
-0.724943 0.670060 0.159619
-0.724943 0.670060 0.159619
-0.513252 0.850389 0.115807
-0.724943 0.670060 0.159619
-0.866070 0.458369 0.199552
-0.873910 0.442688 0.200769
-0.724943 0.670060 0.159619
-0.928793 0.270199 0.253645
-0.873910 0.442688 0.200769
-0.866070 0.458369 0.199552
-0.662219 -0.513840 0.545375
-0.873910 -0.247267 0.418497
-0.873910 -0.247267 0.418497
-0.670060 -0.513840 0.535713
-0.662219 -0.513840 0.545375
-0.873910 -0.247267 0.418497
-0.920953 0.270199 0.280782
-0.928793 0.270199 0.253645
-0.866070 0.458369 0.199552
-0.873910 -0.247267 0.418497
-0.936633 0.003626 0.350292
-0.936633 -0.012055 0.350104
-0.873910 -0.247267 0.418497
-0.873910 -0.247267 0.418497
-0.936633 -0.012055 0.350104
-0.928793 0.270199 0.253645
-0.920953 0.270199 0.280782
-0.936633 -0.012055 0.350104
-0.936633 0.003626 0.350292
-0.928793 0.270199 0.253645
-0.936633 -0.012055 0.350104
-0.505411 0.850389 0.146280
-0.230997 0.967995 0.098112
-0.230997 0.967995 0.098112
-0.505411 0.850389 0.146280
-0.505411 0.850389 0.146280
-0.230997 0.967995 0.098112
-0.724943 0.670060 0.159619
-0.505411 0.850389 0.146280
-0.505411 0.850389 0.146280
-0.866070 0.458369 0.199552
-0.724943 0.670060 0.159619
-0.724943 0.670060 0.159619
-0.724943 0.670060 0.159619
-0.724943 0.670060 0.159619
-0.505411 0.850389 0.146280
-0.858229 0.466209 0.214688
-0.866070 0.458369 0.199552
-0.724943 0.670060 0.159619
-0.920953 0.270199 0.280782
-0.866070 0.458369 0.199552
-0.858229 0.466209 0.214688
-0.670060 -0.513840 0.535713
-0.873910 -0.247267 0.418497
-0.873910 -0.239426 0.423032
-0.670060 -0.506000 0.543124
-0.670060 -0.513840 0.535713
-0.873910 -0.239426 0.423032
-0.928793 0.262359 0.261747
-0.920953 0.270199 0.280782
-0.858229 0.466209 0.214688
-0.936633 -0.012055 0.350104
-0.920953 0.270199 0.280782
-0.928793 0.262359 0.261747
-0.873910 -0.247267 0.418497
-0.936633 -0.012055 0.350104
-0.936633 -0.019895 0.349746
-0.873910 -0.239426 0.423032
-0.873910 -0.247267 0.418497
-0.936633 -0.019895 0.349746
-0.936633 -0.019895 0.349746
-0.936633 -0.012055 0.350104
-0.928793 0.262359 0.261747
-0.748464 0.638698 0.178512
-0.607337 0.701421 0.373028
-0.670060 0.568135 0.477748
-0.607337 0.701421 0.373028
-0.136913 0.701421 0.699473
-0.670060 0.568135 0.477748
-0.136913 0.701421 0.699473
-0.160434 0.568135 0.807146
-0.670060 0.568135 0.477748
-0.160434 0.568135 0.807146
-0.168274 0.285880 0.943375
-0.670060 0.568135 0.477748
-0.168274 0.285880 0.943375
-0.732783 0.246678 0.634176
-0.670060 0.568135 0.477748
-0.168274 0.285880 0.943375
-0.066349 0.042828 0.996877
-0.732783 0.246678 0.634176
-0.066349 0.042828 0.996877
-0.677900 -0.019895 0.734885
-0.732783 0.246678 0.634176
-0.677900 -0.019895 0.734885
-0.066349 0.042828 0.996877
-0.152593 -0.153182 0.976345
-0.607337 -0.223746 0.762286
-0.677900 -0.019895 0.734885
-0.152593 -0.153182 0.976345
-0.152593 -0.153182 0.976345
0.192384 -0.482479 0.854519
-0.607337 -0.223746 0.762286
-0.042828 0.944474 0.325784
-0.607337 0.701421 0.373028
-0.748464 0.638698 0.178512
-0.042828 0.944474 0.325784
-0.136913 0.701421 0.699473
-0.607337 0.701421 0.373028
-0.160434 0.568135 0.807146
-0.136913 0.701421 0.699473
-0.003626 0.638698 0.769449
-0.677900 -0.019895 0.734885
-0.826868 -0.035576 0.561270
-0.732783 0.246678 0.634176
-0.826868 -0.035576 0.561270
-0.873910 0.207476 0.439585
-0.732783 0.246678 0.634176
-0.732783 0.246678 0.634176
-0.873910 0.207476 0.439585
-0.670060 0.568135 0.477748
-0.873910 0.207476 0.439585
-0.826868 0.481890 0.289951
-0.670060 0.568135 0.477748
-0.724943 -0.231586 0.648711
-0.826868 -0.035576 0.561270
-0.677900 -0.019895 0.734885
-0.607337 -0.223746 0.762286
-0.724943 -0.231586 0.648711
-0.677900 -0.019895 0.734885
-0.748464 0.638698 0.178512
-0.826868 0.481890 0.289951
-0.732783 0.646539 0.212172
-0.136913 -0.600085 0.788133
-0.724943 -0.231586 0.648711
-0.607337 -0.223746 0.762286
0.192384 -0.482479 0.854519
-0.136913 -0.600085 0.788133
-0.607337 -0.223746 0.762286
-0.748464 0.638698 0.178512
-0.732783 0.646539 0.212172
-0.372125 0.913112 0.166581
-0.372125 0.913112 0.166581
-0.042828 0.944474 0.325784
-0.748464 0.638698 0.178512
-0.670060 0.568135 0.477748
-0.826868 0.481890 0.289951
-0.748464 0.638698 0.178512
0.137501 0.701421 0.699358
-0.003626 0.638698 0.769449
0.043417 0.944474 0.325706
-0.003626 0.638698 0.769449
-0.003626 0.756304 0.654210
0.043417 0.944474 0.325706
-0.003626 0.756304 0.654210
-0.003626 0.905272 0.424817
0.043417 0.944474 0.325706
0.043417 0.944474 0.325706
0.607925 0.701421 0.372068
0.137501 0.701421 0.699358
0.607925 0.701421 0.372068
0.670649 0.568135 0.476921
0.137501 0.701421 0.699358
0.607925 0.701421 0.372068
0.741212 0.638698 0.206566
0.670649 0.568135 0.476921
0.043417 0.944474 0.325706
0.741212 0.638698 0.206566
0.607925 0.701421 0.372068
0.670649 0.568135 0.476921
0.161022 0.568135 0.807028
0.137501 0.701421 0.699358
0.168863 0.285880 0.943270
0.161022 0.568135 0.807028
0.670649 0.568135 0.476921
0.733372 0.246678 0.633495
0.168863 0.285880 0.943270
0.670649 0.568135 0.476921
0.066938 0.042828 0.996838
0.168863 0.285880 0.943270
0.733372 0.246678 0.633495
0.678489 -0.019895 0.734341
0.066938 0.042828 0.996838
0.733372 0.246678 0.633495
0.066938 0.042828 0.996838
0.678489 -0.019895 0.734341
0.145342 -0.145342 0.978648
0.678489 -0.019895 0.734341
0.607925 -0.223746 0.761817
0.145342 -0.145342 0.978648
-0.183955 -0.482479 0.856373
0.145342 -0.145342 0.978648
0.607925 -0.223746 0.761817
0.161022 0.568135 0.807028
-0.003626 0.638698 0.769449
0.137501 0.701421 0.699358
0.678489 -0.019895 0.734341
0.733372 0.246678 0.633495
0.827456 -0.035576 0.560402
0.733372 0.246678 0.633495
0.874499 0.207476 0.438412
0.827456 -0.035576 0.560402
0.733372 0.246678 0.633495
0.670649 0.568135 0.476921
0.874499 0.207476 0.438412
0.827456 -0.035576 0.560402
0.874499 0.207476 0.438412
0.874499 0.199636 0.442038
0.827456 -0.035576 0.560402
0.827456 -0.035576 0.560402
0.874499 0.199636 0.442038
0.874499 0.199636 0.442038
0.874499 0.207476 0.438412
0.819616 0.481890 0.309857
0.670649 0.568135 0.476921
0.819616 0.481890 0.309857
0.874499 0.207476 0.438412
0.670649 0.568135 0.476921
0.741212 0.638698 0.206566
0.819616 0.481890 0.309857
0.827456 0.458369 0.324367
0.874499 0.199636 0.442038
0.819616 0.481890 0.309857
0.827456 -0.035576 0.560402
0.725531 -0.231586 0.648053
0.827456 -0.035576 0.560402
0.725531 -0.231586 0.648053
0.725531 -0.231586 0.648053
0.827456 -0.035576 0.560402
0.678489 -0.019895 0.734341
0.827456 -0.035576 0.560402
0.725531 -0.231586 0.648053
0.607925 -0.223746 0.761817
0.678489 -0.019895 0.734341
0.725531 -0.231586 0.648053
0.827456 -0.035576 0.560402
0.827456 -0.035576 0.560402
0.874499 0.199636 0.442038
0.866658 0.199636 0.457218
0.827456 -0.035576 0.560402
0.874499 0.199636 0.442038
0.866658 0.199636 0.457218
0.874499 0.199636 0.442038
0.827456 0.458369 0.324367
0.827456 -0.035576 0.560402
0.827456 -0.035576 0.560402
0.866658 0.199636 0.457218
0.866658 0.207476 0.453714
0.827456 -0.035576 0.560402
0.866658 0.199636 0.457218
0.827456 -0.035576 0.560402
0.827456 -0.035576 0.560402
0.866658 0.207476 0.453714
0.866658 0.215317 0.450047
0.827456 -0.035576 0.560402
0.866658 0.207476 0.453714
0.827456 -0.035576 0.560402
0.827456 -0.035576 0.560402
0.866658 0.215317 0.450047
0.866658 0.230997 0.442203
0.827456 -0.035576 0.560402
0.866658 0.215317 0.450047
0.827456 -0.035576 0.560402
0.866658 0.230997 0.442203
0.866658 0.230997 0.442203
0.827456 -0.035576 0.560402
0.827456 -0.035576 0.560402
0.866658 0.230997 0.442203
0.866658 0.230997 0.442203
0.866658 0.230997 0.442203
0.858818 0.348603 0.375376
0.866658 0.230997 0.442203
0.858818 0.356444 0.367939
0.858818 0.348603 0.375376
0.725531 -0.231586 0.648053
0.827456 -0.035576 0.560402
0.827456 -0.035576 0.560402
0.827456 -0.035576 0.560402
0.725531 -0.231586 0.648053
0.827456 -0.035576 0.560402
0.725531 -0.231586 0.648053
0.725531 -0.231586 0.648053
0.827456 -0.035576 0.560402
0.137501 -0.600085 0.788030
0.725531 -0.231586 0.648053
0.725531 -0.231586 0.648053
0.137501 -0.600085 0.788030
0.137501 -0.600085 0.788030
0.725531 -0.231586 0.648053
0.866658 0.230997 0.442203
0.866658 0.215317 0.450047
0.850978 0.379965 0.362579
0.858818 0.356444 0.367939
0.866658 0.230997 0.442203
0.850978 0.379965 0.362579
0.850978 0.379965 0.362579
0.749052 0.599496 0.282001
0.858818 0.356444 0.367939
0.749052 0.599496 0.282001
0.749052 0.591656 0.298101
0.858818 0.356444 0.367939
0.858818 0.356444 0.367939
0.749052 0.591656 0.298101
0.858818 0.348603 0.375376
0.725531 -0.231586 0.648053
0.137501 -0.600085 0.788030
0.725531 -0.231586 0.648053
0.725531 -0.231586 0.648053
0.725531 -0.231586 0.648053
0.827456 -0.035576 0.560402
0.137501 -0.600085 0.788030
0.137501 -0.600085 0.788030
0.725531 -0.231586 0.648053
0.741212 0.623017 0.249908
0.749052 0.599496 0.282001
0.850978 0.379965 0.362579
0.843137 0.411327 0.346309
0.741212 0.623017 0.249908
0.850978 0.379965 0.362579
0.850978 0.379965 0.362579
0.866658 0.215317 0.450047
0.843137 0.411327 0.346309
0.866658 0.215317 0.450047
0.866658 0.207476 0.453714
0.843137 0.411327 0.346309
0.725531 -0.231586 0.648053
0.137501 -0.600085 0.788030
0.725531 -0.231586 0.648053
0.137501 -0.600085 0.788030
0.137501 -0.600085 0.788030
0.725531 -0.231586 0.648053
0.725531 -0.231586 0.648053
0.725531 -0.231586 0.648053
0.827456 -0.035576 0.560402
0.827456 -0.035576 0.560402
0.725531 -0.231586 0.648053
0.827456 -0.035576 0.560402
0.725531 0.646539 0.235780
0.741212 0.623017 0.249908
0.843137 0.411327 0.346309
0.835297 0.434848 0.336432
0.725531 0.646539 0.235780
0.843137 0.411327 0.346309
0.843137 0.411327 0.346309
0.866658 0.207476 0.453714
0.835297 0.434848 0.336432
0.866658 0.207476 0.453714
0.866658 0.199636 0.457218
0.835297 0.434848 0.336432
0.725531 -0.231586 0.648053
0.137501 -0.600085 0.788030
0.725531 -0.231586 0.648053
0.137501 -0.600085 0.788030
0.137501 -0.600085 0.788030
0.725531 -0.231586 0.648053
0.725531 -0.231586 0.648053
0.725531 -0.231586 0.648053
0.827456 -0.035576 0.560402
0.827456 -0.035576 0.560402
0.725531 -0.231586 0.648053
0.827456 -0.035576 0.560402
0.717691 0.654379 0.238134
0.725531 0.646539 0.235780
0.835297 0.434848 0.336432
0.827456 0.458369 0.324367
0.717691 0.654379 0.238134
0.835297 0.434848 0.336432
0.835297 0.434848 0.336432
0.866658 0.199636 0.457218
0.827456 0.458369 0.324367
0.725531 -0.231586 0.648053
0.137501 -0.600085 0.788030
0.725531 -0.231586 0.648053
0.137501 -0.600085 0.788030
0.137501 -0.600085 0.788030
0.725531 -0.231586 0.648053
0.725531 -0.231586 0.648053
0.725531 -0.231586 0.648053
0.827456 -0.035576 0.560402
0.827456 -0.035576 0.560402
0.725531 -0.231586 0.648053
0.827456 -0.035576 0.560402
0.717691 0.654379 0.238134
0.827456 0.458369 0.324367
0.733372 0.646539 0.210128
0.827456 0.458369 0.324367
0.819616 0.481890 0.309857
0.733372 0.646539 0.210128
0.725531 -0.231586 0.648053
0.137501 -0.600085 0.788030
0.725531 -0.231586 0.648053
0.137501 -0.600085 0.788030
0.137501 -0.600085 0.788030
0.725531 -0.231586 0.648053
0.725531 0.646539 0.235780
0.717691 0.654379 0.238134
0.341352 0.920953 0.187951
0.325671 0.936633 0.129060
0.725531 0.646539 0.235780
0.341352 0.920953 0.187951
0.717691 0.654379 0.238134
0.733372 0.646539 0.210128
0.357032 0.913112 0.196860
0.341352 0.920953 0.187951
0.717691 0.654379 0.238134
0.357032 0.913112 0.196860
0.741212 0.638698 0.206566
0.733372 0.646539 0.210128
0.819616 0.481890 0.309857
0.607925 -0.223746 0.761817
0.725531 -0.231586 0.648053
0.137501 -0.600085 0.788030
-0.183955 -0.482479 0.856373
0.607925 -0.223746 0.761817
0.137501 -0.600085 0.788030
0.372713 0.913112 0.165260
0.357032 0.913112 0.196860
0.733372 0.646539 0.210128
0.741212 0.638698 0.206566
0.372713 0.913112 0.165260
0.733372 0.646539 0.210128
0.372713 0.913112 0.165260
0.741212 0.638698 0.206566
0.043417 0.944474 0.325706
0.741212 0.623017 0.249908
0.725531 0.646539 0.235780
0.325671 0.936633 0.129060
0.325671 0.928793 0.176868
0.741212 0.623017 0.249908
0.325671 0.936633 0.129060
0.749052 0.599496 0.282001
0.741212 0.623017 0.249908
0.325671 0.928793 0.176868
0.302150 0.936633 0.177267
0.749052 0.599496 0.282001
0.325671 0.928793 0.176868
0.749052 0.591656 0.298101
0.749052 0.599496 0.282001
0.302150 0.936633 0.177267
0.749052 0.591656 0.298101
0.741212 0.591656 0.317093
0.858818 0.348603 0.375376
0.858818 0.348603 0.375376
0.741212 0.591656 0.317093
-0.105551 0.332923 0.937028
-0.105551 0.332923 0.937028
0.741212 0.591656 0.317093
0.278628 0.944474 0.174171
-0.105551 0.332923 0.937028
0.278628 0.944474 0.174171
-0.223157 0.967995 0.114834
-0.105551 0.332923 0.937028
-0.223157 0.967995 0.114834
-0.528933 0.834708 0.153273
-0.105551 0.332923 0.937028
0.866658 0.230997 0.442203
0.858818 0.348603 0.375376
-0.105551 0.332923 0.937028
0.827456 -0.035576 0.560402
0.866658 0.230997 0.442203
-0.105551 0.332923 0.937028
-0.528933 0.834708 0.153273
-0.740623 0.646539 0.182934
-0.105551 0.332923 0.937028
-0.740623 0.646539 0.182934
-0.866070 0.450529 0.216673
-0.105551 0.332923 0.937028
-0.866070 0.450529 0.216673
-0.920953 0.293721 0.256075
-0.105551 0.332923 0.937028
0.725531 -0.231586 0.648053
0.827456 -0.035576 0.560402
-0.105551 0.332923 0.937028
0.137501 -0.600085 0.788030
0.725531 -0.231586 0.648053
-0.105551 0.332923 0.937028
-0.920953 0.293721 0.256075
-0.936633 0.042828 0.347683
-0.105551 0.332923 0.937028
-0.936633 0.042828 0.347683
-0.873910 -0.223746 0.431531
-0.105551 0.332923 0.937028
-0.873910 -0.223746 0.431531
-0.662219 -0.513840 0.545375
-0.356444 -0.309990 -0.881393
-0.387805 -0.247267 -0.887956
-0.293721 -0.208065 -0.932972
-0.246678 -0.286469 -0.925789
-0.356444 -0.309990 -0.881393
-0.293721 -0.208065 -0.932972
-0.246678 -0.286469 -0.925789
-0.293721 -0.208065 -0.932972
-0.183955 -0.137501 -0.973270
-0.387805 -0.247267 -0.887956
-0.356444 -0.309990 -0.881393
-0.497571 -0.435436 -0.750212
-0.544613 -0.349192 -0.762536
-0.387805 -0.247267 -0.887956
-0.497571 -0.435436 -0.750212
-0.293721 -0.208065 -0.932972
-0.387805 -0.247267 -0.887956
-0.325082 -0.137501 -0.935636
-0.293721 -0.208065 -0.932972
-0.325082 -0.137501 -0.935636
-0.207476 -0.098299 -0.973289
-0.183955 -0.137501 -0.973270
-0.293721 -0.208065 -0.932972
-0.207476 -0.098299 -0.973289
-0.544613 -0.349192 -0.762536
-0.724943 -0.466798 -0.506515
-0.575975 -0.247267 -0.779174
-0.724943 -0.466798 -0.506515
-0.779825 -0.341352 -0.524739
-0.575975 -0.247267 -0.779174
-0.724943 -0.466798 -0.506515
-0.819027 -0.529521 -0.220911
-0.779825 -0.341352 -0.524739
-0.819027 -0.529521 -0.220911
-0.897431 -0.388394 -0.209206
-0.779825 -0.341352 -0.524739
-0.819027 -0.176703 -0.545866
-0.779825 -0.341352 -0.524739
-0.897431 -0.388394 -0.209206
-0.913112 -0.404075 0.054311
-0.897431 -0.388394 -0.209206
-0.819027 -0.529521 -0.220911
-0.842549 -0.537362 0.036801
-0.913112 -0.404075 0.054311
-0.819027 -0.529521 -0.220911
-0.819027 -0.529521 -0.220911
-0.724943 -0.466798 -0.506515
-0.740623 -0.639287 -0.206856
-0.724943 -0.466798 -0.506515
-0.654379 -0.568723 -0.498339
-0.740623 -0.639287 -0.206856
-0.630858 -0.756893 -0.170680
-0.740623 -0.639287 -0.206856
-0.654379 -0.568723 -0.498339
-0.560294 -0.678489 -0.475104
-0.630858 -0.756893 -0.170680
-0.654379 -0.568723 -0.498339
-0.497571 -0.850978 -0.168108
-0.630858 -0.756893 -0.170680
-0.560294 -0.678489 -0.475104
-0.599496 -0.129661 -0.789805
-0.819027 -0.176703 -0.545866
-0.615177 -0.012055 -0.788297
-0.599496 -0.129661 -0.789805
-0.615177 -0.012055 -0.788297
-0.434848 -0.019895 -0.900284
-0.427007 -0.090459 -0.899712
-0.599496 -0.129661 -0.789805
-0.434848 -0.019895 -0.900284
-0.183955 -0.482479 0.856373
-0.670060 -0.506000 0.543124
-0.701421 -0.411915 0.581665
-0.701421 -0.411915 0.581665
-0.458369 -0.388394 0.799405
-0.183955 -0.482479 0.856373
-0.701421 -0.411915 0.581665
-0.513252 -0.451117 0.730114
-0.458369 -0.388394 0.799405
-0.183955 -0.482479 0.856373
0.137501 -0.600085 0.788030
-0.670060 -0.506000 0.543124
0.137501 -0.600085 0.788030
-0.670060 -0.513840 0.535713
-0.670060 -0.506000 0.543124
0.137501 -0.600085 0.788030
0.137501 -0.600085 0.788030
-0.670060 -0.513840 0.535713
0.137501 -0.600085 0.788030
-0.662219 -0.513840 0.545375
-0.670060 -0.513840 0.535713
-0.662219 -0.513840 0.545375
0.137501 -0.600085 0.788030
0.137501 -0.600085 0.788030
-0.662219 -0.513840 0.545375
-0.662219 -0.513840 0.545375
0.137501 -0.600085 0.788030
-0.662219 -0.513840 0.545375
0.137501 -0.600085 0.788030
0.137501 -0.600085 0.788030
-0.662219 -0.513840 0.545375
-0.662219 -0.513840 0.545375
0.137501 -0.600085 0.788030
-0.662219 -0.513840 0.545375
0.137501 -0.600085 0.788030
0.137501 -0.600085 0.788030
-0.662219 -0.513840 0.545375
-0.662219 -0.513840 0.545375
0.137501 -0.600085 0.788030
-0.662219 -0.513840 0.545375
0.137501 -0.600085 0.788030
0.137501 -0.600085 0.788030
-0.662219 -0.513840 0.545375
-0.662219 -0.513840 0.545375
0.137501 -0.600085 0.788030
-0.662219 -0.513840 0.545375
0.137501 -0.600085 0.788030
0.137501 -0.600085 0.788030
-0.662219 -0.513840 0.545375
-0.662219 -0.513840 0.545375
0.137501 -0.600085 0.788030
-0.105551 0.332923 0.937028
-0.662219 -0.513840 0.545375
0.137501 -0.600085 0.788030
-0.928793 0.262359 0.261747
-0.928793 0.270199 0.253645
-0.944474 0.058509 0.323336
-0.936633 -0.004215 0.350286
-0.928793 0.262359 0.261747
-0.944474 0.058509 0.323336
-0.858229 0.348603 0.376720
-0.740623 0.591656 0.318466
-0.748464 0.591656 0.299576
0.098299 0.332923 0.937817
-0.740623 0.591656 0.318466
-0.858229 0.348603 0.376720
0.098299 0.332923 0.937817
-0.278040 0.944474 0.175109
-0.740623 0.591656 0.318466
0.098299 0.332923 0.937817
0.223746 0.967995 0.113683
-0.278040 0.944474 0.175109
0.098299 0.332923 0.937817
0.529521 0.834708 0.151227
0.223746 0.967995 0.113683
0.098299 0.332923 0.937817
-0.858229 0.348603 0.376720
-0.866070 0.230997 0.443355
0.098299 0.332923 0.937817
-0.866070 0.230997 0.443355
-0.826868 -0.035576 0.561270
0.098299 0.332923 0.937817
0.741212 0.646539 0.180534
0.529521 0.834708 0.151227
0.098299 0.332923 0.937817
0.866658 0.450529 0.214306
0.741212 0.646539 0.180534
0.098299 0.332923 0.937817
0.921541 0.293721 0.253949
0.866658 0.450529 0.214306
0.098299 0.332923 0.937817
-0.826868 -0.035576 0.561270
-0.724943 -0.231586 0.648711
0.098299 0.332923 0.937817
-0.724943 -0.231586 0.648711
-0.136913 -0.600085 0.788133
0.098299 0.332923 0.937817
0.937222 0.042828 0.346094
0.921541 0.293721 0.253949
0.098299 0.332923 0.937817
0.874499 -0.223746 0.430337
0.937222 0.042828 0.346094
0.098299 0.332923 0.937817
0.662808 -0.513840 0.544659
0.874499 -0.223746 0.430337
-0.301561 0.936633 0.178266
-0.748464 0.599496 0.283560
-0.748464 0.591656 0.299576
-0.301561 0.936633 0.178266
-0.325082 0.928793 0.177947
-0.748464 0.599496 0.283560
-0.325082 0.928793 0.177947
-0.740623 0.623017 0.251647
-0.748464 0.599496 0.283560
-0.325082 0.928793 0.177947
-0.325082 0.936633 0.130536
-0.740623 0.623017 0.251647
-0.325082 0.936633 0.130536
-0.724943 0.646539 0.237584
-0.740623 0.623017 0.251647
</float_array>
          <technique_common>
            <accessor source="#toro_head-Normal0-array" count="4776" stride="3">
              <param name="X" type="float"/>
              <param name="Y" type="float"/>
              <param name="Z" type="float"/>
            </accessor>
          </technique_common>
        </source>
        <source id="toro_head-UV0">
          <float_array id="toro_head-UV0-array" count="1686">
0.500115 0.972840
0.500115 0.973788
0.948209 0.857264
0.689584 0.944420
0.538008 0.972840
0.500115 0.972840
0.538008 0.970946
0.610954 0.971893
0.628954 0.962420
0.560745 0.973788
0.573060 0.914105
0.500115 0.913158
0.500115 0.971893
0.647901 0.911263
0.679163 0.911263
0.500115 0.972840
0.609059 0.971893
0.584428 0.853475
0.500115 0.855369
0.682005 0.854422
0.707583 0.911263
0.743583 0.854422
0.802318 0.854422
0.500115 0.791897
0.590112 0.790950
0.500115 0.727478
0.594849 0.727478
0.694321 0.790003
0.705689 0.724636
0.761582 0.790950
0.779582 0.727478
0.599586 0.664005
0.500115 0.664005
0.500115 0.574955
0.603375 0.574955
0.714215 0.661163
0.722741 0.574955
0.792845 0.664005
0.804213 0.574955
0.843054 0.664953
0.857264 0.577797
0.880000 0.668742
0.895158 0.581586
0.924526 0.584428
0.914105 0.677268
0.830738 0.726530
0.860106 0.729372
0.899895 0.738846
0.948209 0.686742
0.939683 0.748319
0.921684 0.846843
0.947262 0.749267
0.953893 0.750214
0.952946 0.758740
0.962420 0.716110
0.965262 0.692426
0.957683 0.690531
0.959578 0.587270
0.953893 0.587270
0.964314 0.690531
0.965262 0.587270
0.965262 0.587270
0.966209 0.587270
0.964314 0.622322
0.967156 0.587270
0.965262 0.624217
0.968104 0.587270
0.965262 0.627059
0.966209 0.433800
0.967156 0.436642
0.968104 0.435695
0.969051 0.587270
0.966209 0.628006
0.966209 0.441379
0.967156 0.313487
0.966209 0.313487
0.965262 0.448958
0.966209 0.314435
0.966209 0.286014
0.965262 0.286962
0.961472 0.450853
0.964314 0.314435
0.957683 0.452747
0.962420 0.314435
0.961472 0.286962
0.963367 0.286962
0.963367 0.259489
0.959578 0.259489
0.958630 0.259489
0.956735 0.259489
0.959578 0.286962
0.929262 0.286962
0.931157 0.313487
0.951999 0.221595
0.950104 0.221595
0.943473 0.183701
0.955788 0.221595
0.948209 0.183701
0.936841 0.118334
0.940631 0.117387
0.893263 0.048230
0.891369 0.048230
0.887579 0.041599
0.892316 0.041599
0.897053 0.036862
0.885684 0.051072
0.838317 0.031178
0.789055 0.020757
0.880948 0.053914
0.917894 0.117387
0.927368 0.117387
0.939683 0.184648
0.913158 0.185596
0.882842 0.118334
0.941578 0.183701
0.948209 0.222542
0.853475 0.027389
0.757793 0.020757
0.735056 0.021705
0.500115 0.013178
0.616638 0.016021
0.500115 0.014126
0.933999 0.032125
0.919789 0.052020
0.896105 0.042546
0.643164 0.020757
0.725583 0.020757
0.774845 0.036862
0.677268 0.034967
0.772950 0.117387
0.813686 0.118334
0.848738 0.118334
0.887579 0.185596
0.848738 0.185596
0.798529 0.186543
0.699057 0.116439
0.718952 0.184648
0.721794 0.221595
0.609059 0.222542
0.605270 0.185596
0.500115 0.222542
0.500115 0.185596
0.800423 0.223489
0.594849 0.118334
0.584428 0.034967
0.854422 0.222542
0.893263 0.223489
0.920736 0.222542
0.573060 0.020757
0.500115 0.118334
0.500115 0.034967
0.500115 0.021705
0.803265 0.260436
0.724636 0.258541
0.806107 0.286962
0.724636 0.286014
0.612849 0.260436
0.611901 0.286014
0.500115 0.286014
0.500115 0.260436
0.861054 0.286962
0.859159 0.260436
0.899895 0.286962
0.898000 0.260436
0.927368 0.260436
0.611901 0.311593
0.500115 0.311593
0.500115 0.445168
0.607165 0.445168
0.723688 0.446116
0.724636 0.312540
0.807055 0.447063
0.809897 0.313487
0.862001 0.313487
0.859159 0.448010
0.900842 0.312540
0.898000 0.449905
0.927368 0.450853
0.398748 0.574955
0.402538 0.664005
0.293593 0.663058
0.286962 0.576850
0.207384 0.664005
0.198858 0.577797
0.157175 0.664953
0.146754 0.577797
0.119281 0.669690
0.106018 0.583481
0.075703 0.584428
0.086124 0.677268
0.406327 0.727478
0.412011 0.790950
0.315382 0.790003
0.303066 0.727478
0.238647 0.790950
0.220647 0.727478
0.169491 0.726530
0.137281 0.731267
0.099387 0.738846
0.052020 0.686742
0.059598 0.748319
0.077598 0.846843
0.052967 0.749267
0.046336 0.750214
0.046336 0.758740
0.037809 0.716110
0.034967 0.692426
0.042546 0.690531
0.040652 0.587270
0.046336 0.587270
0.034967 0.690531
0.034967 0.587270
0.034967 0.587270
0.034020 0.587270
0.035915 0.622322
0.033073 0.587270
0.034967 0.624217
0.031178 0.587270
0.034020 0.627059
0.033073 0.433800
0.032125 0.436642
0.032125 0.435695
0.031178 0.587270
0.034020 0.628006
0.034020 0.441379
0.033073 0.313487
0.033073 0.313487
0.034967 0.448958
0.034020 0.314435
0.033073 0.286014
0.034967 0.286962
0.038757 0.450853
0.035915 0.314435
0.042546 0.452747
0.037809 0.314435
0.038757 0.286962
0.036862 0.286962
0.036862 0.259489
0.039704 0.259489
0.041599 0.259489
0.042546 0.259489
0.040652 0.286962
0.070019 0.286962
0.069072 0.313487
0.048230 0.221595
0.050125 0.221595
0.055809 0.183701
0.044441 0.221595
0.052020 0.183701
0.063388 0.118334
0.058651 0.117387
0.106018 0.048230
0.108860 0.048230
0.111702 0.041599
0.107913 0.041599
0.103176 0.036862
0.113597 0.051072
0.160965 0.031178
0.210227 0.020757
0.119281 0.053914
0.082335 0.117387
0.072861 0.117387
0.060546 0.184648
0.086124 0.185596
0.116439 0.118334
0.058651 0.183701
0.052020 0.222542
0.146754 0.027389
0.242436 0.020757
0.265173 0.021705
0.383591 0.016021
0.065283 0.032125
0.080440 0.052020
0.103176 0.042546
0.356118 0.020757
0.274646 0.020757
0.201700 0.036862
0.331487 0.036862
0.231068 0.118334
0.208332 0.118334
0.156228 0.118334
0.114545 0.186543
0.153386 0.185596
0.203595 0.186543
0.308751 0.118334
0.290751 0.185596
0.288856 0.223489
0.398748 0.222542
0.398748 0.186543
0.201700 0.223489
0.410117 0.117387
0.419590 0.034967
0.147702 0.222542
0.108860 0.223489
0.079493 0.222542
0.429064 0.020757
0.198858 0.260436
0.286962 0.260436
0.196964 0.286962
0.284120 0.286014
0.397801 0.260436
0.397801 0.286014
0.142965 0.286962
0.143912 0.260436
0.103176 0.286962
0.103176 0.260436
0.071914 0.260436
0.397801 0.313487
0.398748 0.445168
0.284120 0.446116
0.281278 0.314435
0.196964 0.447063
0.194122 0.312540
0.142018 0.314435
0.144860 0.448010
0.103176 0.312540
0.105071 0.449905
0.071914 0.450853
0.964314 0.830738
0.955788 0.844001
0.500115 0.974735
0.500115 0.974735
0.500115 0.975682
0.734109 0.916000
0.968104 0.856317
0.969998 0.721794
0.969051 0.718004
0.969998 0.860106
0.969998 0.644111
0.970946 0.588218
0.969998 0.587270
0.970946 0.432853
0.500115 0.975682
0.969998 0.437590
0.970946 0.314435
0.969998 0.314435
0.969051 0.442326
0.969998 0.314435
0.970946 0.286014
0.969998 0.286962
0.969051 0.314435
0.969051 0.286962
0.969998 0.259489
0.969051 0.259489
0.969051 0.286962
0.968104 0.259489
0.967156 0.220647
0.967156 0.220647
0.965262 0.181806
0.966209 0.181806
0.968104 0.220647
0.967156 0.181806
0.964314 0.114545
0.966209 0.113597
0.942525 0.066230
0.955788 0.080440
0.969998 0.258541
0.969051 0.219700
0.964314 0.114545
0.935894 0.066230
0.968104 0.258541
0.968104 0.286014
0.968104 0.286014
0.967156 0.257594
0.967156 0.286014
0.967156 0.313487
0.968104 0.313487
0.967156 0.258541
0.966209 0.259489
0.966209 0.219700
0.962420 0.220647
0.959578 0.221595
0.951999 0.183701
0.958630 0.182753
0.945367 0.116439
0.953893 0.115492
0.896105 0.048230
0.910316 0.057704
0.963367 0.113597
0.964314 0.182753
0.965262 0.181806
0.966209 0.220647
0.963367 0.114545
0.923578 0.067177
0.930210 0.066230
0.942525 0.061493
0.970946 0.028336
0.972840 0.086124
0.971893 0.470747
0.970946 0.855369
0.968104 0.094650
0.967156 0.113597
0.969998 0.489694
0.970946 0.524746
0.968104 0.181806
0.970946 0.545587
0.969998 0.478326
0.972840 0.862001
0.973788 0.870527
0.973788 0.873369
0.971893 0.565481
0.973788 0.867685
0.736951 0.924526
0.736951 0.922631
0.971893 0.867685
0.736004 0.922631
0.736951 0.925473
0.500115 0.977577
0.500115 0.978524
0.971893 0.576850
0.970946 0.588218
0.970946 0.862948
0.972840 0.865790
0.736951 0.922631
0.736004 0.920736
0.500115 0.978524
0.500115 0.979472
0.500115 0.979472
0.736004 0.917894
0.500115 0.980419
0.970946 0.824107
0.973788 0.885684
0.263278 0.922631
0.262331 0.922631
0.264225 0.917894
0.263278 0.920736
0.027389 0.862001
0.027389 0.865790
0.029283 0.478326
0.028336 0.855369
0.028336 0.824107
0.030231 0.489694
0.032125 0.094650
0.027389 0.470747
0.033073 0.113597
0.029283 0.524746
0.032125 0.181806
0.028336 0.545587
0.031178 0.219700
0.033073 0.181806
0.032125 0.220647
0.034020 0.181806
0.032125 0.220647
0.034967 0.114545
0.034020 0.113597
0.057704 0.066230
0.044441 0.080440
0.029283 0.258541
0.030231 0.259489
0.034020 0.181806
0.033073 0.220647
0.032125 0.259489
0.031178 0.259489
0.031178 0.286962
0.030231 0.286962
0.031178 0.286962
0.031178 0.314435
0.030231 0.314435
0.030231 0.442326
0.030231 0.314435
0.030231 0.437590
0.029283 0.286014
0.028336 0.576850
0.028336 0.565481
0.029283 0.314435
0.032125 0.258541
0.032125 0.286014
0.032125 0.286014
0.033073 0.257594
0.033073 0.286014
0.032125 0.313487
0.032125 0.313487
0.033073 0.258541
0.034020 0.259489
0.034020 0.219700
0.037809 0.220647
0.040652 0.221595
0.048230 0.183701
0.041599 0.182753
0.054862 0.116439
0.045388 0.115492
0.104124 0.048230
0.089914 0.057704
0.036862 0.113597
0.035915 0.182753
0.034967 0.181806
0.033073 0.220647
0.035915 0.114545
0.075703 0.067177
0.070019 0.066230
0.057704 0.061493
0.028336 0.028336
0.027389 0.086124
0.063388 0.066230
0.035915 0.114545
0.028336 0.865790
0.026441 0.885684
0.678216 0.949157
0.631796 0.965262
0.714215 0.937789
0.751161 0.923578
0.963367 0.852527
0.960525 0.851580
0.678216 0.948209
0.631796 0.965262
0.744530 0.924526
0.799476 0.905579
0.799476 0.903684
0.840212 0.890421
0.848738 0.885684
0.876211 0.876211
0.895158 0.868632
0.909368 0.863896
0.949157 0.848738
0.949157 0.848738
0.950104 0.848738
0.951999 0.849685
0.895158 0.868632
0.949157 0.848738
0.949157 0.848738
0.898000 0.866738
0.953893 0.849685
0.953893 0.847791
0.951999 0.847791
0.848738 0.885684
0.853475 0.882842
0.955788 0.846843
0.955788 0.850633
0.799476 0.903684
0.807055 0.898947
0.957683 0.845896
0.957683 0.850633
0.744530 0.924526
0.754951 0.917894
0.960525 0.844949
0.692426 0.940631
0.963367 0.844001
0.644111 0.956735
0.959578 0.839265
0.956735 0.841159
0.958630 0.790950
0.955788 0.805160
0.954841 0.843054
0.954841 0.816528
0.952946 0.844949
0.952946 0.826949
0.951999 0.846843
0.951051 0.836423
0.950104 0.848738
0.950104 0.848738
0.950104 0.848738
0.951051 0.828844
0.950104 0.848738
0.952946 0.811791
0.951051 0.828844
0.950104 0.848738
0.951051 0.827896
0.950104 0.848738
0.951051 0.827896
0.950104 0.848738
0.951051 0.834528
0.950104 0.848738
0.950104 0.848738
0.950104 0.839265
0.946315 0.848738
0.950104 0.848738
0.951999 0.811791
0.951999 0.810844
0.950104 0.830738
0.944420 0.848738
0.951999 0.810844
0.951999 0.822212
0.953893 0.793792
0.953893 0.792845
0.951051 0.822212
0.941578 0.847791
0.952946 0.791897
0.953893 0.794739
0.953893 0.808949
0.954841 0.774845
0.954841 0.773898
0.954841 0.772003
0.951051 0.811791
0.938736 0.847791
0.954841 0.771056
0.954841 0.794739
0.956735 0.750214
0.956735 0.749267
0.956735 0.747372
0.951999 0.800423
0.934947 0.847791
0.955788 0.746425
0.956735 0.776740
0.960525 0.772003
0.962420 0.835475
0.959578 0.718952
0.958630 0.718004
0.958630 0.718952
0.932104 0.847791
0.951999 0.789055
0.957683 0.718004
0.958630 0.758740
0.961472 0.765372
0.963367 0.834528
0.960525 0.708531
0.965262 0.741688
0.963367 0.666847
0.959578 0.708531
0.962420 0.664953
0.959578 0.708531
0.962420 0.662111
0.958630 0.708531
0.961472 0.659269
0.958630 0.753056
0.951999 0.785266
0.931157 0.847791
0.830738 0.791897
0.798529 0.791897
0.968104 0.440432
0.969051 0.313487
0.019810 0.979472
0.022652 0.977577
0.020757 0.978524
0.021705 0.979472
0.021705 0.977577
0.019810 0.979472
0.021705 0.979472
0.019810 0.979472
0.021705 0.979472
0.019810 0.980419
0.021705 0.980419
0.020757 0.981367
0.021705 0.981367
0.020757 0.981367
0.021705 0.981367
0.020757 0.981367
0.020757 0.981367
0.020757 0.982314
0.020757 0.982314
0.020757 0.982314
0.736004 0.919789
0.735056 0.918842
0.500115 0.976630
0.500115 0.977577
0.500115 0.976630
0.263278 0.922631
0.264225 0.919789
0.264225 0.918842
0.030231 0.860106
0.028336 0.862948
0.263278 0.925473
0.026441 0.873369
0.027389 0.867685
0.029283 0.588218
0.026441 0.870527
0.025494 0.867685
0.263278 0.924526
0.029283 0.432853
0.030231 0.587270
0.031178 0.718004
0.029283 0.588218
0.029283 0.644111
0.030231 0.721794
0.035915 0.830738
0.031178 0.856317
0.265173 0.916000
0.031178 0.440432
0.031178 0.313487
0.827896 0.045388
0.971893 0.865790
0.051072 0.857264
0.309698 0.944420
0.462221 0.972840
0.462221 0.970946
0.389275 0.971893
0.440432 0.973788
0.385486 0.962420
0.429064 0.914105
0.358013 0.911263
0.321066 0.911263
0.391170 0.971893
0.416748 0.853475
0.327697 0.854422
0.255699 0.854422
0.292646 0.911263
0.197911 0.854422
0.201700 0.791897
0.168543 0.791897
0.069072 0.847791
0.047283 0.785266
0.040652 0.753056
0.038757 0.659269
0.041599 0.708531
0.037809 0.662111
0.040652 0.708531
0.036862 0.664953
0.040652 0.708531
0.036862 0.666847
0.039704 0.708531
0.034967 0.741688
0.037809 0.765372
0.035915 0.834528
0.037809 0.835475
0.038757 0.772003
0.041599 0.790950
0.040652 0.839265
0.042546 0.841159
0.043494 0.805160
0.044441 0.843054
0.045388 0.816528
0.046336 0.844949
0.047283 0.826949
0.048230 0.846843
0.048230 0.836423
0.050125 0.848738
0.050125 0.848738
0.048230 0.847791
0.050125 0.848738
0.049178 0.828844
0.050125 0.848738
0.047283 0.811791
0.049178 0.828844
0.050125 0.848738
0.050125 0.848738
0.049178 0.827896
0.049178 0.827896
0.050125 0.848738
0.049178 0.834528
0.050125 0.848738
0.050125 0.848738
0.050125 0.839265
0.050125 0.848738
0.052967 0.848738
0.047283 0.811791
0.047283 0.810844
0.049178 0.830738
0.055809 0.848738
0.048230 0.810844
0.047283 0.822212
0.046336 0.793792
0.046336 0.792845
0.049178 0.822212
0.058651 0.847791
0.046336 0.791897
0.046336 0.794739
0.046336 0.808949
0.044441 0.774845
0.044441 0.773898
0.045388 0.772003
0.049178 0.811791
0.061493 0.847791
0.045388 0.771056
0.045388 0.794739
0.042546 0.750214
0.043494 0.749267
0.043494 0.747372
0.048230 0.800423
0.065283 0.847791
0.043494 0.746425
0.043494 0.776740
0.040652 0.718952
0.040652 0.718952
0.041599 0.718004
0.048230 0.789055
0.068125 0.847791
0.041599 0.718004
0.041599 0.758740
0.964314 0.852527
0.964314 0.842107
0.964314 0.843054
0.700952 0.942525
0.616638 0.970946
0.616638 0.970946
0.043494 0.844001
0.035915 0.842107
0.035915 0.852527
0.035915 0.843054
0.298330 0.942525
0.383591 0.970946
0.383591 0.970946
0.368433 0.965262
0.286014 0.937789
0.249068 0.923578
0.322013 0.949157
0.036862 0.852527
0.038757 0.851580
0.322013 0.948209
0.368433 0.965262
0.255699 0.924526
0.199806 0.905579
0.200753 0.903684
0.160017 0.890421
0.151491 0.885684
0.124018 0.876211
0.105071 0.868632
0.090861 0.863896
0.051072 0.848738
0.051072 0.848738
0.050125 0.848738
0.048230 0.849685
0.105071 0.868632
0.051072 0.848738
0.102229 0.866738
0.051072 0.848738
0.046336 0.849685
0.046336 0.847791
0.151491 0.885684
0.146754 0.882842
0.044441 0.846843
0.044441 0.850633
0.200753 0.903684
0.193174 0.898947
0.042546 0.845896
0.041599 0.850633
0.255699 0.924526
0.245278 0.917894
0.039704 0.844949
0.307803 0.940631
0.036862 0.844001
0.366539 0.956735
0.050125 0.848738
0.172333 0.045388
0.022652 0.977577
0.021705 0.979472
0.019810 0.979472
0.020757 0.978524
0.021705 0.977577
0.019810 0.979472
0.021705 0.979472
0.019810 0.979472
0.021705 0.979472
0.019810 0.980419
0.021705 0.980419
0.020757 0.981367
0.021705 0.981367
0.020757 0.981367
0.021705 0.981367
0.020757 0.981367
0.020757 0.981367
0.020757 0.982314
0.020757 0.982314
0.020757 0.982314
0.950104 0.848738
</float_array>
          <technique_common>
            <accessor source="#toro_head-UV0-array" count="843" stride="2">
              <param name="S" type="float"/>
              <param name="T" type="float"/>
            </accessor>
          </technique_common>
        </source>
        <vertices id="toro_head-VERTEX">
          <input semantic="POSITION" source="#toro_head-POSITION"/>
        </vertices>
        <triangles count="1592" material="CH_toro_face_high">
          <input semantic="VERTEX" offset="0" source="#toro_head-VERTEX"/>
          <input semantic="NORMAL" offset="1" source="#toro_head-Normal0"/>
          <input semantic="TEXCOORD" offset="2" set="0" source="#toro_head-UV0"/>
          <p> 2 0 2 1 1 1 0 2 0 3 3 3 2 4 2 0 5 0 0 6 0 4 7 4 3 8 3 5 9 5 4 10 4 0 11 0 5 12 5 6 13 6 4 14 4 7 15 7 4 16 4 6 17 6 8 18 8 7 19 7 6 20 6 9 21 9 8 22 8 6 23 6 8 24 8 9 25 9 10 26 10 10 27 10 9 28 9 11 29 11 9 30 9 12 31 12 11 32 11 13 33 13 8 34 8 10 35 10 13 36 13 14 37 14 8 38 8 5 39 5 15 40 15 6 41 6 9 42 9 6 43 6 15 44 15 12 45 12 9 46 9 15 47 15 3 48 3 4 49 4 16 50 16 16 51 16 4 52 4 7 53 7 17 54 17 10 55 10 11 56 11 13 57 13 10 58 10 17 59 17 18 60 18 17 61 17 11 62 11 19 63 19 13 64 13 17 65 17 8 66 8 14 67 14 20 68 20 20 69 20 14 70 14 21 71 21 13 72 13 19 73 19 21 74 21 14 75 14 13 76 13 21 77 21 22 78 22 20 79 20 21 80 21 18 81 18 23 82 23 17 83 17 23 84 23 24 85 24 17 86 17 17 87 17 24 88 24 19 89 19 24 90 24 23 91 23 25 92 25 26 93 26 24 94 24 25 95 25 27 96 27 24 97 24 26 98 26 24 99 24 27 100 27 19 101 19 19 102 19 27 103 27 21 104 21 28 105 28 27 106 27 26 107 26 29 108 29 27 109 27 28 110 28 27 111 27 29 112 29 21 113 21 30 114 30 29 115 29 28 116 28 31 117 31 26 118 26 25 119 25 32 120 32 31 121 31 25 122 25 32 123 32 33 124 33 31 125 31 33 126 33 34 127 34 31 128 31 31 129 31 34 130 34 35 131 35 35 132 35 28 133 28 26 134 26 31 135 31 35 136 35 26 137 26 34 138 34 36 139 36 35 140 35 35 141 35 36 142 36 37 143 37 37 144 37 30 145 30 28 146 28 35 147 35 37 148 37 28 149 28 36 150 36 38 151 38 37 152 37 37 153 37 38 154 38 39 155 39 30 156 30 37 157 37 39 158 39 38 159 38 40 160 40 39 161 39 39 162 39 40 163 40 41 164 41 40 165 40 42 166 42 41 167 41 41 168 41 42 169 42 43 170 43 44 171 44 41 172 41 43 173 43 39 174 39 41 175 41 45 176 45 45 177 45 30 178 30 39 179 39 41 180 41 46 181 46 45 182 45 41 183 41 44 184 44 46 185 46 44 186 44 47 187 47 46 188 46 44 189 44 48 190 48 47 191 47 48 192 48 44 193 44 43 194 43 48 195 48 49 196 49 47 197 47 47 198 47 49 199 49 50 200 50 49 201 49 51 202 51 50 203 50 51 204 51 52 205 52 50 206 50 52 207 52 53 208 53 50 209 50 54 210 54 53 211 53 52 212 52 55 213 55 54 214 54 52 215 52 56 216 56 51 217 51 49 218 49 48 219 48 56 220 56 49 221 49 56 222 56 52 223 52 51 224 51 56 225 56 48 226 48 57 227 57 48 228 48 58 229 58 57 230 57 58 231 58 48 232 48 43 233 43 59 234 59 55 235 55 52 236 52 59 237 59 52 238 52 56 239 56 59 240 59 56 241 56 60 242 60 60 243 60 56 244 56 57 245 57 55 246 55 59 247 59 61 248 61 60 249 60 61 250 61 59 251 59 61 252 61 62 253 62 55 254 55 62 255 62 63 256 63 55 257 55 62 258 62 64 259 64 63 260 63 64 261 64 65 262 65 63 263 63 64 264 64 66 265 66 65 266 65 66 267 66 67 268 67 65 269 65 62 270 62 68 271 68 64 272 64 62 273 62 61 274 61 68 275 68 68 276 68 69 277 69 64 278 64 69 279 69 70 280 70 64 281 64 66 282 66 64 283 64 70 284 70 66 285 66 71 286 71 67 287 67 71 288 71 72 289 72 67 290 67 61 291 61 60 292 60 73 293 73 61 294 61 73 295 73 68 296 68 68 297 68 73 298 73 74 299 74 73 300 73 75 301 75 74 302 74 73 303 73 76 304 76 75 305 75 76 306 76 77 307 77 75 308 75 74 309 74 75 310 75 78 311 78 75 312 75 79 313 79 78 314 78 79 315 79 75 316 75 77 317 77 76 318 76 80 319 80 77 320 77 80 321 80 81 322 81 77 323 77 80 324 80 82 325 82 81 326 81 82 327 82 83 328 83 81 329 81 81 330 81 84 331 84 77 332 77 84 333 84 81 334 81 83 335 83 84 336 84 85 337 85 77 338 77 85 339 85 79 340 79 77 341 77 79 342 79 85 343 85 86 344 86 85 345 85 87 346 87 86 347 86 85 348 85 84 349 84 88 350 88 87 351 87 85 352 85 88 353 88 88 354 88 84 355 84 89 356 89 84 357 84 90 358 90 89 359 89 90 360 90 84 361 84 83 362 83 91 363 91 90 364 90 83 365 83 92 366 92 91 367 91 83 368 83 87 369 87 88 370 88 93 371 93 88 372 88 94 373 94 93 374 93 94 375 94 88 376 88 89 377 89 93 378 93 94 379 94 95 380 95 96 381 96 93 382 93 95 383 95 96 384 96 86 385 86 87 386 87 93 387 93 96 388 96 87 389 87 97 390 97 96 391 96 95 392 95 97 393 97 95 394 95 98 395 98 99 396 99 97 397 97 98 398 98 99 399 99 98 400 98 100 401 100 98 402 98 101 403 101 100 404 100 100 405 100 101 406 101 102 407 102 103 408 103 100 409 100 102 410 102 103 411 103 102 412 102 104 413 104 101 414 101 105 415 105 102 416 102 105 417 105 106 418 106 102 419 102 106 420 106 105 421 105 107 422 107 105 423 105 108 424 108 107 425 107 109 426 109 108 427 108 105 428 105 110 429 110 109 430 109 105 431 105 110 432 110 105 433 105 101 434 101 98 435 98 110 436 110 101 437 101 111 438 111 109 439 109 110 440 110 109 441 109 111 442 111 112 443 112 113 444 113 109 445 109 112 446 112 109 447 109 113 448 113 108 449 108 114 450 114 111 451 111 110 452 110 115 453 115 111 454 111 114 455 114 94 456 94 115 457 115 114 458 114 106 459 106 107 460 107 116 461 116 116 462 116 104 463 104 102 464 102 106 465 106 116 466 116 102 467 102 116 468 116 107 469 107 117 470 117 118 471 118 116 472 116 117 473 117 104 474 104 116 475 116 119 476 119 116 477 116 118 478 118 119 479 119 118 480 118 120 481 120 119 482 119 120 483 120 121 484 121 119 485 119 122 486 122 104 487 104 119 488 119 122 489 122 123 490 123 104 491 104 123 492 123 124 493 124 104 494 104 121 495 121 120 496 120 125 497 125 125 498 125 120 499 120 126 500 126 118 501 118 117 502 117 126 503 126 120 504 120 118 505 118 126 506 126 126 507 126 127 508 127 125 509 125 127 510 127 126 511 126 117 512 117 127 513 127 128 514 128 125 515 125 127 516 127 129 517 129 128 518 128 129 519 129 127 520 127 130 521 130 130 522 130 127 523 127 131 524 131 131 525 131 132 526 132 130 527 130 132 528 132 133 529 133 130 530 130 130 531 130 133 532 133 129 533 129 133 534 133 134 535 134 129 536 129 129 537 129 135 538 135 128 539 128 129 540 129 134 541 134 135 542 135 134 543 134 136 544 136 135 545 135 137 546 137 136 547 136 134 548 134 137 549 137 138 550 138 136 551 136 138 552 138 139 553 139 136 554 136 138 555 138 140 556 140 139 557 139 140 558 140 141 559 141 139 560 139 142 561 142 137 562 137 134 563 134 142 564 142 134 565 134 133 566 133 143 567 143 135 568 135 136 569 136 139 570 139 143 571 143 136 572 136 135 573 135 143 574 143 144 575 144 128 576 128 135 577 135 144 578 144 145 579 145 142 580 142 133 581 133 145 582 145 133 583 133 132 584 132 146 585 146 145 586 145 132 587 132 146 588 146 132 589 132 112 590 112 147 591 147 146 592 146 112 593 112 144 594 144 148 595 148 128 596 128 148 597 148 125 598 125 128 599 128 148 600 148 121 601 121 125 602 125 149 603 149 143 604 143 139 605 139 141 606 141 149 607 149 139 608 139 150 609 150 144 610 144 143 611 143 149 612 149 150 613 150 143 614 143 151 615 151 148 616 148 144 617 144 150 618 150 151 619 151 144 620 144 148 621 148 151 622 151 121 623 121 152 624 152 142 625 142 145 626 145 152 627 152 153 628 153 142 629 142 152 630 152 154 631 154 153 632 153 154 633 154 155 634 155 153 635 153 153 636 153 155 637 155 156 638 156 155 639 155 157 640 157 156 641 156 157 642 157 158 643 158 156 644 156 158 645 158 159 646 159 156 647 156 160 648 160 154 649 154 152 650 152 161 651 161 160 652 160 152 653 152 162 654 162 160 655 160 161 656 161 163 657 163 162 658 162 161 659 161 91 660 91 162 661 162 163 662 163 164 663 164 91 664 91 163 665 163 158 666 158 157 667 157 165 668 165 166 669 166 158 670 158 165 671 165 167 672 167 166 673 166 165 674 165 168 675 168 167 676 167 165 677 165 169 678 169 168 679 168 165 680 165 170 681 170 169 682 169 165 683 165 165 684 165 157 685 157 170 686 170 171 687 171 169 688 169 170 689 170 172 690 172 171 691 171 170 692 170 171 693 171 172 694 172 173 695 173 174 696 174 171 697 171 173 698 173 174 699 174 173 700 173 175 701 175 176 702 176 174 703 174 175 704 175 176 705 176 175 706 175 92 707 92 177 708 177 176 709 176 92 710 92 170 711 170 155 712 155 172 713 172 157 714 157 155 715 155 170 716 170 155 717 155 154 718 154 172 719 172 172 720 172 154 721 154 173 722 173 154 723 154 160 724 160 173 725 173 173 726 173 160 727 160 175 728 175 160 729 160 162 730 162 175 731 175 175 732 175 162 733 162 92 734 92 177 735 177 92 736 92 83 737 83 82 738 82 177 739 177 83 740 83 162 741 162 91 742 91 92 743 92 42 744 42 176 745 176 177 746 177 174 747 174 176 748 176 42 749 42 43 750 43 42 751 42 177 752 177 43 753 43 177 754 177 82 755 82 40 756 40 174 757 174 42 758 42 171 759 171 174 760 174 40 761 40 38 762 38 171 763 171 40 764 40 169 765 169 171 766 171 38 767 38 36 768 36 169 769 169 38 770 38 168 771 168 169 772 169 36 773 36 34 774 34 168 775 168 36 776 36 167 777 167 168 778 168 34 779 34 33 780 33 167 781 167 34 782 34 58 783 58 43 784 43 82 785 82 58 786 58 82 787 82 80 788 80 57 789 57 58 790 58 80 791 80 57 792 57 80 793 80 60 794 60 80 795 80 76 796 76 60 797 60 60 798 60 76 799 76 73 800 73 167 801 167 33 802 33 178 803 178 178 804 178 33 805 33 179 806 179 33 807 33 32 808 32 179 809 179 178 810 178 179 811 179 180 812 180 181 813 181 178 814 178 180 815 180 181 816 181 180 817 180 182 818 182 183 819 183 181 820 181 182 821 182 183 822 183 182 823 182 184 824 184 185 825 185 183 826 183 184 827 184 185 828 185 184 829 184 186 830 186 187 831 187 185 832 185 186 833 186 187 834 187 186 835 186 188 836 188 186 837 186 189 838 189 188 839 188 179 840 179 32 841 32 25 842 25 190 843 190 179 844 179 25 845 25 180 846 180 179 847 179 190 848 190 191 849 191 190 850 190 25 851 25 23 852 23 191 853 191 25 854 25 191 855 191 192 856 192 190 857 190 192 858 192 193 859 193 190 860 190 193 861 193 180 862 180 190 863 190 182 864 182 180 865 180 193 866 193 192 867 192 194 868 194 193 869 193 194 870 194 195 871 195 193 872 193 195 873 195 182 874 182 193 875 193 182 876 182 195 877 195 184 878 184 186 879 186 184 880 184 196 881 196 195 882 195 196 883 196 184 884 184 196 885 196 195 886 195 194 887 194 197 888 197 186 889 186 196 890 196 189 891 189 186 892 186 197 893 197 198 894 198 189 895 189 197 896 197 199 897 199 189 898 189 198 899 198 189 900 189 199 901 199 188 902 188 200 903 200 199 904 199 198 905 198 200 906 200 198 907 198 201 908 201 202 909 202 200 910 200 201 911 201 203 912 203 202 913 202 201 914 201 204 915 204 203 916 203 201 917 201 204 918 204 205 919 205 203 920 203 205 921 205 206 922 206 203 923 203 207 924 207 199 925 199 200 926 200 202 927 202 207 928 207 200 929 200 203 930 203 207 931 207 202 932 202 199 933 199 207 934 207 208 935 208 209 936 209 199 937 199 208 938 208 206 939 206 210 940 210 203 941 203 203 942 203 210 943 210 207 944 207 207 945 207 210 946 210 211 947 211 207 948 207 211 949 211 208 950 208 210 951 210 206 952 206 212 953 212 212 954 212 211 955 211 210 956 210 213 957 213 212 958 212 206 959 206 214 960 214 213 961 213 206 962 206 215 963 215 213 964 213 214 965 214 216 966 216 215 967 215 214 968 214 217 969 217 215 970 215 216 971 216 218 972 218 217 973 217 216 974 216 219 975 219 213 976 213 215 977 215 212 978 212 213 979 213 219 980 219 220 981 220 219 982 219 215 983 215 221 984 221 220 985 220 215 986 215 215 987 215 217 988 217 221 989 221 222 990 222 217 991 217 218 992 218 223 993 223 222 994 222 218 995 218 211 996 211 212 997 212 224 998 224 224 999 224 212 1000 212 219 1001 219 224 1002 224 219 1003 219 225 1004 225 226 1005 226 224 1006 224 225 1007 225 227 1008 227 224 1009 224 226 1010 226 228 1011 228 227 1012 227 226 1013 226 226 1014 226 225 1015 225 229 1016 229 230 1017 230 226 1018 226 229 1019 229 226 1020 226 230 1021 230 228 1022 228 231 1023 231 227 1024 227 228 1025 228 232 1026 232 231 1027 231 228 1028 228 233 1029 233 231 1030 231 232 1031 232 234 1032 234 233 1033 233 232 1034 232 235 1035 235 232 1036 232 228 1037 228 232 1038 232 235 1039 235 234 1040 234 236 1041 236 235 1042 235 228 1043 228 230 1044 230 236 1045 236 228 1046 228 236 1047 236 230 1048 230 237 1049 237 238 1050 238 236 1051 236 237 1052 237 236 1053 236 238 1054 238 239 1055 239 235 1056 235 236 1057 236 239 1058 239 235 1059 235 239 1060 239 240 1061 240 241 1062 241 235 1063 235 240 1064 240 235 1065 235 241 1066 241 234 1067 234 241 1068 241 242 1069 242 234 1070 234 242 1071 242 243 1072 243 234 1073 234 239 1074 239 238 1075 238 244 1076 244 245 1077 245 239 1078 239 244 1079 244 239 1080 239 245 1081 245 240 1082 240 245 1083 245 244 1084 244 246 1085 246 244 1086 244 247 1087 247 246 1088 246 247 1089 247 244 1090 244 238 1091 238 237 1092 237 247 1093 247 238 1094 238 247 1095 247 248 1096 248 246 1097 246 246 1098 246 248 1099 248 249 1100 249 248 1101 248 250 1102 250 249 1103 249 249 1104 249 250 1105 250 251 1106 251 252 1107 252 249 1108 249 251 1109 251 252 1110 252 251 1111 251 253 1112 253 251 1113 251 254 1114 254 253 1115 253 253 1116 253 254 1117 254 255 1118 255 256 1119 256 252 1120 252 253 1121 253 257 1122 257 256 1123 256 253 1124 253 256 1125 256 257 1126 257 258 1127 258 259 1128 259 256 1129 256 258 1130 258 259 1131 259 260 1132 260 256 1133 256 260 1134 260 261 1135 261 256 1136 256 261 1137 261 249 1138 249 252 1139 252 256 1140 256 261 1141 261 252 1142 252 260 1143 260 262 1144 262 261 1145 261 262 1146 262 260 1147 260 263 1148 263 260 1149 260 264 1150 264 263 1151 263 264 1152 264 260 1153 260 259 1154 259 262 1155 262 265 1156 265 261 1157 261 262 1158 262 266 1159 266 265 1160 265 266 1161 266 245 1162 245 265 1163 265 258 1164 258 257 1165 257 267 1166 267 267 1167 267 257 1168 257 253 1169 253 255 1170 255 267 1171 267 253 1172 253 258 1173 258 267 1174 267 268 1175 268 267 1176 267 269 1177 269 268 1178 268 267 1179 267 255 1180 255 119 1181 119 269 1182 269 267 1183 267 119 1184 119 270 1185 270 269 1186 269 119 1187 119 121 1188 121 270 1189 270 119 1190 119 255 1191 255 271 1192 271 119 1193 119 272 1194 272 271 1195 271 255 1196 255 273 1197 273 272 1198 272 255 1199 255 270 1200 270 121 1201 121 274 1202 274 270 1203 270 274 1204 274 275 1205 275 269 1206 269 270 1207 270 275 1208 275 268 1209 268 269 1210 269 275 1211 275 276 1212 276 275 1213 275 274 1214 274 275 1215 275 276 1216 276 268 1217 268 277 1218 277 276 1219 276 274 1220 274 278 1221 278 276 1222 276 277 1223 277 276 1224 276 278 1225 278 279 1226 279 276 1227 276 279 1228 279 280 1229 280 281 1230 281 280 1231 280 279 1232 279 282 1233 282 281 1234 281 279 1235 279 282 1236 282 279 1237 279 278 1238 278 283 1239 283 282 1240 282 278 1241 278 284 1242 284 278 1243 278 277 1244 277 283 1245 283 278 1246 278 284 1247 284 285 1248 285 283 1249 283 284 1250 284 285 1251 285 286 1252 286 283 1253 283 287 1254 287 286 1255 286 285 1256 285 288 1257 288 287 1258 287 285 1259 285 140 1260 140 287 1261 287 288 1262 288 141 1263 141 140 1264 140 288 1265 288 286 1266 286 289 1267 289 283 1268 283 283 1269 283 289 1270 289 282 1271 282 290 1272 290 288 1273 288 285 1274 285 284 1275 284 290 1276 290 285 1277 285 284 1278 284 277 1279 277 291 1280 291 290 1281 290 284 1282 284 291 1283 291 289 1284 289 292 1285 292 282 1286 282 282 1287 282 292 1288 292 281 1289 281 292 1290 292 293 1291 293 281 1292 281 281 1293 281 293 1294 293 263 1295 263 293 1296 293 294 1297 294 263 1298 263 295 1299 295 291 1300 291 277 1301 277 274 1302 274 295 1303 295 277 1304 277 121 1305 121 295 1306 295 274 1307 274 149 1308 149 141 1309 141 288 1310 288 290 1311 290 149 1312 149 288 1313 288 150 1314 150 149 1315 149 290 1316 290 291 1317 291 150 1318 150 290 1319 290 151 1320 151 150 1321 150 291 1322 291 295 1323 295 151 1324 151 291 1325 291 151 1326 151 295 1327 295 121 1328 121 289 1329 289 296 1330 296 292 1331 292 297 1332 297 296 1333 296 289 1334 289 298 1335 298 296 1336 296 297 1337 297 299 1338 299 298 1339 298 297 1340 297 299 1341 299 297 1342 297 300 1343 300 301 1344 301 299 1345 299 300 1346 300 158 1347 158 301 1348 301 300 1349 300 159 1350 159 158 1351 158 300 1352 300 298 1353 298 302 1354 302 296 1355 296 302 1356 302 303 1357 303 296 1358 296 302 1359 302 304 1360 304 303 1361 303 304 1362 304 305 1363 305 303 1364 303 304 1365 304 242 1366 242 305 1367 305 242 1368 242 306 1369 306 305 1370 305 301 1371 301 158 1372 158 307 1373 307 158 1374 158 166 1375 166 307 1376 307 166 1377 166 167 1378 167 307 1379 307 167 1380 167 308 1381 308 307 1382 307 308 1383 308 309 1384 309 307 1385 307 309 1386 309 310 1387 310 307 1388 307 301 1389 301 307 1390 307 310 1391 310 309 1392 309 311 1393 311 310 1394 310 311 1395 311 312 1396 312 310 1397 310 312 1398 312 311 1399 311 313 1400 313 311 1401 311 314 1402 314 313 1403 313 313 1404 313 314 1405 314 315 1406 315 314 1407 314 316 1408 316 315 1409 315 315 1410 315 316 1411 316 243 1412 243 316 1413 316 317 1414 317 243 1415 243 299 1416 299 310 1417 310 312 1418 312 299 1419 299 301 1420 301 310 1421 310 298 1422 298 299 1423 299 312 1424 312 298 1425 298 312 1426 312 313 1427 313 302 1428 302 298 1429 298 313 1430 313 302 1431 302 313 1432 313 315 1433 315 304 1434 304 302 1435 302 315 1436 315 304 1437 304 315 1438 315 243 1439 243 243 1440 243 317 1441 317 234 1442 234 317 1443 317 233 1444 233 234 1445 234 242 1446 242 304 1447 304 243 1448 243 316 1449 316 187 1450 187 317 1451 317 316 1452 316 314 1453 314 187 1454 187 187 1455 187 188 1456 188 317 1457 317 317 1458 317 188 1459 188 233 1460 233 314 1461 314 185 1462 185 187 1463 187 314 1464 314 311 1465 311 185 1466 185 311 1467 311 183 1468 183 185 1469 185 311 1470 311 309 1471 309 183 1472 183 309 1473 309 181 1474 181 183 1475 183 309 1476 309 308 1477 308 181 1478 181 308 1479 308 178 1480 178 181 1481 181 308 1482 308 167 1483 167 178 1484 178 188 1485 188 209 1486 209 233 1487 233 199 1488 199 209 1489 209 188 1490 188 233 1491 233 209 1492 209 231 1493 231 209 1494 209 208 1495 208 231 1496 231 231 1497 231 208 1498 208 211 1499 211 227 1500 227 231 1501 231 211 1502 211 227 1503 227 211 1504 211 224 1505 224 320 1506 320 319 1507 319 318 1508 318 321 1509 321 320 1510 320 318 1511 318 322 1512 322 321 1513 321 318 1514 318 322 1515 322 318 1516 318 323 1517 323 323 1518 323 318 1519 318 324 1520 324 324 1521 324 318 1522 318 325 1523 325 325 1524 325 318 1525 318 326 1526 326 327 1527 327 324 1528 324 325 1529 325 328 1530 328 327 1531 327 325 1532 325 328 1533 328 325 1534 325 329 1535 329 329 1536 329 325 1537 325 326 1538 326 326 1539 326 330 1540 330 329 1541 329 71 1542 71 330 1543 330 326 1544 326 331 1545 331 328 1546 328 329 1547 329 329 1548 329 330 1549 330 331 1550 331 332 1551 332 322 1552 322 323 1553 323 330 1554 330 71 1555 71 333 1556 333 330 1557 330 333 1558 333 331 1559 331 331 1560 331 333 1561 333 334 1562 334 333 1563 333 335 1564 335 334 1565 334 333 1566 333 336 1567 336 335 1568 335 71 1569 71 336 1570 336 333 1571 333 336 1572 336 337 1573 337 335 1574 335 334 1575 334 335 1576 335 338 1577 338 335 1578 335 339 1579 339 338 1580 338 339 1581 339 335 1582 335 337 1583 337 337 1584 337 336 1585 336 340 1586 340 337 1587 337 340 1588 340 341 1589 341 341 1590 341 339 1591 339 337 1592 337 339 1593 339 341 1594 341 342 1595 342 341 1596 341 343 1597 343 342 1598 342 340 1599 340 344 1600 344 341 1601 341 341 1602 341 344 1603 344 343 1604 343 344 1605 344 345 1606 345 343 1607 343 343 1608 343 345 1609 345 346 1610 346 343 1611 343 346 1612 346 342 1613 342 345 1614 345 347 1615 347 346 1616 346 346 1617 346 347 1618 347 348 1619 348 349 1620 349 346 1621 346 348 1622 348 350 1623 350 346 1624 346 349 1625 349 346 1626 346 350 1627 350 342 1628 342 351 1629 351 350 1630 350 349 1631 349 351 1632 351 349 1633 349 352 1634 352 353 1635 353 351 1636 351 352 1637 352 353 1638 353 352 1639 352 354 1640 354 355 1641 355 353 1642 353 354 1643 354 342 1644 342 350 1645 350 356 1646 356 350 1647 350 357 1648 357 356 1649 356 357 1650 357 350 1651 350 351 1652 351 349 1653 349 348 1654 348 358 1655 358 352 1656 352 349 1657 349 358 1658 358 352 1659 352 358 1660 358 359 1661 359 354 1662 354 352 1663 352 359 1664 359 345 1665 345 344 1666 344 360 1667 360 344 1668 344 361 1669 361 360 1670 360 361 1671 361 362 1672 362 360 1673 360 362 1674 362 363 1675 363 360 1676 360 362 1677 362 364 1678 364 363 1679 363 365 1680 365 364 1681 364 362 1682 362 366 1683 366 365 1684 365 362 1685 362 362 1686 362 361 1687 361 366 1688 366 364 1689 364 367 1690 367 363 1691 363 364 1692 364 78 1693 78 367 1694 367 78 1695 78 368 1696 368 367 1697 367 363 1698 363 367 1699 367 369 1700 369 367 1701 367 370 1702 370 369 1703 369 370 1704 370 367 1705 367 368 1706 368 78 1707 78 79 1708 79 368 1709 368 79 1710 79 86 1711 86 368 1712 368 368 1713 368 86 1714 86 371 1715 371 371 1716 371 370 1717 370 368 1718 368 370 1719 370 371 1720 371 372 1721 372 373 1722 373 370 1723 370 372 1724 372 373 1725 373 372 1726 372 374 1727 374 375 1728 375 373 1729 373 374 1730 374 375 1731 375 374 1732 374 376 1733 376 377 1734 377 375 1735 375 376 1736 376 377 1737 377 376 1738 376 124 1739 124 123 1740 123 377 1741 377 124 1742 124 86 1743 86 96 1744 96 371 1745 371 371 1746 371 96 1747 96 372 1748 372 96 1749 96 97 1750 97 372 1751 372 372 1752 372 97 1753 97 374 1754 374 97 1755 97 99 1756 99 374 1757 374 374 1758 374 99 1759 99 376 1760 376 99 1761 99 100 1762 100 376 1763 376 376 1764 376 100 1765 100 124 1766 124 100 1767 100 103 1768 103 124 1769 124 124 1770 124 103 1771 103 104 1772 104 373 1773 373 375 1774 375 378 1775 378 379 1776 379 373 1777 373 378 1778 378 380 1779 380 379 1780 379 378 1781 378 380 1782 380 381 1783 381 379 1784 379 381 1785 381 369 1786 369 379 1787 379 382 1788 382 380 1789 380 378 1790 378 382 1791 382 378 1792 378 383 1793 383 383 1794 383 377 1795 377 123 1796 123 384 1797 384 382 1798 382 383 1799 383 384 1800 384 383 1801 383 385 1802 385 385 1803 385 383 1804 383 123 1805 123 385 1806 385 123 1807 123 122 1808 122 386 1809 386 385 1810 385 122 1811 122 387 1812 387 385 1813 385 386 1814 386 386 1815 386 388 1816 388 387 1817 387 369 1818 369 370 1819 370 379 1820 379 370 1821 370 373 1822 373 379 1823 379 378 1824 378 375 1825 375 383 1826 383 375 1827 375 377 1828 377 383 1829 383 386 1830 386 122 1831 122 119 1832 119 385 1833 385 387 1834 387 359 1835 359 384 1836 384 385 1837 385 359 1838 359 358 1839 358 382 1840 382 384 1841 384 359 1842 359 358 1843 358 384 1844 384 354 1845 354 359 1846 359 387 1847 387 387 1848 387 388 1849 388 355 1850 355 354 1851 354 387 1852 387 355 1853 355 389 1854 389 388 1855 388 386 1856 386 388 1857 388 389 1858 389 390 1859 390 355 1860 355 388 1861 388 390 1862 390 390 1863 390 391 1864 391 355 1865 355 392 1866 392 391 1867 391 390 1868 390 392 1869 392 393 1870 393 391 1871 391 393 1872 393 394 1873 394 391 1874 391 393 1875 393 395 1876 395 394 1877 394 395 1878 395 357 1879 357 394 1880 394 396 1881 396 392 1882 392 390 1883 390 390 1884 390 389 1885 389 396 1886 396 396 1887 396 389 1888 389 397 1889 397 394 1890 394 357 1891 357 351 1892 351 394 1893 394 351 1894 351 353 1895 353 391 1896 391 394 1897 394 353 1898 353 391 1899 391 353 1900 353 355 1901 355 398 1902 398 395 1903 395 393 1904 393 395 1905 395 398 1906 398 399 1907 399 400 1908 400 395 1909 395 399 1910 399 357 1911 357 395 1912 395 400 1913 400 401 1914 401 398 1915 398 393 1916 393 401 1917 401 393 1918 393 392 1919 392 402 1920 402 398 1921 398 401 1922 401 403 1923 403 402 1924 402 401 1925 401 399 1926 399 404 1927 404 400 1928 400 405 1929 405 404 1930 404 399 1931 399 406 1932 406 405 1933 405 399 1934 399 398 1935 398 402 1936 402 406 1937 406 399 1938 399 398 1939 398 406 1940 406 406 1941 406 402 1942 402 407 1943 407 405 1944 405 406 1945 406 407 1946 407 402 1947 402 408 1948 408 407 1949 407 408 1950 408 402 1951 402 403 1952 403 404 1953 404 409 1954 409 400 1955 400 400 1956 400 409 1957 409 356 1958 356 409 1959 409 338 1960 338 356 1961 356 410 1962 410 409 1963 409 404 1964 404 411 1965 411 410 1966 410 404 1967 404 404 1968 404 405 1969 405 411 1970 411 338 1971 338 339 1972 339 356 1973 356 339 1974 339 342 1975 342 356 1976 356 409 1977 409 410 1978 410 334 1979 334 338 1980 338 409 1981 409 334 1982 334 401 1983 401 412 1984 412 403 1985 403 412 1986 412 401 1987 401 392 1988 392 412 1989 412 392 1990 392 396 1991 396 397 1992 397 412 1993 412 396 1994 396 413 1995 413 412 1996 412 397 1997 397 414 1998 414 413 1999 413 397 2000 397 412 2001 412 413 2002 413 403 2003 403 403 2004 403 413 2005 413 415 2006 415 413 2007 413 416 2008 416 415 2009 415 416 2010 416 413 2011 413 414 2012 414 417 2013 417 416 2014 416 414 2015 414 414 2016 414 418 2017 418 417 2018 417 418 2019 418 419 2020 419 417 2021 417 389 2022 389 418 2023 418 414 2024 414 397 2025 397 389 2026 389 414 2027 414 420 2028 420 418 2029 418 389 2030 389 415 2031 415 408 2032 408 403 2033 403 419 2034 419 418 2035 418 421 2036 421 421 2037 421 418 2038 418 420 2039 420 416 2040 416 422 2041 422 415 2042 415 422 2043 422 423 2044 423 415 2045 415 408 2046 408 415 2047 415 423 2048 423 419 2049 419 424 2050 424 417 2051 417 424 2052 424 425 2053 425 417 2054 417 416 2055 416 417 2056 417 425 2057 425 422 2058 422 416 2059 416 425 2060 425 422 2061 422 425 2062 425 426 2063 426 427 2064 427 422 2065 422 426 2066 426 422 2067 422 427 2068 427 423 2069 423 427 2070 427 426 2071 426 428 2072 428 429 2073 429 428 2074 428 426 2075 426 429 2076 429 426 2077 426 425 2078 425 424 2079 424 429 2080 429 425 2081 425 424 2082 424 430 2083 430 429 2084 429 431 2085 431 427 2086 427 428 2087 428 431 2088 431 428 2089 428 432 2090 432 429 2091 429 432 2092 432 428 2093 428 429 2094 429 433 2095 433 432 2096 432 434 2097 434 431 2098 431 432 2099 432 435 2100 435 431 2101 431 434 2102 434 436 2103 436 435 2104 435 434 2105 434 437 2106 437 435 2107 435 436 2108 436 438 2109 438 437 2110 437 436 2111 436 438 2112 438 436 2113 436 439 2114 439 440 2115 440 438 2116 438 439 2117 439 440 2118 440 439 2119 439 441 2120 441 442 2121 442 440 2122 440 441 2123 441 441 2124 441 439 2125 439 443 2126 443 439 2127 439 444 2128 444 443 2129 443 436 2130 436 434 2131 434 444 2132 444 439 2133 439 436 2134 436 444 2135 444 443 2136 443 444 2137 444 445 2138 445 444 2139 444 446 2140 446 445 2141 445 434 2142 434 432 2143 432 446 2144 446 444 2145 444 434 2146 434 446 2147 446 433 2148 433 446 2149 446 432 2150 432 438 2151 438 440 2152 440 447 2153 447 440 2154 440 448 2155 448 447 2156 447 440 2157 440 442 2158 442 448 2159 448 442 2160 442 441 2161 441 449 2162 449 450 2163 450 442 2164 442 449 2165 449 450 2166 450 451 2167 451 442 2168 442 451 2169 451 452 2170 452 442 2171 442 442 2172 442 452 2173 452 448 2174 448 452 2175 452 453 2176 453 448 2177 448 453 2178 453 454 2179 454 448 2180 448 448 2181 448 454 2182 454 447 2183 447 455 2184 455 453 2185 453 452 2186 452 451 2187 451 455 2188 455 452 2189 452 455 2190 455 456 2191 456 453 2192 453 456 2193 456 457 2194 457 453 2195 453 454 2196 454 453 2197 453 457 2198 457 458 2199 458 457 2200 457 456 2201 456 457 2202 457 458 2203 458 459 2204 459 459 2205 459 454 2206 454 457 2207 457 458 2208 458 460 2209 460 459 2210 459 454 2211 454 459 2212 459 461 2213 461 454 2214 454 461 2215 461 447 2216 447 461 2217 461 462 2218 462 447 2219 447 462 2220 462 463 2221 463 447 2222 447 459 2223 459 464 2224 464 461 2225 461 459 2226 459 460 2227 460 464 2228 464 462 2229 462 461 2230 461 464 2231 464 455 2232 455 451 2233 451 465 2234 465 466 2235 466 455 2236 455 465 2237 465 455 2238 455 466 2239 466 456 2240 456 467 2241 467 466 2242 466 465 2243 465 468 2244 468 467 2245 467 465 2246 465 469 2247 469 467 2248 467 468 2249 468 469 2250 469 470 2251 470 467 2252 467 470 2253 470 471 2254 471 467 2255 467 466 2256 466 467 2257 467 471 2258 471 472 2259 472 469 2260 469 468 2261 468 229 2262 229 469 2263 469 472 2264 472 473 2265 473 229 2266 229 472 2267 472 472 2268 472 468 2269 468 474 2270 474 475 2271 475 472 2272 472 474 2273 474 472 2274 472 475 2275 475 473 2276 473 230 2277 230 229 2278 229 473 2279 473 237 2280 237 230 2281 230 473 2282 473 237 2283 237 473 2284 473 476 2285 476 475 2286 475 476 2287 476 473 2288 473 476 2289 476 475 2290 475 477 2291 477 475 2292 475 478 2293 478 477 2294 477 477 2295 477 478 2296 478 479 2297 479 478 2298 478 480 2299 480 479 2300 479 479 2301 479 480 2302 480 481 2303 481 480 2304 480 482 2305 482 481 2306 481 481 2307 481 482 2308 482 273 2309 273 482 2310 482 272 2311 272 273 2312 273 247 2313 247 237 2314 237 476 2315 476 247 2316 247 476 2317 476 477 2318 477 248 2319 248 247 2320 247 477 2321 477 248 2322 248 477 2323 477 479 2324 479 250 2325 250 248 2326 248 479 2327 479 250 2328 250 479 2329 479 481 2330 481 251 2331 251 250 2332 250 481 2333 481 251 2334 251 481 2335 481 273 2336 273 254 2337 254 251 2338 251 273 2339 273 254 2340 254 273 2341 273 255 2342 255 480 2343 480 478 2344 478 483 2345 483 478 2346 478 484 2347 484 483 2348 483 484 2349 484 485 2350 485 483 2351 483 486 2352 486 485 2353 485 484 2354 484 474 2355 474 486 2356 486 484 2357 484 485 2358 485 487 2359 487 483 2360 483 483 2361 483 487 2362 487 488 2363 488 482 2364 482 488 2365 488 272 2366 272 487 2367 487 489 2368 489 488 2369 488 488 2370 488 489 2371 489 490 2372 490 488 2373 488 490 2374 490 272 2375 272 272 2376 272 490 2377 490 271 2378 271 490 2379 490 491 2380 491 271 2381 271 490 2382 490 492 2383 492 491 2384 491 433 2385 433 491 2386 491 492 2387 492 475 2388 475 474 2389 474 484 2390 484 478 2391 478 475 2392 475 484 2393 484 480 2394 480 483 2395 483 488 2396 488 482 2397 482 480 2398 480 488 2399 488 271 2400 271 491 2401 491 119 2402 119 486 2403 486 474 2404 474 468 2405 468 465 2406 465 486 2407 486 468 2408 468 490 2409 490 489 2410 489 493 2411 493 492 2412 492 490 2413 490 493 2414 493 494 2415 494 493 2416 493 489 2417 489 494 2418 494 443 2419 443 493 2420 493 441 2421 441 443 2422 443 494 2423 494 449 2424 449 441 2425 441 494 2426 494 443 2427 443 445 2428 445 493 2429 493 493 2430 493 445 2431 445 492 2432 492 449 2433 449 494 2434 494 487 2435 487 485 2436 485 449 2437 449 487 2438 487 450 2439 450 449 2440 449 485 2441 485 486 2442 486 450 2443 450 485 2444 485 487 2445 487 494 2446 494 489 2447 489 486 2448 486 465 2449 465 451 2450 451 450 2451 450 486 2452 486 451 2453 451 492 2454 492 445 2455 445 446 2456 446 433 2457 433 492 2458 492 446 2459 446 433 2460 433 429 2461 429 491 2462 491 491 2463 491 496 2464 496 495 2465 495 424 2466 424 419 2467 419 496 2468 496 424 2469 424 496 2470 496 430 2471 430 499 2472 499 498 2473 498 497 2474 497 500 2475 500 499 2476 499 497 2477 497 501 2478 501 499 2479 499 500 2480 500 502 2481 502 501 2482 501 500 2483 500 497 2484 497 498 2485 498 503 2486 503 498 2487 498 504 2488 504 503 2489 503 497 2490 497 505 2491 505 500 2492 500 505 2493 505 506 2494 506 500 2495 500 500 2496 500 506 2497 506 502 2498 502 505 2499 505 507 2500 507 506 2501 506 507 2502 507 508 2503 508 506 2504 506 507 2505 507 509 2506 509 508 2507 508 509 2508 509 510 2509 510 508 2510 508 509 2511 509 511 2512 511 510 2513 510 511 2514 511 512 2515 512 510 2516 510 511 2517 511 513 2518 513 512 2519 512 513 2520 513 514 2521 514 512 2522 512 514 2523 514 515 2524 515 512 2525 512 515 2526 515 516 2527 516 512 2528 512 513 2529 513 511 2530 511 517 2531 517 517 2532 517 511 2533 511 509 2534 509 518 2535 518 513 2536 513 517 2537 517 519 2538 519 518 2539 518 517 2540 517 520 2541 520 519 2542 519 517 2543 517 512 2544 512 516 2545 516 521 2546 521 510 2547 510 512 2548 512 521 2549 521 522 2550 522 521 2551 521 516 2552 516 523 2553 523 522 2554 522 516 2555 516 516 2556 516 515 2557 515 523 2558 523 520 2559 520 517 2560 517 524 2561 524 524 2562 524 517 2563 517 509 2564 509 525 2565 525 520 2566 520 524 2567 524 522 2568 522 526 2569 526 521 2570 521 526 2571 526 527 2572 527 521 2573 521 510 2574 510 521 2575 521 527 2576 527 508 2577 508 510 2578 510 527 2579 527 525 2580 525 524 2581 524 528 2582 528 529 2583 529 525 2584 525 528 2585 528 528 2586 528 524 2587 524 507 2588 507 524 2589 524 509 2590 509 507 2591 507 526 2592 526 530 2593 530 527 2594 527 530 2595 530 531 2596 531 527 2597 527 508 2598 508 527 2599 527 531 2600 531 506 2601 506 508 2602 508 531 2603 531 529 2604 529 528 2605 528 532 2606 532 533 2607 533 529 2608 529 532 2609 532 528 2610 528 507 2611 507 505 2612 505 532 2613 532 528 2614 528 505 2615 505 530 2616 530 534 2617 534 531 2618 531 534 2619 534 502 2620 502 531 2621 531 506 2622 506 531 2623 531 502 2624 502 533 2625 533 532 2626 532 503 2627 503 535 2628 535 533 2629 533 503 2630 503 532 2631 532 505 2632 505 497 2633 497 503 2634 503 532 2635 532 497 2636 497 534 2637 534 536 2638 536 502 2639 502 536 2640 536 501 2641 501 502 2642 502 535 2643 535 503 2644 503 537 2645 537 503 2646 503 504 2647 504 537 2648 537 538 2649 538 534 2650 534 530 2651 530 534 2652 534 538 2653 538 536 2654 536 539 2655 539 538 2656 538 530 2657 530 540 2658 540 538 2659 538 539 2660 539 541 2661 541 540 2662 540 539 2663 539 541 2664 541 539 2665 539 542 2666 542 543 2667 543 541 2668 541 542 2669 542 543 2670 543 542 2671 542 544 2672 544 545 2673 545 543 2674 543 544 2675 544 545 2676 545 544 2677 544 546 2678 546 547 2679 547 545 2680 545 546 2681 546 546 2682 546 548 2683 548 547 2684 547 548 2685 548 549 2686 549 547 2687 547 548 2688 548 546 2689 546 523 2690 523 546 2691 546 544 2692 544 523 2693 523 550 2694 550 548 2695 548 523 2696 523 547 2697 547 549 2698 549 551 2699 551 547 2700 547 551 2701 551 545 2702 545 549 2703 549 552 2704 552 551 2705 551 551 2706 551 553 2707 553 545 2708 545 545 2709 545 553 2710 553 543 2711 543 551 2712 551 552 2713 552 554 2714 554 553 2715 553 551 2716 551 554 2717 554 552 2718 552 555 2719 555 554 2720 554 554 2721 554 555 2722 555 556 2723 556 555 2724 555 557 2725 557 556 2726 556 556 2727 556 557 2728 557 558 2729 558 557 2730 557 559 2731 559 558 2732 558 558 2733 558 559 2734 559 560 2735 560 559 2736 559 561 2737 561 560 2738 560 561 2739 561 562 2740 562 560 2741 560 562 2742 562 563 2743 563 560 2744 560 563 2745 563 562 2746 562 564 2747 564 562 2748 562 565 2749 565 564 2750 564 566 2751 566 554 2752 554 556 2753 556 566 2754 566 553 2755 553 554 2756 554 567 2757 567 566 2758 566 556 2759 556 567 2760 567 556 2761 556 558 2762 558 568 2763 568 563 2764 563 564 2765 564 569 2766 569 568 2767 568 564 2768 564 570 2769 570 567 2770 567 558 2771 558 570 2772 570 558 2773 558 560 2774 560 571 2775 571 560 2776 560 563 2777 563 568 2778 568 571 2779 571 563 2780 563 571 2781 571 570 2782 570 560 2783 560 572 2784 572 566 2785 566 567 2786 567 573 2787 573 572 2788 572 567 2789 567 573 2790 573 567 2791 567 570 2792 570 574 2793 574 568 2794 568 569 2795 569 575 2796 575 574 2797 574 569 2798 569 576 2799 576 573 2800 573 570 2801 570 576 2802 576 570 2803 570 571 2804 571 572 2805 572 577 2806 577 566 2807 566 577 2808 577 553 2809 553 566 2810 566 553 2811 553 577 2812 577 543 2813 543 578 2814 578 571 2815 571 568 2816 568 574 2817 574 578 2818 578 568 2819 568 578 2820 578 576 2821 576 571 2822 571 543 2823 543 577 2824 577 541 2825 541 577 2826 577 579 2827 579 541 2828 541 579 2829 579 577 2830 577 572 2831 572 580 2832 580 572 2833 572 573 2834 573 580 2835 580 579 2836 579 572 2837 572 581 2838 581 580 2839 580 573 2840 573 581 2841 581 573 2842 573 576 2843 576 582 2844 582 574 2845 574 575 2846 575 583 2847 583 582 2848 582 575 2849 575 584 2850 584 581 2851 581 576 2852 576 584 2853 584 576 2854 576 578 2855 578 585 2856 585 578 2857 578 574 2858 574 582 2859 582 585 2860 585 574 2861 574 585 2862 585 584 2863 584 578 2864 578 541 2865 541 579 2866 579 540 2867 540 579 2868 579 586 2869 586 540 2870 540 586 2871 586 579 2872 579 580 2873 580 587 2874 587 580 2875 580 581 2876 581 587 2877 587 586 2878 586 580 2879 580 588 2880 588 587 2881 587 581 2882 581 588 2883 588 581 2884 581 584 2885 584 589 2886 589 582 2887 582 583 2888 583 590 2889 590 589 2890 589 583 2891 583 591 2892 591 588 2893 588 584 2894 584 591 2895 591 584 2896 584 585 2897 585 592 2898 592 585 2899 585 582 2900 582 589 2901 589 592 2902 592 582 2903 582 592 2904 592 591 2905 591 585 2906 585 540 2907 540 586 2908 586 593 2909 593 538 2910 538 540 2911 540 593 2912 593 594 2913 594 538 2914 538 593 2915 593 586 2916 586 595 2917 595 593 2918 593 586 2919 586 587 2920 587 595 2921 595 587 2922 587 588 2923 588 596 2924 596 588 2925 588 591 2926 591 596 2927 596 597 2928 597 587 2929 587 596 2930 596 587 2931 587 597 2932 597 595 2933 595 589 2934 589 590 2935 590 598 2936 598 599 2937 599 589 2938 589 598 2939 598 591 2940 591 600 2941 600 596 2942 596 591 2943 591 592 2944 592 600 2945 600 589 2946 589 599 2947 599 601 2948 601 592 2949 592 589 2950 589 601 2951 601 592 2952 592 601 2953 601 600 2954 600 538 2955 538 594 2956 594 536 2957 536 594 2958 594 593 2959 593 602 2960 602 602 2961 602 593 2962 593 595 2963 595 603 2964 603 594 2965 594 602 2966 602 536 2967 536 594 2968 594 603 2969 603 604 2970 604 602 2971 602 595 2972 595 604 2973 604 595 2974 595 597 2975 597 602 2976 602 604 2977 604 605 2978 605 602 2979 602 605 2980 605 603 2981 603 603 2982 603 605 2983 605 318 2984 318 604 2985 604 606 2986 606 605 2987 605 606 2988 606 604 2989 604 607 2990 607 607 2991 607 597 2992 597 596 2993 596 607 2994 607 604 2995 604 597 2996 597 608 2997 608 606 2998 606 607 2999 607 608 3000 608 607 3001 607 609 3002 609 609 3003 609 607 3004 607 596 3005 596 609 3006 609 596 3007 596 600 3008 600 610 3009 610 608 3010 608 609 3011 609 610 3012 610 609 3013 609 611 3014 611 611 3015 611 609 3016 609 600 3017 600 611 3018 611 600 3019 600 601 3020 601 612 3021 612 610 3022 610 611 3023 611 612 3024 612 611 3025 611 613 3026 613 613 3027 613 611 3028 611 601 3029 601 54 3030 54 612 3031 612 613 3032 613 54 3033 54 613 3034 613 614 3035 614 53 3036 53 54 3037 54 614 3038 614 53 3039 53 614 3040 614 615 3041 615 50 3042 50 53 3043 53 615 3044 615 605 3045 605 326 3046 326 318 3047 318 605 3048 605 606 3049 606 326 3050 326 606 3051 606 72 3052 72 326 3053 326 72 3054 72 606 3055 606 608 3056 608 67 3057 67 608 3058 608 610 3059 610 67 3060 67 72 3061 72 608 3062 608 65 3063 65 67 3064 67 610 3065 610 65 3066 65 610 3067 610 612 3068 612 63 3069 63 65 3070 65 612 3071 612 612 3072 612 54 3073 54 55 3074 55 63 3075 63 612 3076 612 55 3077 55 72 3078 72 71 3079 71 326 3080 326 615 3081 615 614 3082 614 598 3083 598 614 3084 614 599 3085 599 598 3086 598 614 3087 614 613 3088 613 599 3089 599 613 3090 613 601 3091 601 599 3092 599 616 3093 616 47 3094 47 50 3095 50 22 3096 22 616 3097 616 50 3098 50 617 3099 617 616 3100 616 22 3101 22 21 3102 21 617 3103 617 22 3104 22 616 3105 616 617 3106 617 45 3107 45 45 3108 45 617 3109 617 29 3110 29 29 3111 29 617 3112 617 21 3113 21 46 3114 46 616 3115 616 45 3116 45 46 3117 46 47 3118 47 616 3119 616 30 3120 30 45 3121 45 29 3122 29 71 3123 71 66 3124 66 618 3125 618 66 3126 66 70 3127 70 618 3128 618 618 3129 618 70 3130 70 366 3131 366 619 3132 619 618 3133 618 366 3134 366 361 3135 361 619 3136 619 366 3137 366 619 3138 619 361 3139 361 340 3140 340 618 3141 618 619 3142 619 340 3143 340 361 3144 361 344 3145 344 340 3146 340 365 3147 365 366 3148 366 70 3149 70 69 3150 69 365 3151 365 70 3152 70 365 3153 365 69 3154 69 68 3155 68 74 3156 74 365 3157 365 68 3158 68 364 3159 364 365 3160 365 74 3161 74 78 3162 78 364 3163 364 74 3164 74 336 3165 336 618 3166 618 340 3167 340 336 3168 336 71 3169 71 618 3170 618 622 3171 622 621 3172 621 620 3173 620 623 3174 623 620 3175 620 621 3176 621 624 3177 624 621 3178 621 622 3179 622 620 3180 620 623 3181 623 625 3182 625 623 3183 623 626 3184 626 625 3185 625 627 3186 627 625 3187 625 626 3188 626 628 3189 628 627 3190 627 626 3191 626 627 3192 627 628 3193 628 629 3194 629 628 3195 628 630 3196 630 629 3197 629 629 3198 629 630 3199 630 631 3200 631 630 3201 630 632 3202 632 631 3203 631 631 3204 631 632 3205 632 633 3206 633 632 3207 632 634 3208 634 633 3209 633 633 3210 633 634 3211 634 635 3212 635 634 3213 634 636 3214 636 635 3215 635 637 3216 637 635 3217 635 636 3218 636 638 3219 638 637 3220 637 636 3221 636 639 3222 639 637 3223 637 638 3224 638 327 3225 327 411 3226 411 640 3227 640 641 3228 641 327 3229 327 640 3230 640 641 3231 641 640 3232 640 642 3233 642 640 3234 640 405 3235 405 642 3236 642 405 3237 405 640 3238 640 411 3239 411 405 3240 405 643 3241 643 642 3242 642 644 3243 644 641 3244 641 642 3245 642 643 3246 643 405 3247 405 407 3248 407 324 3249 324 327 3250 327 641 3251 641 323 3252 323 324 3253 324 641 3254 641 323 3255 323 641 3256 641 644 3257 644 411 3258 411 327 3259 327 328 3260 328 410 3261 410 411 3262 411 328 3263 328 410 3264 410 328 3265 328 331 3266 331 334 3267 334 410 3268 410 331 3269 331 332 3270 332 323 3271 323 644 3272 644 643 3273 643 645 3274 645 642 3275 642 645 3276 645 643 3277 643 407 3278 407 645 3279 645 646 3280 646 642 3281 642 647 3282 647 644 3283 644 642 3284 642 646 3285 646 647 3286 647 642 3287 642 648 3288 648 647 3289 647 646 3290 646 649 3291 649 648 3292 648 646 3293 646 646 3294 646 645 3295 645 649 3296 649 650 3297 650 645 3298 645 407 3299 407 645 3300 645 650 3301 650 651 3302 651 652 3303 652 645 3304 645 651 3305 651 645 3306 645 652 3307 652 649 3308 649 653 3309 653 649 3310 649 652 3311 652 462 3312 462 653 3313 653 652 3314 652 652 3315 652 651 3316 651 463 3317 463 462 3318 462 652 3319 652 463 3320 463 437 3321 437 463 3322 463 651 3323 651 654 3324 654 437 3325 437 651 3326 651 654 3327 654 651 3328 651 650 3329 650 437 3330 437 654 3331 654 435 3332 435 654 3333 654 655 3334 655 435 3335 435 654 3336 654 656 3337 656 655 3338 655 656 3339 656 654 3340 654 650 3341 650 656 3342 656 423 3343 423 655 3344 655 656 3345 656 650 3346 650 407 3347 407 408 3348 408 656 3349 656 407 3350 407 656 3351 656 408 3352 408 423 3353 423 435 3354 435 655 3355 655 431 3356 431 655 3357 655 427 3358 427 431 3359 431 427 3360 427 655 3361 655 423 3362 423 653 3363 653 462 3364 462 464 3365 464 437 3366 437 438 3367 438 463 3368 463 438 3369 438 447 3370 447 463 3371 463 653 3372 653 464 3373 464 657 3374 657 460 3375 460 657 3376 657 464 3377 464 460 3378 460 658 3379 658 657 3380 657 222 3381 222 658 3382 658 460 3383 460 658 3384 658 222 3385 222 659 3386 659 658 3387 658 659 3388 659 660 3389 660 658 3390 658 660 3391 660 657 3392 657 661 3393 661 657 3394 657 660 3395 660 661 3396 661 653 3397 653 657 3398 657 662 3399 662 661 3400 661 660 3401 660 662 3402 662 660 3403 660 659 3404 659 663 3405 663 662 3406 662 659 3407 659 648 3408 648 661 3409 661 662 3410 662 664 3411 664 648 3412 648 662 3413 662 663 3414 663 664 3415 664 662 3416 662 663 3417 663 665 3418 665 664 3419 664 663 3420 663 322 3421 322 665 3422 665 322 3423 322 332 3424 332 665 3425 665 458 3426 458 222 3427 222 460 3428 460 664 3429 664 665 3430 665 647 3431 647 648 3432 648 664 3433 664 647 3434 647 649 3435 649 653 3436 653 661 3437 661 648 3438 648 649 3439 649 661 3440 661 222 3441 222 458 3442 458 666 3443 666 217 3444 217 222 3445 222 666 3446 666 221 3447 221 217 3448 217 666 3449 666 221 3450 221 666 3451 666 471 3452 471 666 3453 666 667 3454 667 471 3455 471 667 3456 667 466 3457 466 471 3458 471 466 3459 466 667 3460 667 456 3461 456 667 3462 667 666 3463 666 456 3464 456 666 3465 666 458 3466 458 456 3467 456 471 3468 471 470 3469 470 221 3470 221 470 3471 470 220 3472 220 221 3473 221 220 3474 220 470 3475 470 219 3476 219 470 3477 470 225 3478 225 219 3479 219 470 3480 470 469 3481 469 225 3482 225 469 3483 469 229 3484 229 225 3485 225 647 3486 647 665 3487 665 644 3488 644 665 3489 665 332 3490 332 644 3491 644 131 3492 131 127 3493 127 668 3494 668 113 3495 113 131 3496 131 668 3497 668 668 3498 668 127 3499 127 117 3500 117 131 3501 131 113 3502 113 132 3503 132 113 3504 113 112 3505 112 132 3506 132 113 3507 113 668 3508 668 108 3509 108 668 3510 668 117 3511 117 107 3512 107 108 3513 108 668 3514 668 107 3515 107 147 3516 147 112 3517 112 111 3518 111 115 3519 115 147 3520 147 111 3521 111 164 3522 164 147 3523 147 115 3524 115 89 3525 89 164 3526 164 115 3527 115 115 3528 115 94 3529 94 89 3530 89 89 3531 89 90 3532 90 164 3533 164 90 3534 90 91 3535 91 164 3536 164 147 3537 147 164 3538 164 163 3539 163 146 3540 146 147 3541 147 163 3542 163 163 3543 163 161 3544 161 146 3545 146 161 3546 161 145 3547 145 146 3548 146 161 3549 161 152 3550 152 145 3551 145 94 3552 94 114 3553 114 95 3554 95 95 3555 95 114 3556 114 98 3557 98 114 3558 114 110 3559 110 98 3560 98 421 3561 421 386 3562 386 669 3563 669 159 3564 159 140 3565 140 138 3566 138 156 3567 156 159 3568 159 138 3569 138 156 3570 156 138 3571 138 137 3572 137 153 3573 153 156 3574 156 137 3575 137 153 3576 153 137 3577 137 142 3578 142 140 3579 140 159 3580 159 287 3581 287 159 3582 159 300 3583 300 287 3584 287 287 3585 287 300 3586 300 286 3587 286 300 3588 300 297 3589 297 286 3590 286 286 3591 286 297 3592 297 289 3593 289 381 3594 381 360 3595 360 363 3596 363 369 3597 369 381 3598 381 363 3599 363 360 3600 360 381 3601 381 345 3602 345 381 3603 381 347 3604 347 345 3605 345 347 3606 347 381 3607 381 380 3608 380 348 3609 348 347 3610 347 380 3611 380 348 3612 348 380 3613 380 382 3614 382 358 3615 358 348 3616 348 382 3617 382 356 3618 356 357 3619 357 400 3620 400 1 3621 1 2 3622 2 320 3623 320 670 3624 670 1 3625 1 320 3626 320 1 3627 1 670 3628 670 0 3629 0 670 3630 670 671 3631 671 0 3632 0 672 3633 672 0 3634 0 671 3635 671 672 3636 672 5 3637 5 0 3638 0 673 3639 673 5 3640 5 672 3641 672 672 3642 672 674 3643 674 673 3644 673 15 3645 15 5 3646 5 673 3647 673 673 3648 673 675 3649 675 15 3650 15 676 3651 676 675 3652 675 673 3653 673 674 3654 674 676 3655 676 673 3656 673 675 3657 675 676 3658 676 677 3659 677 675 3660 675 677 3661 677 11 3662 11 12 3663 12 675 3664 675 11 3665 11 675 3666 675 12 3667 12 15 3668 15 676 3669 676 678 3670 678 677 3671 677 679 3672 679 678 3673 678 676 3674 676 672 3675 672 671 3676 671 680 3677 680 672 3678 672 680 3679 680 674 3680 674 677 3681 677 681 3682 681 11 3683 11 677 3684 677 678 3685 678 681 3686 681 681 3687 681 18 3688 18 11 3689 11 678 3690 678 682 3691 682 681 3692 681 678 3693 678 679 3694 679 683 3695 683 682 3696 682 678 3697 678 683 3698 683 679 3699 679 684 3700 684 683 3701 683 679 3702 679 676 3703 676 684 3704 684 684 3705 684 685 3706 685 683 3707 683 23 3708 23 18 3709 18 681 3710 681 191 3711 191 23 3712 23 681 3713 681 191 3714 191 681 3715 681 682 3716 682 192 3717 192 191 3718 191 682 3719 682 192 3720 192 682 3721 682 683 3722 683 194 3723 194 192 3724 192 683 3725 683 686 3726 686 683 3727 683 685 3728 685 686 3729 686 194 3730 194 683 3731 683 687 3732 687 686 3733 686 685 3734 685 686 3735 686 196 3736 196 194 3737 194 686 3738 686 687 3739 687 196 3740 196 687 3741 687 685 3742 685 201 3743 201 198 3744 198 687 3745 687 201 3746 201 687 3747 687 197 3748 197 196 3749 196 197 3750 197 687 3751 687 198 3752 198 204 3753 204 201 3754 201 688 3755 688 689 3756 689 204 3757 204 688 3758 688 205 3759 205 204 3760 204 689 3761 689 690 3762 690 205 3763 205 689 3764 689 691 3765 691 205 3766 205 690 3767 690 692 3768 692 691 3769 691 690 3770 690 693 3771 693 691 3772 691 692 3773 692 694 3774 694 693 3775 693 692 3776 692 695 3777 695 693 3778 693 694 3779 694 696 3780 696 695 3781 695 694 3782 694 697 3783 697 695 3784 695 696 3785 696 698 3786 698 697 3787 697 696 3788 696 697 3789 697 698 3790 698 699 3791 699 698 3792 698 700 3793 700 699 3794 699 697 3795 697 699 3796 699 659 3797 659 659 3798 659 699 3799 699 663 3800 663 699 3801 699 701 3802 701 663 3803 663 700 3804 700 701 3805 701 699 3806 699 223 3807 223 697 3808 697 659 3809 659 697 3810 697 223 3811 223 695 3812 695 695 3813 695 218 3814 218 693 3815 693 223 3816 223 218 3817 218 695 3818 695 218 3819 218 216 3820 216 693 3821 693 693 3822 693 216 3823 216 691 3824 691 216 3825 216 214 3826 214 691 3827 691 222 3828 222 223 3829 223 659 3830 659 701 3831 701 700 3832 700 702 3833 702 700 3834 700 703 3835 703 702 3836 702 703 3837 703 704 3838 704 702 3839 702 704 3840 704 705 3841 705 702 3842 702 705 3843 705 704 3844 704 706 3845 706 704 3846 704 707 3847 707 706 3848 706 706 3849 706 707 3850 707 708 3851 708 707 3852 707 709 3853 709 708 3854 708 708 3855 708 709 3856 709 710 3857 710 709 3858 709 711 3859 711 710 3860 710 710 3861 710 711 3862 711 712 3863 712 711 3864 711 713 3865 713 712 3866 712 712 3867 712 713 3868 713 714 3869 714 715 3870 715 712 3871 712 714 3872 714 716 3873 716 712 3874 712 715 3875 715 712 3876 712 716 3877 716 710 3878 710 717 3879 717 716 3880 716 715 3881 715 714 3882 714 713 3883 713 718 3884 718 718 3885 718 713 3886 713 711 3887 711 719 3888 719 714 3889 714 718 3890 718 720 3891 720 718 3892 718 711 3893 711 720 3894 720 711 3895 711 709 3896 709 719 3897 719 718 3898 718 721 3899 721 718 3900 718 720 3901 720 721 3902 721 722 3903 722 719 3904 719 721 3905 721 722 3906 722 721 3907 721 723 3908 723 721 3909 721 724 3910 724 723 3911 723 723 3912 723 724 3913 724 725 3914 725 726 3915 726 723 3916 723 725 3917 725 726 3918 726 725 3919 725 727 3920 727 728 3921 728 726 3922 726 727 3923 727 728 3924 728 727 3925 727 729 3926 729 727 3927 727 730 3928 730 729 3929 729 729 3930 729 730 3931 730 731 3932 731 730 3933 730 732 3934 732 731 3935 731 721 3936 721 733 3937 733 724 3938 724 720 3939 720 733 3940 733 721 3941 721 733 3942 733 734 3943 734 724 3944 724 724 3945 724 734 3946 734 725 3947 725 730 3948 730 735 3949 735 732 3950 732 735 3951 735 736 3952 736 732 3953 732 734 3954 734 737 3955 737 725 3956 725 725 3957 725 737 3958 737 727 3959 727 738 3960 738 735 3961 735 730 3962 730 727 3963 727 738 3964 738 730 3965 730 737 3966 737 738 3967 738 727 3968 727 733 3969 733 739 3970 739 734 3971 734 739 3972 739 740 3973 740 734 3974 734 734 3975 734 740 3976 740 737 3977 737 735 3978 735 741 3979 741 736 3980 736 741 3981 741 742 3982 742 736 3983 736 740 3984 740 743 3985 743 737 3986 737 737 3987 737 743 3988 743 738 3989 738 744 3990 744 739 3991 739 733 3992 733 720 3993 720 744 3994 744 733 3995 733 744 3996 744 720 3997 720 709 3998 709 745 3999 745 741 4000 741 735 4001 735 738 4002 738 745 4003 745 735 4004 735 743 4005 743 745 4006 745 738 4007 738 744 4008 744 709 4009 709 707 4010 707 746 4011 746 744 4012 744 707 4013 707 744 4014 744 746 4015 746 739 4016 739 739 4017 739 747 4018 747 740 4019 740 746 4020 746 747 4021 747 739 4022 739 747 4023 747 748 4024 748 740 4025 740 740 4026 740 748 4027 748 743 4028 743 741 4029 741 749 4030 749 742 4031 742 749 4032 749 750 4033 750 742 4034 742 748 4035 748 751 4036 751 743 4037 743 743 4038 743 751 4039 751 745 4040 745 752 4041 752 749 4042 749 741 4043 741 745 4044 745 752 4045 752 741 4046 741 751 4047 751 752 4048 752 745 4049 745 746 4050 746 707 4051 707 704 4052 704 753 4053 753 746 4054 746 704 4055 704 746 4056 746 753 4057 753 747 4058 747 747 4059 747 754 4060 754 748 4061 748 753 4062 753 754 4063 754 747 4064 747 754 4065 754 755 4066 755 748 4067 748 748 4068 748 755 4069 755 751 4070 751 749 4071 749 756 4072 756 750 4073 750 756 4074 756 757 4075 757 750 4076 750 755 4077 755 758 4078 758 751 4079 751 751 4080 751 758 4081 758 752 4082 752 759 4083 759 756 4084 756 749 4085 749 752 4086 752 759 4087 759 749 4088 749 758 4089 758 759 4090 759 752 4091 752 704 4092 704 703 4093 703 753 4094 753 703 4095 703 760 4096 760 753 4097 753 755 4098 755 754 4099 754 761 4100 761 753 4101 753 760 4102 760 761 4103 761 754 4104 754 753 4105 753 761 4106 761 762 4107 762 755 4108 755 761 4109 761 758 4110 758 755 4111 755 762 4112 762 757 4113 757 756 4114 756 763 4115 763 764 4116 764 757 4117 757 763 4118 763 765 4119 765 758 4120 758 762 4121 762 756 4122 756 759 4123 759 766 4124 766 763 4125 763 756 4126 756 766 4127 766 758 4128 758 765 4129 765 766 4130 766 759 4131 759 758 4132 758 766 4133 766 760 4134 760 703 4135 703 700 4136 700 698 4137 698 760 4138 760 700 4139 700 761 4140 761 760 4141 760 698 4142 698 762 4143 762 761 4144 761 696 4145 696 696 4146 696 761 4147 761 698 4148 698 694 4149 694 762 4150 762 696 4151 696 765 4152 765 762 4153 762 694 4154 694 764 4155 764 763 4156 763 689 4157 689 688 4158 688 764 4159 764 689 4160 689 692 4161 692 765 4162 765 694 4163 694 766 4164 766 765 4165 765 692 4166 692 763 4167 763 766 4168 766 690 4169 690 689 4170 689 763 4171 763 690 4172 690 690 4173 690 766 4174 766 692 4175 692 769 4176 769 768 4177 768 767 4178 767 768 4179 768 319 4180 319 767 4181 767 319 4182 319 2 4183 2 767 4184 767 2 4185 2 3 4186 3 767 4187 767 3 4188 3 770 4189 770 767 4190 767 3 4191 3 16 4192 16 770 4193 770 16 4194 16 771 4195 771 770 4196 770 771 4197 771 16 4198 16 7 4199 7 772 4200 772 771 4201 771 7 4202 7 7 4203 7 8 4204 8 772 4205 772 318 4206 318 768 4207 768 769 4208 769 318 4209 318 319 4210 319 768 4211 768 2 4212 2 319 4213 319 320 4214 320 771 4215 771 498 4216 498 770 4217 770 498 4218 498 499 4219 499 770 4220 770 770 4221 770 499 4222 499 767 4223 767 499 4224 499 501 4225 501 767 4226 767 504 4227 504 498 4228 498 771 4229 771 772 4230 772 504 4231 504 771 4232 771 769 4233 769 501 4234 501 536 4235 536 537 4236 537 504 4237 504 772 4238 772 8 4239 8 537 4240 537 772 4241 772 769 4242 769 536 4243 536 603 4244 603 603 4245 603 318 4246 318 769 4247 769 767 4248 767 501 4249 501 769 4250 769 773 4251 773 320 4252 320 663 4253 663 320 4254 320 321 4255 321 663 4256 663 321 4257 321 322 4258 322 663 4259 663 663 4260 663 774 4261 774 773 4262 773 774 4263 774 775 4264 775 773 4265 773 774 4266 774 776 4267 776 775 4268 775 663 4269 663 776 4270 776 774 4271 774 775 4272 775 670 4273 670 773 4274 773 671 4275 671 670 4276 670 775 4277 775 777 4278 777 671 4279 671 775 4280 775 680 4281 680 671 4282 671 777 4283 777 778 4284 778 680 4285 680 777 4286 777 680 4287 680 778 4288 778 674 4289 674 778 4290 778 779 4291 779 674 4292 674 676 4293 676 674 4294 674 779 4295 779 670 4296 670 320 4297 320 773 4298 773 778 4299 778 777 4300 777 780 4301 780 777 4302 777 781 4303 781 780 4304 780 777 4305 777 775 4306 775 781 4307 781 780 4308 780 781 4309 781 782 4310 782 783 4311 783 780 4312 780 782 4313 782 782 4314 782 781 4315 781 784 4316 784 775 4317 775 784 4318 784 781 4319 781 775 4320 775 776 4321 776 784 4322 784 785 4323 785 782 4324 782 784 4325 784 783 4326 783 786 4327 786 780 4328 780 786 4329 786 787 4330 787 780 4331 780 778 4332 778 780 4333 780 787 4334 787 779 4335 779 778 4336 778 787 4337 787 788 4338 788 783 4339 783 782 4340 782 789 4341 789 788 4342 788 782 4343 782 789 4344 789 782 4345 782 785 4346 785 790 4347 790 788 4348 788 789 4349 789 791 4350 791 790 4351 790 789 4352 789 792 4353 792 790 4354 790 791 4355 791 793 4356 793 792 4357 792 791 4358 791 794 4359 794 792 4360 792 793 4361 793 795 4362 795 794 4363 794 793 4364 793 794 4365 794 795 4366 795 796 4367 796 797 4368 797 794 4369 794 796 4370 796 796 4371 796 795 4372 795 798 4373 798 795 4374 795 799 4375 799 798 4376 798 800 4377 800 794 4378 794 797 4379 797 794 4380 794 800 4381 800 792 4382 792 801 4383 801 800 4384 800 797 4385 797 802 4386 802 800 4387 800 801 4388 801 803 4389 803 802 4390 802 801 4391 801 795 4392 795 793 4393 793 804 4394 804 799 4395 799 795 4396 795 804 4397 804 804 4398 804 805 4399 805 799 4400 799 805 4401 805 716 4402 716 799 4403 799 799 4404 799 716 4405 716 798 4406 798 800 4407 800 802 4408 802 806 4409 806 800 4410 800 806 4411 806 792 4412 792 802 4413 802 807 4414 807 806 4415 806 808 4416 808 805 4417 805 804 4418 804 809 4419 809 808 4420 808 804 4421 804 804 4422 804 793 4423 793 809 4424 809 793 4425 793 791 4426 791 809 4427 809 806 4428 806 807 4429 807 810 4430 810 807 4431 807 811 4432 811 810 4433 810 806 4434 806 810 4435 810 790 4436 790 792 4437 792 806 4438 806 790 4439 790 812 4440 812 808 4441 808 809 4442 809 813 4443 813 812 4444 812 809 4445 809 809 4446 809 791 4447 791 813 4448 813 791 4449 791 789 4450 789 813 4451 813 810 4452 810 811 4453 811 814 4454 814 811 4455 811 815 4456 815 814 4457 814 810 4458 810 814 4459 814 788 4460 788 790 4461 790 810 4462 810 788 4463 788 816 4464 816 812 4465 812 813 4466 813 785 4467 785 816 4468 816 813 4469 813 813 4470 813 789 4471 789 785 4472 785 814 4473 814 815 4474 815 786 4475 786 815 4476 815 817 4477 817 786 4478 786 814 4479 814 786 4480 786 783 4481 783 788 4482 788 814 4483 814 783 4484 783 816 4485 816 785 4486 785 818 4487 818 785 4488 785 784 4489 784 818 4490 818 786 4491 786 817 4492 817 787 4493 787 817 4494 817 819 4495 819 787 4496 787 812 4497 812 816 4498 816 705 4499 705 706 4500 706 812 4501 812 705 4502 705 816 4503 816 818 4504 818 702 4505 702 705 4506 705 816 4507 816 702 4508 702 776 4509 776 818 4510 818 784 4511 784 779 4512 779 787 4513 787 819 4514 819 676 4515 676 779 4516 779 819 4517 819 701 4518 701 702 4519 702 818 4520 818 776 4521 776 701 4522 701 818 4523 818 701 4524 701 776 4525 776 663 4526 663 808 4527 808 812 4528 812 706 4529 706 708 4530 708 808 4531 808 706 4532 706 805 4533 805 808 4534 808 708 4535 708 710 4536 710 805 4537 805 708 4538 708 716 4539 716 805 4540 805 710 4541 710 716 4542 716 717 4543 717 798 4544 798 798 4545 798 717 4546 717 820 4547 820 820 4548 820 717 4549 717 715 4550 715 820 4551 820 715 4552 715 714 4553 714 820 4554 820 714 4555 714 719 4556 719 820 4557 820 796 4558 796 798 4559 798 820 4560 820 797 4561 797 796 4562 796 820 4563 820 719 4564 719 722 4565 722 820 4566 820 722 4567 722 723 4568 723 820 4569 820 723 4570 723 726 4571 726 820 4572 820 801 4573 801 797 4574 797 820 4575 820 803 4576 803 801 4577 801 820 4578 820 726 4579 726 728 4580 728 820 4581 820 728 4582 728 729 4583 729 820 4584 820 729 4585 729 731 4586 731 280 4587 280 264 4588 264 821 4589 821 276 4590 276 280 4591 280 821 4592 821 276 4593 276 821 4594 821 268 4595 268 264 4596 264 280 4597 280 281 4598 281 263 4599 263 264 4600 264 281 4601 281 821 4602 821 264 4603 264 259 4604 259 821 4605 821 259 4606 259 258 4607 258 268 4608 268 821 4609 821 258 4610 258 263 4611 263 294 4612 294 262 4613 262 294 4614 294 266 4615 266 262 4616 262 294 4617 294 306 4618 306 266 4619 266 306 4620 306 240 4621 240 266 4622 266 245 4623 245 266 4624 266 240 4625 240 241 4626 241 240 4627 240 306 4628 306 242 4629 242 241 4630 241 306 4631 306 306 4632 306 294 4633 294 305 4634 305 294 4635 294 293 4636 293 305 4637 305 303 4638 303 305 4639 305 293 4640 293 292 4641 292 303 4642 303 293 4643 293 296 4644 296 303 4645 303 292 4646 292 265 4647 265 245 4648 245 246 4649 246 265 4650 265 246 4651 246 249 4652 249 261 4653 261 265 4654 265 249 4655 249 824 4656 824 823 4657 823 822 4658 822 822 4659 822 825 4660 825 824 4661 824 822 4662 822 826 4663 826 825 4664 825 824 4665 824 827 4666 827 823 4667 823 827 4668 827 828 4669 828 823 4670 823 827 4671 827 829 4672 829 828 4673 828 829 4674 829 830 4675 830 828 4676 828 830 4677 830 829 4678 829 831 4679 831 832 4680 832 830 4681 830 831 4682 831 832 4683 832 831 4684 831 833 4685 833 834 4686 834 832 4687 832 833 4688 833 834 4689 834 833 4690 833 835 4691 835 836 4692 836 834 4693 834 835 4694 835 836 4695 836 835 4696 835 837 4697 837 838 4698 838 836 4699 836 837 4700 837 838 4701 838 837 4702 837 839 4703 839 840 4704 840 838 4705 838 839 4706 839 841 4707 841 840 4708 840 839 4709 839 691 4710 691 214 4711 214 206 4712 206 205 4713 205 691 4714 691 206 4715 206 515 4716 515 550 4717 550 523 4718 523 842 4719 842 550 4720 550 515 4721 515 842 4722 842 548 4723 548 550 4724 550 842 4725 842 549 4726 549 548 4727 548 842 4728 842 552 4729 552 549 4730 549 842 4731 842 515 4732 515 514 4733 514 842 4734 842 514 4735 514 513 4736 513 842 4737 842 555 4738 555 552 4739 552 842 4740 842 557 4741 557 555 4742 555 842 4743 842 559 4744 559 557 4745 557 842 4746 842 513 4747 513 518 4748 518 842 4749 842 518 4750 518 519 4751 519 842 4752 842 561 4753 561 559 4754 559 842 4755 842 562 4756 562 561 4757 561 842 4758 842 565 4759 565 562 4760 562 544 4761 544 522 4762 522 523 4763 523 544 4764 544 542 4765 542 522 4766 522 542 4767 542 526 4768 526 522 4769 522 542 4770 542 539 4771 539 526 4772 526 539 4773 539 530 4774 530 526 4775 526</p>
        </triangles>
      </mesh>
    </geometry>
    <geometry id="toro_tail-lib" name="toro_tailMesh">
      <mesh>
        <source id="toro_tail-POSITION">
          <float_array id="toro_tail-POSITION-array" count="948">
0.030614 0.027134 -0.012607
0.036716 0.019182 -0.015846
0.037364 0.019270 -0.007925
0.031501 0.027200 -0.006297
0.034460 0.019011 -0.019803
0.027367 0.026971 -0.017789
0.036790 0.015272 -0.020519
0.029764 0.014636 -0.024893
0.027901 0.019109 -0.023906
0.039040 0.015425 -0.017317
0.020547 0.035713 -0.007930
0.021636 0.035779 -0.002018
0.022772 0.026962 -0.021162
0.016791 0.035557 -0.013599
0.037796 0.008424 -0.020634
0.040255 0.008533 -0.017278
0.039882 0.014991 -0.008661
0.041296 0.008358 -0.008650
0.038163 0.001577 -0.020284
0.030093 0.007933 -0.025057
0.029955 0.001231 -0.024814
0.040837 0.001641 -0.016946
0.021593 0.014001 -0.029004
0.021711 0.007443 -0.029390
0.039887 -0.008204 -0.017146
0.040912 -0.007843 -0.008584
0.042068 0.001726 -0.008476
0.041408 0.008184 -0.000023
0.042369 0.001811 -0.000005
0.037863 -0.008306 -0.020342
0.038312 -0.018049 -0.017056
0.036925 -0.018191 -0.019937
0.029988 -0.008306 -0.024904
0.029555 -0.017842 -0.024589
0.035796 -0.021855 -0.018978
0.028337 -0.022701 -0.023211
0.036453 -0.021565 -0.016741
0.041007 -0.007482 -0.000023
0.038290 -0.006225 0.010240
0.039492 0.001659 0.010755
0.039251 -0.016775 -0.000005
0.039351 -0.017412 -0.008531
0.036472 -0.021408 -0.000005
0.033997 -0.019331 0.008803
0.030251 -0.027101 0.000006
0.027007 -0.027101 0.007311
0.036733 -0.014110 0.009604
0.037032 -0.021487 -0.008374
0.031171 -0.027101 -0.014121
0.031082 -0.027101 -0.007022
0.033102 -0.011443 0.019215
0.034691 -0.004967 0.020503
0.023549 -0.027101 0.014230
0.030405 -0.017255 0.017612
0.024932 -0.017652 0.023203
0.019749 -0.027101 0.019563
0.027001 -0.011747 0.025170
0.023080 -0.032697 -0.000014
0.021392 -0.032423 0.006002
0.017492 -0.035171 -0.000154
0.018621 -0.035324 -0.004046
0.023828 -0.032878 -0.005370
0.016623 -0.035133 0.004413
0.009506 -0.037484 -0.001442
0.008423 -0.037418 0.002955
0.010040 -0.037732 -0.005369
0.001184 -0.037845 -0.005579
0.000955 -0.038695 -0.000785
0.019124 -0.035742 -0.009951
0.015159 -0.035096 0.008979
0.019253 -0.032150 0.012017
0.024079 -0.033060 -0.010726
0.022740 -0.033568 -0.013839
0.030610 -0.027101 -0.017022
0.024628 -0.027101 -0.021739
0.019659 -0.033653 -0.017552
0.001297 -0.037529 0.003538
0.012886 -0.035297 0.013055
0.016277 -0.032331 0.016870
0.010002 -0.035497 0.016552
0.005478 -0.037610 0.007884
0.012690 -0.032512 0.021146
0.015338 -0.027101 0.024319
0.018848 -0.018051 0.028216
0.013013 -0.019753 0.030840
0.011068 -0.027101 0.027471
0.006567 -0.021456 0.032888
0.006188 -0.027101 0.029139
0.000286 -0.021741 0.033493
-0.000046 -0.027101 0.029593
-0.009314 -0.020480 0.032852
-0.008669 -0.027101 0.026235
0.006850 -0.015633 0.036056
0.013875 -0.013842 0.033591
0.000458 -0.016039 0.036812
0.006679 -0.009270 0.038235
0.013823 -0.007442 0.035793
0.000223 -0.009706 0.038990
-0.000039 -0.003372 0.040613
-0.010244 -0.008826 0.038278
-0.010654 -0.002193 0.039622
0.006380 -0.002907 0.039874
0.005955 0.005929 0.038168
0.013544 -0.001041 0.037493
0.020357 -0.005612 0.032771
0.020094 0.000826 0.034535
0.013442 0.006476 0.035775
-0.000551 0.006074 0.038834
0.005413 0.014764 0.035921
-0.001079 0.015519 0.036504
-0.010269 0.007194 0.037829
-0.009755 0.016580 0.035507
-0.001388 0.021363 0.033494
0.004998 0.020661 0.032965
0.004747 0.027503 0.028537
-0.001661 0.027727 0.029191
0.012276 0.019812 0.030601
0.013118 0.013992 0.033555
0.020318 0.007023 0.032804
0.020212 0.013218 0.030611
0.010556 0.027154 0.026008
-0.001908 0.034718 0.021184
-0.008507 0.028079 0.027541
0.003653 0.034971 0.020504
0.028005 0.007467 0.026956
0.028219 0.001166 0.028314
0.027349 0.013767 0.025228
0.035080 0.007911 0.020530
0.033874 0.014315 0.019268
0.018943 0.018962 0.027661
0.025658 0.019066 0.022875
0.021816 0.026957 0.019171
0.015746 0.026805 0.022894
0.010410 0.035277 0.015257
0.038686 0.008047 0.010254
0.035733 0.001508 0.021516
0.027829 -0.005290 0.026927
0.037277 0.014436 0.009631
0.039795 0.014557 -0.000005
0.031762 0.019171 0.017510
0.034864 0.019265 0.008752
0.027264 0.027109 0.014863
0.019176 0.035675 0.010307
0.029803 0.027187 0.007438
0.031446 0.027266 0.000013
0.037083 0.019358 -0.000005
0.020879 0.035738 0.005130
0.011528 0.035328 -0.018156
0.017014 0.026953 -0.024270
0.020196 0.019205 -0.027424
0.011047 0.020155 -0.029946
0.009357 0.027309 -0.026497
0.011924 0.014514 -0.031877
0.002254 0.015028 -0.033844
0.001897 0.021106 -0.031561
0.002816 0.005642 -0.034686
0.012263 0.006543 -0.032491
-0.008499 0.007225 -0.033588
-0.007615 -0.002061 -0.034231
0.003310 -0.003744 -0.034972
-0.009280 0.016510 -0.032414
-0.019814 0.008808 -0.031584
-0.020816 0.017995 -0.030077
-0.026976 0.008828 -0.027047
-0.026835 0.018344 -0.025522
-0.031914 0.008780 -0.020676
-0.030647 0.018557 -0.019147
-0.024721 0.023551 -0.023942
-0.028461 0.023446 -0.017213
-0.019133 0.023627 -0.028242
-0.008618 0.022366 -0.030355
-0.020333 0.029455 -0.022315
-0.025323 0.029317 -0.014525
-0.013684 0.035989 -0.017923
-0.019225 0.035815 -0.010126
-0.014188 0.029581 -0.025906
-0.007810 0.036162 -0.020371
-0.006243 0.028623 -0.027314
0.001702 0.027666 -0.027801
-0.031951 0.022962 -0.009917
-0.028050 0.028575 -0.007238
0.001079 0.034853 -0.020646
-0.034147 0.022480 -0.002622
-0.036174 0.018886 -0.003195
-0.034058 0.018721 -0.011171
-0.037638 0.008817 -0.003263
-0.035423 0.008798 -0.011970
-0.036679 0.018859 0.003328
-0.038066 0.008795 0.003335
-0.034644 0.022410 0.002752
-0.029460 0.027832 0.000049
-0.021096 0.033848 -0.000048
-0.028355 0.027971 0.007404
-0.033237 0.022657 0.010031
-0.038561 -0.001252 -0.003249
-0.038905 -0.001267 0.003328
-0.037855 -0.007186 0.003283
-0.037463 -0.007650 -0.003293
-0.036290 -0.001126 -0.012556
-0.035189 -0.007329 -0.012751
-0.036711 0.008678 0.011933
-0.037354 -0.001188 0.012422
-0.032726 -0.000998 -0.021863
-0.026735 -0.000687 -0.028131
-0.031619 -0.007007 -0.022208
-0.026125 -0.006412 -0.028086
-0.018539 -0.000379 -0.032583
-0.018404 -0.006128 -0.032136
-0.007392 -0.008417 -0.033877
-0.033592 -0.013533 -0.012722
-0.030062 -0.013017 -0.022188
-0.025146 -0.012137 -0.027587
-0.028034 -0.018569 -0.020856
-0.023523 -0.018186 -0.025858
-0.018016 -0.011880 -0.031171
-0.016982 -0.018101 -0.029126
-0.014912 -0.027101 -0.024646
-0.006700 -0.020253 -0.031124
-0.006163 -0.027101 -0.026864
-0.020376 -0.027101 -0.021597
-0.024807 -0.027101 -0.017287
-0.021708 -0.033041 -0.014211
-0.013025 -0.033169 -0.020783
-0.017732 -0.036214 -0.010826
-0.023766 -0.032965 -0.007119
-0.009736 -0.036385 -0.016536
-0.026844 -0.027101 -0.008665
-0.008389 -0.037968 -0.005806
-0.004391 -0.038054 -0.008660
0.003582 -0.022405 -0.032213
0.003849 -0.017665 -0.033896
-0.007083 -0.014773 -0.032987
0.003620 -0.010705 -0.034711
0.012525 -0.009504 -0.032498
0.012393 -0.001429 -0.032590
0.021432 -0.008305 -0.029377
0.021040 -0.017495 -0.028978
0.012444 -0.017580 -0.031890
0.019733 -0.023547 -0.027181
0.011658 -0.022976 -0.030150
0.003155 -0.027101 -0.029083
0.010901 -0.027101 -0.027770
0.021476 0.000885 -0.029301
0.018648 -0.027101 -0.025549
0.015434 -0.033739 -0.021003
0.008826 -0.033339 -0.022790
0.012888 -0.036766 -0.016418
0.016579 -0.036255 -0.013316
0.007283 -0.036396 -0.017640
0.001679 -0.036025 -0.017956
0.002217 -0.032937 -0.023668
-0.005404 -0.033052 -0.022679
-0.004029 -0.036205 -0.017699
0.001317 -0.037874 -0.009371
0.006921 -0.038244 -0.008601
-0.009093 -0.037900 -0.000457
-0.019140 -0.036079 -0.000129
-0.017712 -0.036100 0.007649
-0.008199 -0.037674 0.004314
-0.024530 -0.032888 -0.000027
-0.022591 -0.032945 0.008736
-0.016993 -0.035154 0.011180
-0.020985 -0.031729 0.013954
-0.013996 -0.032726 0.016490
-0.004931 -0.037284 0.007852
-0.017280 -0.029107 0.021079
-0.027248 -0.027101 0.008874
-0.024108 -0.027101 0.015537
-0.028992 -0.017666 0.017721
-0.018438 -0.026546 0.023871
-0.024303 -0.017790 0.027937
-0.018916 -0.019219 0.031866
-0.032331 -0.010175 0.019620
-0.024954 -0.013523 0.030737
-0.019867 -0.014873 0.034216
-0.009704 -0.015457 0.036179
-0.031889 -0.017751 0.010234
-0.034219 -0.017836 0.002748
-0.036261 -0.013105 0.003221
-0.034580 -0.011640 0.011421
-0.035827 -0.014049 -0.003254
-0.033802 -0.018772 -0.002788
-0.028880 -0.027101 -0.000044
-0.031566 -0.018671 -0.011821
-0.020712 -0.007944 0.036337
-0.036589 -0.006413 0.011995
-0.021269 -0.001015 0.037726
-0.025919 -0.007125 0.032825
-0.026518 -0.000727 0.034452
-0.035236 -0.001107 0.021516
-0.034028 -0.005641 0.020708
-0.019989 0.008313 0.036010
-0.025429 0.008609 0.032787
-0.018431 0.017641 0.033603
-0.023983 0.017945 0.030477
-0.034787 0.008560 0.020531
-0.033840 0.018227 0.019086
-0.035543 0.018543 0.011206
-0.031262 0.022904 0.017311
-0.021365 0.023203 0.028013
-0.016586 0.023018 0.030538
-0.008988 0.022082 0.032469
-0.015353 0.028431 0.024970
-0.026673 0.028109 0.014758
-0.019006 0.033943 0.010307
-0.010711 0.034380 0.017889
-0.020338 0.033895 0.005130
-0.000314 -0.031732 0.025293
-0.000282 -0.033840 0.021788
-0.007139 -0.033166 0.019592
-0.008797 -0.030419 0.023638
0.004703 -0.034905 0.019411
0.005609 -0.031648 0.024982
0.009455 -0.032080 0.023352
0.001583 -0.037133 0.009461
0.020290 -0.012051 0.030548
</float_array>
          <technique_common>
            <accessor source="#toro_tail-POSITION-array" count="316" stride="3">
              <param name="X" type="float"/>
              <param name="Y" type="float"/>
              <param name="Z" type="float"/>
            </accessor>
          </technique_common>
        </source>
        <source id="toro_tail-Normal0">
          <float_array id="toro_tail-Normal0-array" count="948">
0.655180 0.715571 -0.242275
0.757007 0.598079 -0.263140
0.827503 0.558914 -0.053427
0.725675 0.684240 -0.072186
0.576851 0.551081 -0.602953
0.506355 0.692073 -0.514431
0.655180 0.308263 -0.689720
0.467191 0.222101 -0.855806
0.435859 0.457087 -0.775305
0.866667 0.363093 -0.342129
0.569018 0.786067 -0.241488
0.647163 0.762352 0.000000
0.404528 0.629410 -0.663476
0.451525 0.770402 -0.450118
0.663012 0.049778 -0.746952
0.921497 0.112441 -0.371753
0.929330 0.363093 -0.067156
0.984160 0.159438 -0.077517
0.663012 -0.012885 -0.748498
0.482857 0.010614 -0.875635
0.475024 -0.012885 -0.879879
0.929330 -0.005052 -0.369216
0.365364 0.206435 -0.907686
0.388862 0.026280 -0.920921
0.937163 -0.106879 -0.332119
0.984160 -0.146043 -0.100502
0.999826 -0.005052 -0.017982
0.976327 0.182937 0.115412
0.991993 0.002781 0.126265
0.694344 -0.059882 -0.717148
0.921497 -0.302701 -0.243343
0.717842 -0.247871 -0.650586
0.482857 -0.028551 -0.875234
0.475024 -0.208706 -0.854865
0.678678 -0.545520 -0.491736
0.451525 -0.482857 -0.750316
0.804004 -0.584684 -0.108271
0.976327 -0.161709 0.143652
0.929330 -0.193041 0.314772
0.952828 -0.012885 0.303236
0.921497 -0.349698 0.168982
0.942832 -0.333268 0.000000
0.764840 -0.608182 0.212449
0.733508 -0.569018 0.371731
0.647347 -0.733508 0.207142
0.647347 -0.694344 0.314371
0.866667 -0.349698 0.355809
0.788338 -0.608182 0.092936
0.662732 -0.748857 0.000000
0.662732 -0.748857 0.000000
0.764840 -0.357531 0.535903
0.811837 -0.232205 0.535725
0.647347 -0.647347 0.402349
0.694344 -0.529854 0.486972
0.616015 -0.498522 0.609919
0.616015 -0.600350 0.510006
0.631681 -0.357531 0.687860
0.529854 -0.835335 0.146526
0.545519 -0.811837 0.208157
0.341865 -0.937163 0.069675
0.357531 -0.929330 0.092293
0.545519 -0.835335 0.067995
0.357531 -0.929330 0.092293
0.177372 -0.984144 0.000000
0.169542 -0.984160 0.051816
0.161709 -0.984160 0.072660
0.005052 -0.999826 -0.017982
0.028544 -0.999593 0.000000
0.356445 -0.934316 0.000000
0.365364 -0.921497 0.131730
0.561185 -0.780505 0.275468
0.561185 -0.827503 -0.017626
0.482857 -0.843168 -0.236467
0.569018 -0.741341 -0.355854
0.443692 -0.647347 -0.619741
0.412361 -0.804004 -0.428411
0.012885 -0.991993 0.125637
0.341865 -0.921497 0.184314
0.537687 -0.757007 0.371260
0.208706 -0.929330 0.304611
0.067715 -0.991993 0.106608
0.412361 -0.757007 0.506852
0.529854 -0.569018 0.628867
0.537687 -0.459358 0.707024
0.428026 -0.467191 0.773645
0.373196 -0.569018 0.732764
0.232205 -0.506355 0.830473
0.177375 -0.608182 0.773726
-0.026280 -0.569018 0.821905
-0.081110 -0.639514 0.764489
-0.167271 -0.608182 0.775973
-0.229934 -0.670845 0.705051
0.255704 -0.396695 0.881617
0.428026 -0.365364 0.826621
0.020718 -0.420194 0.907198
0.255704 -0.271369 0.927887
0.420194 -0.255704 0.870662
0.020718 -0.279202 0.960009
0.012885 -0.036383 0.999255
-0.143773 -0.263536 0.953875
-0.135940 -0.012885 0.990633
0.224372 -0.028551 0.974085
0.193041 0.229934 0.953869
0.373196 -0.005052 0.927739
0.537687 -0.240038 0.808254
0.506355 0.018447 0.862128
0.326199 0.245600 0.912839
0.012885 0.214268 0.976690
0.208706 0.355260 0.911171
0.028551 0.355260 0.934331
-0.120274 0.222101 0.967577
-0.112441 0.370925 0.921830
0.020718 0.519750 0.854067
0.224372 0.504084 0.834000
0.216539 0.645076 0.732795
-0.010614 0.660742 0.750538
0.365364 0.511917 0.777464
0.349698 0.370925 0.860306
0.482857 0.245600 0.840554
0.467191 0.378758 0.798921
0.373196 0.645076 0.666785
-0.073277 0.770402 0.633334
-0.151605 0.715571 0.681890
0.240038 0.746903 0.620095
0.616015 0.229934 0.753429
0.639514 -0.005052 0.768763
0.576851 0.378758 0.723730
0.811837 0.214268 0.543148
0.764840 0.370925 0.526721
0.443692 0.519750 0.730067
0.514188 0.519750 0.682254
0.435859 0.645076 0.627618
0.396695 0.660742 0.637223
0.357531 0.731237 0.580916
0.937163 0.190770 0.292118
0.827503 -0.012885 0.561314
0.639514 -0.240038 0.730345
0.890165 0.355260 0.285300
0.921497 0.355260 0.156952
0.702177 0.519750 0.486629
0.819670 0.511917 0.257065
0.623848 0.637243 0.452477
0.498522 0.746903 0.440013
0.733508 0.652909 0.188881
0.741341 0.668574 0.058497
0.835335 0.527583 0.154503
0.647347 0.739070 0.186326
0.279202 0.715571 -0.640315
0.310534 0.582413 -0.751242
0.334032 0.417923 -0.844845
0.240038 0.410090 -0.879891
0.208706 0.582413 -0.785644
0.247871 0.214268 -0.944801
0.059882 0.222101 -0.973183
0.067715 0.410090 -0.909528
0.067715 0.065444 -0.995556
0.271369 0.049778 -0.961187
-0.120274 0.081110 -0.989422
-0.120274 -0.005052 -0.992728
0.083381 -0.005052 -0.996505
-0.120274 0.229934 -0.965746
-0.355260 0.088942 -0.930527
-0.386591 0.253433 -0.886746
-0.668574 0.104608 -0.736251
-0.699906 0.292597 -0.651551
-0.856563 0.135940 -0.497815
-0.833064 0.323928 -0.448413
-0.637243 0.527583 -0.561763
-0.754736 0.543248 -0.367770
-0.339594 0.472753 -0.813130
-0.088942 0.402257 -0.911196
-0.519750 0.676407 -0.521856
-0.668574 0.676407 -0.309001
-0.417923 0.770402 -0.481479
-0.605911 0.778234 -0.164992
-0.229934 0.621577 -0.748847
-0.096775 0.715571 -0.691803
-0.026280 0.582413 -0.812468
0.091213 0.590246 -0.802054
-0.793900 0.558914 -0.239452
-0.699906 0.707739 -0.096113
0.099046 0.699906 -0.707334
-0.809566 0.574580 -0.120254
-0.934892 0.323928 -0.145080
-0.895727 0.331761 -0.295985
-0.981889 0.120274 -0.146385
-0.942725 0.128107 -0.307992
-0.942725 0.323928 0.079630
-0.989722 0.112441 0.088363
-0.801543 0.597937 0.000000
-0.666957 0.745096 0.000000
-0.597937 0.801543 0.000000
-0.637243 0.762569 0.111403
-0.770402 0.613744 0.172625
-0.989722 -0.036383 -0.138301
-0.997555 -0.044216 0.054127
-0.974056 -0.224372 0.029532
-0.966223 -0.208706 -0.151177
-0.950557 -0.028551 -0.309234
-0.934892 -0.200873 -0.292622
-0.974056 0.104608 0.200679
-0.974056 -0.059882 0.218241
-0.856563 -0.012885 -0.515882
-0.621577 0.002781 -0.783348
-0.833064 -0.169542 -0.526554
-0.598079 -0.130378 -0.790761
-0.316096 0.002781 -0.948723
-0.323928 -0.114712 -0.939102
-0.135940 -0.099046 -0.985754
-0.903560 -0.318366 -0.286743
-0.793900 -0.302701 -0.527347
-0.566747 -0.271369 -0.777918
-0.754736 -0.451525 -0.475919
-0.527583 -0.428026 -0.733791
-0.323928 -0.247871 -0.913034
-0.323928 -0.412361 -0.851486
-0.316096 -0.537687 -0.781650
-0.214268 -0.420194 -0.881775
-0.190770 -0.561185 -0.805405
-0.496251 -0.553352 -0.668981
-0.723404 -0.537687 -0.433104
-0.598079 -0.717842 -0.356377
-0.284764 -0.733508 -0.617151
-0.331761 -0.929330 -0.162113
-0.692073 -0.710010 -0.130083
-0.143773 -0.929330 -0.340111
-0.825232 -0.522021 -0.215608
-0.096775 -0.991993 -0.081149
-0.018447 -0.999826 -0.002930
0.005052 -0.443692 -0.896165
0.052049 -0.232205 -0.971273
-0.175104 -0.240038 -0.954841
0.075548 -0.075548 -0.994276
0.287035 -0.044216 -0.956899
0.287035 0.002781 -0.957916
0.396695 -0.028551 -0.917506
0.381029 -0.200873 -0.902478
0.279202 -0.208706 -0.937277
0.357531 -0.435859 -0.825953
0.232205 -0.428026 -0.873427
-0.018447 -0.592517 -0.805347
0.177375 -0.584684 -0.791633
0.396695 -0.005052 -0.917937
0.334032 -0.584684 -0.739302
0.271369 -0.772673 -0.573878
0.091213 -0.764840 -0.637731
0.161709 -0.944996 -0.284313
0.287035 -0.944996 -0.156826
-0.002781 -0.929330 -0.369240
-0.018447 -0.929330 -0.368790
-0.026280 -0.757007 -0.652878
-0.120274 -0.733508 -0.668954
-0.034112 -0.929330 -0.367672
-0.018447 -0.991993 -0.124941
0.036366 -0.999339 0.000000
-0.104608 -0.991993 0.070765
-0.363093 -0.929330 0.067156
-0.308263 -0.929330 0.203274
-0.081110 -0.984160 0.157641
-0.690154 -0.723663 0.000000
-0.629410 -0.741341 0.232930
-0.245600 -0.890165 0.383779
-0.527583 -0.733508 0.428511
-0.222101 -0.874500 0.431186
-0.049778 -0.976327 0.210494
-0.394424 -0.733508 0.553530
-0.793900 -0.545519 0.268572
-0.707739 -0.576851 0.407859
-0.801733 -0.482857 0.352241
-0.464920 -0.670845 0.577768
-0.692073 -0.522021 0.498527
-0.370925 -0.608182 0.701804
-0.840897 -0.396695 0.368137
-0.707739 -0.396695 0.584584
-0.394424 -0.420194 0.817231
-0.135940 -0.420194 0.897194
-0.848730 -0.443692 0.287740
-0.880062 -0.451525 0.147025
-0.934892 -0.349698 0.060737
-0.880062 -0.388862 0.272539
-0.934892 -0.326199 -0.139899
-0.880062 -0.467191 -0.084995
-0.829372 -0.558698 0.000000
-0.848730 -0.459358 -0.262006
-0.386591 -0.271369 0.881423
-0.934892 -0.271369 0.228771
-0.370925 -0.005052 0.928649
-0.699906 -0.287035 0.654020
-0.684240 -0.028551 0.728698
-0.903560 -0.067715 0.423076
-0.872229 -0.294868 0.390218
-0.323928 0.245600 0.913647
-0.645076 0.222101 0.731128
-0.292597 0.410090 0.863836
-0.582413 0.410090 0.701870
-0.895727 0.143773 0.420716
-0.833065 0.363093 0.417334
-0.927059 0.331761 0.174633
-0.684240 0.637243 0.354594
-0.464920 0.645076 0.606405
-0.245600 0.613744 0.750332
-0.112441 0.566747 0.816183
-0.308263 0.770402 0.558082
-0.551081 0.778234 0.301099
-0.488419 0.833064 0.259713
-0.308263 0.809566 0.499577
-0.574580 0.817399 0.041439
-0.104608 -0.764840 0.635671
-0.104608 -0.905831 0.410520
-0.206435 -0.897998 0.388566
-0.261265 -0.757007 0.598900
0.028551 -0.929330 0.368145
0.114712 -0.764840 0.633925
0.255704 -0.764840 0.591300
-0.049778 -0.984160 0.170151
0.537687 -0.349698 0.767206
</float_array>
          <technique_common>
            <accessor source="#toro_tail-Normal0-array" count="316" stride="3">
              <param name="X" type="float"/>
              <param name="Y" type="float"/>
              <param name="Z" type="float"/>
            </accessor>
          </technique_common>
        </source>
        <source id="toro_tail-UV0">
          <float_array id="toro_tail-UV0-array" count="632">
0.000000 0.000000
0.000000 0.000000
0.000000 0.000000
0.000000 0.000000
0.000000 0.000000
0.000000 0.000000
0.000000 0.000000
0.000000 0.000000
0.000000 0.000000
0.000000 0.000000
0.000000 0.000000
0.000000 0.000000
0.000000 0.000000
0.000000 0.000000
0.000000 0.000000
0.000000 0.000000
0.000000 0.000000
0.000000 0.000000
0.000000 0.000000
0.000000 0.000000
0.000000 0.000000
0.000000 0.000000
0.000000 0.000000
0.000000 0.000000
0.000000 0.000000
0.000000 0.000000
0.000000 0.000000
0.000000 0.000000
0.000000 0.000000
0.000000 0.000000
0.000000 0.000000
0.000000 0.000000
0.000000 0.000000
0.000000 0.000000
0.000000 0.000000
0.000000 0.000000
0.000000 0.000000
0.000000 0.000000
0.000000 0.000000
0.000000 0.000000
0.000000 0.000000
0.000000 0.000000
0.000000 0.000000
0.000000 0.000000
0.000000 0.000000
0.000000 0.000000
0.000000 0.000000
0.000000 0.000000
0.000000 0.000000
0.000000 0.000000
0.000000 0.000000
0.000000 0.000000
0.000000 0.000000
0.000000 0.000000
0.000000 0.000000
0.000000 0.000000
0.000000 0.000000
0.000000 0.000000
0.000000 0.000000
0.000000 0.000000
0.000000 0.000000
0.000000 0.000000
0.000000 0.000000
0.000000 0.000000
0.000000 0.000000
0.000000 0.000000
0.000000 0.000000
0.000000 0.000000
0.000000 0.000000
0.000000 0.000000
0.000000 0.000000
0.000000 0.000000
0.000000 0.000000
0.000000 0.000000
0.000000 0.000000
0.000000 0.000000
0.000000 0.000000
0.000000 0.000000
0.000000 0.000000
0.000000 0.000000
0.000000 0.000000
0.000000 0.000000
0.000000 0.000000
0.000000 0.000000
0.000000 0.000000
0.000000 0.000000
0.000000 0.000000
0.000000 0.000000
0.000000 0.000000
0.000000 0.000000
0.000000 0.000000
0.000000 0.000000
0.000000 0.000000
0.000000 0.000000
0.000000 0.000000
0.000000 0.000000
0.000000 0.000000
0.000000 0.000000
0.000000 0.000000
0.000000 0.000000
0.000000 0.000000
0.000000 0.000000
0.000000 0.000000
0.000000 0.000000
0.000000 0.000000
0.000000 0.000000
0.000000 0.000000
0.000000 0.000000
0.000000 0.000000
0.000000 0.000000
0.000000 0.000000
0.000000 0.000000
0.000000 0.000000
0.000000 0.000000
0.000000 0.000000
0.000000 0.000000
0.000000 0.000000
0.000000 0.000000
0.000000 0.000000
0.000000 0.000000
0.000000 0.000000
0.000000 0.000000
0.000000 0.000000
0.000000 0.000000
0.000000 0.000000
0.000000 0.000000
0.000000 0.000000
0.000000 0.000000
0.000000 0.000000
0.000000 0.000000
0.000000 0.000000
0.000000 0.000000
0.000000 0.000000
0.000000 0.000000
0.000000 0.000000
0.000000 0.000000
0.000000 0.000000
0.000000 0.000000
0.000000 0.000000
0.000000 0.000000
0.000000 0.000000
0.000000 0.000000
0.000000 0.000000
0.000000 0.000000
0.000000 0.000000
0.000000 0.000000
0.000000 0.000000
0.000000 0.000000
0.000000 0.000000
0.000000 0.000000
0.000000 0.000000
0.000000 0.000000
0.000000 0.000000
0.000000 0.000000
0.000000 0.000000
0.000000 0.000000
0.000000 0.000000
0.000000 0.000000
0.000000 0.000000
0.000000 0.000000
0.000000 0.000000
0.000000 0.000000
0.000000 0.000000
0.000000 0.000000
0.000000 0.000000
0.000000 0.000000
0.000000 0.000000
0.000000 0.000000
0.000000 0.000000
0.000000 0.000000
0.000000 0.000000
0.000000 0.000000
0.000000 0.000000
0.000000 0.000000
0.000000 0.000000
0.000000 0.000000
0.000000 0.000000
0.000000 0.000000
0.000000 0.000000
0.000000 0.000000
0.000000 0.000000
0.000000 0.000000
0.000000 0.000000
0.000000 0.000000
0.000000 0.000000
0.000000 0.000000
0.000000 0.000000
0.000000 0.000000
0.000000 0.000000
0.000000 0.000000
0.000000 0.000000
0.000000 0.000000
0.000000 0.000000
0.000000 0.000000
0.000000 0.000000
0.000000 0.000000
0.000000 0.000000
0.000000 0.000000
0.000000 0.000000
0.000000 0.000000
0.000000 0.000000
0.000000 0.000000
0.000000 0.000000
0.000000 0.000000
0.000000 0.000000
0.000000 0.000000
0.000000 0.000000
0.000000 0.000000
0.000000 0.000000
0.000000 0.000000
0.000000 0.000000
0.000000 0.000000
0.000000 0.000000
0.000000 0.000000
0.000000 0.000000
0.000000 0.000000
0.000000 0.000000
0.000000 0.000000
0.000000 0.000000
0.000000 0.000000
0.000000 0.000000
0.000000 0.000000
0.000000 0.000000
0.000000 0.000000
0.000000 0.000000
0.000000 0.000000
0.000000 0.000000
0.000000 0.000000
0.000000 0.000000
0.000000 0.000000
0.000000 0.000000
0.000000 0.000000
0.000000 0.000000
0.000000 0.000000
0.000000 0.000000
0.000000 0.000000
0.000000 0.000000
0.000000 0.000000
0.000000 0.000000
0.000000 0.000000
0.000000 0.000000
0.000000 0.000000
0.000000 0.000000
0.000000 0.000000
0.000000 0.000000
0.000000 0.000000
0.000000 0.000000
0.000000 0.000000
0.000000 0.000000
0.000000 0.000000
0.000000 0.000000
0.000000 0.000000
0.000000 0.000000
0.000000 0.000000
0.000000 0.000000
0.000000 0.000000
0.000000 0.000000
0.000000 0.000000
0.000000 0.000000
0.000000 0.000000
0.000000 0.000000
0.000000 0.000000
0.000000 0.000000
0.000000 0.000000
0.000000 0.000000
0.000000 0.000000
0.000000 0.000000
0.000000 0.000000
0.000000 0.000000
0.000000 0.000000
0.000000 0.000000
0.000000 0.000000
0.000000 0.000000
0.000000 0.000000
0.000000 0.000000
0.000000 0.000000
0.000000 0.000000
0.000000 0.000000
0.000000 0.000000
0.000000 0.000000
0.000000 0.000000
0.000000 0.000000
0.000000 0.000000
0.000000 0.000000
0.000000 0.000000
0.000000 0.000000
0.000000 0.000000
0.000000 0.000000
0.000000 0.000000
0.000000 0.000000
0.000000 0.000000
0.000000 0.000000
0.000000 0.000000
0.000000 0.000000
0.000000 0.000000
0.000000 0.000000
0.000000 0.000000
0.000000 0.000000
0.000000 0.000000
0.000000 0.000000
0.000000 0.000000
0.000000 0.000000
0.000000 0.000000
0.000000 0.000000
0.000000 0.000000
0.000000 0.000000
0.000000 0.000000
0.000000 0.000000
0.000000 0.000000
0.000000 0.000000
0.000000 0.000000
0.000000 0.000000
0.000000 0.000000
0.000000 0.000000
0.000000 0.000000
0.000000 0.000000
</float_array>
          <technique_common>
            <accessor source="#toro_tail-UV0-array" count="316" stride="2">
              <param name="S" type="float"/>
              <param name="T" type="float"/>
            </accessor>
          </technique_common>
        </source>
        <vertices id="toro_tail-VERTEX">
          <input semantic="POSITION" source="#toro_tail-POSITION"/>
          <input semantic="NORMAL" source="#toro_tail-Normal0"/>
        </vertices>
        <triangles count="613" material="CH_toro_body_high">
          <input semantic="VERTEX" offset="0" source="#toro_tail-VERTEX"/>
          <input semantic="TEXCOORD" offset="1" set="0" source="#toro_tail-UV0"/>
          <p> 2 2 1 1 0 0 3 3 2 2 0 0 0 0 1 1 4 4 5 5 0 0 4 4 4 4 1 1 6 6 6 6 7 7 4 4 7 7 8 8 4 4 4 4 8 8 5 5 1 1 9 9 6 6 3 3 0 0 10 10 10 10 0 0 5 5 11 11 3 3 10 10 8 8 12 12 5 5 13 13 10 10 5 5 5 5 12 12 13 13 6 6 9 9 14 14 6 6 14 14 7 7 9 9 15 15 14 14 15 15 9 9 16 16 1 1 2 2 16 16 9 9 1 1 16 16 17 17 15 15 16 16 14 14 15 15 18 18 19 19 14 14 18 18 14 14 19 19 7 7 20 20 19 19 18 18 15 15 21 21 18 18 15 15 17 17 21 21 7 7 19 19 22 22 8 8 7 7 22 22 19 19 23 23 22 22 23 23 19 19 20 20 21 21 24 24 18 18 25 25 24 24 21 21 26 26 25 25 21 21 17 17 26 26 21 21 26 26 17 17 27 27 28 28 26 26 27 27 24 24 29 29 18 18 18 18 29 29 20 20 29 29 24 24 30 30 31 31 29 29 30 30 32 32 29 29 31 31 29 29 32 32 20 20 33 33 32 32 31 31 33 33 31 31 34 34 31 31 30 30 34 34 35 35 33 33 34 34 30 30 36 36 34 34 37 37 25 25 26 26 28 28 37 37 26 26 38 38 37 37 28 28 39 39 38 38 28 28 25 25 37 37 40 40 41 41 25 25 40 40 30 30 41 41 36 36 41 41 40 40 42 42 43 43 42 42 40 40 44 44 42 42 43 43 45 45 44 44 43 43 46 46 43 43 40 40 37 37 38 38 46 46 40 40 37 37 46 46 47 47 41 41 42 42 41 41 47 47 36 36 48 48 36 36 47 47 49 49 48 48 47 47 49 49 47 47 42 42 44 44 49 49 42 42 46 46 38 38 50 50 38 38 51 51 50 50 51 51 38 38 39 39 52 52 45 45 43 43 53 53 52 52 43 43 53 53 43 43 46 46 50 50 53 53 46 46 52 52 53 53 54 54 55 55 52 52 54 54 56 56 54 54 53 53 50 50 56 56 53 53 57 57 44 44 45 45 58 58 57 57 45 45 58 58 45 45 52 52 57 57 58 58 59 59 59 59 60 60 57 57 60 60 61 61 57 57 58 58 62 62 59 59 63 63 59 59 62 62 59 59 63 63 60 60 64 64 63 63 62 62 63 63 65 65 60 60 65 65 63 63 66 66 63 63 67 67 66 66 67 67 63 63 64 64 65 65 68 68 60 60 61 61 60 60 68 68 62 62 58 58 69 69 69 69 64 64 62 62 58 58 70 70 69 69 71 71 61 61 68 68 72 72 71 71 68 68 48 48 71 71 72 72 73 73 48 48 72 72 71 71 48 48 49 49 61 61 71 71 49 49 74 74 73 73 72 72 75 75 74 74 72 72 36 36 48 48 73 73 34 34 36 36 73 73 76 76 67 67 64 64 69 69 70 70 77 77 70 70 78 78 77 77 77 77 78 78 79 79 79 79 80 80 77 77 78 78 81 81 79 79 78 78 55 55 81 81 55 55 82 82 81 81 82 82 55 55 83 83 55 55 54 54 83 83 83 83 84 84 82 82 84 84 85 85 82 82 82 82 85 85 81 81 85 85 84 84 86 86 87 87 85 85 86 86 87 87 86 86 88 88 89 89 87 87 88 88 89 89 88 88 90 90 91 91 89 89 90 90 86 86 84 84 92 92 84 84 93 93 92 92 93 93 84 84 83 83 94 94 88 88 86 86 92 92 94 94 86 86 88 88 94 94 90 90 92 92 93 93 95 95 92 92 95 95 94 94 93 93 96 96 95 95 95 95 97 97 94 94 97 97 95 95 98 98 99 99 97 97 98 98 100 100 99 99 98 98 95 95 101 101 98 98 95 95 96 96 101 101 101 101 102 102 98 98 101 101 103 103 102 102 96 96 103 103 101 101 96 96 104 104 103 103 104 104 105 105 103 103 103 103 106 106 102 102 106 106 103 103 105 105 102 102 107 107 98 98 98 98 107 107 100 100 107 107 102 102 108 108 102 102 106 106 108 108 109 109 107 107 108 108 110 110 107 107 109 109 107 107 110 110 100 100 111 111 110 110 109 109 112 112 109 109 108 108 109 109 112 112 111 111 113 113 112 112 108 108 113 113 114 114 112 112 114 114 115 115 112 112 116 116 113 113 108 108 113 113 116 116 114 114 117 117 116 116 108 108 106 106 117 117 108 108 106 106 118 118 117 117 118 118 106 106 105 105 118 118 119 119 117 117 116 116 120 120 114 114 121 121 115 115 114 114 122 122 115 115 121 121 123 123 121 121 114 114 114 114 120 120 123 123 118 118 124 124 119 119 125 125 124 124 118 118 105 105 125 125 118 118 124 124 126 126 119 119 124 124 127 127 126 126 127 127 128 128 126 126 119 119 126 126 129 129 129 129 116 116 117 117 119 119 129 129 117 117 126 126 130 130 129 129 130 130 126 126 128 128 130 130 131 131 129 129 131 131 132 132 129 129 120 120 132 132 133 133 123 123 120 120 133 133 132 132 131 131 133 133 127 127 134 134 128 128 39 39 134 134 127 127 135 135 39 39 127 127 124 124 125 125 135 135 127 127 124 124 135 135 51 51 135 135 125 125 135 135 51 51 39 39 136 136 51 51 125 125 134 134 137 137 128 128 137 137 134 134 138 138 134 134 27 27 138 138 128 128 137 137 139 139 139 139 130 130 128 128 137 137 140 140 139 139 139 139 140 140 141 141 141 141 131 131 130 130 139 139 141 141 130 130 131 131 141 141 142 142 133 133 131 131 142 142 140 140 143 143 141 141 141 141 143 143 142 142 143 143 140 140 144 144 140 140 145 145 144 144 145 145 140 140 137 137 138 138 145 145 137 137 2 2 145 145 138 138 16 16 2 2 138 138 143 143 144 144 11 11 146 146 143 143 11 11 143 143 146 146 142 142 145 145 2 2 3 3 144 144 145 145 3 3 144 144 3 3 11 11 17 17 16 16 138 138 27 27 17 17 138 138 27 27 134 134 28 28 134 134 39 39 28 28 12 12 148 148 147 147 148 148 12 12 149 149 149 149 150 150 148 148 150 150 151 151 148 148 148 148 151 151 147 147 12 12 8 8 149 149 149 149 8 8 22 22 152 152 150 150 149 149 22 22 152 152 149 149 150 150 152 152 153 153 154 154 150 150 153 153 151 151 150 150 154 154 153 153 152 152 155 155 152 152 156 156 155 155 155 155 157 157 153 153 158 158 157 157 155 155 159 159 158 158 155 155 157 157 160 160 153 153 153 153 160 160 154 154 157 157 161 161 160 160 161 161 162 162 160 160 161 161 163 163 162 162 163 163 164 164 162 162 163 163 165 165 164 164 165 165 166 166 164 164 164 164 166 166 167 167 166 166 168 168 167 167 164 164 167 167 169 169 162 162 164 164 169 169 160 160 162 162 169 169 170 170 160 160 169 169 167 167 168 168 171 171 167 167 171 171 169 169 168 168 172 172 171 171 171 171 172 172 173 173 172 172 174 174 173 173 175 175 171 171 173 173 171 171 175 175 169 169 169 169 175 175 170 170 176 176 175 175 173 173 176 176 177 177 175 175 175 175 177 177 170 170 177 177 178 178 170 170 178 178 154 154 170 170 168 168 179 179 172 172 179 179 180 180 172 172 172 172 180 180 174 174 160 160 170 170 154 154 178 178 151 151 154 154 151 151 178 178 181 181 181 181 177 177 176 176 178 178 177 177 181 181 180 180 179 179 182 182 183 183 182 182 179 179 184 184 183 183 179 179 185 185 183 183 184 184 186 186 185 185 184 184 183 183 185 185 187 187 183 183 187 187 182 182 185 185 188 188 187 187 187 187 189 189 182 182 182 182 189 189 190 190 190 190 180 180 182 182 180 180 190 190 191 191 192 192 190 190 189 189 190 190 192 192 191 191 193 193 192 192 189 189 189 189 187 187 193 193 188 188 185 185 194 194 195 195 188 188 194 194 196 196 195 195 194 194 197 197 196 196 194 194 197 197 194 194 198 198 185 185 186 186 198 198 194 194 185 185 198 198 199 199 197 197 198 198 200 200 188 188 195 195 201 201 200 200 195 195 198 198 186 186 165 165 202 202 198 198 165 165 199 199 198 198 202 202 202 202 165 165 163 163 203 203 202 202 163 163 204 204 202 202 203 203 204 204 199 199 202 202 205 205 204 204 203 203 205 205 203 203 206 206 207 207 205 205 206 206 207 207 206 206 158 158 208 208 207 207 158 158 209 209 199 199 204 204 210 210 209 209 204 204 210 210 204 204 205 205 211 211 210 210 205 205 211 211 205 205 207 207 210 210 211 211 212 212 210 210 212 212 209 209 211 211 213 213 212 212 211 211 214 214 213 213 214 214 211 211 207 207 207 207 208 208 214 214 214 214 215 215 213 213 215 215 216 216 213 213 216 216 215 215 217 217 218 218 216 216 217 217 216 216 219 219 213 213 213 213 219 219 220 220 212 212 213 213 220 220 220 220 219 219 221 221 222 222 221 221 219 219 222 222 219 219 216 216 216 216 218 218 222 222 223 223 221 221 222 222 223 223 224 224 221 221 225 225 223 223 222 222 226 226 220 220 221 221 224 224 226 226 221 221 223 223 225 225 227 227 225 225 228 228 227 227 218 218 217 217 229 229 229 229 217 217 230 230 217 217 231 231 230 230 230 230 231 231 232 232 231 231 208 208 232 232 232 232 208 208 159 159 233 233 232 232 159 159 234 234 233 233 159 159 208 208 158 158 159 159 235 235 233 233 234 234 233 233 235 235 236 236 237 237 233 233 236 236 230 230 237 237 229 229 232 232 233 233 237 237 230 230 232 232 237 237 237 237 236 236 238 238 239 239 237 237 238 238 237 237 239 239 229 229 240 240 229 229 239 239 241 241 240 240 239 239 235 235 32 32 236 236 32 32 235 235 242 242 242 242 235 235 234 234 234 234 156 156 242 242 156 156 23 23 242 242 20 20 32 32 242 242 242 242 23 23 20 20 32 32 33 33 236 236 236 236 33 33 35 35 238 238 236 236 35 35 35 35 74 74 238 238 74 74 243 243 238 238 243 243 241 241 239 239 238 238 243 243 239 239 241 241 243 243 244 244 245 245 241 241 244 244 240 240 241 241 245 245 73 73 74 74 35 35 34 34 73 73 35 35 243 243 74 74 75 75 244 244 243 243 75 75 244 244 75 75 246 246 244 244 246 246 245 245 75 75 247 247 246 246 247 247 75 75 72 72 68 68 247 247 72 72 246 246 248 248 245 245 245 245 248 248 249 249 250 250 245 245 249 249 251 251 250 250 249 249 252 252 251 251 249 249 249 249 253 253 252 252 249 249 248 248 253 253 251 251 218 218 250 250 218 218 240 240 250 250 250 250 240 240 245 245 246 246 254 254 248 248 253 253 248 248 254 254 246 246 247 247 254 254 247 247 65 65 254 254 68 68 65 65 247 247 240 240 218 218 229 229 251 251 252 252 225 225 222 222 251 251 225 225 218 218 251 251 222 222 228 228 252 252 253 253 225 225 252 252 228 228 253 253 66 66 228 228 254 254 66 66 253 253 65 65 66 66 254 254 227 227 228 228 66 66 227 227 66 66 67 67 255 255 227 227 67 67 255 255 256 256 227 227 256 256 255 255 257 257 255 255 258 258 257 257 255 255 67 67 258 258 256 256 257 257 259 259 257 257 260 260 259 259 260 260 257 257 261 261 261 261 257 257 258 258 262 262 260 260 261 261 261 261 263 263 262 262 261 261 264 264 263 263 258 258 264 264 261 261 263 263 265 265 262 262 260 260 262 262 266 266 262 262 267 267 266 266 262 262 265 265 267 267 266 266 267 267 268 268 267 267 269 269 268 268 265 265 269 269 267 267 269 269 270 270 268 268 269 269 271 271 270 270 272 272 268 268 270 270 273 273 272 272 270 270 273 273 270 270 271 271 274 274 273 273 271 271 275 275 274 274 271 271 90 90 275 275 271 271 266 266 268 268 276 276 277 277 266 266 276 276 277 277 276 276 278 278 276 276 279 279 278 278 279 279 276 276 268 268 272 272 279 279 268 268 278 278 280 280 277 277 280 280 281 281 277 277 282 282 277 277 281 281 226 226 282 282 281 281 283 283 226 226 281 281 283 283 281 281 280 280 209 209 283 283 280 280 282 282 266 266 277 277 275 275 99 99 274 274 99 99 284 284 274 274 278 278 279 279 196 196 279 279 285 285 196 196 278 278 196 196 197 197 280 280 278 278 197 197 260 260 266 266 282 282 259 259 260 260 282 282 282 282 226 226 259 259 284 284 99 99 100 100 286 286 284 284 100 100 287 287 284 284 286 286 288 288 287 287 286 286 287 287 288 288 289 289 290 290 287 287 289 289 290 290 289 289 201 201 285 285 290 290 201 201 100 100 110 110 286 286 110 110 291 291 286 286 286 286 291 291 288 288 288 288 292 292 289 289 291 291 292 292 288 288 292 292 291 291 293 293 294 294 292 292 293 293 295 295 292 292 294 294 292 292 295 295 289 289 289 289 295 295 201 201 296 296 295 295 294 294 200 200 295 295 296 296 295 295 200 200 201 201 297 297 200 200 296 296 296 296 294 294 298 298 297 297 296 296 298 298 294 294 299 299 298 298 294 294 293 293 299 299 193 193 297 297 298 298 293 293 300 300 299 299 293 293 111 111 300 300 291 291 110 110 111 111 293 293 291 291 111 111 111 111 301 301 300 300 301 301 122 122 300 300 122 122 302 302 300 300 299 299 300 300 302 302 299 299 302 302 303 303 298 298 299 299 303 303 298 298 303 303 193 193 303 303 302 302 304 304 302 302 305 305 304 304 302 302 122 122 305 305 192 192 303 303 304 304 303 303 192 192 193 193 306 306 192 192 304 304 112 112 301 301 111 111 115 115 122 122 301 301 112 112 115 115 301 301 187 187 297 297 193 193 192 192 306 306 191 191 305 305 122 122 121 121 187 187 188 188 297 297 188 188 200 200 297 297 174 174 180 180 191 191 309 309 308 308 307 307 310 310 309 309 307 307 307 307 308 308 311 311 312 312 307 307 311 311 311 311 313 313 312 312 313 313 85 85 312 312 85 85 87 87 312 312 312 312 87 87 307 307 87 87 89 89 307 307 311 311 308 308 314 314 308 308 309 309 314 314 85 85 313 313 81 81 79 79 313 313 311 311 311 311 314 314 79 79 81 81 313 313 79 79 314 314 80 80 79 79 263 263 309 309 310 310 263 263 264 264 309 309 314 314 309 309 264 264 265 265 263 263 310 310 310 310 91 91 265 265 91 91 269 269 265 265 269 269 91 91 271 271 91 91 90 90 271 271 89 89 91 91 307 307 91 91 310 310 307 307 314 314 76 76 80 80 264 264 76 76 314 314 64 64 80 80 76 76 77 77 80 80 64 64 69 69 77 77 64 64 258 258 76 76 264 264 67 67 76 76 258 258 94 94 275 275 90 90 94 94 97 97 275 275 97 97 99 99 275 275 136 136 104 104 315 315 56 56 136 136 315 315 104 104 136 136 125 125 105 105 104 104 125 125 54 54 56 56 315 315 83 83 54 54 315 315 315 315 93 93 83 83 136 136 56 56 50 50 51 51 136 136 50 50 96 96 93 93 315 315 104 104 96 96 315 315 287 287 290 290 272 272 273 273 287 287 272 272 284 284 287 287 273 273 274 274 284 284 273 273 290 290 285 285 272 272 285 285 279 279 272 272 285 285 201 201 195 195 196 196 285 285 195 195 203 203 163 163 161 161 206 206 203 203 161 161 161 161 157 157 206 206 157 157 158 158 206 206 24 24 25 25 41 41 30 30 24 24 41 41 70 70 58 58 52 52 52 52 55 55 70 70 55 55 78 78 70 70 61 61 49 49 44 44 57 57 61 61 44 44 132 132 120 120 116 116 129 129 132 132 116 116 155 155 156 156 234 234 159 159 155 155 234 234 23 23 156 156 152 152 22 22 23 23 152 152 231 231 217 217 215 215 214 214 231 231 215 215 208 208 231 231 214 214 186 186 184 184 166 166 165 165 186 186 166 166 166 166 184 184 168 168 184 184 179 179 168 168 220 220 226 226 283 283 212 212 220 220 283 283 212 212 283 283 209 209 199 199 209 209 280 280 197 197 199 199 280 280 226 226 224 224 259 259 259 259 224 224 256 256 256 256 224 224 223 223 256 256 223 223 227 227 13 13 12 12 147 147 147 147 151 151 181 181</p>
        </triangles>
      </mesh>
    </geometry>
  </library_geometries>
  <library_controllers>
    <controller id="toro_bodyController">
      <skin source="#toro_body-lib">
        <bind_shape_matrix>1.000000 0.000000 -0.000000 0.000000 0.000000 0.000000 1.000000 -0.001000 0.000000 -1.000000 0.000000 0.000000 0.000000 0.000000 0.000000 1.000000
</bind_shape_matrix>
        <source id="toro_bodyController-Joints">
          <Name_array id="toro_bodyController-Joints-array" count="3">
 Bip01_toroFBXASC032Pelvis Bip01_toroFBXASC032Spine3
Bip01_toroFBXASC032Head</Name_array>
          <technique_common>
            <accessor source="#toro_bodyController-Joints-array" count="3">
              <param type="name"/>
            </accessor>
          </technique_common>
        </source>
        <source id="toro_bodyController-Matrices">
          <float_array id="toro_bodyController-Matrices-array" count="48">

0.000001 1.000000 -0.000000 -0.187000 0.000003 -0.000000 1.000000 0.010000 1.000000 -0.000001 -0.000003 0.000000 0.000000 0.000000 0.000000 1.000000
-0.000054 0.999954 0.009573 -0.340098 -0.000001 -0.009573 0.999954 0.024815 1.000000 0.000054 0.000001 -0.000018 0.000000 0.000000 0.000000 1.000000
0.000001 1.000000 0.000000 -0.459936 -0.000001 -0.000000 1.000000 0.020945 1.000000 -0.000001 0.000001 0.000004 0.000000 0.000000 0.000000 1.000000</float_array>
          <technique_common>
            <accessor source="#toro_bodyController-Matrices-array" count="3" stride="16">
              <param type="float4x4"/>
            </accessor>
          </technique_common>
        </source>
        <source id="toro_bodyController-Weights">
          <float_array id="toro_bodyController-Weights-array" count="522">

1.000000 1.000000 1.000000 1.000000 1.000000 1.000000 1.000000 1.000000 1.000000 1.000000 1.000000 1.000000 1.000000 1.000000 0.967742 0.032258
0.967742 0.032258 1.000000 0.967742 0.032258 1.000000 0.838710 0.161290 0.903226 0.096774 0.903226 0.096774 0.677419 0.322581 0.677419 0.322581
0.967742 0.032258 0.903226 0.096774 0.967742 0.032258 0.645161 0.354839 0.806452 0.193548 0.612903 0.387097 0.806452 0.193548 0.967742 0.032258
0.806452 0.193548 0.967742 0.032258 1.000000 1.000000 0.451613 0.548387 0.451613 0.548387 0.290323 0.709677 0.290323 0.709677 0.290323 0.709677
0.451613 0.548387 0.290323 0.709677 0.451613 0.548387 0.451613 0.548387 0.677419 0.322581 0.451613 0.548387 0.612903 0.387097 0.612903 0.387097
0.451613 0.548387 0.290323 0.709677 0.129032 0.870968 0.129032 0.870968 0.290323 0.709677 0.129032 0.870968 0.064516 0.935484 0.064516 0.935484
1.000000 1.000000 0.064516 0.935484 1.000000 1.000000 1.000000 1.000000 1.000000 1.000000 0.064516 0.935484 0.064516 0.935484 1.000000 1.000000
1.000000 1.000000 1.000000 1.000000 1.000000 1.000000 1.000000 1.000000 1.000000 1.000000 1.000000 0.064516 0.935484 0.064516 0.935484 0.129032
0.870968 0.129032 0.870968 0.129032 0.870968 0.290323 0.709677 0.129032 0.870968 0.290323 0.709677 0.129032 0.870968 0.064516 0.935484 1.000000
0.129032 0.870968 0.064516 0.935484 1.000000 1.000000 1.000000 1.000000 1.000000 0.064516 0.935484 1.000000 1.000000 1.000000 0.064516 0.935484
0.064516 0.935484 0.064516 0.935484 1.000000 1.000000 1.000000 1.000000 1.000000 1.000000 0.129032 0.870968 0.129032 0.870968 0.290323 0.709677
0.290323 0.709677 0.290323 0.709677 0.129032 0.870968 1.000000 1.000000 1.000000 0.451613 0.548387 0.451613 0.548387 0.290323 0.709677 0.451613
0.548387 0.290323 0.709677 0.451613 0.548387 0.451613 0.548387 0.612903 0.387097 0.612903 0.387097 0.612903 0.387097 0.451613 0.548387 0.645161
0.354839 0.806452 0.193548 0.838710 0.161290 0.677419 0.322581 0.903226 0.096774 0.677419 0.322581 0.903226 0.096774 0.967742 0.032258 0.967742
0.032258 0.967742 0.032258 1.000000 1.000000 1.000000 0.967742 0.032258 1.000000 0.806452 0.193548 0.967742 0.032258 0.806452 0.193548 0.967742
0.032258 1.000000 1.000000 1.000000 1.000000 1.000000 1.000000 1.000000 1.000000 1.000000 1.000000 1.000000 1.000000 1.000000 1.000000 1.000000
1.000000 1.000000 1.000000 1.000000 1.000000 1.000000 1.000000 1.000000 1.000000 1.000000 1.000000 1.000000 1.000000 1.000000 1.000000 1.000000
1.000000 1.000000 1.000000 1.000000 0.967742 0.032258 0.806452 0.193548 0.967742 0.032258 0.806452 0.193548 0.806452 0.193548 0.967742 0.032258
0.967742 0.032258 0.806452 0.193548 0.806452 0.193548 0.967742 0.032258 0.612903 0.387097 0.612903 0.387097 0.612903 0.387097 0.451613 0.548387
0.451613 0.548387 0.290323 0.709677 0.290323 0.709677 0.290323 0.709677 0.451613 0.548387 0.129032 0.870968 0.129032 0.870968 0.064516 0.935484
0.064516 0.935484 1.000000 1.000000 0.064516 0.935484 1.000000 1.000000 1.000000 0.129032 0.870968 1.000000 1.000000 1.000000 1.000000 1.000000
1.000000 1.000000 1.000000 0.935484 0.064516 0.935484 0.064516 0.935484 0.064516 1.000000 1.000000 1.000000 1.000000 1.000000 1.000000 1.000000
1.000000 0.935484 0.064516 0.935484 0.064516 1.000000 0.935484 0.064516 0.935484 0.064516 1.000000 1.000000 1.000000 1.000000 1.000000 1.000000
1.000000 0.935484 0.064516 0.935484 0.064516 1.000000 1.000000 1.000000 1.000000 1.000000 1.000000 1.000000 0.935484 0.064516 0.935484 0.064516
1.000000 1.000000 1.000000 0.935484 0.064516 1.000000 1.000000 1.000000 1.000000 1.000000 1.000000 0.935484 0.064516 1.000000 1.000000 0.935484
0.064516 0.935484 0.064516 1.000000 1.000000 0.935484 0.064516 1.000000 1.000000 1.000000 1.000000 1.000000 1.000000 1.000000 1.000000 0.935484
0.064516 0.935484 0.064516 1.000000 1.000000 1.000000 1.000000 1.000000 1.000000 1.000000 0.064516 0.935484 1.000000 0.064516 0.935484 0.129032
0.870968 0.129032 0.870968 0.290323 0.709677 0.290323 0.709677 0.451613 0.548387 0.451613 0.548387 0.612903 0.387097 0.612903 0.387097 1.000000
1.000000 1.000000 1.000000 1.000000 1.000000 1.000000 1.000000 1.000000 1.000000 1.000000 1.000000 1.000000 1.000000 1.000000 1.000000 1.000000
1.000000 1.000000 1.000000 1.000000 1.000000 1.000000 1.000000 1.000000 1.000000 1.000000 1.000000 1.000000 1.000000 1.000000 1.000000 1.000000
1.000000 1.000000 1.000000 1.000000 1.000000 1.000000 1.000000 1.000000 1.000000 1.000000 1.000000 1.000000 1.000000 1.000000 1.000000 1.000000
1.000000 1.000000 1.000000 1.000000 1.000000 1.000000 1.000000 1.000000 1.000000 1.000000 1.000000 1.000000 1.000000 1.000000 1.000000 1.000000
1.000000 1.000000 1.000000 1.000000 1.000000 1.000000 1.000000 1.000000 0.129032 0.870968</float_array>
          <technique_common>
            <accessor source="#toro_bodyController-Weights-array" count="522">
              <param type="float"/>
            </accessor>
          </technique_common>
        </source>
        <joints>
          <input semantic="JOINT" source="#toro_bodyController-Joints"/>
          <input semantic="INV_BIND_MATRIX" source="#toro_bodyController-Matrices"/>
        </joints>
        <vertex_weights count="377">
          <input semantic="JOINT" offset="0" source="#toro_bodyController-Joints"/>
          <input semantic="WEIGHT" offset="1" source="#toro_bodyController-Weights"/>
          <vcount>1 1 1 1 1 1 1 1 1 1 1 1 1 2 2 1 2 1 2 2 2 2 2 2 2 2 2 2 2 2 2 2 2 1 1 2 2 2 2 2 2 2 2 2 2 2 2 2 2 2 2 2 2 2 2 2 1 1 2 1 1 1 1 1 1 2 2 1 1 1 1 1 1 1 1 1 1 1 1 1 2 2 2 2 2 2 2 2 2 2 1 2 2 1 1 1 1 1 2 1 1 1 2 2 2 1 1 1 1 1 1 2 2 2 2 2 2 1 1 1 2 2 2 2 2 2 2 2 2 2 2 2 2 2 2 2 2 2 2 2 2 1 1 1 2 1 2 2 2 2 1 1 1 1 1 1 1 1 1 1 1 1 1 1 1 1 1 1 1 1 1 1 1 1 1 1 1 1 1 1 1 1 1 1 1 2 2 2 2 2 2 2 2 2 2 2 2 2 2 2 2 2 2 2 2 2 2 2 1 1 2 1 1 1 2 1 1 1 1 1 1 1 1 2 2 2 1 1 1 1 1 1 1 1 2 2 1 2 2 1 1 1 1 1 1 1 2 2 1 1 1 1 1 1 1 2 2 1 1 1 2 1 1 1 1 1 1 2 1 1 2 2 1 1 2 1 1 1 1 1 1 1 1 2 2 1 1 1 1 1 1 1 2 1 2 2 2 2 2 2 2 2 2 1 1 1 1 1 1 1 1 1 1 1 1 1 1 1 1 1 1 1 1 1 1 1 1 1 1 1 1 1 1 1 1 1 1 1 1 1 1 1 1 1 1 1 1 1 1 1 1 1 1 1 1 1 1 1 1 1 1 1 1 1 1 1 1 1 1 1 1 1 1 1 1 1 2</vcount>
          <v>0 1 0 2 0 3 0 4 0 5 0 6 0 7 0 8 0 9 0 10 0 11 0 12 0 13 0 14 1 15 0 16 1 17 0 18 0 19 1 20 0 21 0 22 1 23 0 24 1 25 0 26 1 27 0 28 1 29 0 30 1 31 0 32 1 33 0 34 1 35 0 36 1 37 0 38 1 39 0 40 1 41 0 42 1 43 0 44 1 45 0 46 1 47 0 48 1 49 0 50 1 51 0 52 0 53 0 54 1 55 0 56 1 57 0 58 1 59 0 60 1 61 0 62 1 63 0 64 1 65 0 66 1 67 0 68 1 69 0 70 1 71 0 72 1 73 0 74 1 75 0 76 1 77 0 78 1 79 0 80 1 81 0 82 1 83 0 84 1 85 0 86 1 87 0 88 1 89 0 90 1 91 0 92 1 93 0 94 1 95 1 96 1 97 0 98 1 99 1 100 1 101 1 102 1 103 1 104 1 105 0 106 1 107 0 108 1 109 1 110 1 111 1 112 1 113 1 114 1 115 1 116 1 117 1 118 1 119 1 120 1 121 1 122 0 123 1 124 0 125 1 126 0 127 1 128 0 129 1 130 0 131 1 132 0 133 1 134 0 135 1 136 0 137 1 138 0 139 1 140 0 141 1 142 1 143 0 144 1 145 0 146 1 147 1 148 1 149 1 150 1 151 1 152 0 153 1 154 1 155 1 156 1 157 0 158 1 159 0 160 1 161 0 162 1 163 1 164 1 165 1 166 1 167 1 168 1 169 0 170 1 171 0 172 1 173 0 174 1 175 0 176 1 177 0 178 1 179 0 180 1 181 1 182 1 183 1 184 0 185 1 186 0 187 1 188 0 189 1 190 0 191 1 192 0 193 1 194 0 195 1 196 0 197 1 198 0 199 1 200 0 201 1 202 0 203 1 204 0 205 1 206 0 207 1 208 0 209 1 210 0 211 1 212 0 213 1 214 0 215 1 216 0 217 1 218 0 219 1 220 0 221 1 222 0 223 1 224 0 225 1 226 0 227 0 228 0 229 0 230 1 231 0 232 0 233 1 234 0 235 1 236 0 237 1 238 0 239 1 240 0 241 0 242 0 243 0 244 0 245 0 246 0 247 0 248 0 249 0 250 0 251 0 252 0 253 0 254 0 255 0 256 0 257 0 258 0 259 0 260 0 261 0 262 0 263 0 264 0 265 0 266 0 267 0 268 0 269 0 270 0 271 0 272 0 273 0 274 0 275 0 276 1 277 0 278 1 279 0 280 1 281 0 282 1 283 0 284 1 285 0 286 1 287 0 288 1 289 0 290 1 291 0 292 1 293 0 294 1 295 0 296 1 297 0 298 1 299 0 300 1 301 0 302 1 303 0 304 1 305 0 306 1 307 0 308 1 309 0 310 1 311 0 312 1 313 0 314 1 315 0 316 1 317 0 318 1 319 0 320 1 321 1 322 1 323 0 324 1 325 1 326 1 327 1 328 0 329 1 330 1 331 1 332 1 333 1 334 1 335 1 336 1 337 1 338 1 339 2 340 1 341 2 342 1 343 2 344 1 345 1 346 2 347 2 348 2 349 1 350 1 351 1 352 1 353 2 354 1 355 2 356 1 357 1 358 2 359 1 360 2 361 1 362 1 363 1 364 1 365 1 366 1 367 1 368 1 369 2 370 1 371 2 372 2 373 2 374 1 375 1 376 1 377 2 378 2 379 1 380 2 381 1 382 2 383 2 384 1 385 1 386 1 387 2 388 1 389 1 390 1 391 1 392 1 393 1 394 1 395 2 396 2 397 2 398 1 399 2 400 1 401 2 402 1 403 1 404 1 405 2 406 1 407 1 408 2 409 2 410 1 411 1 412 1 413 1 414 1 415 2 416 1 417 2 418 2 419 2 420 1 421 1 422 1 423 1 424 1 425 0 426 1 427 1 428 0 429 1 430 0 431 1 432 0 433 1 434 0 435 1 436 0 437 1 438 0 439 1 440 0 441 1 442 0 443 1 444 0 445 1 446 0 447 0 448 0 449 0 450 0 451 0 452 0 453 0 454 0 455 0 456 0 457 0 458 0 459 0 460 0 461 0 462 0 463 0 464 0 465 0 466 0 467 0 468 0 469 0 470 0 471 0 472 0 473 0 474 0 475 0 476 0 477 0 478 0 479 0 480 0 481 0 482 0 483 0 484 0 485 0 486 0 487 0 488 0 489 0 490 0 491 0 492 0 493 0 494 0 495 0 496 0 497 0 498 0 499 0 500 0 501 0 502 0 503 0 504 0 505 0 506 0 507 2 508 2 509 0 510 0 511 0 512 0 513 0 514 0 515 0 516 0 517 0 518 0 519 0 520 1 521</v>
        </vertex_weights>
      </skin>
    </controller>
    <controller id="toro_larmController">
      <skin source="#toro_larm-lib">
        <bind_shape_matrix>1.000000 0.000000 -0.000000 0.055000 0.000000 0.000000 1.000000 0.400000 0.000000 -1.000000 0.000000 -0.020000 0.000000 0.000000 0.000000 1.000000
</bind_shape_matrix>
        <source id="toro_larmController-Joints">
          <Name_array id="toro_larmController-Joints-array" count="2">
 Bip01_toroFBXASC032LFBXASC032UpperArm
Bip01_toroFBXASC032LFBXASC032ForeArm</Name_array>
          <technique_common>
            <accessor source="#toro_larmController-Joints-array" count="2">
              <param type="name"/>
            </accessor>
          </technique_common>
        </source>
        <source id="toro_larmController-Matrices">
          <float_array id="toro_larmController-Matrices-array" count="32">

0.999992 0.004011 -0.000001 -0.056604 -0.000001 0.000000 -1.000000 -0.019998 -0.004011 0.999992 0.000000 -0.400776 0.000000 0.000000 0.000000 1.000000
0.951269 0.003815 0.308337 -0.176009 0.308335 0.001237 -0.951277 -0.078072 -0.004011 0.999992 0.000000 -0.400776 0.000000 0.000000 0.000000 1.000000</float_array>
          <technique_common>
            <accessor source="#toro_larmController-Matrices-array" count="2" stride="16">
              <param type="float4x4"/>
            </accessor>
          </technique_common>
        </source>
        <source id="toro_larmController-Weights">
          <float_array id="toro_larmController-Weights-array" count="279">

1.000000 1.000000 1.000000 1.000000 1.000000 1.000000 1.000000 1.000000 1.000000 1.000000 1.000000 1.000000 1.000000 1.000000 1.000000 1.000000
1.000000 1.000000 1.000000 1.000000 1.000000 1.000000 1.000000 1.000000 1.000000 1.000000 1.000000 1.000000 1.000000 1.000000 1.000000 1.000000
1.000000 1.000000 1.000000 1.000000 1.000000 1.000000 1.000000 1.000000 1.000000 1.000000 1.000000 1.000000 1.000000 1.000000 1.000000 1.000000
1.000000 1.000000 1.000000 1.000000 1.000000 1.000000 1.000000 1.000000 1.000000 1.000000 1.000000 1.000000 1.000000 1.000000 1.000000 1.000000
1.000000 1.000000 1.000000 1.000000 1.000000 1.000000 1.000000 1.000000 1.000000 1.000000 1.000000 1.000000 1.000000 1.000000 1.000000 1.000000
1.000000 1.000000 1.000000 1.000000 1.000000 1.000000 1.000000 1.000000 1.000000 1.000000 1.000000 1.000000 1.000000 1.000000 1.000000 0.838710
0.161290 1.000000 0.870968 0.129032 1.000000 1.000000 1.000000 0.870968 0.129032 1.000000 0.870968 0.129032 1.000000 1.000000 1.000000 1.000000
1.000000 1.000000 1.000000 1.000000 1.000000 1.000000 1.000000 1.000000 1.000000 1.000000 1.000000 1.000000 1.000000 1.000000 1.000000 1.000000
1.000000 1.000000 1.000000 1.000000 1.000000 1.000000 1.000000 1.000000 1.000000 1.000000 1.000000 1.000000 1.000000 1.000000 1.000000 1.000000
1.000000 1.000000 1.000000 1.000000 1.000000 1.000000 1.000000 1.000000 1.000000 1.000000 1.000000 1.000000 1.000000 1.000000 1.000000 1.000000
1.000000 1.000000 1.000000 1.000000 1.000000 1.000000 1.000000 1.000000 1.000000 1.000000 1.000000 1.000000 1.000000 1.000000 1.000000 1.000000
1.000000 1.000000 1.000000 1.000000 1.000000 1.000000 1.000000 1.000000 1.000000 1.000000 1.000000 1.000000 1.000000 1.000000 1.000000 1.000000
1.000000 1.000000 1.000000 1.000000 1.000000 1.000000 1.000000 1.000000 1.000000 1.000000 1.000000 1.000000 1.000000 1.000000 1.000000 1.000000
1.000000 1.000000 1.000000 1.000000 1.000000 1.000000 1.000000 1.000000 1.000000 1.000000 1.000000 1.000000 1.000000 1.000000 1.000000 0.838710
0.161290 0.161290 0.838710 0.129032 0.870968 0.129032 0.870968 0.129032 0.870968 0.129032 0.870968 0.129032 0.870968 0.161290 0.838710 0.225806
0.774194 0.225806 0.774194 0.774194 0.225806 0.774194 0.225806 0.774194 0.225806 0.225806 0.774194 0.774194 0.225806 0.225806 0.774194 0.774194
0.225806 0.225806 0.774194 0.870968 0.129032 0.870968 0.129032 1.000000 1.000000 1.000000 1.000000 1.000000 1.000000 1.000000 1.000000 1.000000
1.000000 1.000000 1.000000 1.000000 1.000000 1.000000 1.000000</float_array>
          <technique_common>
            <accessor source="#toro_larmController-Weights-array" count="279">
              <param type="float"/>
            </accessor>
          </technique_common>
        </source>
        <joints>
          <input semantic="JOINT" source="#toro_larmController-Joints"/>
          <input semantic="INV_BIND_MATRIX" source="#toro_larmController-Matrices"/>
        </joints>
        <vertex_weights count="254">
          <input semantic="JOINT" offset="0" source="#toro_larmController-Joints"/>
          <input semantic="WEIGHT" offset="1" source="#toro_larmController-Weights"/>
          <vcount>1 1 1 1 1 1 1 1 1 1 1 1 1 1 1 1 1 1 1 1 1 1 1 1 1 1 1 1 1 1 1 1 1 1 1 1 1 1 1 1 1 1 1 1 1 1 1 1 1 1 1 1 1 1 1 1 1 1 1 1 1 1 1 1 1 1 1 1 1 1 1 1 1 1 1 1 1 1 1 1 1 1 1 1 1 1 1 1 1 1 1 1 1 1 2 1 2 1 1 1 2 1 2 1 1 1 1 1 1 1 1 1 1 1 1 1 1 1 1 1 1 1 1 1 1 1 1 1 1 1 1 1 1 1 1 1 1 1 1 1 1 1 1 1 1 1 1 1 1 1 1 1 1 1 1 1 1 1 1 1 1 1 1 1 1 1 1 1 1 1 1 1 1 1 1 1 1 1 1 1 1 1 1 1 1 1 1 1 1 1 1 1 1 1 1 1 1 1 1 1 1 1 1 1 1 1 1 1 1 1 1 1 1 1 1 1 1 1 2 2 2 2 2 2 2 2 2 2 2 2 2 2 2 2 2 2 2 2 1 1 1 1 1 1 1 1 1 1 1 1 1 1 1 1</vcount>
          <v>1 1 1 2 1 3 1 4 1 5 1 6 1 7 1 8 1 9 1 10 1 11 1 12 1 13 1 14 1 15 1 16 1 17 1 18 1 19 1 20 1 21 1 22 1 23 1 24 1 25 1 26 1 27 1 28 1 29 1 30 1 31 1 32 1 33 1 34 1 35 1 36 1 37 1 38 1 39 1 40 1 41 1 42 1 43 1 44 1 45 1 46 1 47 1 48 1 49 1 50 1 51 1 52 1 53 1 54 1 55 1 56 1 57 1 58 1 59 1 60 1 61 1 62 1 63 1 64 1 65 1 66 0 67 0 68 0 69 0 70 1 71 1 72 0 73 0 74 0 75 0 76 0 77 0 78 0 79 0 80 0 81 0 82 0 83 0 84 0 85 0 86 0 87 0 88 0 89 0 90 0 91 0 92 0 93 0 94 0 95 1 96 0 97 0 98 1 99 0 100 0 101 0 102 0 103 1 104 0 105 0 106 1 107 0 108 0 109 0 110 0 111 0 112 0 113 0 114 0 115 0 116 0 117 0 118 0 119 0 120 0 121 0 122 0 123 0 124 0 125 0 126 0 127 0 128 0 129 0 130 0 131 0 132 0 133 0 134 0 135 0 136 0 137 0 138 0 139 0 140 1 141 1 142 1 143 1 144 1 145 1 146 1 147 1 148 1 149 1 150 0 151 0 152 0 153 0 154 0 155 1 156 1 157 1 158 1 159 0 160 0 161 0 162 0 163 0 164 0 165 0 166 0 167 1 168 0 169 1 170 0 171 0 172 1 173 1 174 0 175 0 176 0 177 0 178 0 179 1 180 1 181 1 182 1 183 1 184 1 185 1 186 1 187 1 188 1 189 1 190 1 191 1 192 1 193 0 194 0 195 0 196 0 197 0 198 0 199 0 200 0 201 1 202 1 203 1 204 1 205 1 206 1 207 1 208 1 209 1 210 1 211 1 212 1 213 1 214 1 215 1 216 1 217 1 218 1 219 1 220 1 221 1 222 0 223 1 224 0 225 1 226 0 227 1 228 0 229 1 230 0 231 1 232 0 233 1 234 0 235 1 236 0 237 1 238 0 239 1 240 0 241 1 242 0 243 1 244 0 245 1 246 0 247 1 248 0 249 1 250 0 251 1 252 0 253 1 254 0 255 1 256 0 257 1 258 0 259 1 260 0 261 1 262 0 263 0 264 0 265 0 266 0 267 0 268 0 269 0 270 0 271 0 272 0 273 0 274 0 275 0 276 0 277 0 278</v>
        </vertex_weights>
      </skin>
    </controller>
    <controller id="toro_llegController">
      <skin source="#toro_lleg-lib">
        <bind_shape_matrix>1.000000 0.000000 -0.000000 0.050000 0.000000 0.000000 1.000000 0.186000 0.000000 -1.000000 0.000000 -0.010000 0.000000 0.000000 0.000000 1.000000
</bind_shape_matrix>
        <source id="toro_llegController-Joints">
          <Name_array id="toro_llegController-Joints-array" count="2">
 Bip01_toroFBXASC032LFBXASC032Thigh Bip01_toroFBXASC032LFBXASC032Calf</Name_array>
          <technique_common>
            <accessor source="#toro_llegController-Joints-array" count="2">
              <param type="name"/>
            </accessor>
          </technique_common>
        </source>
        <source id="toro_llegController-Matrices">
          <float_array id="toro_llegController-Matrices-array" count="32">

-0.000000 -0.994095 0.108512 0.186981 0.000001 0.108512 0.994095 -0.010351 -1.000000 0.000000 0.000001 0.050000 0.000000 0.000000 0.000000 1.000000
-0.000000 -0.984104 -0.177592 0.085593 0.000001 -0.177592 0.984104 0.014494 -1.000000 0.000000 0.000001 0.050000 0.000000 0.000000 0.000000 1.000000</float_array>
          <technique_common>
            <accessor source="#toro_llegController-Matrices-array" count="2" stride="16">
              <param type="float4x4"/>
            </accessor>
          </technique_common>
        </source>
        <source id="toro_llegController-Weights">
          <float_array id="toro_llegController-Weights-array" count="281">

1.000000 1.000000 1.000000 1.000000 1.000000 1.000000 1.000000 1.000000 1.000000 1.000000 1.000000 1.000000 1.000000 1.000000 1.000000 1.000000
1.000000 1.000000 1.000000 1.000000 1.000000 0.935484 0.064516 0.064516 0.935484 1.000000 1.000000 1.000000 1.000000 1.000000 1.000000 1.000000
1.000000 1.000000 1.000000 1.000000 1.000000 1.000000 1.000000 1.000000 1.000000 1.000000 1.000000 1.000000 1.000000 1.000000 1.000000 1.000000
1.000000 1.000000 1.000000 1.000000 1.000000 1.000000 1.000000 1.000000 1.000000 1.000000 1.000000 1.000000 1.000000 1.000000 1.000000 1.000000
1.000000 1.000000 1.000000 1.000000 1.000000 0.935484 0.064516 0.870968 0.129032 1.000000 1.000000 1.000000 1.000000 1.000000 1.000000 1.000000
1.000000 1.000000 1.000000 1.000000 1.000000 1.000000 1.000000 1.000000 0.774194 0.225806 0.774194 0.225806 0.516129 0.483871 0.516129 0.483871
0.516129 0.483871 0.774194 0.225806 0.516129 0.483871 0.225806 0.774194 0.129032 0.870968 0.225806 0.774194 0.225806 0.774194 1.000000 1.000000
1.000000 1.000000 1.000000 1.000000 1.000000 1.000000 1.000000 1.000000 1.000000 1.000000 1.000000 1.000000 1.000000 0.064516 0.935484 1.000000
1.000000 1.000000 1.000000 1.000000 1.000000 0.225806 0.774194 0.225806 0.774194 0.516129 0.483871 0.516129 0.483871 0.774194 0.225806 0.774194
0.225806 1.000000 1.000000 1.000000 1.000000 1.000000 1.000000 1.000000 1.000000 1.000000 1.000000 1.000000 1.000000 1.000000 1.000000 1.000000
1.000000 1.000000 1.000000 1.000000 1.000000 1.000000 1.000000 1.000000 1.000000 1.000000 1.000000 1.000000 0.870968 0.129032 0.774194 0.225806
0.516129 0.483871 0.516129 0.483871 0.225806 0.774194 0.129032 0.870968 0.774194 0.225806 0.225806 0.774194 0.516129 0.483871 0.774194 0.225806
0.516129 0.483871 0.225806 0.774194 1.000000 1.000000 1.000000 1.000000 1.000000 1.000000 0.225806 0.774194 0.225806 0.774194 0.516129 0.483871
0.516129 0.483871 0.774194 0.225806 0.774194 0.225806 1.000000 1.000000 1.000000 1.000000 1.000000 1.000000 1.000000 1.000000 1.000000 1.000000
1.000000 1.000000 1.000000 1.000000 1.000000 1.000000 1.000000 1.000000 1.000000 1.000000 1.000000 1.000000 1.000000 1.000000 1.000000 1.000000
1.000000 1.000000 1.000000 1.000000 1.000000 1.000000 1.000000 1.000000 1.000000 1.000000 1.000000 1.000000 1.000000 1.000000 1.000000 1.000000
1.000000 1.000000 1.000000 1.000000 1.000000 1.000000 1.000000 1.000000 1.000000 1.000000 1.000000 1.000000 1.000000 1.000000 1.000000 1.000000
1.000000 1.000000 1.000000 1.000000 1.000000 1.000000 1.000000 1.000000 1.000000</float_array>
          <technique_common>
            <accessor source="#toro_llegController-Weights-array" count="281">
              <param type="float"/>
            </accessor>
          </technique_common>
        </source>
        <joints>
          <input semantic="JOINT" source="#toro_llegController-Joints"/>
          <input semantic="INV_BIND_MATRIX" source="#toro_llegController-Matrices"/>
        </joints>
        <vertex_weights count="240">
          <input semantic="JOINT" offset="0" source="#toro_llegController-Joints"/>
          <input semantic="WEIGHT" offset="1" source="#toro_llegController-Weights"/>
          <vcount>1 1 1 1 1 1 1 1 1 1 1 1 1 1 1 1 1 1 1 1 2 2 1 1 1 1 1 1 1 1 1 1 1 1 1 1 1 1 1 1 1 1 1 1 1 1 1 1 1 1 1 1 1 1 1 1 1 1 1 1 1 1 1 1 1 1 2 2 1 1 1 1 1 1 1 1 1 1 1 1 1 1 1 2 2 2 2 2 2 2 2 2 2 2 1 1 1 1 1 1 1 1 1 1 1 1 1 1 1 2 1 1 1 1 1 1 2 2 2 2 2 2 1 1 1 1 1 1 1 1 1 1 1 1 1 1 1 1 1 1 1 1 1 1 1 1 1 1 1 2 2 2 2 2 2 2 2 2 2 2 2 1 1 1 1 1 1 2 2 2 2 2 2 1 1 1 1 1 1 1 1 1 1 1 1 1 1 1 1 1 1 1 1 1 1 1 1 1 1 1 1 1 1 1 1 1 1 1 1 1 1 1 1 1 1 1 1 1 1 1 1 1 1 1 1 1 1 1 1 1 1 1 1 1 1 1 1 1 1 1</vcount>
          <v>1 1 1 2 1 3 1 4 1 5 1 6 1 7 1 8 1 9 1 10 1 11 1 12 1 13 1 14 1 15 1 16 1 17 1 18 0 19 0 20 0 21 1 22 0 23 1 24 0 25 0 26 0 27 0 28 0 29 0 30 1 31 1 32 1 33 1 34 1 35 0 36 1 37 1 38 1 39 1 40 1 41 0 42 0 43 0 44 0 45 0 46 0 47 0 48 0 49 1 50 1 51 1 52 1 53 1 54 1 55 0 56 0 57 0 58 0 59 0 60 0 61 0 62 0 63 0 64 0 65 0 66 0 67 0 68 0 69 1 70 0 71 1 72 0 73 0 74 0 75 0 76 0 77 0 78 0 79 0 80 0 81 0 82 0 83 0 84 0 85 0 86 0 87 0 88 1 89 0 90 1 91 0 92 1 93 0 94 1 95 0 96 1 97 0 98 1 99 0 100 1 101 0 102 1 103 0 104 1 105 0 106 1 107 0 108 1 109 1 110 1 111 1 112 1 113 1 114 1 115 1 116 1 117 1 118 1 119 1 120 1 121 1 122 1 123 1 124 0 125 1 126 1 127 1 128 1 129 1 130 1 131 1 132 0 133 1 134 0 135 1 136 0 137 1 138 0 139 1 140 0 141 1 142 0 143 1 144 0 145 0 146 0 147 0 148 0 149 0 150 0 151 0 152 0 153 0 154 0 155 0 156 0 157 0 158 0 159 0 160 0 161 0 162 0 163 0 164 0 165 0 166 0 167 0 168 0 169 0 170 0 171 0 172 1 173 0 174 1 175 0 176 1 177 0 178 1 179 0 180 1 181 0 182 1 183 0 184 1 185 0 186 1 187 0 188 1 189 0 190 1 191 0 192 1 193 0 194 1 195 1 196 1 197 1 198 1 199 1 200 1 201 0 202 1 203 0 204 1 205 0 206 1 207 0 208 1 209 0 210 1 211 0 212 1 213 0 214 0 215 0 216 0 217 0 218 0 219 0 220 0 221 0 222 0 223 0 224 0 225 0 226 0 227 0 228 0 229 0 230 0 231 0 232 0 233 0 234 0 235 0 236 0 237 0 238 0 239 0 240 0 241 0 242 0 243 0 244 0 245 0 246 0 247 0 248 0 249 0 250 0 251 0 252 0 253 0 254 0 255 0 256 0 257 0 258 0 259 0 260 0 261 0 262 0 263 0 264 0 265 0 266 0 267 0 268 0 269 0 270 0 271 0 272 0 273 0 274 0 275 0 276 0 277 0 278 0 279 0 280</v>
        </vertex_weights>
      </skin>
    </controller>
    <controller id="toro_rarmController">
      <skin source="#toro_rarm-lib">
        <bind_shape_matrix>1.000000 0.000000 -0.000000 -0.055000 0.000000 0.000000 1.000000 0.400000 0.000000 -1.000000 0.000000 -0.020000 0.000000 0.000000 0.000000 1.000000
</bind_shape_matrix>
        <source id="toro_rarmController-Joints">
          <Name_array id="toro_rarmController-Joints-array" count="2">
 Bip01_toroFBXASC032RFBXASC032UpperArm
Bip01_toroFBXASC032RFBXASC032ForeArm</Name_array>
          <technique_common>
            <accessor source="#toro_rarmController-Joints-array" count="2">
              <param type="name"/>
            </accessor>
          </technique_common>
        </source>
        <source id="toro_rarmController-Matrices">
          <float_array id="toro_rarmController-Matrices-array" count="32">

-0.999992 0.004011 0.000001 -0.056611 -0.000001 0.000000 -1.000000 -0.019998 -0.004011 -0.999992 0.000000 0.400770 0.000000 0.000000 0.000000 1.000000
-0.951269 0.003815 0.308341 -0.176016 -0.308338 0.001237 -0.951276 -0.078074 -0.004011 -0.999992 0.000000 0.400770 0.000000 0.000000 0.000000 1.000000</float_array>
          <technique_common>
            <accessor source="#toro_rarmController-Matrices-array" count="2" stride="16">
              <param type="float4x4"/>
            </accessor>
          </technique_common>
        </source>
        <source id="toro_rarmController-Weights">
          <float_array id="toro_rarmController-Weights-array" count="279">

1.000000 1.000000 1.000000 1.000000 1.000000 1.000000 1.000000 1.000000 1.000000 1.000000 1.000000 1.000000 1.000000 1.000000 1.000000 1.000000
1.000000 1.000000 1.000000 1.000000 1.000000 1.000000 1.000000 1.000000 1.000000 1.000000 1.000000 1.000000 1.000000 1.000000 1.000000 1.000000
1.000000 1.000000 1.000000 1.000000 1.000000 1.000000 1.000000 1.000000 1.000000 1.000000 1.000000 1.000000 1.000000 1.000000 1.000000 1.000000
1.000000 1.000000 1.000000 1.000000 1.000000 1.000000 1.000000 1.000000 1.000000 1.000000 1.000000 1.000000 1.000000 1.000000 1.000000 1.000000
1.000000 1.000000 1.000000 1.000000 1.000000 1.000000 1.000000 1.000000 1.000000 1.000000 1.000000 1.000000 1.000000 1.000000 1.000000 1.000000
1.000000 1.000000 1.000000 1.000000 1.000000 1.000000 1.000000 1.000000 1.000000 1.000000 1.000000 1.000000 1.000000 1.000000 1.000000 0.838710
0.161290 1.000000 0.870968 0.129032 1.000000 1.000000 1.000000 0.870968 0.129032 1.000000 0.870968 0.129032 1.000000 1.000000 1.000000 1.000000
1.000000 1.000000 1.000000 1.000000 1.000000 1.000000 1.000000 1.000000 1.000000 1.000000 1.000000 1.000000 1.000000 1.000000 1.000000 1.000000
1.000000 1.000000 1.000000 1.000000 1.000000 1.000000 1.000000 1.000000 1.000000 1.000000 1.000000 1.000000 1.000000 1.000000 1.000000 1.000000
1.000000 1.000000 1.000000 1.000000 1.000000 1.000000 1.000000 1.000000 1.000000 1.000000 1.000000 1.000000 1.000000 1.000000 1.000000 1.000000
1.000000 1.000000 1.000000 1.000000 1.000000 1.000000 1.000000 1.000000 1.000000 1.000000 1.000000 1.000000 1.000000 1.000000 1.000000 1.000000
1.000000 1.000000 1.000000 1.000000 1.000000 1.000000 1.000000 1.000000 1.000000 1.000000 1.000000 1.000000 1.000000 1.000000 1.000000 1.000000
1.000000 1.000000 1.000000 1.000000 1.000000 1.000000 1.000000 1.000000 1.000000 1.000000 1.000000 1.000000 1.000000 1.000000 1.000000 1.000000
1.000000 1.000000 1.000000 1.000000 1.000000 1.000000 1.000000 1.000000 1.000000 1.000000 1.000000 1.000000 1.000000 1.000000 1.000000 0.838710
0.161290 0.161290 0.838710 0.129032 0.870968 0.129032 0.870968 0.129032 0.870968 0.129032 0.870968 0.129032 0.870968 0.161290 0.838710 0.225806
0.774194 0.225806 0.774194 0.774194 0.225806 0.774194 0.225806 0.774194 0.225806 0.225806 0.774194 0.774194 0.225806 0.225806 0.774194 0.774194
0.225806 0.225806 0.774194 0.870968 0.129032 0.870968 0.129032 1.000000 1.000000 1.000000 1.000000 1.000000 1.000000 1.000000 1.000000 1.000000
1.000000 1.000000 1.000000 1.000000 1.000000 1.000000 1.000000</float_array>
          <technique_common>
            <accessor source="#toro_rarmController-Weights-array" count="279">
              <param type="float"/>
            </accessor>
          </technique_common>
        </source>
        <joints>
          <input semantic="JOINT" source="#toro_rarmController-Joints"/>
          <input semantic="INV_BIND_MATRIX" source="#toro_rarmController-Matrices"/>
        </joints>
        <vertex_weights count="254">
          <input semantic="JOINT" offset="0" source="#toro_rarmController-Joints"/>
          <input semantic="WEIGHT" offset="1" source="#toro_rarmController-Weights"/>
          <vcount>1 1 1 1 1 1 1 1 1 1 1 1 1 1 1 1 1 1 1 1 1 1 1 1 1 1 1 1 1 1 1 1 1 1 1 1 1 1 1 1 1 1 1 1 1 1 1 1 1 1 1 1 1 1 1 1 1 1 1 1 1 1 1 1 1 1 1 1 1 1 1 1 1 1 1 1 1 1 1 1 1 1 1 1 1 1 1 1 1 1 1 1 1 1 2 1 2 1 1 1 2 1 2 1 1 1 1 1 1 1 1 1 1 1 1 1 1 1 1 1 1 1 1 1 1 1 1 1 1 1 1 1 1 1 1 1 1 1 1 1 1 1 1 1 1 1 1 1 1 1 1 1 1 1 1 1 1 1 1 1 1 1 1 1 1 1 1 1 1 1 1 1 1 1 1 1 1 1 1 1 1 1 1 1 1 1 1 1 1 1 1 1 1 1 1 1 1 1 1 1 1 1 1 1 1 1 1 1 1 1 1 1 1 1 1 1 1 1 2 2 2 2 2 2 2 2 2 2 2 2 2 2 2 2 2 2 2 2 1 1 1 1 1 1 1 1 1 1 1 1 1 1 1 1</vcount>
          <v>1 1 1 2 1 3 1 4 1 5 1 6 1 7 1 8 1 9 1 10 1 11 1 12 1 13 1 14 1 15 1 16 1 17 1 18 1 19 1 20 1 21 1 22 1 23 1 24 1 25 1 26 1 27 1 28 1 29 1 30 1 31 1 32 1 33 1 34 1 35 1 36 1 37 1 38 1 39 1 40 1 41 1 42 1 43 1 44 1 45 1 46 1 47 1 48 1 49 1 50 1 51 1 52 1 53 1 54 1 55 1 56 1 57 1 58 1 59 1 60 1 61 1 62 1 63 1 64 1 65 1 66 0 67 0 68 0 69 0 70 1 71 1 72 0 73 0 74 0 75 0 76 0 77 0 78 0 79 0 80 0 81 0 82 0 83 0 84 0 85 0 86 0 87 0 88 0 89 0 90 0 91 0 92 0 93 0 94 0 95 1 96 0 97 0 98 1 99 0 100 0 101 0 102 0 103 1 104 0 105 0 106 1 107 0 108 0 109 0 110 0 111 0 112 0 113 0 114 0 115 0 116 0 117 0 118 0 119 0 120 0 121 0 122 0 123 0 124 0 125 0 126 0 127 0 128 0 129 0 130 0 131 0 132 0 133 0 134 0 135 0 136 0 137 0 138 0 139 0 140 1 141 1 142 1 143 1 144 1 145 1 146 1 147 1 148 1 149 1 150 0 151 0 152 0 153 0 154 0 155 1 156 1 157 1 158 1 159 0 160 0 161 0 162 0 163 0 164 0 165 0 166 0 167 1 168 0 169 1 170 0 171 0 172 1 173 1 174 0 175 0 176 0 177 0 178 0 179 1 180 1 181 1 182 1 183 1 184 1 185 1 186 1 187 1 188 1 189 1 190 1 191 1 192 1 193 0 194 0 195 0 196 0 197 0 198 0 199 0 200 0 201 1 202 1 203 1 204 1 205 1 206 1 207 1 208 1 209 1 210 1 211 1 212 1 213 1 214 1 215 1 216 1 217 1 218 1 219 1 220 1 221 1 222 0 223 1 224 0 225 1 226 0 227 1 228 0 229 1 230 0 231 1 232 0 233 1 234 0 235 1 236 0 237 1 238 0 239 1 240 0 241 1 242 0 243 1 244 0 245 1 246 0 247 1 248 0 249 1 250 0 251 1 252 0 253 1 254 0 255 1 256 0 257 1 258 0 259 1 260 0 261 1 262 0 263 0 264 0 265 0 266 0 267 0 268 0 269 0 270 0 271 0 272 0 273 0 274 0 275 0 276 0 277 0 278</v>
        </vertex_weights>
      </skin>
    </controller>
    <controller id="toro_rlegController">
      <skin source="#toro_rleg-lib">
        <bind_shape_matrix>1.000000 0.000000 -0.000000 -0.050000 0.000000 0.000000 1.000000 0.186000 0.000000 -1.000000 0.000000 -0.010000 0.000000 0.000000 0.000000 1.000000
</bind_shape_matrix>
        <source id="toro_rlegController-Joints">
          <Name_array id="toro_rlegController-Joints-array" count="2">
 Bip01_toroFBXASC032RFBXASC032Thigh Bip01_toroFBXASC032RFBXASC032Calf</Name_array>
          <technique_common>
            <accessor source="#toro_rlegController-Joints-array" count="2">
              <param type="name"/>
            </accessor>
          </technique_common>
        </source>
        <source id="toro_rlegController-Matrices">
          <float_array id="toro_rlegController-Matrices-array" count="32">

0.000000 -0.994095 0.108512 0.186981 0.000001 0.108512 0.994095 -0.010351 -1.000000 0.000000 0.000001 -0.050000 0.000000 0.000000 0.000000 1.000000
-0.000000 -0.984104 -0.177592 0.085593 0.000001 -0.177592 0.984104 0.014494 -1.000000 -0.000000 0.000001 -0.050000 0.000000 0.000000 0.000000 1.000000</float_array>
          <technique_common>
            <accessor source="#toro_rlegController-Matrices-array" count="2" stride="16">
              <param type="float4x4"/>
            </accessor>
          </technique_common>
        </source>
        <source id="toro_rlegController-Weights">
          <float_array id="toro_rlegController-Weights-array" count="281">

1.000000 1.000000 1.000000 1.000000 1.000000 1.000000 1.000000 1.000000 1.000000 1.000000 1.000000 1.000000 1.000000 1.000000 1.000000 1.000000
1.000000 1.000000 1.000000 1.000000 1.000000 0.935484 0.064516 0.064516 0.935484 1.000000 1.000000 1.000000 1.000000 1.000000 1.000000 1.000000
1.000000 1.000000 1.000000 1.000000 1.000000 1.000000 1.000000 1.000000 1.000000 1.000000 1.000000 1.000000 1.000000 1.000000 1.000000 1.000000
1.000000 1.000000 1.000000 1.000000 1.000000 1.000000 1.000000 1.000000 1.000000 1.000000 1.000000 1.000000 1.000000 1.000000 1.000000 1.000000
1.000000 1.000000 1.000000 1.000000 1.000000 0.935484 0.064516 0.870968 0.129032 1.000000 1.000000 1.000000 1.000000 1.000000 1.000000 1.000000
1.000000 1.000000 1.000000 1.000000 1.000000 1.000000 1.000000 1.000000 0.774194 0.225806 0.774194 0.225806 0.516129 0.483871 0.516129 0.483871
0.516129 0.483871 0.774194 0.225806 0.516129 0.483871 0.225806 0.774194 0.129032 0.870968 0.225806 0.774194 0.225806 0.774194 1.000000 1.000000
1.000000 1.000000 1.000000 1.000000 1.000000 1.000000 1.000000 1.000000 1.000000 1.000000 1.000000 1.000000 1.000000 0.064516 0.935484 1.000000
1.000000 1.000000 1.000000 1.000000 1.000000 0.225806 0.774194 0.225806 0.774194 0.516129 0.483871 0.516129 0.483871 0.774194 0.225806 0.774194
0.225806 1.000000 1.000000 1.000000 1.000000 1.000000 1.000000 1.000000 1.000000 1.000000 1.000000 1.000000 1.000000 1.000000 1.000000 1.000000
1.000000 1.000000 1.000000 1.000000 1.000000 1.000000 1.000000 1.000000 1.000000 1.000000 1.000000 1.000000 0.870968 0.129032 0.774194 0.225806
0.516129 0.483871 0.516129 0.483871 0.225806 0.774194 0.129032 0.870968 0.774194 0.225806 0.225806 0.774194 0.516129 0.483871 0.774194 0.225806
0.516129 0.483871 0.225806 0.774194 1.000000 1.000000 1.000000 1.000000 1.000000 1.000000 0.225806 0.774194 0.225806 0.774194 0.516129 0.483871
0.516129 0.483871 0.774194 0.225806 0.774194 0.225806 1.000000 1.000000 1.000000 1.000000 1.000000 1.000000 1.000000 1.000000 1.000000 1.000000
1.000000 1.000000 1.000000 1.000000 1.000000 1.000000 1.000000 1.000000 1.000000 1.000000 1.000000 1.000000 1.000000 1.000000 1.000000 1.000000
1.000000 1.000000 1.000000 1.000000 1.000000 1.000000 1.000000 1.000000 1.000000 1.000000 1.000000 1.000000 1.000000 1.000000 1.000000 1.000000
1.000000 1.000000 1.000000 1.000000 1.000000 1.000000 1.000000 1.000000 1.000000 1.000000 1.000000 1.000000 1.000000 1.000000 1.000000 1.000000
1.000000 1.000000 1.000000 1.000000 1.000000 1.000000 1.000000 1.000000 1.000000</float_array>
          <technique_common>
            <accessor source="#toro_rlegController-Weights-array" count="281">
              <param type="float"/>
            </accessor>
          </technique_common>
        </source>
        <joints>
          <input semantic="JOINT" source="#toro_rlegController-Joints"/>
          <input semantic="INV_BIND_MATRIX" source="#toro_rlegController-Matrices"/>
        </joints>
        <vertex_weights count="240">
          <input semantic="JOINT" offset="0" source="#toro_rlegController-Joints"/>
          <input semantic="WEIGHT" offset="1" source="#toro_rlegController-Weights"/>
          <vcount>1 1 1 1 1 1 1 1 1 1 1 1 1 1 1 1 1 1 1 1 2 2 1 1 1 1 1 1 1 1 1 1 1 1 1 1 1 1 1 1 1 1 1 1 1 1 1 1 1 1 1 1 1 1 1 1 1 1 1 1 1 1 1 1 1 1 2 2 1 1 1 1 1 1 1 1 1 1 1 1 1 1 1 2 2 2 2 2 2 2 2 2 2 2 1 1 1 1 1 1 1 1 1 1 1 1 1 1 1 2 1 1 1 1 1 1 2 2 2 2 2 2 1 1 1 1 1 1 1 1 1 1 1 1 1 1 1 1 1 1 1 1 1 1 1 1 1 1 1 2 2 2 2 2 2 2 2 2 2 2 2 1 1 1 1 1 1 2 2 2 2 2 2 1 1 1 1 1 1 1 1 1 1 1 1 1 1 1 1 1 1 1 1 1 1 1 1 1 1 1 1 1 1 1 1 1 1 1 1 1 1 1 1 1 1 1 1 1 1 1 1 1 1 1 1 1 1 1 1 1 1 1 1 1 1 1 1 1 1 1</vcount>
          <v>1 1 1 2 1 3 1 4 1 5 1 6 1 7 1 8 1 9 1 10 1 11 1 12 1 13 1 14 1 15 1 16 1 17 1 18 0 19 0 20 0 21 1 22 0 23 1 24 0 25 0 26 0 27 0 28 0 29 0 30 1 31 1 32 1 33 1 34 1 35 0 36 1 37 1 38 1 39 1 40 1 41 0 42 0 43 0 44 0 45 0 46 0 47 0 48 0 49 1 50 1 51 1 52 1 53 1 54 1 55 0 56 0 57 0 58 0 59 0 60 0 61 0 62 0 63 0 64 0 65 0 66 0 67 0 68 0 69 1 70 0 71 1 72 0 73 0 74 0 75 0 76 0 77 0 78 0 79 0 80 0 81 0 82 0 83 0 84 0 85 0 86 0 87 0 88 1 89 0 90 1 91 0 92 1 93 0 94 1 95 0 96 1 97 0 98 1 99 0 100 1 101 0 102 1 103 0 104 1 105 0 106 1 107 0 108 1 109 1 110 1 111 1 112 1 113 1 114 1 115 1 116 1 117 1 118 1 119 1 120 1 121 1 122 1 123 1 124 0 125 1 126 1 127 1 128 1 129 1 130 1 131 1 132 0 133 1 134 0 135 1 136 0 137 1 138 0 139 1 140 0 141 1 142 0 143 1 144 0 145 0 146 0 147 0 148 0 149 0 150 0 151 0 152 0 153 0 154 0 155 0 156 0 157 0 158 0 159 0 160 0 161 0 162 0 163 0 164 0 165 0 166 0 167 0 168 0 169 0 170 0 171 0 172 1 173 0 174 1 175 0 176 1 177 0 178 1 179 0 180 1 181 0 182 1 183 0 184 1 185 0 186 1 187 0 188 1 189 0 190 1 191 0 192 1 193 0 194 1 195 1 196 1 197 1 198 1 199 1 200 1 201 0 202 1 203 0 204 1 205 0 206 1 207 0 208 1 209 0 210 1 211 0 212 1 213 0 214 0 215 0 216 0 217 0 218 0 219 0 220 0 221 0 222 0 223 0 224 0 225 0 226 0 227 0 228 0 229 0 230 0 231 0 232 0 233 0 234 0 235 0 236 0 237 0 238 0 239 0 240 0 241 0 242 0 243 0 244 0 245 0 246 0 247 0 248 0 249 0 250 0 251 0 252 0 253 0 254 0 255 0 256 0 257 0 258 0 259 0 260 0 261 0 262 0 263 0 264 0 265 0 266 0 267 0 268 0 269 0 270 0 271 0 272 0 273 0 274 0 275 0 276 0 277 0 278 0 279 0 280</v>
        </vertex_weights>
      </skin>
    </controller>
  </library_controllers>
  <library_visual_scenes>
    <visual_scene id="ToroHigh" name="ToroHigh">
      <node name="ToroHigh" id="ToroHigh2" sid="ToroHigh">
        <matrix sid="matrix">1.000000 0.000000 0.000000 0.000000 0.000000 1.000000 0.000000 0.000000 0.000000 0.000000 1.000000 0.000000 0.000000 0.000000 0.000000 1.000000</matrix>
        <extra>
          <technique profile="FCOLLADA">
            <visibility>1.000000</visibility>
          </technique>
        </extra>
        <node name="toro_body" id="toro_body" sid="toro_body">
          <instance_controller url="#toro_bodyController">
            <bind_material>
              <technique_common>
                <instance_material symbol="CH_toro_body_high" target="#CH_toro_body_high"/>
              </technique_common>
            </bind_material>
          </instance_controller>
          <extra>
            <technique profile="FCOLLADA">
              <visibility>1.000000</visibility>
            </technique>
          </extra>
        </node>
        <node name="toro_larm" id="toro_larm" sid="toro_larm">
          <instance_controller url="#toro_larmController">
            <bind_material>
              <technique_common>
                <instance_material symbol="CH_toro_body_high" target="#CH_toro_body_high"/>
              </technique_common>
            </bind_material>
          </instance_controller>
          <extra>
            <technique profile="FCOLLADA">
              <visibility>1.000000</visibility>
            </technique>
          </extra>
        </node>
        <node name="toro_lleg" id="toro_lleg" sid="toro_lleg">
          <instance_controller url="#toro_llegController">
            <bind_material>
              <technique_common>
                <instance_material symbol="CH_toro_body_high" target="#CH_toro_body_high"/>
              </technique_common>
            </bind_material>
          </instance_controller>
          <extra>
            <technique profile="FCOLLADA">
              <visibility>1.000000</visibility>
            </technique>
          </extra>
        </node>
        <node name="toro_rarm" id="toro_rarm" sid="toro_rarm">
          <instance_controller url="#toro_rarmController">
            <bind_material>
              <technique_common>
                <instance_material symbol="CH_toro_body_high" target="#CH_toro_body_high"/>
              </technique_common>
            </bind_material>
          </instance_controller>
          <extra>
            <technique profile="FCOLLADA">
              <visibility>1.000000</visibility>
            </technique>
          </extra>
        </node>
        <node name="toro_rleg" id="toro_rleg" sid="toro_rleg">
          <instance_controller url="#toro_rlegController">
            <bind_material>
              <technique_common>
                <instance_material symbol="CH_toro_body_high" target="#CH_toro_body_high"/>
              </technique_common>
            </bind_material>
          </instance_controller>
          <extra>
            <technique profile="FCOLLADA">
              <visibility>1.000000</visibility>
            </technique>
          </extra>
        </node>
        <node name="ToroRoot" id="ToroRoot" sid="ToroRoot">
          <matrix sid="matrix">1.000000 0.000000 0.000000 0.000000 0.000000 0.000000 1.000000 0.000000 0.000000 -1.000000 0.000000 0.000000 0.000000 0.000000 0.000000 1.000000</matrix>
          <extra>
            <technique profile="FCOLLADA">
              <visibility>1.000000</visibility>
            </technique>
          </extra>
          <node name="Bip01_toro" id="Bip01_toro" sid="Bip01_toro" type="JOINT">
            <matrix sid="matrix">0.000001 1.000000 0.000000 0.000000 -1.000000 0.000001 0.000000 -0.016566 0.000000 0.000000 1.000000 0.187000 0.000000 0.000000 0.000000 1.000000</matrix>
            <extra>
              <technique profile="FCOLLADA">
                <visibility>1.000000</visibility>
              </technique>
            </extra>
            <node name="FBXASC050009_toroFBXASC032Footsteps" id="FBXASC050009_toroFBXASC032Footsteps" sid="FBXASC050009_toroFBXASC032Footsteps">
              <matrix sid="matrix">0.000001 -1.000000 -0.000000 0.000000 1.000000 0.000001 0.000000 0.000000 0.000000 -0.000000 1.000000 -0.186931 0.000000 0.000000 0.000000 1.000000</matrix>
              <extra>
                <technique profile="FCOLLADA">
                  <visibility>1.000000</visibility>
                </technique>
              </extra>
            </node>
            <node name="Bip01_toroFBXASC032Pelvis" id="Bip01_toroFBXASC032Pelvis" sid="Bip01_toroFBXASC032Pelvis" type="JOINT">
              <matrix sid="matrix">0.000001 1.000000 -0.000001 -0.026566 0.000000 0.000001 1.000000 -0.000000 1.000000 -0.000001 0.000000 0.000000 0.000000 0.000000 0.000000 1.000000</matrix>
              <extra>
                <technique profile="FCOLLADA">
                  <visibility>1.000000</visibility>
                </technique>
              </extra>
              <node name="Bip01_toroFBXASC032LFBXASC032Thigh" id="Bip01_toroFBXASC032LFBXASC032Thigh" sid="Bip01_toroFBXASC032LFBXASC032Thigh" type="JOINT">
                <matrix sid="matrix">-0.994095 0.108512 0.000002 -0.000000 0.108512 0.994095 -0.000002 0.000000 -0.000002 -0.000001 -1.000000 0.050000 0.000000 0.000000 0.000000 1.000000</matrix>
                <extra>
                  <technique profile="FCOLLADA">
                    <visibility>1.000000</visibility>
                  </technique>
                </extra>
                <node name="Bip01_toroFBXASC032LFBXASC032Calf" id="Bip01_toroFBXASC032LFBXASC032Calf" sid="Bip01_toroFBXASC032LFBXASC032Calf" type="JOINT">
                  <matrix sid="matrix">0.959022 0.283331 -0.000000 0.100789 -0.283331 0.959022 0.000000 0.000000 0.000000 -0.000000 1.000000 0.000000 0.000000 0.000000 0.000000 1.000000</matrix>
                  <extra>
                    <technique profile="FCOLLADA">
                      <visibility>1.000000</visibility>
                    </technique>
                  </extra>
                  <node name="Bip01_toroFBXASC032LFBXASC032Foot" id="Bip01_toroFBXASC032LFBXASC032Foot" sid="Bip01_toroFBXASC032LFBXASC032Foot">
                    <matrix sid="matrix">0.984104 -0.177592 0.000000 0.082807 0.177592 0.984104 0.000000 0.000000 -0.000000 -0.000000 1.000000 -0.000000 0.000000 0.000000 0.000000 1.000000</matrix>
                    <extra>
                      <technique profile="FCOLLADA">
                        <visibility>1.000000</visibility>
                      </technique>
                    </extra>
                    <node name="Bip01_toroFBXASC032LFBXASC032Toe0" id="Bip01_toroFBXASC032LFBXASC032Toe0" sid="Bip01_toroFBXASC032LFBXASC032Toe0">
                      <matrix sid="matrix">0.000000 -1.000000 0.000000 0.005246 1.000000 0.000000 -0.000000 0.039322 0.000000 0.000000 1.000000 0.000000 0.000000 0.000000 0.000000 1.000000</matrix>
                      <extra>
                        <technique profile="FCOLLADA">
                          <visibility>1.000000</visibility>
                        </technique>
                      </extra>
                      <node name="Bip01_toroFBXASC032LFBXASC032Toe0Nub" id="Bip01_toroFBXASC032LFBXASC032Toe0Nub" sid="Bip01_toroFBXASC032LFBXASC032Toe0Nub">
                        <matrix sid="matrix">1.000000 -0.000000 0.000000 0.005757 0.000000 1.000000 -0.000000 -0.000000 0.000000 -0.000000 -1.000000 -0.000000 0.000000 0.000000 0.000000 1.000000</matrix>
                        <extra>
                          <technique profile="FCOLLADA">
                            <visibility>1.000000</visibility>
                          </technique>
                        </extra>
                      </node>
                    </node>
                  </node>
                </node>
              </node>
              <node name="Bip01_toroFBXASC032RFBXASC032Thigh" id="Bip01_toroFBXASC032RFBXASC032Thigh" sid="Bip01_toroFBXASC032RFBXASC032Thigh" type="JOINT">
                <matrix sid="matrix">-0.994095 0.108512 0.000001 0.000000 0.108512 0.994095 -0.000001 -0.000000 -0.000002 -0.000001 -1.000000 -0.050000 0.000000 0.000000 0.000000 1.000000</matrix>
                <extra>
                  <technique profile="FCOLLADA">
                    <visibility>1.000000</visibility>
                  </technique>
                </extra>
                <node name="Bip01_toroFBXASC032RFBXASC032Calf" id="Bip01_toroFBXASC032RFBXASC032Calf" sid="Bip01_toroFBXASC032RFBXASC032Calf" type="JOINT">
                  <matrix sid="matrix">0.959022 0.283331 0.000000 0.100789 -0.283331 0.959022 0.000000 0.000000 -0.000000 -0.000000 1.000000 -0.000000 0.000000 0.000000 0.000000 1.000000</matrix>
                  <extra>
                    <technique profile="FCOLLADA">
                      <visibility>1.000000</visibility>
                    </technique>
                  </extra>
                  <node name="Bip01_toroFBXASC032RFBXASC032Foot" id="Bip01_toroFBXASC032RFBXASC032Foot" sid="Bip01_toroFBXASC032RFBXASC032Foot">
                    <matrix sid="matrix">0.984104 -0.177592 0.000000 0.082807 0.177592 0.984104 -0.000000 0.000000 0.000000 0.000000 1.000000 -0.000000 0.000000 0.000000 0.000000 1.000000</matrix>
                    <extra>
                      <technique profile="FCOLLADA">
                        <visibility>1.000000</visibility>
                      </technique>
                    </extra>
                    <node name="Bip01_toroFBXASC032RFBXASC032Toe0" id="Bip01_toroFBXASC032RFBXASC032Toe0" sid="Bip01_toroFBXASC032RFBXASC032Toe0">
                      <matrix sid="matrix">0.000000 -1.000000 -0.000000 0.005246 1.000000 0.000000 0.000000 0.036075 0.000000 -0.000000 1.000000 0.000000 0.000000 0.000000 0.000000 1.000000</matrix>
                      <extra>
                        <technique profile="FCOLLADA">
                          <visibility>1.000000</visibility>
                        </technique>
                      </extra>
                      <node name="Bip01_toroFBXASC032RFBXASC032Toe0Nub" id="Bip01_toroFBXASC032RFBXASC032Toe0Nub" sid="Bip01_toroFBXASC032RFBXASC032Toe0Nub">
                        <matrix sid="matrix">1.000000 0.000000 0.000000 0.005757 -0.000000 1.000000 -0.000000 -0.000000 -0.000000 0.000000 1.000000 0.000000 0.000000 0.000000 0.000000 1.000000</matrix>
                        <extra>
                          <technique profile="FCOLLADA">
                            <visibility>1.000000</visibility>
                          </technique>
                        </extra>
                      </node>
                    </node>
                  </node>
                </node>
              </node>
              <node name="Bip01_toroFBXASC032Spine" id="Bip01_toroFBXASC032Spine" sid="Bip01_toroFBXASC032Spine">
                <matrix sid="matrix">0.994605 0.103736 -0.000001 0.044146 -0.103736 0.994605 0.000004 -0.000087 0.000002 -0.000004 1.000000 0.000000 0.000000 0.000000 0.000000 1.000000</matrix>
                <extra>
                  <technique profile="FCOLLADA">
                    <visibility>1.000000</visibility>
                  </technique>
                </extra>
                <node name="Bip01_toroFBXASC032Spine1" id="Bip01_toroFBXASC032Spine1" sid="Bip01_toroFBXASC032Spine1">
                  <matrix sid="matrix">0.104529 0.994522 0.000003 0.109686 -0.994522 0.104529 -0.000002 -0.000009 -0.000003 -0.000002 1.000000 -0.000000 0.000000 0.000000 0.000000 1.000000</matrix>
                  <extra>
                    <technique profile="FCOLLADA">
                      <visibility>1.000000</visibility>
                    </technique>
                  </extra>
                  <node name="Bip01_toroFBXASC032Spine2" id="Bip01_toroFBXASC032Spine2" sid="Bip01_toroFBXASC032Spine2" type="JOINT">
                    <matrix sid="matrix">-1.000000 0.000050 0.000000 0.106828 -0.000050 -1.000000 0.000049 0.000085 0.000000 0.000049 1.000000 -0.000000 0.000000 0.000000 0.000000 1.000000</matrix>
                    <extra>
                      <technique profile="FCOLLADA">
                        <visibility>1.000000</visibility>
                      </technique>
                    </extra>
                    <node name="Bip01_toroFBXASC032Spine3" id="Bip01_toroFBXASC032Spine3" sid="Bip01_toroFBXASC032Spine3" type="JOINT">
                      <matrix sid="matrix">0.008727 0.999962 0.000003 0.106744 -0.999962 0.008727 -0.000003 -0.000001 -0.000003 -0.000003 1.000000 -0.000000 0.000000 0.000000 0.000000 1.000000</matrix>
                      <extra>
                        <technique profile="FCOLLADA">
                          <visibility>1.000000</visibility>
                        </technique>
                      </extra>
                      <node name="Bip01_toroFBXASC032LFBXASC032Clavicle" id="Bip01_toroFBXASC032LFBXASC032Clavicle" sid="Bip01_toroFBXASC032LFBXASC032Clavicle" type="JOINT">
                        <matrix sid="matrix">0.000716 -0.000796 0.999999 0.060684 0.003537 -0.999994 -0.000799 0.000955 0.999994 0.003538 -0.000713 0.048338 0.000000 0.000000 0.000000 1.000000</matrix>
                        <extra>
                          <technique profile="FCOLLADA">
                            <visibility>1.000000</visibility>
                          </technique>
                        </extra>
                        <node name="Bip01_toroFBXASC032LFBXASC032UpperArm" id="Bip01_toroFBXASC032LFBXASC032UpperArm" sid="Bip01_toroFBXASC032LFBXASC032UpperArm" type="JOINT">
                          <matrix sid="matrix">0.999988 -0.003547 -0.003275 0.006662 0.003575 0.999955 0.008763 -0.000000 0.003244 -0.008774 0.999956 -0.000000 0.000000 0.000000 0.000000 1.000000</matrix>
                          <extra>
                            <technique profile="FCOLLADA">
                              <visibility>1.000000</visibility>
                            </technique>
                          </extra>
                          <node name="Bip01_toroFBXASC032LFBXASC032ForeArm" id="Bip01_toroFBXASC032LFBXASC032ForeArm" sid="Bip01_toroFBXASC032LFBXASC032ForeArm" type="JOINT">
                            <matrix sid="matrix">0.951277 0.308339 0.000000 0.134902 -0.308339 0.951277 -0.000000 0.000000 -0.000000 0.000000 1.000000 0.000000 0.000000 0.000000 0.000000 1.000000</matrix>
                            <extra>
                              <technique profile="FCOLLADA">
                                <visibility>1.000000</visibility>
                              </technique>
                            </extra>
                            <node name="Bip01_toroFBXASC032LFBXASC032Hand" id="Bip01_toroFBXASC032LFBXASC032Hand" sid="Bip01_toroFBXASC032LFBXASC032Hand">
                              <matrix sid="matrix">1.000000 -0.000000 0.000000 0.115144 -0.000000 0.000796 1.000000 0.000000 -0.000000 -1.000000 0.000796 -0.000000 0.000000 0.000000 0.000000 1.000000</matrix>
                              <extra>
                                <technique profile="FCOLLADA">
                                  <visibility>1.000000</visibility>
                                </technique>
                              </extra>
                            </node>
                          </node>
                        </node>
                      </node>
                      <node name="Bip01_toroFBXASC032Neck" id="Bip01_toroFBXASC032Neck" sid="Bip01_toroFBXASC032Neck" type="JOINT">
                        <matrix sid="matrix">0.999384 0.035101 -0.000217 0.104780 -0.035101 0.999383 0.000005 -0.000012 0.000217 0.000003 1.000000 -0.000000 0.000000 0.000000 0.000000 1.000000</matrix>
                        <extra>
                          <technique profile="FCOLLADA">
                            <visibility>1.000000</visibility>
                          </technique>
                        </extra>
                        <node name="Bip01_toroFBXASC032Head" id="Bip01_toroFBXASC032Head" sid="Bip01_toroFBXASC032Head" type="JOINT">
                          <matrix sid="matrix">0.999674 -0.025531 0.000162 0.014845 0.025531 0.999674 0.000001 -0.000000 -0.000162 0.000003 1.000000 0.000000 0.000000 0.000000 0.000000 1.000000</matrix>
                          <extra>
                            <technique profile="FCOLLADA">
                              <visibility>1.000000</visibility>
                            </technique>
                          </extra>
                          <node name="Bip01_toroFBXASC032HeadNub" id="Bip01_toroFBXASC032HeadNub" sid="Bip01_toroFBXASC032HeadNub">
                            <matrix sid="matrix">1.000000 -0.000000 0.000000 0.290549 0.000000 1.000000 0.000000 0.000000 -0.000000 -0.000000 1.000000 0.000000 0.000000 0.000000 0.000000 1.000000</matrix>
                            <extra>
                              <technique profile="FCOLLADA">
                                <visibility>1.000000</visibility>
                              </technique>
                            </extra>
                          </node>
                          <node name="toro_head" id="toro_head" sid="toro_head">
                            <matrix sid="matrix">0.000001 0.000001 1.000000 -0.010016 0.000000 -1.000000 0.000001 0.004741 1.000000 -0.000000 -0.000001 -0.000029 0.000000 0.000000 0.000000 1.000000</matrix>
                            <instance_geometry url="#toro_head-lib">
                              <bind_material>
                                <technique_common>
                                  <instance_material symbol="CH_toro_face_high" target="#CH_toro_face_high"/>
                                </technique_common>
                              </bind_material>
                            </instance_geometry>
                            <extra>
                              <technique profile="FCOLLADA">
                                <visibility>1.000000</visibility>
                              </technique>
                            </extra>
                          </node>
                        </node>
                      </node>
                      <node name="Bip01_toroFBXASC032RFBXASC032Clavicle" id="Bip01_toroFBXASC032RFBXASC032Clavicle" sid="Bip01_toroFBXASC032RFBXASC032Clavicle" type="JOINT">
                        <matrix sid="matrix">0.000716 -0.000796 -1.000000 0.060684 0.003543 -0.999994 0.000799 0.000956 -0.999994 -0.003543 -0.000713 -0.048338 0.000000 0.000000 0.000000 1.000000</matrix>
                        <extra>
                          <technique profile="FCOLLADA">
                            <visibility>1.000000</visibility>
                          </technique>
                        </extra>
                        <node name="Bip01_toroFBXASC032RFBXASC032UpperArm" id="Bip01_toroFBXASC032RFBXASC032UpperArm" sid="Bip01_toroFBXASC032RFBXASC032UpperArm" type="JOINT">
                          <matrix sid="matrix">0.999988 -0.003547 0.003383 0.006662 0.003576 0.999955 -0.008762 0.000000 -0.003352 0.008774 0.999956 0.000000 0.000000 0.000000 0.000000 1.000000</matrix>
                          <extra>
                            <technique profile="FCOLLADA">
                              <visibility>1.000000</visibility>
                            </technique>
                          </extra>
                          <node name="Bip01_toroFBXASC032RFBXASC032ForeArm" id="Bip01_toroFBXASC032RFBXASC032ForeArm" sid="Bip01_toroFBXASC032RFBXASC032ForeArm" type="JOINT">
                            <matrix sid="matrix">0.951277 0.308339 -0.000000 0.134902 -0.308339 0.951277 0.000000 -0.000000 0.000000 -0.000000 1.000000 0.000000 0.000000 0.000000 0.000000 1.000000</matrix>
                            <extra>
                              <technique profile="FCOLLADA">
                                <visibility>1.000000</visibility>
                              </technique>
                            </extra>
                            <node name="Bip01_toroFBXASC032RFBXASC032Hand" id="Bip01_toroFBXASC032RFBXASC032Hand" sid="Bip01_toroFBXASC032RFBXASC032Hand">
                              <matrix sid="matrix">1.000000 0.000000 -0.000000 0.115144 -0.000000 0.000796 -1.000000 -0.000000 -0.000000 1.000000 0.000796 0.000000 0.000000 0.000000 0.000000 1.000000</matrix>
                              <extra>
                                <technique profile="FCOLLADA">
                                  <visibility>1.000000</visibility>
                                </technique>
                              </extra>
                            </node>
                          </node>
                        </node>
                      </node>
                    </node>
                  </node>
                </node>
              </node>
              <node name="toro_tail" id="toro_tail" sid="toro_tail">
                <matrix sid="matrix">1.000000 0.000000 0.000000 0.041755 -0.000000 1.000000 -0.000000 -0.078292 -0.000000 0.000000 1.000000 0.000000 0.000000 0.000000 0.000000 1.000000</matrix>
                <instance_geometry url="#toro_tail-lib">
                  <bind_material>
                    <technique_common>
                      <instance_material symbol="CH_toro_body_high" target="#CH_toro_body_high"/>
                    </technique_common>
                  </bind_material>
                </instance_geometry>
                <extra>
                  <technique profile="FCOLLADA">
                    <visibility>1.000000</visibility>
                  </technique>
                </extra>
              </node>
            </node>
          </node>
        </node>
      </node>
      <extra>
        <technique profile="MAX3D">
          <frame_rate>24.000000</frame_rate>
        </technique>
        <technique profile="FCOLLADA">
          <start_time>0.000000</start_time>
          <end_time>8.333333</end_time>
        </technique>
      </extra>
    </visual_scene>
  </library_visual_scenes>
  <scene>
    <instance_visual_scene url="#ToroHigh"/>
  </scene>
</COLLADA>
